time_s,time_h,radius_m,max_C,max_r_m,C_center,C_surface,mean_C,loss_cumulative,water_balance,valid_fixed_positions,interval_mean_C,interval_loss,steps,iterations,rejections,min_dt_s,max_dt_s,worst_scaled_residual,damped_iterations
0.0,0.0,0.02,2.55,0.0,2.55,2.55,2.55,0.0,0.0,101,2.55,0.0,0.0,0.0,0.0,0.0,0.0,0.0,0.0
60.0,0.016666666666666666,0.019949873268608413,2.55,0.0,2.55,2.0794425025151972,2.539405010223264,0.010594989776708258,-2.7533531010703882e-14,100,2.539405010223264,0.010594989776708258,41892.0,125675.0,0.0,6.93381969085749e-06,0.0015755132782564194,1.8182487301978794e-05,0.0
120.0,0.03333333333333333,0.01990016802588997,2.55,0.0,2.55,1.923059774310793,2.529890310284808,0.02010968971511433,-7.72715225139109e-14,100,2.529890310284808,0.009514699938406071,34910.0,104729.0,0.0,0.00033359964920975926,0.0018749884969543817,1.8196428031701063e-05,0.0
180.0,0.05,0.019850896699029126,2.55,0.0,2.55,1.815939039144164,2.5209738266518023,0.02902617334806698,-1.305622276959184e-13,100,2.5209738266518023,0.008916483632952653,29539.0,88617.0,0.0,0.0011917552213560612,0.0022005016930364617,1.812032576566773e-05,0.0
240.0,0.06666666666666667,0.019802071715210357,2.55,0.0,2.55,1.733339110418131,2.5124914630007953,0.03750853699901491,-1.8962609260597674e-13,100,2.5124914630007953,0.008482363650947925,25319.0,75957.0,0.0,0.001927901212013694,0.0025520561114430215,1.8146297800975488e-05,0.0
300.0,0.08333333333333333,0.019753705501618122,2.55,0.0,2.55,1.666309581741826,2.5043513961022974,0.045648603897456536,-2.460254222569347e-13,99,2.5043513961022974,0.008140066898441626,21943.0,65829.0,0.0,0.002552083333333333,0.0029296507623437105,1.8153256820762015e-05,0.0
360.0,0.1,0.019705810485436893,2.55,0.0,2.55,1.6100602069160894,2.49649165649495,0.05350834350474776,-3.019806626980426e-13,99,2.49649165649495,0.007859739607291225,19201.0,57602.0,0.0,0.0002151272482819877,0.0033333086914626273,1.797980624731629e-05,0.0
420.0,0.11666666666666667,0.019658399093851135,2.55,0.0,2.55,1.561619099437131,2.488869523042221,0.06113047695742339,-3.5571545708990016e-13,99,2.488869523042221,0.007622133452675629,16942.0,50825.0,0.0,0.000892189737157878,0.0037629864853232662,1.806938720666583e-05,0.0
480.0,0.13333333333333333,0.019611483754045308,2.55,0.0,2.55,1.519090212486461,2.481452972713165,0.06854702728642939,-4.0545344859310717e-13,99,2.481452972713165,0.007416550329006011,15059.0,45177.0,0.0,0.003715374010710093,0.004218688015368102,1.7935052875601257e-05,0.0
540.0,0.15,0.019565076893203883,2.55,0.0,2.55,1.4814349348900497,2.474217494150229,0.0757825058493161,-4.547473508864641e-13,98,2.474217494150229,0.007235478562886713,13474.0,40422.0,0.0,0.003470264550514912,0.004700453453521814,1.808486547564252e-05,0.0
600.0,0.16666666666666666,0.019519190938511326,2.55,0.0,2.55,1.4478584047524419,2.467141979924674,0.0828580200748301,-4.956035581926699e-13,98,2.467141979924674,0.007075514225513995,12127.0,36381.0,0.0,0.0019118775062452187,0.005208271526667455,1.8014824619856303e-05,0.0
660.0,0.18333333333333332,0.019473838317152103,2.55,0.0,2.55,1.4177402362754064,2.4602087849286645,0.08979121507079713,-5.382361223382759e-13,98,2.4602087849286645,0.006933194995967024,10972.0,32916.0,0.0,0.0027410806919760944,0.005742110179510157,1.7937994441108742e-05,0.0
720.0,0.2,0.019429031456310683,2.55,0.0,2.55,1.390445264090607,2.453402731535264,0.09659726846417017,-5.657696533489798e-13,98,2.453402731535264,0.006806053393373048,9975.0,29924.0,0.0,0.0004568604683754529,0.0063020187955889215,1.7963100539635252e-05,0.0
780.0,0.21666666666666667,0.019384782783171524,2.55,0.0,2.55,1.3655316264309996,2.446712326449914,0.10328767354948223,-6.035172361862351e-13,97,2.446712326449914,0.0066904050853120525,9107.0,27321.0,0.0,0.005261156543838297,0.006887899554227318,1.797124371367376e-05,0.0
840.0,0.23333333333333334,0.01934110472491909,2.55,0.0,2.55,1.3426528798663233,2.4401275873950454,0.10987241260431904,-6.354916592954396e-13,97,2.4401275873950454,0.0065847390548368035,8348.0,25044.0,0.0,0.006514785065860451,0.007499854014886637,1.7901338415172808e-05,0.0
900.0,0.25,0.01929800970873786,2.55,0.0,2.55,1.3214659136881908,2.4336401751847125,0.11635982481462186,-6.652456363553938e-13,97,2.4336401751847125,0.006487412210302813,7681.0,23042.0,0.0,0.0003322074868492564,0.008137928926730695,1.7835308569637518e-05,0.0
960.0,0.26666666666666666,0.0192555101618123,2.55,0.0,2.55,1.30194631762246,2.4272416128235985,0.12275838717571337,-6.87894186057747e-13,97,2.4272416128235985,0.00639856236109151,7090.0,21270.0,0.0,0.002376455997705307,0.008801957188497597,1.7913098986758202e-05,0.0
1020.0,0.2833333333333333,0.019213618511326858,2.55,0.0,2.55,1.2838048188349,2.420924540215903,0.12907545978338572,-7.109868249699502e-13,97,2.420924540215903,0.006317072607672349,6565.0,19694.0,0.0,0.0013317860300503526,0.00949206065847036,1.782112404930891e-05,0.0
1080.0,0.3,0.019172347184466018,2.55,0.0,2.55,1.2670931434835004,2.4146838411750235,0.13531615882423953,-7.367439991412539e-13,96,2.4146838411750235,0.006240699040853818,6096.0,18288.0,0.0,0.0028017857941904367,0.010208175226780337,1.7853874436211188e-05,0.0
1140.0,0.31666666666666665,0.01913170860841424,2.55,0.0,2.55,1.2516089483673098,2.4085125102172005,0.14148748978204476,-7.545075675352564e-13,96,2.4085125102172005,0.0061713309578052215,5675.0,17025.0,0.0,0.009986081407532765,0.010950257313294208,1.7842660927423582e-05,0.0
1200.0,0.3333333333333333,0.019091715210355985,2.55,0.0,2.55,1.2371361387345883,2.4024059382614573,0.14759406173776962,-7.72715225139109e-13,96,2.4024059382614573,0.006106571955724858,5297.0,15891.0,0.0,0.006862728932219397,0.011718508058058803,1.7887733865730754e-05,0.0
1260.0,0.35,0.01905237941747573,2.55,0.0,2.55,1.2234706625066265,2.396359685178605,0.15364031482060578,-7.891465259035613e-13,96,2.396359685178605,0.006046253082836146,4955.0,14865.0,0.0,0.01090495274524983,0.012512705753974139,1.7773887208633407e-05,0.0
1320.0,0.36666666666666664,0.019013713656957927,2.55,0.0,2.55,1.2107314766146475,2.3903696213972716,0.15963037860192433,-8.038014698286133e-13,96,2.3903696213972716,0.005990063781318542,4646.0,13938.0,0.0,0.0025738308468135074,0.01333311240448114,1.769153064526634e-05,0.0
1380.0,0.38333333333333336,0.018975730355987055,2.55,0.0,2.55,1.1988912485386072,2.3844321075779384,0.16556789242124267,-8.189005029635155e-13,95,2.3844321075779384,0.00593751381931835,4364.0,13092.0,0.0,0.009459655527507493,0.01417934892253031,1.779774581554885e-05,0.0
1440.0,0.4,0.018938441941747573,2.55,0.0,2.55,1.187629881312035,2.378543524980366,0.17145647501880054,-8.335554468885675e-13,95,2.378543524980366,0.005888582597557862,4107.0,12321.0,0.0,0.014179687499999998,0.015051643160122214,1.785143460058727e-05,0.0
1500.0,0.4166666666666667,0.018901860841423947,2.55,0.0,2.55,1.1768148481111063,2.3727011176035604,0.17729888239559188,-8.473222123939195e-13,95,2.3727011176035604,0.005842407376791355,3873.0,11619.0,0.0,0.004751533420403575,0.01595020635532951,1.7715039942394477e-05,0.0
1560.0,0.43333333333333335,0.01886599948220065,2.55,0.0,2.55,1.166564180309506,2.3669034131173587,0.18309658688178537,-8.557599073810707e-13,95,2.3669034131173587,0.0057977044861934925,3658.0,10974.0,0.0,0.002886069597934693,0.016874691239524266,1.7807316931433348e-05,0.0
1620.0,0.45,0.018830870291262135,2.55,0.0,2.55,1.1568232237340665,2.3611475714564794,0.1888524285426542,-8.664180484174722e-13,95,2.3611475714564794,0.005755841660868821,3460.0,10380.0,0.0,0.008678399609607368,0.017825095215514362,1.7706633108940103e-05,0.0
1680.0,0.4666666666666667,0.018796485695792883,2.55,0.0,2.55,1.147540409611836,2.3554318419075444,0.19456815809157862,-8.766321002440236e-13,94,2.3554318419075444,0.005715729548924437,3278.0,9834.0,0.0,0.00769586541150602,0.018801646310939897,1.7520614658612567e-05,0.0
1740.0,0.48333333333333334,0.018762858122977347,2.55,0.0,2.55,1.1389137640175913,2.3497537155007655,0.20024628449835122,-8.832934383917745e-13,94,2.3497537155007655,0.005678126406772583,3110.0,9330.0,0.0,0.006688289440489825,0.01980423906130087,1.7458091637306187e-05,0.0
1800.0,0.5,0.01873,2.55,0.0,2.55,1.1308235527284924,2.344110435801159,0.20588956419794893,-8.921752225887758e-13,94,2.344110435801159,0.00564327969959771,2954.0,8862.0,0.0,0.01815536226263248,0.020832656463506148,1.747409340143273e-05,0.0
1860.0,0.5166666666666667,0.0186979928835586,2.55,0.0,2.55,1.1231503627303068,2.338499957018621,0.21150004298047773,-9.01057006785777e-13,94,2.338499957018621,0.005610478782528784,2810.0,8430.0,0.0,0.017089678425463717,0.0218873272375989,1.7524498437854125e-05,0.0
1920.0,0.5333333333333333,0.018666874513357443,2.55,0.0,2.55,1.1156933626379277,2.332921155361304,0.21707884463778696,-9.086065233532281e-13,94,2.332921155361304,0.005578801657309217,2676.0,8028.0,0.0,0.02188802083333333,0.02296792004475546,1.766800253970245e-05,0.0
1980.0,0.55,0.018636591591090806,2.55,0.0,2.55,1.1084428743733459,2.3273738054850575,0.22262619451402824,-9.139355938714289e-13,94,2.3273738054850575,0.005547349876241276,2552.0,7656.0,0.0,0.012484112202855613,0.02407483853136129,1.7602878246052097e-05,0.0
2040.0,0.5666666666666667,0.018607090818452948,2.55,0.0,2.55,1.1015408758262486,2.3218558945697247,0.22814410542935762,-9.174883075502294e-13,94,2.3218558945697247,0.005517910915329377,2436.0,7308.0,0.0,0.013636494600632432,0.025207591524645974,1.7607940703999935e-05,0.0
2100.0,0.5833333333333334,0.018578318897138145,2.55,0.0,2.55,1.0948720273158614,2.316365992017476,0.23363400798159872,-9.250378241176804e-13,93,2.316365992017476,0.005489902552241092,2328.0,6984.0,0.0,0.007783495844705612,0.026366520511711157,1.771934521082637e-05,0.0
2160.0,0.6,0.018550222528840664,2.55,0.0,2.55,1.088416005610745,2.3109037936301093,0.2390962063689627,-9.277023593767808e-13,93,2.3109037936301093,0.005462198387363969,2227.0,6680.0,0.0,0.003001361784299661,0.02755147334086945,1.7534158362222985e-05,0.0
2220.0,0.6166666666666667,0.018522748415254777,2.55,0.0,2.55,1.082321996926085,2.3054684667242356,0.24453153327482924,-9.352518759442319e-13,93,2.3054684667242356,0.005435326905866544,2132.0,6396.0,0.0,0.01096885602328257,0.028762210352879753,1.743162942539052e-05,0.0
2280.0,0.6333333333333333,0.01849584325807475,2.55,0.0,2.55,1.0764549265067376,2.3000582957140128,0.24994170428504725,-9.396927680427325e-13,93,2.3000582957140128,0.0054101710102180236,2043.0,6129.0,0.0,0.017227061209723615,0.029999016131455492,1.7510437908060853e-05,0.0
2340.0,0.65,0.018469453758994864,2.55,0.0,2.55,1.0708211971827393,2.2946714782025386,0.2553285217965219,-9.392486788328824e-13,93,2.2946714782025386,0.00538681751147462,1960.0,5880.0,0.0,0.00650523940430503,0.03125,1.747329254857138e-05,0.0
2400.0,0.6666666666666666,0.018443526619709376,2.55,0.0,2.55,1.0654186983990506,2.2893068363163467,0.2606931636827108,-9.423573033018329e-13,93,2.2893068363163467,0.005364641886188894,1920.0,5760.0,0.0,0.03125,0.03125,1.7525892816113655e-05,0.0
2460.0,0.6833333333333333,0.018418008541912556,2.55,0.0,2.55,1.0602477689351877,2.2839644094678007,0.2660355905312537,-9.454659277707833e-13,93,2.2839644094678007,0.005342426848542891,1920.0,5760.0,0.0,0.03125,0.03125,1.7556507549608783e-05,0.0
2520.0,0.7,0.018392846227298684,2.55,0.0,2.55,1.0552782098185722,2.2786428159704224,0.2713571840286276,-9.49906819869284e-13,92,2.2786428159704224,0.005321593497373898,1920.0,5760.0,0.0,0.03125,0.03125,1.746206894293715e-05,0.0
2580.0,0.7166666666666667,0.018367986377562026,2.55,0.0,2.55,1.050333087999113,2.2733419551884593,0.2766580448105883,-9.521272659185342e-13,92,2.2733419551884593,0.005300860781960738,1920.0,5760.0,0.0,0.03125,0.03125,1.7414734913582236e-05,0.0
2640.0,0.7333333333333333,0.018343375694396855,2.549999999999878,0.0,2.549999999999878,1.0455923737531472,2.2680614001950032,0.28193859980404096,-9.556799795973347e-13,92,2.2680614001950032,0.005280554993452621,1920.0,5760.0,0.0,0.03125,0.03125,1.753683504759231e-05,0.0
2700.0,0.75,0.018318960879497432,2.5499999999990672,0.0,2.5499999999990672,1.041067303855143,2.2627991031823975,0.2872008968166418,-9.605649609056854e-13,92,2.2627991031823975,0.005262297012600845,1920.0,5760.0,0.0,0.03125,0.03125,1.7264523030806554e-05,0.0
2760.0,0.7666666666666667,0.01829468863455803,2.549999999998166,0.0,2.549999999998166,1.0365564891978183,2.2575551012762323,0.2924448987228095,-9.57900425646585e-13,92,2.2575551012762323,0.00524400190616769,1920.0,5760.0,0.0,0.03125,0.03125,1.7506722974247396e-05,0.0
2820.0,0.7833333333333333,0.018270505661272925,2.54999999999615,0.0,2.54999999999615,1.0320745222948273,2.252329985168538,0.29767001483049954,-9.623413177450857e-13,92,2.252329985168538,0.005225116107690059,1920.0,5760.0,0.0,0.03125,0.03125,1.7382673174994305e-05,0.0
2880.0,0.8,0.018246358661336382,2.5499999999920777,0.0,2.5499999999920777,1.0277891768643084,2.2471224238759304,0.30287757612310345,-9.658940314238862e-13,92,2.2471224238759304,0.005207561292603926,1920.0,5760.0,0.0,0.03125,0.03125,1.738577455073564e-05,0.0
2940.0,0.8166666666666667,0.018222194336442666,2.5499999999837764,0.0,2.5499999999837764,1.023589743892181,2.241932041384958,0.30806795861407493,-9.667822098435863e-13,92,2.241932041384958,0.005190382490971459,1920.0,5760.0,0.0,0.03125,0.03125,1.7353550525808244e-05,0.0
3000.0,0.8333333333333334,0.01819795938828606,2.5499999999673526,0.0,2.5499999999673526,1.0193695186217673,2.2367585617121906,0.31324143828684325,-9.658940314238862e-13,91,2.2367585617121906,0.005173479672768322,1920.0,5760.0,0.0,0.03125,0.03125,1.7275981230175064e-05,0.0
3060.0,0.85,0.018173600518560824,2.5499999999358316,0.0,2.5499999999358316,1.0152792770509473,2.231601757229823,0.3183982427692093,-9.676703882632864e-13,91,2.231601757229823,0.0051568044823660265,1920.0,5760.0,0.0,0.03125,0.03125,1.7214410479036034e-05,0.0
3120.0,0.8666666666666667,0.01814906442896123,2.5499999998768996,0.0,2.5499999998768996,1.0114149133823875,2.2264607352574473,0.32353926474158246,-9.698908343125368e-13,91,2.2264607352574473,0.005141021972373146,1920.0,5760.0,0.0,0.03125,0.03125,1.7315112077176075e-05,0.0
3180.0,0.8833333333333333,0.01812429782118155,2.5499999997694216,0.0,2.5499999997694216,1.007780079897823,2.221333782629342,0.3286662173696867,-9.71223101942087e-13,91,2.221333782629342,0.005126952628104233,1920.0,5760.0,0.0,0.03125,0.03125,1.7312539609642024e-05,0.0
3240.0,0.9,0.018099247396916048,2.5499999995779925,0.0,2.5499999995779925,1.0041792686483266,2.216221279889646,0.33377872010938253,-9.71223101942087e-13,91,2.216221279889646,0.0051125027396958355,1920.0,5760.0,0.0,0.03125,0.03125,1.726341444550848e-05,0.0
3300.0,0.9166666666666666,0.018073859857859004,2.549999999244661,0.0,2.549999999244661,1.0006626039948328,2.2111221167537507,0.33887788324527884,-9.703349235223868e-13,91,2.2111221167537507,0.005099163135896293,1920.0,5760.0,0.0,0.03125,0.03125,1.7284246544240206e-05,0.0
3360.0,0.9333333333333333,0.01804808190570468,2.549999998676612,0.0,2.549999998676612,0.9971286099673599,2.206035658322793,0.3439643416762336,-9.729994587814872e-13,91,2.206035658322793,0.005086458430954753,1920.0,5760.0,0.0,0.03125,0.03125,1.718482085303224e-05,0.0
3420.0,0.95,0.018021860242147344,2.5499999977281504,0.0,2.5499999977281504,0.993627074094654,2.200961818398613,0.34903818160041716,-9.698908343125368e-13,91,2.200961818398613,0.005073839924183563,1920.0,5760.0,0.0,0.03125,0.03125,1.714300984354637e-05,0.0
3480.0,0.9666666666666667,0.017995141568881278,2.549999996175009,0.0,2.549999996175009,0.9901134836701642,2.195900218771719,0.35409978122730834,-9.725553695716371e-13,90,2.195900218771719,0.00506159962689117,1920.0,5760.0,0.0,0.03125,0.03125,1.72481820593558e-05,0.0
3540.0,0.9833333333333333,0.017967872587600735,2.5499999936783695,0.0,2.5499999936783695,0.9866012355442637,2.190851162832848,0.35914883716618196,-9.698908343125368e-13,90,2.190851162832848,0.005049055938873614,1920.0,5760.0,0.0,0.03125,0.03125,1.7361069163405162e-05,0.0
3600.0,1.0,0.01794,2.549999989734988,0.0,2.549999989734988,0.9832746388958974,2.185813387395653,0.3641866126033767,-9.703349235223868e-13,90,2.185813387395653,0.005037775437194775,1920.0,5760.0,0.0,0.03125,0.03125,1.7243080584802294e-05,0.0
3660.0,1.0166666666666666,0.017911592291939,2.5499999836105065,0.0,2.5499999836105065,0.9800832882774665,2.1807859488614256,0.36921405113760375,-9.703349235223868e-13,90,2.1807859488614256,0.005027438534227067,1920.0,5760.0,0.0,0.03125,0.03125,1.7218465640942783e-05,0.0
3720.0,1.0333333333333334,0.01788277336819172,2.5499999742496544,0.0,2.5499999742496544,0.9769166958369044,2.1757692114198206,0.3742307885792101,-9.690026558928366e-13,90,2.1757692114198206,0.005016737441606345,1920.0,5760.0,0.0,0.03125,0.03125,1.7178108018613027e-05,0.0
3780.0,1.05,0.01785357305882353,2.5499999601599503,0.0,2.5499999601599503,0.9738738669198508,2.1707625651411475,0.37923743485788564,-9.667822098435863e-13,90,2.1707625651411475,0.005006646278675543,1920.0,5760.0,0.0,0.03125,0.03125,1.7219400631721438e-05,0.0
3840.0,1.0666666666666667,0.017824021193899784,2.5499999392606245,0.0,2.5499999392606245,0.9708479538435161,2.165764986308676,0.3842350136903553,-9.685585666829866e-13,90,2.165764986308676,0.004997578832469647,1920.0,5760.0,0.0,0.03125,0.03125,1.7105184016212654e-05,0.0
3900.0,1.0833333333333333,0.017794147603485837,2.54999990869074,0.0,2.54999990869074,0.9678071622512251,2.1607759931075,0.38922400689153097,-9.690026558928366e-13,89,2.1607759931075,0.004988993201175667,1920.0,5760.0,0.0,0.03125,0.03125,1.7110998434904575e-05,0.0
3960.0,1.1,0.01776398211764706,2.5499998645687967,0.0,2.5499998645687967,0.9648119668149534,2.1557961642636565,0.3942038357353741,-9.690026558928366e-13,89,2.1557961642636565,0.004979828843843116,1920.0,5760.0,0.0,0.03125,0.03125,1.719552242501892e-05,0.0
4020.0,1.1166666666666667,0.017733554566448803,2.5499998016949506,0.0,2.5499998016949506,0.9617812973908726,2.1508249501580794,0.3991750498409518,-9.685585666829866e-13,89,2.1508249501580794,0.004971214105577722,1920.0,5760.0,0.0,0.03125,0.03125,1.721571509993334e-05,0.0
4080.0,1.1333333333333333,0.017702894779956426,2.5499997131882353,0.0,2.5499997131882353,0.9586847946188443,2.1458621910927476,0.4041378089062856,-9.667822098435863e-13,89,2.1458621910927476,0.004962759065333785,1920.0,5760.0,0.0,0.03125,0.03125,1.7145743730260082e-05,0.0
4140.0,1.15,0.017672032588235295,2.54999959005009,0.0,2.54999959005009,0.9557139623917167,2.140908657361379,0.4090913426376518,-9.690026558928366e-13,89,2.140908657361379,0.004953533731366219,1920.0,5760.0,0.0,0.03125,0.03125,1.7205657538970086e-05,0.0
4200.0,1.1666666666666667,0.017640997821350764,2.54999942064645,0.0,2.54999942064645,0.9528061581160844,2.1359635664057643,0.4140364335932659,-9.694467451026867e-13,89,2.1359635664057643,0.004945090955614103,1920.0,5760.0,0.0,0.03125,0.03125,1.707882100159702e-05,0.0
4260.0,1.1833333333333333,0.01760982030936819,2.549999190102239,0.0,2.549999190102239,0.9499195465434919,2.1310262462915874,0.41897375370744355,-9.690026558928366e-13,89,2.1310262462915874,0.004937320114177657,1920.0,5760.0,0.0,0.03125,0.03125,1.71580253966304e-05,0.0
4320.0,1.2,0.017578529882352943,2.5499988795995208,0.0,2.5499988795995208,0.9472081481751277,2.126096324278722,0.4239036757203085,-9.690026558928366e-13,88,2.126096324278722,0.00492992201286496,1920.0,5760.0,0.0,0.03125,0.03125,1.70183028842267e-05,0.0
4380.0,1.2166666666666666,0.01754715637037037,2.54999846556949,0.0,2.54999846556949,0.9444426594059436,2.1211734170078884,0.4288265829911431,-9.681144774731365e-13,88,2.1211734170078884,0.004922907270834621,1920.0,5760.0,0.0,0.03125,0.03125,1.7064197769928897e-05,0.0
4440.0,1.2333333333333334,0.01751572960348584,2.549997918774967,0.0,2.549997918774967,0.9415413711153772,2.1162581184848093,0.43374188151421944,-9.71223101942087e-13,88,2.1162581184848093,0.004915298523076313,1920.0,5760.0,0.0,0.03125,0.03125,1.72900103828587e-05,0.0
4500.0,1.25,0.017484279411764708,2.549997203273678,0.0,2.549997203273678,0.9387120512404479,2.1113506337700993,0.4386493662289312,-9.694467451026867e-13,88,2.1113506337700993,0.0049074847147117275,1920.0,5760.0,0.0,0.03125,0.03125,1.701770619761567e-05,0.0
4560.0,1.2666666666666666,0.01745283562527233,2.5499962752686445,0.0,2.5499962752686445,0.93597295349758,2.106450827739294,0.4435491722597343,-9.71223101942087e-13,88,2.106450827739294,0.004899806030803093,1920.0,5760.0,0.0,0.03125,0.03125,1.7019499799652593e-05,0.0
4620.0,1.2833333333333334,0.017421428074074076,2.54999508187319,0.0,2.54999508187319,0.9333123914442513,2.101557761074269,0.4484422389247596,-9.71223101942087e-13,88,2.101557761074269,0.004893066665025324,1920.0,5760.0,0.0,0.03125,0.03125,1.707316093622593e-05,0.0
4680.0,1.3,0.017390086588235296,2.5499935597762224,0.0,2.5499935597762224,0.9307299333752657,2.0966713674728847,0.4533286325261401,-9.752199048307375e-13,87,2.0966713674728847,0.00488639360138049,1920.0,5760.0,0.0,0.03125,0.03125,1.7102316874564324e-05,0.0
4740.0,1.3166666666666667,0.01735884099782135,2.549991633785451,0.0,2.549991633785451,0.9281713091345354,2.0917919643640595,0.4582080356349681,-9.72111280361787e-13,87,2.0917919643640595,0.004879403108827997,1920.0,5760.0,0.0,0.03125,0.03125,1.7070873559511912e-05,0.0
4800.0,1.3333333333333333,0.017327721132897603,2.5499892152536296,0.0,2.5499892152536296,0.9255973715935635,2.0869180261477664,0.4630819738512606,-9.725553695716371e-13,87,2.0869180261477664,0.0048739382162925225,1920.0,5760.0,0.0,0.03125,0.03125,1.696294311594361e-05,0.0
4860.0,1.35,0.01729675682352941,2.549986200406572,0.0,2.549986200406572,0.9229433086774569,2.0820497860181097,0.4679502139809142,-9.761080832504376e-13,87,2.0820497860181097,0.004868240129653585,1920.0,5760.0,0.0,0.03125,0.03125,1.702637401411472e-05,0.0
4920.0,1.3666666666666667,0.017265977899782136,2.549982468610067,0.0,2.549982468610067,0.9203649747402799,2.077188269528141,0.47281173047088276,-9.761080832504376e-13,87,2.077188269528141,0.0048615164899685525,1920.0,5760.0,0.0,0.03125,0.03125,1.7062473700070367e-05,0.0
4980.0,1.3833333333333333,0.017235414191721133,2.549977880597767,0.0,2.549977880597767,0.9177418180380368,2.0723337009474547,0.4776662990515679,-9.769962616701378e-13,87,2.0723337009474547,0.004854568580685087,1920.0,5760.0,0.0,0.03125,0.03125,1.717542359982796e-05,0.0
5040.0,1.4,0.017205095529411765,2.5499722767259696,0.0,2.5499722767259696,0.9149756176707674,2.067486488336173,0.48251351166284917,-9.778844400898379e-13,87,2.067486488336173,0.004847212611281299,1920.0,5760.0,0.0,0.03125,0.03125,1.7041967670145404e-05,0.0
5100.0,1.4166666666666667,0.017175051742919386,2.5499654752249636,0.0,2.5499654752249636,0.9122452656971456,2.0626467207427712,0.4873532792562514,-9.769962616701378e-13,86,2.0626467207427712,0.004839767593402193,1920.0,5760.0,0.0,0.03125,0.03125,1.704601181805819e-05,0.0
5160.0,1.4333333333333333,0.017145312662309366,2.549957270498291,0.0,2.549957270498291,0.9096760475300975,2.0578138726605926,0.4921861273384269,-9.805489753489383e-13,86,2.0578138726605926,0.004832848082175571,1920.0,5760.0,0.0,0.03125,0.03125,1.702488483048513e-05,0.0
5220.0,1.45,0.017115908117647058,2.549947431662149,0.0,2.549947431662149,0.9071608260190822,2.052987116902477,0.49701288309654745,-9.752199048307375e-13,86,2.052987116902477,0.004826755758120549,1920.0,5760.0,0.0,0.03125,0.03125,1.7028163641326323e-05,0.0
5280.0,1.4666666666666666,0.017086867938997823,2.54993570109366,0.0,2.54993570109366,0.9045096235512404,2.0481668360326934,0.5018331639663296,-9.769962616701378e-13,86,2.0481668360326934,0.004820280869782115,1920.0,5760.0,0.0,0.03125,0.03125,1.7024607475664124e-05,0.0
5340.0,1.4833333333333334,0.017058221956427016,2.549921792706133,0.0,2.549921792706133,0.9019204821170062,2.0433539728402006,0.5066460271588176,-9.814371537686384e-13,86,2.0433539728402006,0.004812863192487925,1920.0,5760.0,0.0,0.03125,0.03125,1.694756262009478e-05,0.0
5400.0,1.5,0.01703,2.5499053902380378,0.0,2.5499053902380378,0.8992979791843869,2.0385479979024983,0.5114520020965175,-9.841016890277388e-13,86,2.0385479979024983,0.004805974937699994,1920.0,5760.0,0.0,0.03125,0.03125,1.6902065575052934e-05,0.0
5460.0,1.5166666666666666,0.017001822456140347,2.549886145839753,0.0,2.549886145839753,0.8967621248742409,2.0337493004625173,0.5162506995364976,-9.849898674474389e-13,86,2.0337493004625173,0.004798697439980057,1920.0,5760.0,0.0,0.03125,0.03125,1.6891773588384748e-05,0.0
5520.0,1.5333333333333334,0.01697332350877193,2.5498636778283035,0.0,2.5498636778283035,0.894278528584855,2.028957973820257,0.5210420261787612,-9.814371537686384e-13,85,2.028957973820257,0.004791326642263544,1920.0,5760.0,0.0,0.03125,0.03125,1.700444186629872e-05,0.0
5580.0,1.55,0.01694455368421053,2.5498375699447893,0.0,2.5498375699447893,0.8916928689855327,2.0241726793736285,0.5258273206253882,-9.832135106080386e-13,85,2.0241726793736285,0.0047852944466269635,1920.0,5760.0,0.0,0.03125,0.03125,1.692574180508566e-05,0.0
5640.0,1.5666666666666667,0.01691556350877193,2.5498073704184128,0.0,2.5498073704184128,0.8891212395522096,2.0193940267957644,0.5306059732032522,-9.832135106080386e-13,85,2.0193940267957644,0.0047786525778640105,1920.0,5760.0,0.0,0.03125,0.03125,1.6991666865337782e-05,0.0
5700.0,1.5833333333333333,0.016886403508771932,2.549772590803051,0.0,2.549772590803051,0.8865973240427591,2.0146220559265444,0.5353779440724706,-9.849898674474389e-13,85,2.0146220559265444,0.004771970869218487,1920.0,5760.0,0.0,0.03125,0.03125,1.707451642050826e-05,0.0
5760.0,1.6,0.016857124210526316,2.549732705630418,0.0,2.549732705630418,0.8841085831428248,2.0098565689918355,0.5401434310071773,-9.867662242868391e-13,85,2.0098565689918355,0.004765486934706742,1920.0,5760.0,0.0,0.03125,0.03125,1.6790827773373484e-05,0.0
5820.0,1.6166666666666667,0.01682777614035088,2.5496871524352303,0.0,2.5496871524352303,0.8814909311195989,2.0050977056570307,0.5449022943419788,-9.903189379656396e-13,85,2.0050977056570307,0.00475886333480142,1920.0,5760.0,0.0,0.03125,0.03125,1.6906820225902532e-05,0.0
5880.0,1.6333333333333333,0.016798409824561406,2.5496353314061366,0.0,2.5496353314061366,0.8789009028385235,2.000346230052213,0.5496537699467993,-9.876544027065393e-13,84,2.000346230052213,0.004751475604820486,1920.0,5760.0,0.0,0.03125,0.03125,1.6857007476028434e-05,0.0
5940.0,1.65,0.016769075789473682,2.549576605331983,0.0,2.549576605331983,0.876470003662641,1.9956013359864322,0.5543986640125784,-9.894307595459395e-13,84,1.9956013359864322,0.004744894065779121,1920.0,5760.0,0.0,0.03125,0.03125,1.6986596584482173e-05,0.0
6000.0,1.6666666666666667,0.01673982456140351,2.5495103011008364,0.0,2.5495103011008364,0.8741931058117923,1.9908619024134115,0.5591380975855964,-9.920952948050399e-13,84,1.9908619024134115,0.004739433573017941,1920.0,5760.0,0.0,0.03125,0.03125,1.68728846679361e-05,0.0
6060.0,1.6833333333333333,0.01671070666666667,2.549435711050666,0.0,2.549435711050666,0.871824413842118,1.9861287646032006,0.5638712353958135,-9.85878045867139e-13,84,1.9861287646032006,0.004733137810217158,1920.0,5760.0,0.0,0.03125,0.03125,1.68793293546818e-05,0.0
6120.0,1.7,0.016681772631578946,2.5493520914568455,0.0,2.5493520914568455,0.8693092115758227,1.9814012734050608,0.5685987265939452,-9.938716516444401e-13,84,1.9814012734050608,0.004727491198131604,1920.0,5760.0,0.0,0.03125,0.03125,1.6989246150997256e-05,0.0
6180.0,1.7166666666666666,0.01665307298245614,2.549258660568196,0.0,2.549258660568196,0.8668921771146443,1.9766803595670122,0.573319640431996,-9.916512055951898e-13,84,1.9766803595670122,0.004720913838050881,1920.0,5760.0,0.0,0.03125,0.03125,1.695404871083011e-05,0.0
6240.0,1.7333333333333334,0.016624658245614033,2.549154601135875,0.0,2.549154601135875,0.8645527206347592,1.9719654944252594,0.578034505573748,-9.9253938401489e-13,84,1.9719654944252594,0.0047148651417520384,1920.0,5760.0,0.0,0.03125,0.03125,1.6935948341602028e-05,0.0
6300.0,1.75,0.01659657894736842,2.5490390657948,0.0,2.5490390657948,0.8621567860362935,1.9672569172918395,0.5827430827071691,-9.912071163853398e-13,83,1.9672569172918395,0.00470857713342105,1920.0,5760.0,0.0,0.03125,0.03125,1.6981512248270957e-05,0.0
6360.0,1.7666666666666666,0.01656888561403509,2.548911179120629,0.0,2.548911179120629,0.8596593174838928,1.9625540616545856,0.5874459383444252,-9.889866703360894e-13,83,1.9625540616545856,0.0047028556372560775,1920.0,5760.0,0.0,0.03125,0.03125,1.703085323277064e-05,0.0
6420.0,1.7833333333333334,0.016541628771929825,2.5487700370861823,0.0,2.5487700370861823,0.8571157170733739,1.9578578798458048,0.5921421201532023,-9.9253938401489e-13,83,1.9578578798458048,0.004696181808777195,1920.0,5760.0,0.0,0.03125,0.03125,1.6954522574323943e-05,0.0
6480.0,1.8,0.01651485894736842,2.5486147106393844,0.0,2.5486147106393844,0.8545092137823004,1.9531690307691218,0.5968309692298827,-9.952039192739903e-13,83,1.9531690307691218,0.00468884907668032,1920.0,5760.0,0.0,0.03125,0.03125,1.69695265785512e-05,0.0
6540.0,1.8166666666666667,0.016488626666666666,2.5484442519702757,0.0,2.5484442519702757,0.8520845318467599,1.948487818536802,0.6015121814622,-9.978684545330907e-13,83,1.948487818536802,0.004681212232317373,1920.0,5760.0,0.0,0.03125,0.03125,1.699374753242526e-05,0.0
6600.0,1.8333333333333333,0.016462982456140352,2.548257701096382,0.0,2.548257701096382,0.8496720009969145,1.9438134098967395,0.6061865901022652,-9.952039192739903e-13,83,1.9438134098967395,0.00467440864006521,1920.0,5760.0,0.0,0.03125,0.03125,1.6995032590981653e-05,0.0
6660.0,1.85,0.016437976842105264,2.5480540898980153,0.0,2.5480540898980153,0.8471415308792329,1.9391465289122962,0.6108534710867065,-9.969802761133906e-13,83,1.9391465289122962,0.004666880984441374,1920.0,5760.0,0.0,0.03125,0.03125,1.6931500672587615e-05,0.0
6720.0,1.8666666666666667,0.016413660350877192,2.5478324391164873,0.0,2.5478324391164873,0.8446049676350005,1.9344883120622418,0.6155116879367597,-9.983125437429408e-13,83,1.9344883120622418,0.004658216850053212,1920.0,5760.0,0.0,0.03125,0.03125,1.705318719753647e-05,0.0
6780.0,1.8833333333333333,0.01639008350877193,2.5475917577311433,0.0,2.5475917577311433,0.8421398166840859,1.929838039761883,0.6201619602371226,-9.943157408542902e-13,82,1.929838039761883,0.004650272300362856,1920.0,5760.0,0.0,0.03125,0.03125,1.702173567369427e-05,0.0
6840.0,1.9,0.016367296842105264,2.547331053736463,0.0,2.547331053736463,0.8396352368547695,1.9251958016897537,0.6248041983092507,-9.956480084838404e-13,82,1.9251958016897537,0.004642238072128184,1920.0,5760.0,0.0,0.03125,0.03125,1.699920667800677e-05,0.0
6900.0,1.9166666666666667,0.016345350877192983,2.5470493412419235,0.0,2.5470493412419235,0.8372098692078596,1.9205625699203153,0.6294374300786865,-9.983125437429408e-13,82,1.9205625699203153,0.0046332317694357545,1920.0,5760.0,0.0,0.03125,0.03125,1.6906628796024245e-05,0.0
6960.0,1.9333333333333333,0.01632429614035088,2.5467456395486487,0.0,2.5467456395486487,0.8348583096630635,1.915937714946555,0.6340622850524499,-9.947598300641403e-13,82,1.915937714946555,0.004624854973763461,1920.0,5760.0,0.0,0.03125,0.03125,1.699468399601443e-05,0.0
7020.0,1.95,0.016304183157894735,2.546418975754549,0.0,2.546418975754549,0.8324356768654214,1.9113209113313372,0.638679088667669,-9.938716516444401e-13,82,1.9113209113313372,0.004616803615219085,1920.0,5760.0,0.0,0.03125,0.03125,1.688980634805576e-05,0.0
7080.0,1.9666666666666666,0.01628506245614035,2.546068385321623,0.0,2.546068385321623,0.8299446031890604,1.9067129404604486,0.6432870595385518,-9.992007221626409e-13,82,1.9067129404604486,0.004607970870882879,1920.0,5760.0,0.0,0.03125,0.03125,1.7006211228857447e-05,0.0
7140.0,1.9833333333333334,0.01626698456140351,2.5456929100662715,0.0,2.5456929100662715,0.8274610196783828,1.9021152950037454,0.6478847049952583,-9.960920976936904e-13,82,1.9021152950037454,0.004597645456706487,1920.0,5760.0,0.0,0.03125,0.03125,1.6858759897758504e-05,0.0
7200.0,2.0,0.01625,2.5452916080368952,0.0,2.5452916080368952,0.8249522717370997,1.897526838707389,0.6524731612916156,-9.952039192739903e-13,82,1.897526838707389,0.004588456296357342,1920.0,5760.0,0.0,0.03125,0.03125,1.700521144211499e-05,0.0
7260.0,2.0166666666666666,0.01623387406873348,2.544863562705524,0.0,2.544863562705524,0.8224436917203529,1.8929476324290508,0.6570523675699549,-9.938716516444401e-13,82,1.8929476324290508,0.004579206278339339,1920.0,5760.0,0.0,0.03125,0.03125,1.6807847569484652e-05,0.0
7320.0,2.033333333333333,0.016218318000480653,2.544407869861365,0.0,2.544407869861365,0.8198382638298534,1.88837908172292,0.6616209182760842,-9.956480084838404e-13,82,1.88837908172292,0.004568550706129284,1920.0,5760.0,0.0,0.03125,0.03125,1.669990688898716e-05,0.0
7380.0,2.05,0.01620330122566691,2.5439236438183026,0.0,2.5439236438183026,0.8172504158699965,1.8838227436599173,0.6661772563390864,-9.960920976936904e-13,82,1.8838227436599173,0.004556338063002221,1920.0,5760.0,0.0,0.03125,0.03125,1.6863024217474347e-05,0.0
7440.0,2.066666666666667,0.016188793174717615,2.543410023316938,0.0,2.543410023316938,0.8146388854732084,1.8792781381190076,0.6707218618799963,-9.960920976936904e-13,81,1.8792781381190076,0.004544605540909858,1920.0,5760.0,0.0,0.03125,0.03125,1.6788787436354632e-05,0.0
7500.0,2.0833333333333335,0.016174763278058158,2.542866183476761,0.0,2.542866183476761,0.8120773930344356,1.8747454142556792,0.6752545857433223,-9.983125437429408e-13,81,1.8747454142556792,0.004532723863326051,1920.0,5760.0,0.0,0.03125,0.03125,1.6805156833880954e-05,0.0
7560.0,2.1,0.016161180966113915,2.5422913406139735,0.0,2.5422913406139735,0.8095496475717249,1.8702243134874592,0.6797756865115443,-9.965361869035405e-13,81,1.8702243134874592,0.004521100768221985,1920.0,5760.0,0.0,0.03125,0.03125,1.7035334833153176e-05,0.0
7620.0,2.1166666666666667,0.01614801566931026,2.5416847471394437,0.0,2.5416847471394437,0.8069350120798018,1.865714252679779,0.684285747319226,-9.947598300641403e-13,81,1.865714252679779,0.004510060807681717,1920.0,5760.0,0.0,0.03125,0.03125,1.683810541532158e-05,0.0
7680.0,2.1333333333333333,0.01613523681807258,2.5410456831547217,0.0,2.5410456831547217,0.8043253371599295,1.861216640324241,0.6887833596747657,-9.9298347322474e-13,81,1.861216640324241,0.004497612355539707,1920.0,5760.0,0.0,0.03125,0.03125,1.6843855564845784e-05,0.0
7740.0,2.15,0.016122813842826246,2.5403734501454194,0.0,2.5403734501454194,0.8018045699318255,1.856731613059242,0.6932683869397641,-9.938716516444401e-13,81,1.856731613059242,0.004485027264998391,1920.0,5760.0,0.0,0.03125,0.03125,1.684449186976087e-05,0.0
7800.0,2.1666666666666665,0.016110716173996637,2.5396673831946845,0.0,2.5396673831946845,0.7992453447976539,1.8522573537655445,0.6977426462334657,-9.894307595459395e-13,81,1.8522573537655445,0.004474259293701558,1920.0,5760.0,0.0,0.03125,0.03125,1.6738514076865584e-05,0.0
7860.0,2.183333333333333,0.01609891324200913,2.5389268564374285,0.0,2.5389268564374285,0.7967708967714955,1.847794577448053,0.7022054225509544,-9.920952948050399e-13,81,1.847794577448053,0.004462776317488697,1920.0,5760.0,0.0,0.03125,0.03125,1.697693066894748e-05,0.0
7920.0,2.2,0.016087374477289116,2.5381512668404986,0.0,2.5381512668404986,0.7943390647721342,1.8433431470060937,0.7066568529929161,-9.898748487557896e-13,81,1.8433431470060937,0.004451430441961677,1920.0,5760.0,0.0,0.03125,0.03125,1.685388019461994e-05,0.0
7980.0,2.216666666666667,0.016076069310261957,2.5373400280999014,0.0,2.5373400280999014,0.7917888479469967,1.838903288896051,0.7110967111029565,-9.920952948050399e-13,81,1.838903288896051,0.004439858110040334,1920.0,5760.0,0.0,0.03125,0.03125,1.6892941839216786e-05,0.0
8040.0,2.2333333333333334,0.016064967171353042,2.5364925642135727,0.0,2.5364925642135727,0.7892606162772706,1.8344754778733088,0.7155245221257015,-9.894307595459395e-13,81,1.8344754778733088,0.004427811022745069,1920.0,5760.0,0.0,0.03125,0.03125,1.6899516362374752e-05,0.0
8100.0,2.25,0.016054037490987747,2.535608310503145,0.0,2.535608310503145,0.78671217427657,1.8300609307021385,0.7199390692968692,-9.920952948050399e-13,81,1.8300609307021385,0.004414547171167781,1920.0,5760.0,0.0,0.03125,0.03125,1.687609105155087e-05,0.0
8160.0,2.2666666666666666,0.016043249699591446,2.5346867443576855,0.0,2.5346867443576855,0.784232144980547,1.82565920405199,0.7243407959470223,-9.876544027065393e-13,81,1.82565920405199,0.004401726650153072,1920.0,5760.0,0.0,0.03125,0.03125,1.693299922549076e-05,0.0
8220.0,2.283333333333333,0.01603257322758952,2.533727392872188,0.0,2.533727392872188,0.7817972533233887,1.8212682727441332,0.7287317272548784,-9.880984919163893e-13,81,1.8212682727441332,0.00439093130785612,1920.0,5760.0,0.0,0.03125,0.03125,1.6814575592312845e-05,0.0
8280.0,2.3,0.016021977505407355,2.5327298318636493,0.0,2.5327298318636493,0.77935649256473,1.8168897389775849,0.7331102610214252,-9.898748487557896e-13,81,1.8168897389775849,0.004378533766546756,1920.0,5760.0,0.0,0.03125,0.03125,1.704214561794522e-05,0.0
8340.0,2.316666666666667,0.01601143196347032,2.5316936579819105,0.0,2.5316936579819105,0.7768240447139636,1.8125233749196326,0.7374766250793832,-9.841016890277388e-13,81,1.8125233749196326,0.004366364057957928,1920.0,5760.0,0.0,0.03125,0.03125,1.6828245761220977e-05,0.0
8400.0,2.3333333333333335,0.016000906032203797,2.5306184691416993,0.0,2.5306184691416993,0.7742937497208595,1.808169978153204,0.7418300218458088,-9.872103134966892e-13,81,1.808169978153204,0.004353396766425704,1920.0,5760.0,0.0,0.03125,0.03125,1.680157614942746e-05,0.0
8460.0,2.35,0.015990369142033167,2.529503886631919,0.0,2.529503886631919,0.7718327103252585,1.80382899819341,0.7461710018056045,-9.85433956657289e-13,80,1.80382899819341,0.0043409799597956475,1920.0,5760.0,0.0,0.03125,0.03125,1.6840681378605192e-05,0.0
8520.0,2.3666666666666667,0.0159797907233838,2.5283495854618563,0.0,2.5283495854618563,0.769437765913179,1.799499214838819,0.7505007851601911,-9.898748487557896e-13,80,1.799499214838819,0.0043297833545866355,1920.0,5760.0,0.0,0.03125,0.03125,1.6902798779728903e-05,0.0
8580.0,2.3833333333333333,0.015969140206681085,2.527155294233689,0.0,2.527155294233689,0.7670342068296769,1.7951803200920535,0.7548196799069626,-9.836575998178887e-13,80,1.7951803200920535,0.004318894746771451,1920.0,5760.0,0.0,0.03125,0.03125,1.6961048118341352e-05,0.0
8640.0,2.4,0.0159583870223504,2.525920753668524,0.0,2.525920753668524,0.7645929199377489,1.7908740256266602,0.7591259743723505,-9.889866703360894e-13,80,1.7908740256266602,0.004306294465387937,1920.0,5760.0,0.0,0.03125,0.03125,1.686315348676734e-05,0.0
8700.0,2.4166666666666665,0.01594750060081711,2.524645688315755,0.0,2.524645688315755,0.7620991635654527,1.7865802068698051,0.7634197931292075,-9.872103134966892e-13,80,1.7865802068698051,0.004293818756857019,1920.0,5760.0,0.0,0.03125,0.03125,1.6808110197638963e-05,0.0
8760.0,2.433333333333333,0.01593645037250661,2.523329825145275,0.0,2.523329825145275,0.7596163644127933,1.7822985247050938,0.7677014752939237,-9.823253321883385e-13,80,1.7822985247050938,0.004281682164716304,1920.0,5760.0,0.0,0.03125,0.03125,1.6838205923959298e-05,0.0
8820.0,2.45,0.015925205767844272,2.521972938489726,0.0,2.521972938489726,0.7571559208973938,1.7780279050761532,0.7719720949228648,-9.818812429784884e-13,80,1.7780279050761532,0.004270619628941049,1920.0,5760.0,0.0,0.03125,0.03125,1.6781273316832414e-05,0.0
8880.0,2.466666666666667,0.01591373621725547,2.5205748645734474,0.0,2.5205748645734474,0.7547616821323094,1.7737687958370363,0.7762312041619834,-9.801048861390882e-13,80,1.7737687958370363,0.004259109239118708,1920.0,5760.0,0.0,0.03125,0.03125,1.6874145915213477e-05,0.0
8940.0,2.4833333333333334,0.015902011151165588,2.5191354817885747,0.0,2.5191354817885747,0.7522820785748902,1.769522035509009,0.7804779644900071,-9.836575998178887e-13,80,1.769522035509009,0.004246760328023586,1920.0,5760.0,0.0,0.03125,0.03125,1.6755760556951458e-05,0.0
9000.0,2.5,0.01589,2.517654673001868,0.0,2.517654673001868,0.7499275244352583,1.7652868032157967,0.7847131967832212,-9.818812429784884e-13,80,1.7652868032157967,0.004235232293214057,1920.0,5760.0,0.0,0.03125,0.03125,1.682961803906318e-05,0.0
9060.0,2.5166666666666666,0.01587784969320977,2.5161323330418535,0.0,2.5161323330418535,0.7477432223702112,1.7610627044617515,0.7889372955372685,-9.796607969292381e-13,80,1.7610627044617515,0.004224098754047372,1920.0,5760.0,0.0,0.03125,0.03125,1.6947752863284795e-05,0.0
9120.0,2.533333333333333,0.015865724821558166,2.5145684330094076,0.0,2.5145684330094076,0.7454099899143718,1.7568497416582616,0.7931502583407557,-9.823253321883385e-13,80,1.7568497416582616,0.004212962803487153,1920.0,5760.0,0.0,0.03125,0.03125,1.6901626911808808e-05,0.0
9180.0,2.55,0.015853621307438878,2.5129629403310125,0.0,2.5129629403310125,0.743011831174703,1.7526472390634587,0.7973527609355606,-9.805489753489383e-13,80,1.7526472390634587,0.004202502594804943,1920.0,5760.0,0.0,0.03125,0.03125,1.675231878162345e-05,0.0
9240.0,2.566666666666667,0.015841535073245608,2.5113157665736274,0.0,2.5113157665736274,0.7406408422393749,1.7484555197157359,0.8015444802832845,-9.796607969292381e-13,80,1.7484555197157359,0.0041917193477239365,1920.0,5760.0,0.0,0.03125,0.03125,1.674985875115174e-05,0.0
9300.0,2.5833333333333335,0.015829462041372047,2.5096268607668835,0.0,2.5096268607668835,0.7383403651758295,1.7442761443265444,0.8057238556724757,-9.796607969292381e-13,80,1.7442761443265444,0.004179375389191272,1920.0,5760.0,0.0,0.03125,0.03125,1.6769878799062066e-05,0.0
9360.0,2.6,0.0158173981342119,2.507896252883911,0.0,2.507896252883911,0.7360266883984773,1.7401071254831122,0.8098928745159084,-9.79216707719388e-13,80,1.7401071254831122,0.0041690188434326874,1920.0,5760.0,0.0,0.03125,0.03125,1.6877148640143723e-05,0.0
9420.0,2.6166666666666667,0.015805339274158847,2.506124029284102,0.0,2.506124029284102,0.7337360176034102,1.7359485379237156,0.8140514620753017,-9.823253321883385e-13,80,1.7359485379237156,0.004158587559393279,1920.0,5760.0,0.0,0.03125,0.03125,1.6752991969369322e-05,0.0
9480.0,2.6333333333333333,0.0157932813836066,2.5043102922607723,0.0,2.5043102922607723,0.7315207052891971,1.7318005968869565,0.8181994031120642,-9.79216707719388e-13,79,1.7318005968869565,0.004147941036762572,1920.0,5760.0,0.0,0.03125,0.03125,1.6807310464837832e-05,0.0
9540.0,2.65,0.01578122038494885,2.5024551422994916,0.0,2.5024551422994916,0.7293089046373968,1.727662701567145,0.8223372984318758,-9.78772618509538e-13,79,1.727662701567145,0.004137895319811524,1920.0,5760.0,0.0,0.03125,0.03125,1.698405024066304e-05,0.0
9600.0,2.6666666666666665,0.015769152200579287,2.50055867578991,0.0,2.50055867578991,0.7270197939150215,1.7235359788215858,0.8264640211774343,-9.796607969292381e-13,79,1.7235359788215858,0.004126722745558578,1920.0,5760.0,0.0,0.03125,0.03125,1.6832485259513786e-05,0.0
9660.0,2.683333333333333,0.01575707275289161,2.498620963484704,0.0,2.498620963484704,0.7247852571412285,1.7194208304564267,0.8305791695425967,-9.765521724602877e-13,79,1.7194208304564267,0.004115148365162358,1920.0,5760.0,0.0,0.03125,0.03125,1.677359947215789e-05,0.0
9720.0,2.7,0.01574497796427952,2.4966420809261436,0.0,2.4966420809261436,0.7225165132807035,1.7153147417041794,0.8346852582948422,-9.78328529299688e-13,79,1.7153147417041794,0.004106088752245544,1920.0,5760.0,0.0,0.03125,0.03125,1.675960617367832e-05,0.0
9780.0,2.716666666666667,0.015732863757136714,2.4946221773284165,0.0,2.4946221773284165,0.7201765918617324,1.711220056321216,0.8387799436778072,-9.765521724602877e-13,79,1.711220056321216,0.004094685382965002,1920.0,5760.0,0.0,0.03125,0.03125,1.6920178996162687e-05,0.0
9840.0,2.7333333333333334,0.015720726053856875,2.4925614414911683,0.0,2.4925614414911683,0.7179251763334572,1.7071374480685564,0.8428625519304621,-9.814371537686384e-13,79,1.7071374480685564,0.004082608252654937,1920.0,5760.0,0.0,0.03125,0.03125,1.688846095207023e-05,0.0
9900.0,2.75,0.015708560776833712,2.4904600949034945,0.0,2.4904600949034945,0.715688965406555,1.7030641510188873,0.8469358489801352,-9.774403508799878e-13,79,1.7030641510188873,0.004073297049673089,1920.0,5760.0,0.0,0.03125,0.03125,1.6840056781853147e-05,0.0
9960.0,2.7666666666666666,0.015696363848460914,2.4883184454092584,0.0,2.4883184454092584,0.7135441947077562,1.6990011860996013,0.850998813899421,-9.774403508799878e-13,79,1.6990011860996013,0.0040629649192858676,1920.0,5760.0,0.0,0.03125,0.03125,1.6882811618438298e-05,0.0
10020.0,2.783333333333333,0.015684131191132177,2.4861368087978217,0.0,2.4861368087978217,0.7114230582959711,1.6949476830512429,0.8550523169477816,-9.752199048307375e-13,79,1.6949476830512429,0.004053503048360567,1920.0,5760.0,0.0,0.03125,0.03125,1.690398312123755e-05,0.0
10080.0,2.8,0.0156718587272412,2.4839154459921913,0.0,2.4839154459921913,0.7092555305754789,1.690904387173393,0.8590956128256297,-9.769962616701378e-13,79,1.690904387173393,0.0040432958778481584,1920.0,5760.0,0.0,0.03125,0.03125,1.6788225747562925e-05,0.0
10140.0,2.816666666666667,0.015659542379181678,2.481654547321271,0.0,2.481654547321271,0.7071232484993057,1.6868720904729666,0.863127909526054,-9.79216707719388e-13,79,1.6868720904729666,0.004032296700424216,1920.0,5760.0,0.0,0.03125,0.03125,1.6863821762046835e-05,0.0
10200.0,2.8333333333333335,0.01564717806934731,2.4793542568625466,0.0,2.4793542568625466,0.7049670833982435,1.6828490324463714,0.8671509675526525,-9.761080832504376e-13,79,1.6828490324463714,0.004023058026598488,1920.0,5760.0,0.0,0.03125,0.03125,1.6789011473665952e-05,0.0
10260.0,2.85,0.015634761720131788,2.4770147661471045,0.0,2.4770147661471045,0.7027401946260174,1.678835533214441,0.8711644667845806,-9.78328529299688e-13,79,1.678835533214441,0.004013499231928034,1920.0,5760.0,0.0,0.03125,0.03125,1.678510449574527e-05,0.0
10320.0,2.8666666666666667,0.015622289253928804,2.474636302049359,0.0,2.474636302049359,0.7005706167954521,1.6748326656703871,0.8751673343286364,-9.761080832504376e-13,79,1.6748326656703871,0.004002867544055787,1920.0,5760.0,0.0,0.03125,0.03125,1.6914170267769665e-05,0.0
10380.0,2.8833333333333333,0.015609756593132063,2.4722191340562594,0.0,2.4722191340562594,0.6984510853060613,1.670839744320594,0.8791602556784304,-9.752199048307375e-13,79,1.670839744320594,0.003992921349793995,1920.0,5760.0,0.0,0.03125,0.03125,1.676216115210775e-05,0.0
10440.0,2.9,0.015597159660135253,2.4697636016121,0.0,2.4697636016121,0.6963109279508127,1.6668554930042356,0.8831445069947865,-9.778844400898379e-13,78,1.6668554930042356,0.00398425131635616,1920.0,5760.0,0.0,0.03125,0.03125,1.6859998564599927e-05,0.0
10500.0,2.9166666666666665,0.015584494377332076,2.4672700700594583,0.0,2.4672700700594583,0.6940572967694881,1.6628818433380275,0.8871181566609971,-9.752199048307375e-13,78,1.6628818433380275,0.003973649666210566,1920.0,5760.0,0.0,0.03125,0.03125,1.6983341964949738e-05,0.0
10560.0,2.933333333333333,0.015571756667116224,2.4647388574847655,0.0,2.4647388574847655,0.6919232625541168,1.658919406969335,0.891080593029691,-9.738876372011873e-13,78,1.658919406969335,0.003962436368693836,1920.0,5760.0,0.0,0.03125,0.03125,1.683760530723283e-05,0.0
10620.0,2.95,0.015558942451881394,2.4621703002217767,0.0,2.4621703002217767,0.6899169664845382,1.6549665377276135,0.8950334622714101,-9.761080832504376e-13,78,1.6549665377276135,0.0039528692417191,1920.0,5760.0,0.0,0.03125,0.03125,1.677726371904879e-05,0.0
10680.0,2.966666666666667,0.015546047654021284,2.4595648400267267,0.0,2.4595648400267267,0.6879928321456429,1.6510226857602905,0.8989773142387345,-9.747758156208874e-13,78,1.6510226857602905,0.003943851967324367,1920.0,5760.0,0.0,0.03125,0.03125,1.676234119252278e-05,0.0
10740.0,2.9833333333333334,0.015533068195929586,2.456922894121041,0.0,2.456922894121041,0.6860008832978024,1.64708831619931,0.9029116837997154,-9.743317264110374e-13,78,1.64708831619931,0.003934369560980933,1920.0,5760.0,0.0,0.03125,0.03125,1.6832922484905552e-05,0.0
10800.0,3.0,0.01552,2.454244704273311,0.0,2.454244704273311,0.6839791506009502,1.643161747952809,0.906838252046219,-9.71667191151937e-13,78,1.643161747952809,0.00392656824650362,1920.0,5760.0,0.0,0.03125,0.03125,1.6850502350519333e-05,0.0
10860.0,3.0166666666666666,0.01550677385541491,2.451530377766386,0.0,2.451530377766386,0.6819893625471088,1.639243243983637,0.9107567560153899,-9.729994587814872e-13,78,1.639243243983637,0.003918503969170862,1920.0,5760.0,0.0,0.03125,0.03125,1.6680912777210488e-05,0.0
10920.0,3.033333333333333,0.0154933346745429,2.4487800065028447,0.0,2.4487800065028447,0.6799530668587772,1.6353338060215554,0.9146661939774688,-9.756639940405876e-13,78,1.6353338060215554,0.003909437962078951,1920.0,5760.0,0.0,0.03125,0.03125,1.6879128844979643e-05,0.0
10980.0,3.05,0.015479699564556963,2.4459937263752476,0.0,2.4459937263752476,0.6778791672498115,1.631434673077097,0.9185653269219273,-9.756639940405876e-13,78,1.631434673077097,0.0038991329444584737,1920.0,5760.0,0.0,0.03125,0.03125,1.6768344408428967e-05,0.0
11040.0,3.066666666666667,0.015465885632630096,2.443171721749408,0.0,2.443171721749408,0.6758870071265646,1.6275459290364283,0.9224540709625961,-9.752199048307375e-13,78,1.6275459290364283,0.0038887440406688385,1920.0,5760.0,0.0,0.03125,0.03125,1.6864563687520495e-05,0.0
11100.0,3.0833333333333335,0.015451909985935304,2.440314292123723,0.0,2.440314292123723,0.6739130904437056,1.623665315187363,0.9263346848116625,-9.743317264110374e-13,78,1.623665315187363,0.0038806138490663626,1920.0,5760.0,0.0,0.03125,0.03125,1.6882662172080164e-05,0.0
11160.0,3.1,0.01543778973164557,2.437421865016416,0.0,2.437421865016416,0.6719131298934995,1.6197936132090207,0.9302063867900058,-9.734435479913373e-13,78,1.6197936132090207,0.0038717019783433035,1920.0,5760.0,0.0,0.03125,0.03125,1.672841579755492e-05,0.0
11220.0,3.1166666666666667,0.015423541976933899,2.4344948597138405,0.0,2.4344948597138405,0.6698067162983181,1.6159307973645771,0.9340692026344516,-9.71223101942087e-13,78,1.6159307973645771,0.0038628158444458083,1920.0,5760.0,0.0,0.03125,0.03125,1.6892469656785e-05,0.0
11280.0,3.1333333333333333,0.015409183828973275,2.4315336396996567,0.0,2.4315336396996567,0.6678417338648692,1.6120772298607975,0.93792277013823,-9.725553695716371e-13,78,1.6120772298607975,0.0038535675037784352,1920.0,5760.0,0.0,0.03125,0.03125,1.679098107421387e-05,0.0
11340.0,3.15,0.015394732394936711,2.4285386230336705,0.0,2.4285386230336705,0.665902550720774,1.6082333179813542,0.9417666820176731,-9.725553695716371e-13,77,1.6082333179813542,0.0038439118794431223,1920.0,5760.0,0.0,0.03125,0.03125,1.679126288289705e-05,0.0
11400.0,3.1666666666666665,0.015380204781997187,2.425510320765276,0.0,2.425510320765276,0.663999702526067,1.6043979444661782,0.9456020555328514,-9.703349235223868e-13,77,1.6043979444661782,0.0038353735151782265,1920.0,5760.0,0.0,0.03125,0.03125,1.6853490902194995e-05,0.0
11460.0,3.183333333333333,0.015365618097327708,2.4224491982009773,0.0,2.4224491982009773,0.6620711622865109,1.6005703213501639,0.9494296786488641,-9.71667191151937e-13,77,1.6005703213501639,0.003827623116012706,1920.0,5760.0,0.0,0.03125,0.03125,1.6903452310826845e-05,0.0
11520.0,3.2,0.015350989448101265,2.4193556433165764,0.0,2.4193556433165764,0.6600474739455088,1.5967516335663094,0.9532483664327178,-9.725553695716371e-13,77,1.5967516335663094,0.0038186877838537353,1920.0,5760.0,0.0,0.03125,0.03125,1.684444957287145e-05,0.0
11580.0,3.216666666666667,0.015336335941490859,2.4162299757551167,0.0,2.4162299757551167,0.6581137047530822,1.59294074194107,0.9570592580579578,-9.72111280361787e-13,77,1.59294074194107,0.003810891625239995,1920.0,5760.0,0.0,0.03125,0.03125,1.6925239625846385e-05,0.0
11640.0,3.2333333333333334,0.01532167468466948,2.413072558014372,0.0,2.413072558014372,0.6561851516554554,1.5891370973148018,0.9608629026842247,-9.734435479913373e-13,77,1.5891370973148018,0.003803644626266921,1920.0,5760.0,0.0,0.03125,0.03125,1.6909360367084054e-05,0.0
11700.0,3.25,0.015307022784810127,2.409883872956733,0.0,2.409883872956733,0.6541841339638019,1.5853423766222134,0.9646576233768169,-9.694467451026867e-13,77,1.5853423766222134,0.0037947206925922163,1920.0,5760.0,0.0,0.03125,0.03125,1.6750027336906112e-05,0.0
11760.0,3.2666666666666666,0.015292397349085796,2.4066643549028788,0.0,2.4066643549028788,0.6523036078714871,1.5815567418002494,0.9684432581987843,-9.663381206337363e-13,77,1.5815567418002494,0.0037856348219673145,1920.0,5760.0,0.0,0.03125,0.03125,1.6961503166901068e-05,0.0
11820.0,3.283333333333333,0.01527781548466948,2.4034144350818267,0.0,2.4034144350818267,0.650538380259967,1.5777798610391964,0.9722201389598341,-9.694467451026867e-13,77,1.5777798610391964,0.003776880761049776,1920.0,5760.0,0.0,0.03125,0.03125,1.6792533402178137e-05,0.0
11880.0,3.3,0.01526329429873418,2.400134619204792,0.0,2.400134619204792,0.6486760185122336,1.574010841259236,0.975989158739793,-9.707790127322369e-13,77,1.574010841259236,0.0037690197799589006,1920.0,5760.0,0.0,0.03125,0.03125,1.6784428923354852e-05,0.0
11940.0,3.316666666666667,0.015248850898452885,2.3968253268756508,0.0,2.3968253268756508,0.6467606265024642,1.5702504856010797,0.9797495143979501,-9.698908343125368e-13,77,1.5702504856010797,0.0037603556581571056,1920.0,5760.0,0.0,0.03125,0.03125,1.6777231215311605e-05,0.0
12000.0,3.3333333333333335,0.015234502390998593,2.393486838739639,0.0,2.393486838739639,0.6449200613397069,1.5664976596538953,0.9835023403451382,-9.663381206337363e-13,77,1.5664976596538953,0.0037528259471880606,1920.0,5760.0,0.0,0.03125,0.03125,1.684117344092877e-05,0.0
12060.0,3.35,0.015220265883544304,2.39011951206642,0.0,2.39011951206642,0.6432063939650785,1.5627523214468966,0.9872476785521388,-9.64561763794336e-13,77,1.5627523214468966,0.0037453382070005833,1920.0,5760.0,0.0,0.03125,0.03125,1.68680050372877e-05,0.0
12120.0,3.3666666666666667,0.01520615848326301,2.386723824440208,0.0,2.386723824440208,0.6414020572535863,1.5590145000827476,0.9909854999162825,-9.698908343125368e-13,77,1.5590145000827476,0.0037378213641436524,1920.0,5760.0,0.0,0.03125,0.03125,1.6771097120511638e-05,0.0
12180.0,3.3833333333333333,0.015192197297327709,2.3833001586168736,0.0,2.3833001586168736,0.6394877797763565,1.5552843182358498,0.994715681763179,-9.707790127322369e-13,76,1.5552843182358498,0.0037301818468965984,1920.0,5760.0,0.0,0.03125,0.03125,1.6801828147556323e-05,0.0
12240.0,3.4,0.015178399432911393,2.379848759018971,0.0,2.379848759018971,0.6375605204257356,1.551563704411092,0.9984362955879408,-9.672262990534364e-13,76,1.551563704411092,0.003720613824761705,1920.0,5760.0,0.0,0.03125,0.03125,1.6856727103175848e-05,0.0
12300.0,3.4166666666666665,0.01516478199718706,2.376369966755618,0.0,2.376369966755618,0.6356905897034052,1.5478528890746814,1.0021471109243518,-9.663381206337363e-13,76,1.5478528890746814,0.0037108153364109418,1920.0,5760.0,0.0,0.03125,0.03125,1.6795314482871657e-05,0.0
12360.0,3.433333333333333,0.015151362097327708,2.3728643916779824,0.0,2.3728643916779824,0.6338226848692607,1.5441503930563651,1.00584960694267,-9.64561763794336e-13,76,1.5441503930563651,0.0037024960183179895,1920.0,5760.0,0.0,0.03125,0.03125,1.69634960595891e-05,0.0
12420.0,3.45,0.01513815684050633,2.3693328259796353,0.0,2.3693328259796353,0.6320096851576911,1.5404549590151733,1.0095450409838609,-9.654499422140361e-13,76,1.5404549590151733,0.0036954340411909405,1920.0,5760.0,0.0,0.03125,0.03125,1.6911508554316647e-05,0.0
12480.0,3.466666666666667,0.015125183333895922,2.3657760458922956,0.0,2.3657760458922956,0.6302167562191026,1.5367676173101679,1.013232382688867,-9.65005853004186e-13,76,1.5367676173101679,0.0036873417050060325,1920.0,5760.0,0.0,0.03125,0.03125,1.6798796900740418e-05,0.0
12540.0,3.4833333333333334,0.01511245868466948,2.3621947080913586,0.0,2.3621947080913586,0.6283879072218377,1.5330887267619955,1.0169112732370362,-9.681144774731365e-13,76,1.5330887267619955,0.00367889054816925,1920.0,5760.0,0.0,0.03125,0.03125,1.688691821895962e-05,0.0
12600.0,3.5,0.0151,2.358589303362298,0.0,2.358589303362298,0.6266927233993952,1.5294183916213298,1.0205816083777055,-9.64561763794336e-13,76,1.5294183916213298,0.003670335140669377,1920.0,5760.0,0.0,0.03125,0.03125,1.688925414835325e-05,0.0
12660.0,3.5166666666666666,0.015087749655026456,2.354960278118081,0.0,2.354960278118081,0.6249826980590785,1.5257568315271717,1.0242431684718611,-9.672262990534364e-13,76,1.5257568315271717,0.003661560094155728,1920.0,5760.0,0.0,0.03125,0.03125,1.6850165276162683e-05,0.0
12720.0,3.533333333333333,0.015075635081481483,2.3513080172146017,0.0,2.3513080172146017,0.6231597353738847,1.5221024127685459,1.0278975872304863,-9.676703882632864e-13,76,1.5221024127685459,0.0036544187586250885,1920.0,5760.0,0.0,0.03125,0.03125,1.682716446060209e-05,0.0
12780.0,3.55,0.015063650971428571,2.347632788805018,0.0,2.347632788805018,0.6213990766708146,1.5184557176147957,1.0315442823842362,-9.681144774731365e-13,76,1.5184557176147957,0.0036466951537498598,1920.0,5760.0,0.0,0.03125,0.03125,1.6766989824379346e-05,0.0
12840.0,3.566666666666667,0.015051792016931215,2.3439348660930133,0.0,2.3439348660930133,0.6197175453031472,1.5148169755741798,1.0351830244248554,-9.64561763794336e-13,76,1.5148169755741798,0.003638742040619175,1920.0,5760.0,0.0,0.03125,0.03125,1.6735223254929712e-05,0.0
12900.0,3.5833333333333335,0.015040052910052911,2.340214644086361,0.0,2.340214644086361,0.6180624762334294,1.5111874760002826,1.0388125239987516,-9.654499422140361e-13,76,1.5111874760002826,0.0036294995738962274,1920.0,5760.0,0.0,0.03125,0.03125,1.6841379709010098e-05,0.0
12960.0,3.6,0.015028428342857145,2.336472480489254,0.0,2.336472480489254,0.6162777659501102,1.5075664335766683,1.0424335664223656,-9.658940314238862e-13,76,1.5075664335766683,0.00362104242361402,1920.0,5760.0,0.0,0.03125,0.03125,1.690510110667081e-05,0.0
13020.0,3.6166666666666667,0.01501691300740741,2.3327086305637668,0.0,2.3327086305637668,0.6144438612485152,1.5039540043879576,1.0460459956110764,-9.658940314238862e-13,76,1.5039540043879576,0.003612429188710668,1920.0,5760.0,0.0,0.03125,0.03125,1.6828846148010683e-05,0.0
13080.0,3.6333333333333333,0.015005501595767195,2.3289233978849326,0.0,2.3289233978849326,0.6127548074323018,1.5003504594208938,1.0496495405781427,-9.632294961647858e-13,76,1.5003504594208938,0.003603544967066491,1920.0,5760.0,0.0,0.03125,0.03125,1.682733687500983e-05,0.0
13140.0,3.65,0.0149941888,2.325117319046395,0.0,2.325117319046395,0.6110759322598616,1.4967544173176075,1.0532455826814262,-9.663381206337363e-13,75,1.4967544173176075,0.0035960421032835022,1920.0,5760.0,0.0,0.03125,0.03125,1.679831943597026e-05,0.0
13200.0,3.6666666666666665,0.014982969312169313,2.321291055020777,0.0,2.321291055020777,0.6092887717821125,1.4931660539419052,1.056833946057132,-9.627854069549358e-13,75,1.4931660539419052,0.003588363375705917,1920.0,5760.0,0.0,0.03125,0.03125,1.693030161855087e-05,0.0
13260.0,3.683333333333333,0.014971837824338625,2.317445058878717,0.0,2.317445058878717,0.6075843494645204,1.489586868876043,1.0604131311229927,-9.64117674584486e-13,75,1.489586868876043,0.0035791850658606424,1920.0,5760.0,0.0,0.03125,0.03125,1.6913634995679247e-05,0.0
13320.0,3.7,0.01496078902857143,2.313579688239349,0.0,2.313579688239349,0.6059026050391397,1.4860160707399859,1.063983929259049,-9.65005853004186e-13,75,1.4860160707399859,0.0035707981360561486,1920.0,5760.0,0.0,0.03125,0.03125,1.6794674235825505e-05,0.0
13380.0,3.716666666666667,0.014949817616931219,2.309695398865813,0.0,2.309695398865813,0.6042993979007514,1.4824526746147815,1.0675473253842525,-9.658940314238862e-13,75,1.4824526746147815,0.0035633961252035185,1920.0,5760.0,0.0,0.03125,0.03125,1.691568936226545e-05,0.0
13440.0,3.7333333333333334,0.014938918281481483,2.305792630482687,0.0,2.305792630482687,0.6026292253199921,1.4788976567950676,1.0711023432039681,-9.64117674584486e-13,75,1.4788976567950676,0.00355501781971565,1920.0,5760.0,0.0,0.03125,0.03125,1.674191867020834e-05,0.0
13500.0,3.75,0.014928085714285715,2.3018716738441034,0.0,2.3018716738441034,0.6009731951188056,1.475351061815841,1.074648938183195,-9.636735853746359e-13,75,1.475351061815841,0.0035465949792268044,1920.0,5760.0,0.0,0.03125,0.03125,1.687628895224007e-05,0.0
13560.0,3.7666666666666666,0.01491731460740741,2.2979327052422516,0.0,2.2979327052422516,0.5992791536677882,1.471812812838038,1.0781871871609958,-9.658940314238862e-13,75,1.471812812838038,0.003538248977800895,1920.0,5760.0,0.0,0.03125,0.03125,1.677693338142353e-05,0.0
13620.0,3.783333333333333,0.014906599652910055,2.293976003462337,0.0,2.293976003462337,0.597521491162087,1.4682825340409373,1.0817174659580984,-9.64117674584486e-13,75,1.4682825340409373,0.0035302787971026347,1920.0,5760.0,0.0,0.03125,0.03125,1.693068804007154e-05,0.0
13680.0,3.8,0.014895935542857144,2.2900019298080894,0.0,2.2900019298080894,0.5958862028379439,1.4647599010667536,1.0852400989322823,-9.636735853746359e-13,75,1.4647599010667536,0.003522632974184082,1920.0,5760.0,0.0,0.03125,0.03125,1.686925734919634e-05,0.0
13740.0,3.816666666666667,0.014885316969312171,2.2860109943063085,0.0,2.2860109943063085,0.5941780319427526,1.461245826584952,1.0887541734140838,-9.64117674584486e-13,75,1.461245826584952,0.0035140744818014623,1920.0,5760.0,0.0,0.03125,0.03125,1.6872741618625967e-05,0.0
13800.0,3.8333333333333335,0.014874738624338626,2.28200372886987,0.0,2.28200372886987,0.5924275949171061,1.4577404895965178,1.0922595104025197,-9.623413177450857e-13,75,1.4577404895965178,0.0035053369884359233,1920.0,5760.0,0.0,0.03125,0.03125,1.687642873669245e-05,0.0
13860.0,3.85,0.014864195200000001,2.277980552758278,0.0,2.277980552758278,0.5907296022212054,1.4542433545010645,1.0957566454979724,-9.627854069549358e-13,75,1.4542433545010645,0.00349713509545267,1920.0,5760.0,0.0,0.03125,0.03125,1.6824668308195022e-05,0.0
13920.0,3.8666666666666667,0.014853681388359791,2.2739419778033243,0.0,2.2739419778033243,0.5891623880521453,1.4507537891324107,1.0992462108666263,-9.627854069549358e-13,75,1.4507537891324107,0.003489565368653928,1920.0,5760.0,0.0,0.03125,0.03125,1.6843779507753174e-05,0.0
13980.0,3.8833333333333333,0.014843191881481484,2.2698885971823666,0.0,2.2698885971823666,0.587605694498625,1.447271959095476,1.10272804090356,-9.636735853746359e-13,75,1.447271959095476,0.0034818300369336194,1920.0,5760.0,0.0,0.03125,0.03125,1.691675635846657e-05,0.0
14040.0,3.9,0.014832721371428572,2.265820814453971,0.0,2.265820814453971,0.5860472785531134,1.443798127487299,1.1062018725117388,-9.618972285352356e-13,75,1.443798127487299,0.003473831608178862,1920.0,5760.0,0.0,0.03125,0.03125,1.6886038262200785e-05,0.0
14100.0,3.9166666666666665,0.014822264550264553,2.2617387132820532,0.0,2.2617387132820532,0.5845140479367471,1.4403319998600252,1.109668000139013,-9.618972285352356e-13,75,1.4403319998600252,0.0034661276272740338,1920.0,5760.0,0.0,0.03125,0.03125,1.6883643255919204e-05,0.0
14160.0,3.933333333333333,0.014811816110052911,2.2576422824936007,0.0,2.2576422824936007,0.5829178177216132,1.4368740627413592,1.1131259372576774,-9.632294961647858e-13,75,1.4368740627413592,0.003457937118664539,1920.0,5760.0,0.0,0.03125,0.03125,1.686686580070832e-05,0.0
14220.0,3.95,0.014801370742857145,2.2535315306132087,0.0,2.2535315306132087,0.581335980393385,1.4334244460767243,1.1165755539223086,-9.672262990534364e-13,75,1.4334244460767243,0.0034496166646311535,1920.0,5760.0,0.0,0.03125,0.03125,1.6756598184556576e-05,0.0
14280.0,3.966666666666667,0.014790923140740741,2.249406554606638,0.0,2.249406554606638,0.5796703667186163,1.4299824214333652,1.1200175785656714,-9.632294961647858e-13,74,1.4299824214333652,0.0034420246433628683,1920.0,5760.0,0.0,0.03125,0.03125,1.6928711916047717e-05,0.0
14340.0,3.9833333333333334,0.0147804679957672,2.245267644276163,0.0,2.245267644276163,0.5779445410540499,1.4265487528096745,1.1234512471893636,-9.618972285352356e-13,74,1.4265487528096745,0.003433668623692193,1920.0,5760.0,0.0,0.03125,0.03125,1.6800098176579257e-05,0.0
14400.0,4.0,0.014770000000000002,2.2411152120385855,0.0,2.2411152120385855,0.5763625222716227,1.4231231466734835,1.126876853325554,-9.623413177450857e-13,74,1.4231231466734835,0.0034256061361904668,1920.0,5760.0,0.0,0.03125,0.03125,1.686664077432123e-05,0.0
14460.0,4.016666666666667,0.014759512468803037,2.236949887411219,0.0,2.236949887411219,0.5747992049908126,1.4197058215602383,1.1302941784388003,-9.610090501155355e-13,74,1.4197058215602383,0.003417325113246362,1920.0,5760.0,0.0,0.03125,0.03125,1.6938297817968304e-05,0.0
14520.0,4.033333333333333,0.01474900600978337,2.232772363189244,0.0,2.232772363189244,0.5732312398438791,1.41629627106381,1.1337037289352272,-9.627854069549358e-13,74,1.41629627106381,0.003409550496426988,1920.0,5760.0,0.0,0.03125,0.03125,1.6943845808359312e-05,0.0
14580.0,4.05,0.014738486253369274,2.228583059948184,0.0,2.228583059948184,0.5716677563628004,1.4128944849491256,1.1371055150499119,-9.623413177450857e-13,74,1.4128944849491256,0.0034017861146845778,1920.0,5760.0,0.0,0.03125,0.03125,1.6795287503024786e-05,0.0
14640.0,4.066666666666666,0.01472795882998902,2.2243822221185376,0.0,2.2243822221185376,0.5701097616619911,1.4095004388004377,1.1404995611985953,-9.667822098435863e-13,74,1.4095004388004377,0.0033940461486834236,1920.0,5760.0,0.0,0.03125,0.03125,1.67975334219549e-05,0.0
14700.0,4.083333333333333,0.014717429370070883,2.2201700689665405,0.0,2.2201700689665405,0.5685576190824001,1.4061141054091713,1.1438858945898662,-9.623413177450857e-13,74,1.4061141054091713,0.0033863333912708578,1920.0,5760.0,0.0,0.03125,0.03125,1.669007026656113e-05,0.0
14760.0,4.1,0.014706903504043129,2.2159468322975373,0.0,2.2159468322975373,0.5670114716773554,1.4027354572676753,1.147264542731362,-9.627854069549358e-13,74,1.4027354572676753,0.0033786481414957866,1920.0,5760.0,0.0,0.03125,0.03125,1.6884299271361622e-05,0.0
14820.0,4.116666666666666,0.014696386862334035,2.2117127595028037,0.0,2.2117127595028037,0.5654713684683556,1.3993644675102983,1.1506355324887394,-9.618972285352356e-13,74,1.3993644675102983,0.00337098975737759,1920.0,5760.0,0.0,0.03125,0.03125,1.693315862935649e-05,0.0
14880.0,4.133333333333334,0.014685885075371868,2.2074681102296783,0.0,2.2074681102296783,0.5639373102862233,1.3960011103448224,1.1539988896542144,-9.627854069549358e-13,74,1.3960011103448224,0.003363357165474986,1920.0,5760.0,0.0,0.03125,0.03125,1.6926577610004386e-05,0.0
14940.0,4.15,0.014675403773584908,2.2032131527655987,0.0,2.2032131527655987,0.5624092686803217,1.392645361288984,1.1573546387100542,-9.618972285352356e-13,74,1.392645361288984,0.0033557490558398227,1920.0,5760.0,0.0,0.03125,0.03125,1.682356941398263e-05,0.0
15000.0,4.166666666666667,0.01466494858740142,2.1989481612667325,0.0,2.1989481612667325,0.56088719506119,1.3892971973212436,1.160702802677792,-9.64561763794336e-13,74,1.3892971973212436,0.0033481639677376868,1920.0,5760.0,0.0,0.03125,0.03125,1.6930712110600842e-05,0.0
15060.0,4.183333333333334,0.014654525147249676,2.194673413834904,0.0,2.194673413834904,0.5593710259863344,1.3859565969867722,1.164043403012266,-9.618972285352356e-13,74,1.3859565969867722,0.0033406003344739277,1920.0,5760.0,0.0,0.03125,0.03125,1.6868024158879966e-05,0.0
15120.0,4.2,0.014644139083557953,2.1903891912371796,0.0,2.1903891912371796,0.5578606866956521,1.382623540475573,1.1673764595234646,-9.623413177450857e-13,74,1.382623540475573,0.003333056511198532,1920.0,5760.0,0.0,0.03125,0.03125,1.686367106193108e-05,0.0
15180.0,4.216666666666667,0.014633796026754518,2.1860957760722624,0.0,2.1860957760722624,0.5563560936913852,1.3792980096812057,1.1707019903178346,-9.592326932761353e-13,74,1.3792980096812057,0.00332553079437005,1920.0,5760.0,0.0,0.03125,0.03125,1.67453686248534e-05,0.0
15240.0,4.233333333333333,0.014623501607267646,2.1817934522371893,0.0,2.1817934522371893,0.5548571567002517,1.3759799882449082,1.1740200117541304,-9.610090501155355e-13,74,1.3759799882449082,0.003318021436295865,1920.0,5760.0,0.0,0.03125,0.03125,1.6851790683781322e-05,0.0
15300.0,4.25,0.014613261455525607,2.177482504592661,0.0,2.177482504592661,0.5533637801909642,1.3726694615885935,1.177330538410444,-9.623413177450857e-13,74,1.3726694615885935,0.0033105266563136252,1920.0,5760.0,0.0,0.03125,0.03125,1.6809176975705803e-05,0.0
15360.0,4.266666666666667,0.014603081201956674,2.173163218758628,0.0,2.173163218758628,0.5518758645555866,1.3693664169390993,1.1806335830599368,-9.636735853746359e-13,74,1.3693664169390993,0.003303044649492788,1920.0,5760.0,0.0,0.03125,0.03125,1.6764690225859558e-05,0.0
15420.0,4.283333333333333,0.01459296647698912,2.168835880994709,0.0,2.168835880994709,0.5503933070324836,1.3660708433456565,1.1839291566533823,-9.610090501155355e-13,73,1.3660708433456565,0.003295573593445436,1920.0,5760.0,0.0,0.03125,0.03125,1.6892103802893317e-05,0.0
15480.0,4.3,0.014582922911051215,2.1645007781354266,0.0,2.1645007781354266,0.5489160024301615,1.36278273169197,1.1872172683070663,-9.636735853746359e-13,73,1.36278273169197,0.0032881116536839766,1920.0,5760.0,0.0,0.03125,0.03125,1.6880204823469896e-05,0.0
15540.0,4.316666666666666,0.01457295613457123,2.1601581975605955,0.0,2.1601581975605955,0.5474438436980267,1.359502074704108,1.1904979252949293,-9.627854069549358e-13,73,1.359502074704108,0.003280656987862863,1920.0,5760.0,0.0,0.03125,0.03125,1.6798937169213185e-05,0.0
15600.0,4.333333333333333,0.01456307177797744,2.1558084271878237,0.0,2.1558084271878237,0.5459767223797813,1.3562288669549432,1.193771133044096,-9.605649609056854e-13,73,1.3562288669549432,0.0032732077491667948,1920.0,5760.0,0.0,0.03125,0.03125,1.6896630879229773e-05,0.0
15660.0,4.35,0.014553275471698114,2.151451755478656,0.0,2.151451755478656,0.5445145289769583,1.3529631048658948,1.1970368951331445,-9.605649609056854e-13,73,1.3529631048658948,0.0032657620890484277,1920.0,5760.0,0.0,0.03125,0.03125,1.6941905411152444e-05,0.0
15720.0,4.366666666666666,0.014543572846161527,2.1470884714527543,0.0,2.1470884714527543,0.5430571532436222,1.3497047867064238,1.2002952132926157,-9.601208716958354e-13,73,1.3497047867064238,0.0032583181594712674,1920.0,5760.0,0.0,0.03125,0.03125,1.679225744520186e-05,0.0
15780.0,4.383333333333334,0.014533969531795947,2.1427188647064512,0.0,2.1427188647064512,0.5416044844282227,1.3464539125916481,1.2035460874073924,-9.592326932761353e-13,73,1.3464539125916481,0.003250874114776722,1920.0,5760.0,0.0,0.03125,0.03125,1.685616514296458e-05,0.0
15840.0,4.4,0.01452447115902965,2.1383432254332555,0.0,2.1383432254332555,0.54015641147468,1.3432104844783828,1.206789515520658,-9.592326932761353e-13,73,1.3432104844783828,0.00324342811326552,1920.0,5760.0,0.0,0.03125,0.03125,1.687268533322679e-05,0.0
15900.0,4.416666666666667,0.014515083358290907,2.133961844444771,0.0,2.133961844444771,0.5387128231918314,1.3399745061598212,1.2100254938392194,-9.592326932761353e-13,73,1.3399745061598212,0.0032359783185613024,1920.0,5760.0,0.0,0.03125,0.03125,1.6862545644368144e-05,0.0
15960.0,4.433333333333334,0.014505811760007986,2.129575013190955,0.0,2.129575013190955,0.5372736083981281,1.3367459832590132,1.2132540167400274,-9.592326932761353e-13,73,1.3367459832590132,0.003228522900807915,1920.0,5760.0,0.0,0.03125,0.03125,1.6754084185020685e-05,0.0
16020.0,4.45,0.014496661994609165,2.1251830237790945,0.0,2.1251830237790945,0.5358386560467835,1.3335249232212747,1.2164750767777666,-9.583445148564351e-13,73,1.3335249232212747,0.003221060037739127,1920.0,5760.0,0.0,0.03125,0.03125,1.6889422401751713e-05,0.0
16080.0,4.466666666666667,0.014487639692522713,2.1207861689910303,0.0,2.1207861689910303,0.5344078553353261,1.330311335305625,1.2196886646934166,-9.583445148564351e-13,73,1.330311335305625,0.0032135879156500375,1920.0,5760.0,0.0,0.03125,0.03125,1.6754207546560575e-05,0.0
16140.0,4.483333333333333,0.0144787504841769,2.116384742298401,0.0,2.116384742298401,0.5329810958025698,1.3271052305753301,1.222894769423709,-9.610090501155355e-13,73,1.3271052305753301,0.003206104730292194,1920.0,5760.0,0.0,0.03125,0.03125,1.6905734783608248e-05,0.0
16200.0,4.5,0.01447,2.1119790378756864,0.0,2.1119790378756864,0.5315582674153044,1.323906621887626,1.2260933781114185,-9.552358903874847e-13,73,1.323906621887626,0.003198608687709645,1920.0,5760.0,0.0,0.03125,0.03125,1.6763733704398773e-05,0.0
16260.0,4.516666666666667,0.014461406897833684,2.1075693534007804,0.0,2.1075693534007804,0.5301392227387103,1.3207155249670377,1.229284475032002,-9.601208716958354e-13,73,1.3207155249670377,0.0031910969205834567,1920.0,5760.0,0.0,0.03125,0.03125,1.6909956600888427e-05,0.0
16320.0,4.533333333333333,0.014452978855625435,2.1031559950919103,0.0,2.1031559950919103,0.52872379744406,1.3175319605354465,1.2324680394635947,-9.583445148564351e-13,73,1.3175319605354465,0.0031835644315926738,1920.0,5760.0,0.0,0.03125,0.03125,1.6852789807856077e-05,0.0
16380.0,4.55,0.014444705033962266,2.0987392634935853,0.0,2.0987392634935853,0.5273119244710956,1.314355948764649,1.2356440512343951,-9.556799795973347e-13,73,1.314355948764649,0.0031760117708004836,1920.0,5760.0,0.0,0.03125,0.03125,1.68007945571522e-05,0.0
16440.0,4.566666666666666,0.014436574593431168,2.0943194498115543,0.0,2.0943194498115543,0.5259035793056964,1.3111875075204202,1.2388124924786221,-9.57456336436735e-13,73,1.3111875075204202,0.0031684412442270055,1920.0,5760.0,0.0,0.03125,0.03125,1.6906824463891076e-05,0.0
16500.0,4.583333333333333,0.014428576694619147,2.089896835869584,0.0,2.089896835869584,0.5244987625392835,1.3080266521649795,1.2419733478340635,-9.565681580170349e-13,73,1.3080266521649795,0.0031608553554413454,1920.0,5760.0,0.0,0.03125,0.03125,1.6862601075696962e-05,0.0
16560.0,4.6,0.014420700498113207,2.085471694073575,0.0,2.085471694073575,0.5230974926352457,1.3048733954327927,1.2451266045662504,-9.565681580170349e-13,73,1.3048733954327927,0.003153256732186867,1920.0,5760.0,0.0,0.03125,0.03125,1.678164049303997e-05,0.0
16620.0,4.616666666666666,0.01441293516450035,2.081044287382733,0.0,2.081044287382733,0.5216998017678347,1.3017277473428341,1.2482722526562073,-9.583445148564351e-13,73,1.3017277473428341,0.0031456480899570804,1920.0,5760.0,0.0,0.03125,0.03125,1.6979423044006416e-05,0.0
16680.0,4.633333333333334,0.014405269854367575,2.0766148692874657,0.0,2.0766148692874657,0.520305733075385,1.2985897151334074,1.2514102848656354,-9.57012247226885e-13,73,1.2985897151334074,0.0031380322094280814,1920.0,5760.0,0.0,0.03125,0.03125,1.6783045850747808e-05,0.0
16740.0,4.65,0.014397693728301887,2.0721836837937024,0.0,2.0721836837937024,0.5189153386957338,1.2954593032125234,1.2545406967865183,-9.583445148564351e-13,72,1.2954593032125234,0.0031304119208828574,1920.0,5760.0,0.0,0.03125,0.03125,1.691236538818782e-05,0.0
16800.0,4.666666666666667,0.014390195946890285,2.067750965413312,0.0,2.067750965413312,0.5175286782847103,1.2923365131197961,1.2576634868792487,-9.547918011776346e-13,72,1.2923365131197961,0.003122790092730528,1920.0,5760.0,0.0,0.03125,0.03125,1.6937503898221425e-05,0.0
16860.0,4.683333333333334,0.014382765670719775,2.063316939160315,0.0,2.063316939160315,0.5161458178561535,1.2892213434971342,1.2607786565019103,-9.552358903874847e-13,72,1.2892213434971342,0.0031151696226616237,1920.0,5760.0,0.0,0.03125,0.03125,1.6859130401012033e-05,0.0
16920.0,4.7,0.014375392060377357,2.05888182055256,0.0,2.05888182055256,0.5147668288479088,1.286113790066515,1.2638862099325285,-9.565681580170349e-13,72,1.286113790066515,0.003107553430618179,1920.0,5760.0,0.0,0.03125,0.03125,1.67659301669786e-05,0.0
16980.0,4.716666666666667,0.014368064276450035,2.0544458156185668,0.0,2.0544458156185668,0.5133917873533895,1.2830138456134395,1.2669861543856056,-9.547918011776346e-13,72,1.2830138456134395,0.003099944453076969,1920.0,5760.0,0.0,0.03125,0.03125,1.680044380396895e-05,0.0
17040.0,4.733333333333333,0.014360771479524808,2.050009120909197,0.0,2.050009120909197,0.5120207734784771,1.2799214999751172,1.2700785000239272,-9.556799795973347e-13,72,1.2799214999751172,0.0030923456383215946,1920.0,5760.0,0.0,0.03125,0.03125,1.690126900564397e-05,0.0
17100.0,4.75,0.014353502830188677,2.04557192351386,0.0,2.04557192351386,0.5106538707958703,1.2768367400326346,1.2731632599664104,-9.547918011776346e-13,72,1.2768367400326346,0.003084759942483155,1920.0,5760.0,0.0,0.03125,0.03125,1.6757814609817256e-05,0.0
17160.0,4.766666666666667,0.01434624748902865,2.0411344010809267,0.0,2.0411344010809267,0.5092911658768771,1.2737595497064411,1.2762404502926048,-9.539036227579345e-13,72,1.2737595497064411,0.003077190326194424,1920.0,5760.0,0.0,0.03125,0.03125,1.6850124738814258e-05,0.0
17220.0,4.783333333333333,0.014338994616631724,2.0366967218420537,0.0,2.0366967218420537,0.5079327478859053,1.2706899099546933,1.2793100900443497,-9.565681580170349e-13,72,1.2706899099546933,0.003069639751744913,1920.0,5760.0,0.0,0.03125,0.03125,1.6747148437561746e-05,0.0
17280.0,4.8,0.014331733373584905,2.032259044640103,0.0,2.032259044640103,0.506578708226526,1.2676277987740439,1.2823722012250027,-9.530154443382344e-13,72,1.2676277987740439,0.0030621111806530318,1920.0,5760.0,0.0,0.03125,0.03125,1.6781126955088597e-05,0.0
17340.0,4.816666666666666,0.014324452920475192,2.027821518960354,0.0,2.027821518960354,0.5052291402305401,1.2645731912024516,1.2854268087965939,-9.543477119677846e-13,72,1.2645731912024516,0.0030546075715912205,1920.0,5760.0,0.0,0.03125,0.03125,1.6852010122425617e-05,0.0
17400.0,4.833333333333333,0.014317142417889587,2.0233842849647115,0.0,2.0233842849647115,0.5038841388833379,1.2615260593238355,1.2884739406752084,-9.556799795973347e-13,72,1.2615260593238355,0.0030471318786144184,1920.0,5760.0,0.0,0.03125,0.03125,1.6957725253427576e-05,0.0
17460.0,4.85,0.014309791026415093,2.0189474735286193,0.0,2.0189474735286193,0.5025438005802102,1.2584863722741844,1.2915136277248611,-9.543477119677846e-13,72,1.2584863722741844,0.003039687049652785,1920.0,5760.0,0.0,0.03125,0.03125,1.7038417020291273e-05,0.0
17520.0,4.866666666666666,0.014302387906638715,2.014511206280381,0.0,2.014511206280381,0.5012082229093077,1.255454096248948,1.2945459037500981,-9.539036227579345e-13,72,1.255454096248948,0.0030322760252369757,1920.0,5760.0,0.0,0.03125,0.03125,1.679286551300184e-05,0.0
17580.0,4.883333333333334,0.014294922219147448,2.010075595642601,0.0,2.010075595642601,0.4998775044577355,1.2524291945115178,1.2975708054875288,-9.530154443382344e-13,72,1.2524291945115178,0.0030249017374306395,1920.0,5760.0,0.0,0.03125,0.03125,1.6830304168245014e-05,0.0
17640.0,4.9,0.014287383124528302,2.0056407448754703,0.0,2.0056407448754703,0.4985517446378824,1.2494116274025697,1.300588372596478,-9.521272659185342e-13,72,1.2494116274025697,0.003017567108949203,1920.0,5760.0,0.0,0.03125,0.03125,1.6776921142354393e-05,0.0
17700.0,4.916666666666667,0.014279759783368273,2.0012067481216236,0.0,2.0012067481216236,0.4972310435315783,1.2464013523501234,1.3035986476489252,-9.512390874988341e-13,72,1.2464013523501234,0.003010275052447247,1920.0,5760.0,0.0,0.03125,0.03125,1.6936963251920974e-05,0.0
17760.0,4.933333333333334,0.014272041356254367,1.996773690452284,0.0,1.996773690452284,0.49591550175004595,1.2433983238801627,1.3066016761188854,-9.516831767086842e-13,72,1.2433983238801627,0.0030030284699602335,1920.0,5760.0,0.0,0.03125,0.03125,1.684543985903423e-05,0.0
17820.0,4.95,0.014264217003773585,1.9923416479144351,0.0,1.9923416479144351,0.4946052203079337,1.2404024936276732,1.3095975063713736,-9.530154443382344e-13,72,1.2404024936276732,0.002995830252488068,1920.0,5760.0,0.0,0.03125,0.03125,1.6780527204738048e-05,0.0
17880.0,4.966666666666667,0.014256275886512926,1.98791068757878,0.0,1.98791068757878,0.49330030050996165,1.2374138103479644,1.3125861896510835,-9.521272659185342e-13,72,1.2374138103479644,0.002988683279709975,1920.0,5760.0,0.0,0.03125,0.03125,1.679508561707107e-05,0.0
17940.0,4.983333333333333,0.014248207165059397,1.9834808675881948,0.0,1.9834808675881948,0.49200084384892595,1.2344322199281441,1.3155677800709054,-9.50350909079134e-13,72,1.2344322199281441,0.002981590419821845,1920.0,5760.0,0.0,0.03125,0.03125,1.688957641290212e-05,0.0
18000.0,5.0,0.01424,1.9790522372064512,0.0,1.9790522372064512,0.49070695191396957,1.2314576653986555,1.3185423346003935,-9.50794998288984e-13,72,1.2314576653986555,0.002974554529488174,1920.0,5760.0,0.0,0.03125,0.03125,1.678587159469231e-05,0.0
18060.0,5.016666666666667,0.0142316496,1.974624837945092,0.0,1.974624837945092,0.48941871123296504,1.2284900873319218,1.3215099126671255,-9.525713551283843e-13,72,1.2284900873319218,0.0029675780667320654,1920.0,5760.0,0.0,0.03125,0.03125,1.6982214242777454e-05,0.0
18120.0,5.033333333333333,0.0142231648,1.9701987110804353,0.0,1.9701987110804353,0.48813614293716556,1.2255294266366699,1.324470573362379,-9.512390874988341e-13,72,1.2255294266366699,0.0029606606952534793,1920.0,5760.0,0.0,0.03125,0.03125,1.6923068988015442e-05,0.0
18180.0,5.05,0.0142145552,1.9657739018787475,0.0,1.9657739018787475,0.4868592269881258,1.2225756263360832,1.3274243736629667,-9.49906819869284e-13,72,1.2225756263360832,0.002953800300587686,1920.0,5760.0,0.0,0.03125,0.03125,1.6793202417434373e-05,0.0
18240.0,5.066666666666666,0.0142058304,1.9613504596202125,0.0,1.9613504596202125,0.485587920099595,1.2196286317478973,1.3303713682511522,-9.50350909079134e-13,72,1.2196286317478973,0.002946994588185542,1920.0,5760.0,0.0,0.03125,0.03125,1.698828471786232e-05,0.0
18300.0,5.083333333333333,0.014197000000000001,1.9569284376389806,0.0,1.9569284376389806,0.48432216213745527,1.2166883906020705,1.333311609396979,-9.50350909079134e-13,71,1.2166883906020705,0.0029402411458268993,1920.0,5760.0,0.0,0.03125,0.03125,1.6951941506453537e-05,0.0
18360.0,5.1,0.014188073599999998,1.95250789336118,0.0,1.95250789336118,0.4830618799139798,1.213754853126098,1.336245146872953,-9.485745522397337e-13,71,1.213754853126098,0.0029335374759741338,1920.0,5760.0,0.0,0.03125,0.03125,1.6905035220445614e-05,0.0
18420.0,5.116666666666666,0.0141790608,1.9480888883408727,0.0,1.9480888883408727,0.4818069897417727,1.2108279721100843,1.339172027888967,-9.485745522397337e-13,71,1.2108279721100843,0.002926881016013932,1920.0,5760.0,0.0,0.03125,0.03125,1.6854599318684573e-05,0.0
18480.0,5.133333333333334,0.0141699712,1.943671488293953,0.0,1.943671488293953,0.48055739928808466,1.207907702957805,1.3420922970412459,-9.490186414495838e-13,71,1.207907702957805,0.00292026915227901,1920.0,5760.0,0.0,0.03125,0.03125,1.6791503656282098e-05,0.0
18540.0,5.15,0.0141608144,1.9392557631299818,0.0,1.9392557631299818,0.47931300898931434,1.2049940037274207,1.345005996271633,-9.459100169806334e-13,71,1.2049940037274207,0.0029136992303871686,1920.0,5760.0,0.0,0.03125,0.03125,1.6704640032132404e-05,0.0
18600.0,5.166666666666667,0.014151599999999999,1.9348417869819248,0.0,1.9348417869819248,0.478073713168366,1.2020868351642227,1.3479131648348304,-9.467981954003335e-13,71,1.2020868351642227,0.002907168563197409,1920.0,5760.0,0.0,0.03125,0.03125,1.681573496897202e-05,0.0
18660.0,5.183333333333334,0.014142337599999997,1.9304296382337944,0.0,1.9304296382337944,0.476839400940651,1.1991861607270977,1.3508138392719584,-9.43689570931383e-13,71,1.1991861607270977,0.0029006744371280046,1920.0,5760.0,0.0,0.03125,0.03125,1.6867569539753883e-05,0.0
18720.0,5.2,0.014133036799999998,1.9260193995461665,0.0,1.9260193995461665,0.4756099569638157,1.1962919466097979,1.3537080533892571,-9.450218385609332e-13,71,1.1962919466097979,0.0028942141172986977,1920.0,5760.0,0.0,0.03125,0.03125,1.7000720661386398e-05,0.0
18780.0,5.216666666666667,0.0141237072,1.9216111578795514,0.0,1.9216111578795514,0.47438526206840176,1.193404161757997,1.3565958382410586,-9.441336601412331e-13,71,1.193404161757997,0.002887784851801428,1920.0,5760.0,0.0,0.03125,0.03125,1.694474114698137e-05,0.0
18840.0,5.233333333333333,0.014114358399999999,1.9172050045155997,0.0,1.9172050045155997,0.47316519379556937,1.190522777882689,1.3594772221163671,-9.43689570931383e-13,71,1.190522777882689,0.002881383875308462,1920.0,5760.0,0.0,0.03125,0.03125,1.6795676672816248e-05,0.0
18900.0,5.25,0.014104999999999998,1.9128010350761038,0.0,1.9128010350761038,0.4719496268608434,1.1876477694705234,1.3623522305285345,-9.419132140919828e-13,71,1.1876477694705234,0.002875008412167465,1920.0,5760.0,0.0,0.03125,0.03125,1.6792315350310085e-05,0.0
18960.0,5.266666666666667,0.0140956416,1.908399349539782,0.0,1.908399349539782,0.47073843355799455,1.1847791137914312,1.3652208862076274,-9.414691248821327e-13,71,1.1847791137914312,0.002868655679092851,1920.0,5760.0,0.0,0.03125,0.03125,1.703981945634513e-05,0.0
19020.0,5.283333333333333,0.014086292799999997,1.9040000522568035,0.0,1.9040000522568035,0.4695314841138127,1.1819167909038952,1.3680832090951633,-9.414691248821327e-13,71,1.1819167909038952,0.0028623228875360642,1920.0,5760.0,0.0,0.03125,0.03125,1.693082648097055e-05,0.0
19080.0,5.3,0.014076963199999999,1.89960325196102,0.0,1.89960325196102,0.46832864700211346,1.1790607836580957,1.3709392163409615,-9.423573033018329e-13,71,1.1790607836580957,0.0028560072457980853,1920.0,5760.0,0.0,0.03125,0.03125,1.6867181076620708e-05,0.0
19140.0,5.316666666666666,0.014067662399999998,1.8952090617798767,0.0,1.8952090617798767,0.46712978922355874,1.1762110776971635,1.373788922301895,-9.414691248821327e-13,71,1.1762110776971635,0.002849705960933544,1920.0,5760.0,0.0,0.03125,0.03125,1.6872997023651506e-05,0.0
19200.0,5.333333333333333,0.0140584,1.8908175992419571,0.0,1.8908175992419571,0.46593477655655763,1.173367661456676,1.376632338542381,-9.42801392511683e-13,71,1.173367661456676,0.0028434162404860092,1920.0,5760.0,0.0,0.03125,0.03125,1.6802319599956264e-05,0.0
19260.0,5.35,0.0140491856,1.8864289862821297,0.0,1.8864289862821297,0.4647434737835106,1.1705305261625907,1.3794694738364668,-9.423573033018329e-13,71,1.1705305261625907,0.0028371352940856384,1920.0,5760.0,0.0,0.03125,0.03125,1.6990344996157932e-05,0.0
19320.0,5.366666666666666,0.014040028799999998,1.8820433492442465,0.0,1.8820433492442465,0.4635557448958913,1.1676996658276555,1.382300334171402,-9.423573033018329e-13,71,1.1676996658276555,0.002830860334935192,1920.0,5760.0,0.0,0.03125,0.03125,1.692301215794058e-05,0.0
19380.0,5.383333333333334,0.0140309392,1.8776608188813613,0.0,1.8776608188813613,0.462371453281053,1.1648750772464518,1.3851249227526072,-9.405809464624326e-13,71,1.1648750772464518,0.002824588581205275,1920.0,5760.0,0.0,0.03125,0.03125,1.675539422553295e-05,0.0
19440.0,5.4,0.014021926399999999,1.8732815303534025,0.0,1.8732815303534025,0.4611904618931663,1.1620567599890939,1.3879432400099636,-9.423573033018329e-13,71,1.1620567599890939,0.0028183172573563097,1920.0,5760.0,0.0,0.03125,0.03125,1.6840121006899062e-05,0.0
19500.0,5.416666666666667,0.014013,1.868905623222287,0.0,1.868905623222287,0.4600126334103166,1.1592447163936912,1.3907552836053654,-9.43245481721533e-13,71,1.1592447163936912,0.00281204359540181,1920.0,5760.0,0.0,0.03125,0.03125,1.6843305817280063e-05,0.0
19560.0,5.433333333333334,0.0140041696,1.8645332414443878,0.0,1.8645332414443878,0.45883783037946885,1.1564389515575668,1.3935610484414904,-9.423573033018329e-13,71,1.1564389515575668,0.002805764836125113,1920.0,5760.0,0.0,0.03125,0.03125,1.683640551480774e-05,0.0
19620.0,5.45,0.013995444800000001,1.8601645333603365,0.0,1.8601645333603365,0.45766591535076345,1.1536394733273059,1.3963605266717505,-9.43245481721533e-13,70,1.1536394733273059,0.0027994782302599584,1920.0,5760.0,0.0,0.03125,0.03125,1.6827888157165272e-05,0.0
19680.0,5.466666666666667,0.0139868352,1.8557996516820827,0.0,1.8557996516820827,0.4564967510023901,1.1508462922876632,1.399153707711394,-9.423573033018329e-13,70,1.1508462922876632,0.002793181039643461,1920.0,5760.0,0.0,0.03125,0.03125,1.6868158797116995e-05,0.0
19740.0,5.483333333333333,0.013978350399999999,1.8514387534771815,0.0,1.8514387534771815,0.45533020025711396,1.148059421749313,1.4019405782497432,-9.43689570931383e-13,70,1.148059421749313,0.002786870538349165,1920.0,5760.0,0.0,0.03125,0.03125,1.683023189036115e-05,0.0
19800.0,5.5,0.01397,1.8470820001502317,0.0,1.8470820001502317,0.4541661263913861,1.145278877735506,1.4047211222635494,-9.441336601412331e-13,70,1.145278877735506,0.0027805440138062025,1920.0,5760.0,0.0,0.03125,0.03125,1.6794883494973773e-05,0.0
19860.0,5.516666666666667,0.013961730080939474,1.8427295442871088,0.0,1.8427295442871088,0.45300455664256517,1.142504674456731,1.4074953255423235,-9.450218385609332e-13,70,1.142504674456731,0.0027742032787741655,1920.0,5760.0,0.0,0.03125,0.03125,1.6780333449306577e-05,0.0
19920.0,5.533333333333333,0.013953481753206867,1.83838148881398,0.0,1.83838148881398,0.4518457688541568,1.1397368093294011,1.4102631906696548,-9.441336601412331e-13,70,1.1397368093294011,0.002767865127331387,1920.0,5760.0,0.0,0.03125,0.03125,1.6897621574703476e-05,0.0
19980.0,5.55,0.013945257160975609,1.834037923826973,0.0,1.834037923826973,0.45068986256748933,1.13697527479841,1.413024725200647,-9.42801392511683e-13,70,1.13697527479841,0.0027615345309922367,1920.0,5760.0,0.0,0.03125,0.03125,1.692350985435496e-05,0.0
20040.0,5.566666666666666,0.01393705844841915,1.8296989393538565,0.0,1.8296989393538565,0.4495368762651447,1.1342200632519066,1.4157799367471506,-9.423573033018329e-13,70,1.1342200632519066,0.002755211546503765,1920.0,5760.0,0.0,0.03125,0.03125,1.6716245715081746e-05,0.0
20100.0,5.583333333333333,0.01392888775971093,1.825364625366718,0.0,1.825364625366718,0.4483868225880198,1.1314711672873112,1.4185288327117436,-9.450218385609332e-13,70,1.1314711672873112,0.0027488959645929918,1920.0,5760.0,0.0,0.03125,0.03125,1.6760774080771564e-05,0.0
20160.0,5.6,0.01392074723902439,1.8210350717941446,0.0,1.8210350717941446,0.44723969947816555,1.1287285798422872,1.4212714201567689,-9.43689570931383e-13,70,1.1287285798422872,0.002742587445025295,1920.0,5760.0,0.0,0.03125,0.03125,1.6840995985244895e-05,0.0
20220.0,5.616666666666666,0.013912639030532973,1.8167103685329222,0.0,1.8167103685329222,0.4460954954425853,1.1259922942730174,1.4240077057260396,-9.42801392511683e-13,70,1.1259922942730174,0.002736285569270653,1920.0,5760.0,0.0,0.03125,0.03125,1.697301895890041e-05,0.0
20280.0,5.633333333333334,0.013904565278410117,1.8123906054592385,0.0,1.8123906054592385,0.44495419249816526,1.1232623044054753,1.426737695593581,-9.43245481721533e-13,70,1.1232623044054753,0.0027299898675415073,1920.0,5760.0,0.0,0.03125,0.03125,1.6906521348187895e-05,0.0
20340.0,5.65,0.01389652812682927,1.8080758724393835,0.0,1.8080758724393835,0.4438157679945999,1.1205386045707886,1.4294613954282693,-9.419132140919828e-13,70,1.1205386045707886,0.002723699834688126,1920.0,5760.0,0.0,0.03125,0.03125,1.68757239879273e-05,0.0
20400.0,5.666666666666667,0.013888529719963868,1.8037662593399357,0.0,1.8037662593399357,0.44268019582294255,1.1178211896304098,1.4321788103686466,-9.43245481721533e-13,70,1.1178211896304098,0.002717414940377297,1920.0,5760.0,0.0,0.03125,0.03125,1.6935748178683117e-05,0.0
20460.0,5.683333333333334,0.013880572201987355,1.7994618560374385,0.0,1.7994618560374385,0.44154744725801703,1.1151100549943973,1.4348899450046597,-9.42801392511683e-13,70,1.1151100549943973,0.002711134636013183,1920.0,5760.0,0.0,0.03125,0.03125,1.68998991262118e-05,0.0
20520.0,5.7,0.013872657717073173,1.795162752427529,0.0,1.795162752427529,0.44041749156860605,1.1124051966347386,1.437594803364319,-9.423573033018329e-13,70,1.1124051966347386,0.002704858359659429,1920.0,5760.0,0.0,0.03125,0.03125,1.6977986848930996e-05,0.0
20580.0,5.716666666666667,0.01386478840939476,1.7908690384335495,0.0,1.7908690384335495,0.43929029647312984,1.1097066110950717,1.440293388903984,-9.441336601412331e-13,70,1.1097066110950717,0.0026985855396649476,1920.0,5760.0,0.0,0.03125,0.03125,1.6820168402375847e-05,0.0
20640.0,5.733333333333333,0.013856966423125566,1.7865808040145814,0.0,1.7865808040145814,0.4381658284885207,1.1070142954976605,1.4429857045013963,-9.43245481721533e-13,70,1.1070142954976605,0.002692315597412426,1920.0,5760.0,0.0,0.03125,0.03125,1.6828268677932535e-05,0.0
20700.0,5.75,0.013849193902439026,1.7822981391729389,0.0,1.7822981391729389,0.4370440532029273,1.1043282475482077,1.445671752450848,-9.441336601412331e-13,70,1.1043282475482077,0.0026860479494517243,1920.0,5760.0,0.0,0.03125,0.03125,1.689196780161062e-05,0.0
20760.0,5.766666666666667,0.013841472991508582,1.7780211339610847,0.0,1.7780211339610847,0.43592493549266126,1.1016484655390213,1.448351534460038,-9.405809464624326e-13,70,1.1016484655390213,0.002679782009190005,1920.0,5760.0,0.0,0.03125,0.03125,1.6910145888465082e-05,0.0
20820.0,5.783333333333333,0.01383380583450768,1.773749878487954,0.0,1.773749878487954,0.43480843969741906,1.0989749483507656,1.451025051648292,-9.423573033018329e-13,70,1.0989749483507656,0.0026735171882541816,1920.0,5760.0,0.0,0.03125,0.03125,1.672074713907936e-05,0.0
20880.0,5.8,0.013826194575609758,1.7694844629247037,0.0,1.7694844629247037,0.4336945297636754,1.0963076954531568,1.4536923045458987,-9.441336601412331e-13,70,1.0963076954531568,0.0026672528976067022,1920.0,5760.0,0.0,0.03125,0.03125,1.6882444436005246e-05,0.0
20940.0,5.816666666666666,0.013818641358988259,1.7652249775098494,0.0,1.7652249775098494,0.4325831693633938,1.0936467069046851,1.4563532930943706,-9.441336601412331e-13,70,1.0936467069046851,0.002660988548471937,1920.0,5760.0,0.0,0.03125,0.03125,1.6844271599641056e-05,0.0
21000.0,5.833333333333333,0.013811148328816622,1.760971512553805,0.0,1.760971512553805,0.4314743219933138,1.0909919833515713,1.4590080166474857,-9.42801392511683e-13,70,1.0909919833515713,0.0026547235531151187,1920.0,5760.0,0.0,0.03125,0.03125,1.6773369783342063e-05,0.0
21060.0,5.85,0.013803717629268294,1.756724158442804,0.0,1.756724158442804,0.4303679510587511,1.0883435260260648,1.4616564739729907,-9.441336601412331e-13,70,1.0883435260260648,0.0026484573255049345,1920.0,5760.0,0.0,0.03125,0.03125,1.6898516100656308e-05,0.0
21120.0,5.866666666666666,0.013796351404516712,1.7524830056422005,0.0,1.7524830056422005,0.429264019944908,1.085701336744183,1.4642986632548738,-9.43245481721533e-13,69,1.085701336744183,0.002642189281883165,1920.0,5760.0,0.0,0.03125,0.03125,1.6925458316523125e-05,0.0
21180.0,5.883333333333334,0.013789051798735323,1.7482481446991587,0.0,1.7482481446991587,0.42816249207800333,1.0830654179029238,1.466934582096133,-9.43245481721533e-13,69,1.0830654179029238,0.002635918841259279,1920.0,5760.0,0.0,0.03125,0.03125,1.6999961717210616e-05,0.0
21240.0,5.9,0.013781820956097562,1.7440196662447114,0.0,1.7440196662447114,0.4270633309780246,1.080435772477079,1.469564227521977,-9.441336601412331e-13,69,1.080435772477079,0.0026296454258438887,1920.0,5760.0,0.0,0.03125,0.03125,1.6806233562052878e-05,0.0
21300.0,5.916666666666667,0.013774661020776877,1.739797660995198,0.0,1.739797660995198,0.42596650030452804,1.0778124040156472,1.472187595983409,-9.43689570931383e-13,69,1.0778124040156472,0.002623368461431999,1920.0,5760.0,0.0,0.03125,0.03125,1.6786725351335705e-05,0.0
21360.0,5.933333333333334,0.013767574136946705,1.735582219753089,0.0,1.735582219753089,0.424871963896619,1.0751953166379022,1.4748046833611534,-9.441336601412331e-13,69,1.0751953166379022,0.002617087377744549,1920.0,5760.0,0.0,0.03125,0.03125,1.6792963492514062e-05,0.0
21420.0,5.95,0.01376056244878049,1.7313734334071817,0.0,1.7313734334071817,0.42377968580803005,1.0725845150291677,1.4774154849698888,-9.43245481721533e-13,69,1.0725845150291677,0.002610801608735322,1920.0,5760.0,0.0,0.03125,0.03125,1.6805676841689347e-05,0.0
21480.0,5.966666666666667,0.013753628100451673,1.7271713929322041,0.0,1.7271713929322041,0.4226896303380376,1.0699800044363,1.4800199955627575,-9.423573033018329e-13,69,1.0699800044363,0.002604510592868679,1920.0,5760.0,0.0,0.03125,0.03125,1.7000912571343907e-05,0.0
21540.0,5.983333333333333,0.013746773236133696,1.7229761893878095,0.0,1.7229761893878095,0.42160176205882216,1.067381790662927,1.4826182093361302,-9.423573033018329e-13,69,1.067381790662927,0.002598213773372672,1920.0,5760.0,0.0,0.03125,0.03125,1.6854685698949347e-05,0.0
21600.0,6.0,0.013740000000000002,1.718787913916981,0.0,1.718787913916981,0.4205160458397775,1.0647898800644535,1.4852101199346015,-9.450218385609332e-13,69,1.0647898800644535,0.002591910598471292,1920.0,5760.0,0.0,0.03125,0.03125,1.6908884351255916e-05,0.0
21660.0,6.016666666666667,0.013733321485387827,1.7146066600337397,0.0,1.7146066600337397,0.4194324194119475,1.0622042803080762,1.48779571969098,-9.43689570931383e-13,69,1.0622042803080762,0.0025855997563784937,1920.0,5760.0,0.0,0.03125,0.03125,1.6809444696999474e-05,0.0
21720.0,6.033333333333333,0.013726745383432215,1.710432528812591,0.0,1.710432528812591,0.4183507973448751,1.0596250022613691,1.4903749977376872,-9.43245481721533e-13,69,1.0596250022613691,0.0025792780467073324,1920.0,5760.0,0.0,0.03125,0.03125,1.6893266694495337e-05,0.0
21780.0,6.05,0.013720265735003298,1.7062656191134775,0.0,1.7062656191134775,0.41727114970128576,1.0570520567751687,1.4929479432238872,-9.441336601412331e-13,69,1.0570520567751687,0.0025729454862000707,1920.0,5760.0,0.0,0.03125,0.03125,1.6973705556396024e-05,0.0
21840.0,6.066666666666666,0.013713876580971217,1.7021060249088726,0.0,1.7021060249088726,0.41619346975347005,1.0544854535809354,1.4955145464181205,-9.441336601412331e-13,69,1.0544854535809354,0.00256660319423335,1920.0,5760.0,0.0,0.03125,0.03125,1.6827547109900102e-05,0.0
21900.0,6.083333333333333,0.013707571962206112,1.6979538353171617,0.0,1.6979538353171617,0.4151177638463398,1.051925201179432,1.4980747988196224,-9.454659277707833e-13,69,1.051925201179432,0.002560252401501824,1920.0,5760.0,0.0,0.03125,0.03125,1.683517913845237e-05,0.0
21960.0,6.1,0.013701345919578117,1.6938091346372053,0.0,1.6938091346372053,0.41404404740993456,1.049371306773131,1.5006286932259256,-9.43245481721533e-13,69,1.049371306773131,0.0025538944063032433,1920.0,5760.0,0.0,0.03125,0.03125,1.6898942773452588e-05,0.0
22020.0,6.116666666666666,0.013695192493957373,1.6896720023839773,0.0,1.6896720023839773,0.4129723427362366,1.0468237762193626,1.5031762237796928,-9.441336601412331e-13,69,1.0468237762193626,0.0025475305537671087,1920.0,5760.0,0.0,0.03125,0.03125,1.6931440020435888e-05,0.0
22080.0,6.133333333333334,0.01368910572621402,1.6855425133252417,0.0,1.6855425133252417,0.4119026775434103,1.044282613996018,1.5057173860030368,-9.450218385609332e-13,69,1.044282613996018,0.0025411622233440065,1920.0,5760.0,0.0,0.03125,0.03125,1.6986992446746904e-05,0.0
22140.0,6.15,0.013683079657218197,1.6814207375191588,0.0,1.6814207375191588,0.4108350839652357,1.041747823175674,1.5082521768233808,-9.450218385609332e-13,69,1.041747823175674,0.0025347908203439944,1920.0,5760.0,0.0,0.03125,0.03125,1.6756400973133105e-05,0.0
22200.0,6.166666666666667,0.013677108327840035,1.6773067403527924,0.0,1.6773067403527924,0.40976959779806976,1.0392194054058825,1.5107805945931714,-9.459100169806334e-13,69,1.0392194054058825,0.002528417769790525,1920.0,5760.0,0.0,0.03125,0.03125,1.681740383988859e-05,0.0
22260.0,6.183333333333334,0.013671185778949683,1.6732005825814067,0.0,1.6732005825814067,0.4087062579164482,1.0366973608941497,1.513302639104906,-9.441336601412331e-13,69,1.0366973608941497,0.0025220445117346405,1920.0,5760.0,0.0,0.03125,0.03125,1.6836302090719674e-05,0.0
22320.0,6.2,0.013665306051417274,1.6691023203685176,0.0,1.6691023203685176,0.4076451058055839,1.0341816883965937,1.515818311602462,-9.441336601412331e-13,69,1.0341816883965937,0.002515672497555822,1920.0,5760.0,0.0,0.03125,0.03125,1.6843046564961767e-05,0.0
22380.0,6.216666666666667,0.013659463186112945,1.6650120053266118,0.0,1.6650120053266118,0.40658618517848877,1.03167238520963,1.5183276147894267,-9.43245481721533e-13,69,1.03167238520963,0.002509303186964724,1920.0,5760.0,0.0,0.03125,0.03125,1.6806981300446566e-05,0.0
22440.0,6.233333333333333,0.013653651223906837,1.6609296845584693,0.0,1.6609296845584693,0.4055295416565028,1.029169447164105,1.5208305528349524,-9.423573033018329e-13,69,1.029169447164105,0.0025029380455256762,1920.0,5760.0,0.0,0.03125,0.03125,1.696340716456802e-05,0.0
22500.0,6.25,0.013647864205669087,1.6568554006990253,0.0,1.6568554006990253,0.4044752224986697,1.0266728686215287,1.5233271313775294,-9.414691248821327e-13,69,1.0266728686215287,0.002496578542576933,1920.0,5760.0,0.0,0.03125,0.03125,1.6768631996614275e-05,0.0
22560.0,6.266666666666667,0.013642096172269831,1.6527891919577025,0.0,1.6527891919577025,0.4034232763696208,1.0241826424720653,1.525817357526993,-9.414691248821327e-13,69,1.0241826424720653,0.0024902261494636085,1920.0,5760.0,0.0,0.03125,0.03125,1.6881587467741503e-05,0.0
22620.0,6.283333333333333,0.013636341164579215,1.64873109216115,0.0,1.64873109216115,0.4023737531384176,1.0216987601340426,1.528301239865015,-9.423573033018329e-13,69,1.0216987601340426,0.002483882338021934,1920.0,5760.0,0.0,0.03125,0.03125,1.6805957572824554e-05,0.0
22680.0,6.3,0.013630593223467371,1.644681130796314,0.0,1.644681130796314,0.4013267037026937,1.0192212115547732,1.5307787884442847,-9.419132140919828e-13,69,1.0192212115547732,0.0024775485792696184,1920.0,5760.0,0.0,0.03125,0.03125,1.681381966556356e-05,0.0
22740.0,6.316666666666666,0.01362484638980444,1.640639333053797,0.0,1.640639333053797,0.4002821798337776,1.016749985212506,1.5332500147865529,-9.410250356722827e-13,69,1.016749985212506,0.0024712263422681942,1920.0,5760.0,0.0,0.03125,0.03125,1.6777905934340764e-05,0.0
22800.0,6.333333333333333,0.01361909470446056,1.6366057198714161,0.0,1.6366057198714161,0.39924023403943026,1.014285068119374,1.5357149318796837,-9.423573033018329e-13,69,1.014285068119374,0.0024649170931307783,1920.0,5760.0,0.0,0.03125,0.03125,1.6883287216726633e-05,0.0
22860.0,6.35,0.013613332208305868,1.6325803079779209,0.0,1.6325803079779209,0.39820091944153824,1.011826445825221,1.5381735541738384,-9.405809464624326e-13,69,1.011826445825221,0.002458622294154689,1920.0,5760.0,0.0,0.03125,0.03125,1.6866546521926982e-05,0.0
22920.0,6.366666666666666,0.013607552942210504,1.6285631099367852,0.0,1.6285631099367852,0.39716428966662837,1.0093741024221603,1.5406258975769007,-9.388045896230324e-13,69,1.0093741024221603,0.0024523434030623665,1920.0,5760.0,0.0,0.03125,0.03125,1.6848290377463487e-05,0.0
22980.0,6.383333333333334,0.013601750947044607,1.624554134190034,0.0,1.624554134190034,0.39613039874747485,1.0069280205498223,1.543071979449238,-9.396927680427325e-13,69,1.0069280205498223,0.002446081872337231,1920.0,5760.0,0.0,0.03125,0.03125,1.6900962040265214e-05,0.0
23040.0,6.4,0.013595920263678313,1.6205533851020448,0.0,1.6205533851020448,0.3950993010343746,1.0044881814011795,1.5455118185978818,-9.388045896230324e-13,68,1.0044881814011795,0.0024398391486436613,1920.0,5760.0,0.0,0.03125,0.03125,1.6873135676064617e-05,0.0
23100.0,6.416666666666667,0.013590054932981762,1.6165608630032302,0.0,1.6165608630032302,0.39407105111491314,1.0020545647288557,1.5479454352702038,-9.405809464624326e-13,68,1.0020545647288557,0.002433616672322099,1920.0,5760.0,0.0,0.03125,0.03125,1.6748782832634457e-05,0.0
23160.0,6.433333333333334,0.013584148995825095,1.6125765642335983,0.0,1.6125765642335983,0.3930457037412353,0.9996271488519047,1.5503728511471555,-9.396927680427325e-13,68,0.9996271488519047,0.002427415876951728,1920.0,5760.0,0.0,0.03125,0.03125,1.684697029242774e-05,0.0
23220.0,6.45,0.013578196493078445,1.6086004811860881,0.0,1.6086004811860881,0.39202331376398386,0.9972059106629317,1.5527940893361298,-9.383605004131823e-13,68,0.9972059106629317,0.0024212381889743605,1920.0,5760.0,0.0,0.03125,0.03125,1.6829969148225458e-05,0.0
23280.0,6.466666666666667,0.013572191465611954,1.6046326023496555,0.0,1.6046326023496555,0.3910039360722041,0.9947908256355592,1.5552091743635041,-9.36584143573782e-13,68,0.9947908256355592,0.002415085027374253,1920.0,5760.0,0.0,0.03125,0.03125,1.6902091351852252e-05,0.0
23340.0,6.483333333333333,0.01356612795429576,1.6006729123520322,0.0,1.6006729123520322,0.3899876255386011,0.9923818678321503,1.5576181321669134,-9.36140054363932e-13,68,0.9923818678321503,0.00240895780340926,1920.0,5760.0,0.0,0.03125,0.03125,1.6837001314059408e-05,0.0
23400.0,6.5,0.013560000000000001,1.596721392002125,0.0,1.596721392002125,0.3889744369696303,0.9899790099117612,1.5600209900873026,-9.36140054363932e-13,68,0.9899790099117612,0.002402857920389127,1920.0,5760.0,0.0,0.03125,0.03125,1.6767915137210488e-05,0.0
23460.0,6.516666666666667,0.013553809124553123,1.5927780196956545,0.0,1.5927780196956545,0.3879644080251668,0.9875822235861758,1.5624177764128888,-9.352518759442319e-13,68,0.9875822235861758,0.0023967863255862634,1920.0,5760.0,0.0,0.03125,0.03125,1.6925822683520457e-05,0.0
23520.0,6.533333333333333,0.013547563995995998,1.588842777595619,0.0,1.588842777595619,0.3869575318535408,0.9851914817565902,1.564808518242474,-9.35695965154082e-13,68,0.9851914817565902,0.002390741829585112,1920.0,5760.0,0.0,0.03125,0.03125,1.6866010581141527e-05,0.0
23580.0,6.55,0.013541269374517375,1.5849156511479463,0.0,1.5849156511479463,0.3859537951620006,0.9828067585379433,1.567193241461122,-9.343636975245317e-13,68,0.9828067585379433,0.0023847232186479583,1920.0,5760.0,0.0,0.03125,0.03125,1.6970946094652902e-05,0.0
23640.0,6.566666666666666,0.013534930020306021,1.5809966282180425,0.0,1.5809966282180425,0.3849531784812907,0.9804280290305836,1.5695719709684834,-9.325873406851315e-13,68,0.9804280290305836,0.0023787295073614896,1920.0,5760.0,0.0,0.03125,0.03125,1.6858851925806664e-05,0.0
23700.0,6.583333333333333,0.013528550693550695,1.5770856990734408,0.0,1.5770856990734408,0.3839556566942433,0.9780552693560299,1.571944730643036,-9.339196083146817e-13,68,0.9780552693560299,0.002372759674552614,1920.0,5760.0,0.0,0.03125,0.03125,1.6739135551164897e-05,0.0
23760.0,6.6,0.013522136154440157,1.5731828563663504,0.0,1.5731828563663504,0.3829611999741692,0.9756884566867097,1.574311543312358,-9.321432514752814e-13,68,0.9756884566867097,0.0023668126693219206,1920.0,5760.0,0.0,0.03125,0.03125,1.6939175259494053e-05,0.0
23820.0,6.616666666666666,0.013515691163163163,1.5692880951161088,0.0,1.5692880951161088,0.38196977456055636,0.9733275692697347,1.5766724307293336,-9.316991622654314e-13,68,0.9733275692697347,0.002360887416975659,1920.0,5760.0,0.0,0.03125,0.03125,1.689887495208896e-05,0.0
23880.0,6.633333333333334,0.01350922047990848,1.5654014126915223,0.0,1.5654014126915223,0.38098134337916384,0.9709725864459368,1.579027413553133,-9.299228054260311e-13,68,0.9709725864459368,0.0023549828237994512,1920.0,5760.0,0.0,0.03125,0.03125,1.685188847285664e-05,0.0
23940.0,6.65,0.013502728864864868,1.5615228087930353,0.0,1.5615228087930353,0.37999586654281803,0.9686234886650591,1.58137651133401,-9.308109838457312e-13,68,0.9686234886650591,0.0023490977808769556,1920.0,5760.0,0.0,0.03125,0.03125,1.6986469809668805e-05,0.0
24000.0,6.666666666666667,0.013496221078221076,1.557652285434877,0.0,1.557652285434877,0.37901330176240056,0.9662802574978695,1.5837197425011984,-9.316991622654314e-13,68,0.9662802574978695,0.0023432311671884765,1920.0,5760.0,0.0,0.03125,0.03125,1.6893330168805628e-05,0.0
24060.0,6.683333333333334,0.013489701880165881,1.5537898469269138,0.0,1.5537898469269138,0.3780336046893828,0.9639428756457031,1.5860571243533657,-9.308109838457312e-13,68,0.9639428756457031,0.0023373818521673527,1920.0,5760.0,0.0,0.03125,0.03125,1.6830683122546285e-05,0.0
24120.0,6.7,0.013483176030888031,1.549935499856431,0.0,1.549935499856431,0.3770567292052469,0.961611326947863,1.5883886730512073,-9.29478716216181e-13,68,0.961611326947863,0.0023315486978417637,1920.0,5760.0,0.0,0.03125,0.03125,1.687138937820631e-05,0.0
24180.0,6.716666666666667,0.01347664829057629,1.5460892530697148,0.0,1.5460892530697148,0.3760826276689427,0.959285596387207,1.5907144036118614,-9.312550730555813e-13,68,0.959285596387207,0.002325730560654167,1920.0,5760.0,0.0,0.03125,0.03125,1.681382730826655e-05,0.0
24240.0,6.733333333333333,0.01347012341941942,1.542251117653456,0.0,1.542251117653456,0.3751112511306602,0.9569656700941852,1.5930343299048872,-9.272582701669307e-13,68,0.9569656700941852,0.0023199262930258795,1920.0,5760.0,0.0,0.03125,0.03125,1.6872952948268748e-05,0.0
24300.0,6.75,0.013463606177606178,1.5384211069159424,0.0,1.5384211069159424,0.3741425495181608,0.9546515353494656,1.5953484646496048,-9.29478716216181e-13,68,0.9546515353494656,0.0023141347447175557,1920.0,5760.0,0.0,0.03125,0.03125,1.696320378256917e-05,0.0
24360.0,6.766666666666667,0.013457101325325325,1.5345992363680625,0.0,1.5345992363680625,0.3731764718004749,0.9523431805854442,1.5976568194136285,-9.272582701669307e-13,68,0.9523431805854442,0.002308354764023744,1920.0,5760.0,0.0,0.03125,0.03125,1.6864083682041897e-05,0.0
24420.0,6.783333333333333,0.013450613622765624,1.5307855237040828,0.0,1.5307855237040828,0.37221296613271526,0.9500405953866097,1.5999594046124601,-9.299228054260311e-13,68,0.9500405953866097,0.002302585198831657,1920.0,5760.0,0.0,0.03125,0.03125,1.6883427696916807e-05,0.0
24480.0,6.8,0.01344414783011583,1.5269799887821922,0.0,1.5269799887821922,0.3712519799849817,0.9477437704890431,1.6022562295100273,-9.29478716216181e-13,68,0.9477437704890431,0.0022968248975672747,1920.0,5760.0,0.0,0.03125,0.03125,1.6804902439820453e-05,0.0
24540.0,6.816666666666666,0.013437708707564708,1.5231826536048072,0.0,1.5231826536048072,0.3702934602577448,0.9454526977789971,1.604547302220075,-9.277023593767808e-13,68,0.9454526977789971,0.002291072710047571,1920.0,5760.0,0.0,0.03125,0.03125,1.6862777159069353e-05,0.0
24600.0,6.833333333333333,0.013431301015301015,1.5193935422986282,0.0,1.5193935422986282,0.3693373533856451,0.9431673702907426,1.6068326297083289,-9.281464485866309e-13,68,0.9431673702907426,0.0022853274882539366,1920.0,5760.0,0.0,0.03125,0.03125,1.681412298498185e-05,0.0
24660.0,6.85,0.013424929513513513,1.5156126810944235,0.0,1.5156126810944235,0.3683836054313003,0.9408877822037028,1.6091122177953678,-9.29034627006331e-13,68,0.9408877822037028,0.002279588087038889,1920.0,5760.0,0.0,0.03125,0.03125,1.6796865169042642e-05,0.0
24720.0,6.866666666666666,0.013418598962390964,1.511840098306545,0.0,1.511840098306545,0.3674321621704347,0.9386139288389276,1.6113860711601442,-9.281464485866309e-13,68,0.9386139288389276,0.0022738533647762744,1920.0,5760.0,0.0,0.03125,0.03125,1.6829145716997568e-05,0.0
24780.0,6.883333333333334,0.013412314122122123,1.5080758243121433,0.0,1.5080758243121433,0.36648296916943474,0.9363458066549631,1.6136541933441075,-9.29034627006331e-13,68,0.9363458066549631,0.002268122183963293,1920.0,5760.0,0.0,0.03125,0.03125,1.6784469492858392e-05,0.0
24840.0,6.9,0.013406079752895754,1.5043198915300935,0.0,1.5043198915300935,0.3655359718562523,0.9340834132431806,1.615916586755889,-9.303668946358812e-13,68,0.9340834132431806,0.0022623934117813474,1920.0,5760.0,0.0,0.03125,0.03125,1.7000176849877163e-05,0.0
24900.0,6.916666666666667,0.013399900614900614,1.5005723343995896,0.0,1.5005723343995896,0.36459111558544277,0.9318267473225607,1.6181732526765102,-9.29034627006331e-13,67,0.9318267473225607,0.0022566659206214343,1920.0,5760.0,0.0,0.03125,0.03125,1.6881515579401146e-05,0.0
24960.0,6.933333333333334,0.013393781468325467,1.4968331893584308,0.0,1.4968331893584308,0.3636483456980076,0.9295758087339814,1.6204241912650896,-9.29034627006331e-13,67,0.9295758087339814,0.0022509385885794144,1920.0,5760.0,0.0,0.03125,0.03125,1.6819568509925625e-05,0.0
25020.0,6.95,0.013387727073359073,1.493102494820946,0.0,1.493102494820946,0.36270760757661136,0.9273305984340545,1.6226694015650145,-9.308109838457312e-13,67,0.9273305984340545,0.0022452102999249057,1920.0,5760.0,0.0,0.03125,0.03125,1.6997497482557356e-05,0.0
25080.0,6.966666666666667,0.01338174219019019,1.4893802911555691,0.0,1.4893802911555691,0.36176884669667436,0.925091118488507,1.6249088815105626,-9.303668946358812e-13,67,0.925091118488507,0.002239479945547978,1920.0,5760.0,0.0,0.03125,0.03125,1.6890231741355698e-05,0.0
25140.0,6.983333333333333,0.01337583157900758,1.4856666206620432,0.0,1.4856666206620432,0.3608320086737632,0.9228573720651203,1.627142627933949,-9.308109838457312e-13,67,0.9228573720651203,0.0022337464233862687,1920.0,5760.0,0.0,0.03125,0.03125,1.6832126592902093e-05,0.0
25200.0,7.0,0.01337,1.4819615275482312,0.0,1.4819615275482312,0.35989703930765843,0.9206293634262832,1.6293706365727845,-9.321432514752814e-13,67,0.9206293634262832,0.0022280086388354937,1920.0,5760.0,0.0,0.03125,0.03125,1.6906164403011916e-05,0.0
25260.0,7.016666666666667,0.013364199833943834,1.4782650482517783,0.0,1.4782650482517783,0.35896400232908654,0.9184070947719871,1.6315929052270823,-9.303668946358812e-13,67,0.9184070947719871,0.002222268654297761,1920.0,5760.0,0.0,0.03125,0.03125,1.6810571771221566e-05,0.0
25320.0,7.033333333333333,0.013358383726495728,1.4745771827275516,0.0,1.4745771827275516,0.35803312909967394,0.9161905561417513,1.633809443857319,-9.29478716216181e-13,67,0.9161905561417513,0.0022165386302365996,1920.0,5760.0,0.0,0.03125,0.03125,1.703385156870005e-05,0.0
25380.0,7.05,0.013352556835164835,1.4708979238023105,0.0,1.4708979238023105,0.35710450584695214,0.9139797343938758,1.636020265605196,-9.281464485866309e-13,67,0.9139797343938758,0.002210821747877034,1920.0,5760.0,0.0,0.03125,0.03125,1.6949400541176757e-05,0.0
25440.0,7.066666666666666,0.013346724317460317,1.4672272668519133,0.0,1.4672272668519133,0.3561781666985106,0.9117746168376607,1.638225383161411,-9.281464485866309e-13,67,0.9117746168376607,0.0022051175562149646,1920.0,5760.0,0.0,0.03125,0.03125,1.684290056743847e-05,0.0
25500.0,7.083333333333333,0.01334089133089133,1.4635652097775251,0.0,1.4635652097775251,0.35525412176715293,0.9095751914755298,1.640424808523542,-9.281464485866309e-13,67,0.9095751914755298,0.002199425362130934,1920.0,5760.0,0.0,0.03125,0.03125,1.690245376125603e-05,0.0
25560.0,7.1,0.013335063032967033,1.4599117529817771,0.0,1.4599117529817771,0.3543323665184085,0.9073814471299929,1.6426185528690795,-9.272582701669307e-13,67,0.9073814471299929,0.0021937443455376316,1920.0,5760.0,0.0,0.03125,0.03125,1.684749030363416e-05,0.0
25620.0,7.116666666666666,0.01332924458119658,1.4562668993448404,0.0,1.4562668993448404,0.3534128864028548,0.9051933735234206,1.6448066264756531,-9.263700917472306e-13,67,0.9051933735234206,0.0021880736065736355,1920.0,5760.0,0.0,0.03125,0.03125,1.688960633769352e-05,0.0
25680.0,7.133333333333334,0.013323441133089132,1.4526306542003697,0.0,1.4526306542003697,0.3524956595637925,0.9030109613324769,1.646989038666596,-9.268141809570807e-13,67,0.9030109613324769,0.002182412190942734,1920.0,5760.0,0.0,0.03125,0.03125,1.6991302176663927e-05,0.0
25740.0,7.15,0.013317657846153845,1.449003025311322,0.0,1.449003025311322,0.3515806585863255,0.9008342022270112,1.6491657977720617,-9.268141809570807e-13,67,0.9008342022270112,0.0021767591054657484,1920.0,5760.0,0.0,0.03125,0.03125,1.690404465011865e-05,0.0
25800.0,7.166666666666667,0.013311899877899876,1.445384022845575,0.0,1.445384022845575,0.3506678517063746,0.8986630888985463,1.651336911100528,-9.254819133275305e-13,67,0.8986630888985463,0.002171113328466265,1920.0,5760.0,0.0,0.03125,0.03125,1.6823792082110013e-05,0.0
25860.0,7.183333333333334,0.013306172385836385,1.44177365935136,0.0,1.44177365935136,0.34975720368860036,0.8964976150814176,1.6535023849176578,-9.245937349078304e-13,67,0.8964976150814176,0.0021654738171298254,1920.0,5760.0,0.0,0.03125,0.03125,1.70505737009858e-05,0.0
25920.0,7.2,0.01330048052747253,1.4381719497324446,0.0,1.4381719497324446,0.34884867648835005,0.8943377755684605,1.6556622244306132,-9.263700917472306e-13,67,0.8943377755684605,0.0021598395129553637,1920.0,5760.0,0.0,0.03125,0.03125,1.6874458585910485e-05,0.0
25980.0,7.216666666666667,0.013294829460317459,1.4345789112230631,0.0,1.4345789112230631,0.34794222976583444,0.8921835662225239,1.65781643377655,-9.259260025373806e-13,67,0.8921835662225239,0.002154209345936714,1920.0,5760.0,0.0,0.03125,0.03125,1.6850293626389492e-05,0.0
26040.0,7.233333333333333,0.01328922434188034,1.4309945633625518,0.0,1.4309945633625518,0.3470378212952738,0.8900349839846624,1.659965016014412,-9.254819133275305e-13,67,0.8900349839846624,0.0021485822378620283,1920.0,5760.0,0.0,0.03125,0.03125,1.688502226335758e-05,0.0
26100.0,7.25,0.01328367032967033,1.4274189279696663,0.0,1.4274189279696663,0.3461354072970537,0.887892026879682,1.6621079731193915,-9.263700917472306e-13,67,0.887892026879682,0.0021429571049796734,1920.0,5760.0,0.0,0.03125,0.03125,1.6933416225577894e-05,0.0
26160.0,7.266666666666667,0.013278172581196582,1.4238520291165613,0.0,1.4238520291165613,0.34523494271196004,0.8857546940194873,1.6642453059795876,-9.250378241176804e-13,67,0.8857546940194873,0.0021373328601962003,1920.0,5760.0,0.0,0.03125,0.03125,1.6929185255767863e-05,0.0
26220.0,7.283333333333333,0.013272736253968253,1.4202938931023918,0.0,1.4202938931023918,0.34433638143088274,0.8836229856045654,1.6663770143945085,-9.259260025373806e-13,67,0.8836229856045654,0.0021317084149208416,1920.0,5760.0,0.0,0.03125,0.03125,1.68582158490561e-05,0.0
26280.0,7.3,0.013267366505494503,1.4167445484265335,0.0,1.4167445484265335,0.34343967648963386,0.8814969029239288,1.6685030970751462,-9.245937349078304e-13,67,0.8814969029239288,0.002126082680637746,1920.0,5760.0,0.0,0.03125,0.03125,1.6987393064610772e-05,0.0
26340.0,7.316666666666666,0.013262068493284493,1.413204025761383,0.0,1.413204025761383,0.3425447802359905,0.8793764483536605,1.6706235516454113,-9.281464485866309e-13,67,0.8793764483536605,0.0021204545702651384,1920.0,5760.0,0.0,0.03125,0.03125,1.680956792218699e-05,0.0
26400.0,7.333333333333333,0.013256847374847376,1.4096723579247206,0.0,1.4096723579247206,0.3416516444743057,0.8772616253543165,1.6727383746447566,-9.268141809570807e-13,67,0.8772616253543165,0.0021148229993452955,1920.0,5760.0,0.0,0.03125,0.03125,1.6938787162252172e-05,0.0
26460.0,7.35,0.013251708307692308,1.4061495798516161,0.0,1.4061495798516161,0.34076022059177685,0.8751524384672165,1.6748475615318552,-9.281464485866309e-13,67,0.8751524384672165,0.002109186887098663,1920.0,5760.0,0.0,0.03125,0.03125,1.6787169428235758e-05,0.0
26520.0,7.366666666666666,0.013246656449328448,1.402635728565862,0.0,1.402635728565862,0.3398704596695407,0.8730488933098502,1.6769511066892229,-9.268141809570807e-13,67,0.8730488933098502,0.002103545157367652,1920.0,5760.0,0.0,0.03125,0.03125,1.69717456159487e-05,0.0
26580.0,7.383333333333334,0.013241696957264957,1.3991308431509044,0.0,1.3991308431509044,0.33898231258110073,0.8709509965703789,1.679049003428693,-9.281464485866309e-13,67,0.8709509965703789,0.0020978967394701116,1920.0,5760.0,0.0,0.03125,0.03125,1.692596819990017e-05,0.0
26640.0,7.4,0.013236834989010989,1.3956349647202773,0.0,1.3956349647202773,0.33809573008007077,0.8688587560014001,1.6811412439976712,-9.28590537796481e-13,67,0.8688587560014001,0.00209224056897823,1920.0,5760.0,0.0,0.03125,0.03125,1.682302906018108e-05,0.0
26700.0,7.416666666666667,0.013232075702075703,1.3921481363874975,0.0,1.3921481363874975,0.33721066287884405,0.8667721804129652,1.6832278195861066,-9.281464485866309e-13,67,0.8667721804129652,0.002086575588435462,1920.0,5760.0,0.0,0.03125,0.03125,1.6868626206972244e-05,0.0
26760.0,7.433333333333334,0.013227424253968254,1.3886704032354293,0.0,1.3886704032354293,0.3363270617194906,0.8646912796649417,1.6853087203341282,-9.299228054260311e-13,67,0.8646912796649417,0.0020809007480215714,1920.0,5760.0,0.0,0.03125,0.03125,1.6920309392318017e-05,0.0
26820.0,7.45,0.013222885802197801,1.3852018122851062,0.0,1.3852018122851062,0.33544487743795626,0.8626160646587685,1.6873839353403024,-9.29034627006331e-13,67,0.8626160646587685,0.0020752150061741892,1920.0,5760.0,0.0,0.03125,0.03125,1.6791085960635954e-05,0.0
26880.0,7.466666666666667,0.013218465504273505,1.3817424124639788,0.0,1.3817424124639788,0.3345640610224498,0.8605465473285936,1.6894534526704759,-9.303668946358812e-13,67,0.8605465473285936,0.002069517330173493,1920.0,5760.0,0.0,0.03125,0.03125,1.6828367290159528e-05,0.0
26940.0,7.483333333333333,0.013214168517704518,1.3782922545736156,0.0,1.3782922545736156,0.3336845636667597,0.8584827406318967,1.6915172593671715,-9.316991622654314e-13,67,0.8584827406318967,0.002063806696695675,1920.0,5760.0,0.0,0.03125,0.03125,1.6841657170973513e-05,0.0
27000.0,7.5,0.01321,1.374851391256816,0.0,1.374851391256816,0.33280633681911964,0.8564246585395568,1.6935753414595114,-9.316991622654314e-13,67,0.8564246585395568,0.0020580820923398304,1920.0,5760.0,0.0,0.03125,0.03125,1.6869634653021235e-05,0.0
27060.0,7.516666666666667,0.013205957627557625,1.3714198757579195,0.0,1.3714198757579195,0.3319293476784594,0.8543723156337053,1.6956276843653637,-9.308109838457312e-13,67,0.8543723156337053,0.002052342905852333,1920.0,5760.0,0.0,0.03125,0.03125,1.681972589148206e-05,0.0
27120.0,7.533333333333333,0.013202030872830872,1.3679977561757988,0.0,1.3679977561757988,0.33105360667665257,0.8523257251348725,1.6976742748641973,-9.299228054260311e-13,67,0.8523257251348725,0.002046590498833534,1920.0,5760.0,0.0,0.03125,0.03125,1.680894842971323e-05,0.0
27180.0,7.55,0.013198212587412588,1.364585075414738,0.0,1.364585075414738,0.33017913384812264,0.8502848986923592,1.6997151013067093,-9.312550730555813e-13,66,0.8502848986923592,0.0020408264425119467,1920.0,5760.0,0.0,0.03125,0.03125,1.702447692185255e-05,0.0
27240.0,7.566666666666666,0.013194495622895621,1.361181871911466,0.0,1.361181871911466,0.3293059567036577,0.8482498465433296,1.7017501534557382,-9.321432514752814e-13,66,0.8482498465433296,0.002035052149028958,1920.0,5760.0,0.0,0.03125,0.03125,1.691272155073857e-05,0.0
27300.0,7.583333333333333,0.01319087283087283,1.3577881796866735,0.0,1.3577881796866735,0.3284341091032689,0.8462205774723298,1.7037794225267369,-9.330314298949816e-13,66,0.8462205774723298,0.002029269070998691,1920.0,5760.0,0.0,0.03125,0.03125,1.6823991917274468e-05,0.0
27360.0,7.6,0.013187337062937062,1.3544040283971777,0.0,1.3544040283971777,0.32756363007455547,0.8441970987800496,1.7058029012190161,-9.343636975245317e-13,66,0.8441970987800496,0.002023478692279259,1920.0,5760.0,0.0,0.03125,0.03125,1.684815491468442e-05,0.0
27420.0,7.616666666666666,0.013183881170681169,1.351029443388648,0.0,1.351029443388648,0.32669456289633897,0.8421794162597944,1.7078205837392726,-9.325873406851315e-13,66,0.8421794162597944,0.0020176825202565018,1920.0,5760.0,0.0,0.03125,0.03125,1.6799577425738378e-05,0.0
27480.0,7.633333333333334,0.013180498005698003,1.347664445748815,0.0,1.347664445748815,0.32582695438398396,0.8401675341799504,1.7098324658191155,-9.339196083146817e-13,66,0.8401675341799504,0.0020118820798430267,1920.0,5760.0,0.0,0.03125,0.03125,1.684754762274252e-05,0.0
27540.0,7.65,0.01317718041958042,1.3443090523610755,0.0,1.3443090523610755,0.32496085431916855,0.8381614552712202,1.7118385447278464,-9.334755191048316e-13,66,0.8381614552712202,0.0020060789087309005,1920.0,5760.0,0.0,0.03125,0.03125,1.688617571382014e-05,0.0
27600.0,7.666666666666667,0.013173921263921263,1.3409632759584218,0.0,1.3409632759584218,0.32409631498496666,0.8361611807176664,1.7138388192813991,-9.343636975245317e-13,66,0.8361611807176664,0.0020002745535528123,1920.0,5760.0,0.0,0.03125,0.03125,1.683774505362774e-05,0.0
27660.0,7.683333333333334,0.01317071339031339,1.3376271251776126,0.0,1.3376271251776126,0.3232333907797886,0.8341667101509491,1.7158332898481174,-9.334755191048316e-13,66,0.8341667101509491,0.0019944705667182057,1920.0,5760.0,0.0,0.03125,0.03125,1.6935832199741125e-05,0.0
27720.0,7.7,0.01316754965034965,1.334300604613512,0.0,1.334300604613512,0.32237213789190716,0.8321780416471846,1.7178219583518828,-9.325873406851315e-13,66,0.8321780416471846,0.0019886685037653557,1920.0,5760.0,0.0,0.03125,0.03125,1.6833616123422426e-05,0.0
27780.0,7.716666666666667,0.013164422895622896,1.330983714873517,0.0,1.330983714873517,0.3215126140215858,0.8301951717260673,1.7198048282730007,-9.316991622654314e-13,66,0.8301951717260673,0.001982869921117946,1920.0,5760.0,0.0,0.03125,0.03125,1.6917404308786182e-05,0.0
27840.0,7.733333333333333,0.013161325977725976,1.3276764526320148,0.0,1.3276764526320148,0.32065487814134563,0.8282180953519006,1.721781904647167,-9.321432514752814e-13,66,0.8282180953519006,0.001977076374166158,1920.0,5760.0,0.0,0.03125,0.03125,1.685320575417409e-05,0.0
27900.0,7.75,0.013158251748251748,1.3243788106847767,0.0,1.3243788106847767,0.31979899028731235,0.8262468059362864,1.7237531940627802,-9.334755191048316e-13,66,0.8262468059362864,0.0019712894156131387,1920.0,5760.0,0.0,0.03125,0.03125,1.680261373797256e-05,0.0
27960.0,7.766666666666667,0.01315519305879306,1.3210907780032337,0.0,1.3210907780032337,0.31894501137626163,0.824281295342246,1.7257187046568225,-9.312550730555813e-13,66,0.824281295342246,0.0019655105940423858,1920.0,5760.0,0.0,0.03125,0.03125,1.685726315489969e-05,0.0
28020.0,7.783333333333333,0.013152142760942759,1.3178123397885686,0.0,1.3178123397885686,0.31809300304419097,0.8223215538895754,1.7276784461094943,-9.299228054260311e-13,66,0.8223215538895754,0.001959741452671776,1920.0,5760.0,0.0,0.03125,0.03125,1.682695505022352e-05,0.0
28080.0,7.8,0.013149093706293706,1.3145434775255391,0.0,1.3145434775255391,0.317243027503131,0.820367570361307,1.7296324296377616,-9.312550730555813e-13,66,0.820367570361307,0.0019539835282674665,1920.0,5760.0,0.0,0.03125,0.03125,1.6830507657062803e-05,0.0
28140.0,7.816666666666666,0.013146038746438746,1.3112841690359862,0.0,1.3112841690359862,0.31639514741356006,0.8184193320111124,1.731580667987958,-9.29478716216181e-13,66,0.8184193320111124,0.0019482383501962716,1920.0,5760.0,0.0,0.03125,0.03125,1.6860774345970538e-05,0.0
28200.0,7.833333333333333,0.013142970732970733,1.3080343885319663,0.0,1.3080343885319663,0.31554942577029865,0.8164768245715135,1.7335231754275573,-9.29034627006331e-13,66,0.8164768245715135,0.0019425074395993788,1920.0,5760.0,0.0,0.03125,0.03125,1.7002776319726972e-05,0.0
28260.0,7.85,0.013139882517482517,1.3047941066684179,0.0,1.3047941066684179,0.31470592580013274,0.8145400322628383,1.7354599677362306,-9.308109838457312e-13,66,0.8145400322628383,0.0019367923086733745,1920.0,5760.0,0.0,0.03125,0.03125,1.6856122980193824e-05,0.0
28320.0,7.866666666666666,0.013136766951566953,1.3015632905953467,0.0,1.3015632905953467,0.31386471086972473,0.8126089378027931,1.7373910621962774,-9.29478716216181e-13,66,0.8126089378027931,0.0019310944600468892,1920.0,5760.0,0.0,0.03125,0.03125,1.6954486809114477e-05,0.0
28380.0,7.883333333333334,0.013133616886816886,1.2983419040094315,0.0,1.2983419040094315,0.31302584440260445,0.8106835224165524,1.7393164775825207,-9.268141809570807e-13,66,0.8106835224165524,0.0019254153862433051,1920.0,5760.0,0.0,0.03125,0.03125,1.6867827797155174e-05,0.0
28440.0,7.9,0.013130425174825175,1.2951299072050204,0.0,1.2951299072050204,0.3121893898042197,0.8087637658473305,1.741236234151742,-9.272582701669307e-13,66,0.8087637658473305,0.0019197565692211898,1920.0,5760.0,0.0,0.03125,0.03125,1.6981661555483882e-05,0.0
28500.0,7.916666666666667,0.013127184667184669,1.291927257124466,0.0,1.291927257124466,0.311355410394186,0.8068496463673439,1.7431503536317277,-9.281464485866309e-13,66,0.8068496463673439,0.0019141194799856722,1920.0,5760.0,0.0,0.03125,0.03125,1.685477159564511e-05,0.0
28560.0,7.933333333333334,0.013123888215488216,1.2887339074077213,0.0,1.2887339074077213,0.310523969344996,0.8049411407890822,1.7450588592099923,-9.254819133275305e-13,66,0.8049411407890822,0.001908505578264717,1920.0,5760.0,0.0,0.03125,0.03125,1.6852314545217967e-05,0.0
28620.0,7.95,0.01312052867132867,1.2855498084411838,0.0,1.2855498084411838,0.3096951296265466,0.8030382244768353,1.7469617755222373,-9.272582701669307e-13,66,0.8030382244768353,0.0019029163122451242,1920.0,5760.0,0.0,0.03125,0.03125,1.686394183831264e-05,0.0
28680.0,7.966666666666667,0.013117098886298887,1.282374907405711,0.0,1.282374907405711,0.3088689539559361,0.8011408713584734,1.7488591286406012,-9.250378241176804e-13,66,0.8011408713584734,0.0018973531183638754,1920.0,5760.0,0.0,0.03125,0.03125,1.6874533264657365e-05,0.0
28740.0,7.983333333333333,0.013113591711991711,1.279209148323781,0.0,1.279209148323781,0.3080455047520508,0.799249053937322,1.750750946061752,-9.254819133275305e-13,66,0.799249053937322,0.0018918174211508204,1920.0,5760.0,0.0,0.03125,0.03125,1.6919065700510233e-05,0.0
28800.0,8.0,0.01311,1.2760524721057445,0.0,1.2760524721057445,0.30722484409451395,0.7973627433042023,1.7526372566948714,-9.263700917472306e-13,66,0.7973627433042023,0.001886310633119252,1920.0,5760.0,0.0,0.03125,0.03125,1.6917278442367942e-05,0.0
28860.0,8.016666666666667,0.01310631402020202,1.2729048160828698,0.0,1.2729048160828698,0.3064070396094595,0.7954819089816481,1.7545180910174274,-9.245937349078304e-13,66,0.7954819089816481,0.0018808343225559857,1920.0,5760.0,0.0,0.03125,0.03125,1.695082899763189e-05,0.0
28920.0,8.033333333333333,0.01310253397979798,1.2697661149051238,0.0,1.2697661149051238,0.30559214288659764,0.7936065191830934,1.7563934808159822,-9.241496456979803e-13,66,0.7936065191830934,0.0018753897985547333,1920.0,5760.0,0.0,0.03125,0.03125,1.686410536495677e-05,0.0
28980.0,8.05,0.013098667636363635,1.2666363062547006,0.0,1.2666363062547006,0.3047801653435742,0.7917365427744103,1.758263457224666,-9.237055564881302e-13,66,0.7917365427744103,0.001869976408683707,1920.0,5760.0,0.0,0.03125,0.03125,1.6872072524479695e-05,0.0
29040.0,8.066666666666666,0.013094722747474747,1.2635153319048622,0.0,1.2635153319048622,0.30397109941593675,0.7898719498031784,1.760128050195897,-9.245937349078304e-13,66,0.7898719498031784,0.0018645929712309516,1920.0,5760.0,0.0,0.03125,0.03125,1.6868066206055854e-05,0.0
29100.0,8.083333333333334,0.01309070707070707,1.2604031376669362,0.0,1.2604031376669362,0.30316492546928125,0.7880127115958028,1.761987288403274,-9.232614672782802e-13,66,0.7880127115958028,0.0018592382073768894,1920.0,5760.0,0.0,0.03125,0.03125,1.687816131614874e-05,0.0
29160.0,8.1,0.013086628363636364,1.257299673338272,0.0,1.257299673338272,0.3023616150106869,0.7861588008209519,1.763841199178126,-9.2192919964873e-13,66,0.7861588008209519,0.0018539107748521395,1920.0,5760.0,0.0,0.03125,0.03125,1.6879200739129413e-05,0.0
29220.0,8.116666666666667,0.013082494383838386,1.2542048926510698,0.0,1.2542048926510698,0.3015611326454285,0.7843101915350131,1.7656898084640649,-9.2192919964873e-13,66,0.7843101915350131,0.0018486092859387778,1920.0,5760.0,0.0,0.03125,0.03125,1.686891872657247e-05,0.0
29280.0,8.133333333333333,0.013078312888888888,1.2511187532220331,0.0,1.2511187532220331,0.3007634374169949,0.7824668592159709,1.767533140783109,-9.201528428093297e-13,66,0.7824668592159709,0.0018433323190441247,1920.0,5760.0,0.0,0.03125,0.03125,1.6884631885080203e-05,0.0
29340.0,8.15,0.013074091636363637,1.248041216502753,0.0,1.248041216502753,0.299968483790247,0.7806287807891124,1.769371219209968,-9.192646643896296e-13,66,0.7806287807891124,0.001838078426858983,1920.0,5760.0,0.0,0.03125,0.03125,1.6875482231205004e-05,0.0
29400.0,8.166666666666666,0.013069838383838385,1.2449722477307714,0.0,1.2449722477307714,0.299176222406721,0.7787959346466629,1.771204065352417,-9.201528428093297e-13,66,0.7787959346466629,0.0018328461424490696,1920.0,5760.0,0.0,0.03125,0.03125,1.6725921942486394e-05,0.0
29460.0,8.183333333333334,0.01306556088888889,1.241911815881259,0.0,1.241911815881259,0.29838660068440537,0.7769683006626746,1.7730316993364068,-9.183764859699295e-13,66,0.7769683006626746,0.0018276339839897794,1920.0,5760.0,0.0,0.03125,0.03125,1.687913802515237e-05,0.0
29520.0,8.2,0.013061266909090909,1.2388598936192399,0.0,1.2388598936192399,0.2975995633060994,0.775145860204116,1.7748541397949653,-9.183764859699295e-13,66,0.775145860204116,0.0018224404585585564,1920.0,5760.0,0.0,0.03125,0.03125,1.6881398095683832e-05,0.0
29580.0,8.216666666666667,0.013056964202020202,1.2358164572523012,0.0,1.2358164572523012,0.29681505262493774,0.7733285961388694,1.7766714038602105,-9.201528428093297e-13,66,0.7733285961388694,0.0018172640652451175,1920.0,5760.0,0.0,0.03125,0.03125,1.683702736371527e-05,0.0
29640.0,8.233333333333333,0.013052660525252526,1.2327814866837263,0.0,1.2327814866837263,0.29603300900653695,0.7715164928411191,1.7784835071579628,-9.179323967600794e-13,66,0.7715164928411191,0.0018121032977522127,1920.0,5760.0,0.0,0.03125,0.03125,1.6889320583881e-05,0.0
29700.0,8.25,0.013048363636363637,1.2297549653660007,0.0,1.2297549653660007,0.29525337112148475,0.7697095361945135,1.7802904638045691,-9.170442183403793e-13,66,0.7697095361945135,0.0018069566466063195,1920.0,5760.0,0.0,0.03125,0.03125,1.6825641003938546e-05,0.0
29760.0,8.266666666666667,0.013044081292929293,1.226736880254614,0.0,1.226736880254614,0.2944760761981767,0.7679077135934494,1.782092286405633,-9.174883075502294e-13,66,0.7679077135934494,0.001801822601063884,1920.0,5760.0,0.0,0.03125,0.03125,1.689566204340387e-05,0.0
29820.0,8.283333333333333,0.013039821252525252,1.2237272217621287,0.0,1.2237272217621287,0.29370106024346676,0.7661110139426734,1.7838889860564093,-9.170442183403793e-13,66,0.7661110139426734,0.0017966996507762724,1920.0,5760.0,0.0,0.03125,0.03125,1.689937122175985e-05,0.0
29880.0,8.3,0.013035591272727274,1.220725983712435,0.0,1.220725983712435,0.2929282582368323,0.7643194276554142,1.7856805723436702,-9.157119507108291e-13,66,0.7643194276554142,0.0017915862872607924,1920.0,5760.0,0.0,0.03125,0.03125,1.6891320004568733e-05,0.0
29940.0,8.316666666666666,0.01303139911111111,1.2177331632951454,0.0,1.2177331632951454,0.29215760430248205,0.7625329466501993,1.7874670533488846,-9.157119507108291e-13,66,0.7625329466501993,0.0017864810052144995,1920.0,5760.0,0.0,0.03125,0.03125,1.689305052930159e-05,0.0
30000.0,8.333333333333334,0.013027252525252525,1.2147487610200884,0.0,1.2147487610200884,0.2913890318629201,0.7607515643465,1.789248435652584,-9.157119507108291e-13,66,0.7607515643465,0.0017813823036993224,1920.0,5760.0,0.0,0.03125,0.03125,1.6716397900594178e-05,0.0
30060.0,8.35,0.013023159272727274,1.2117727806718253,0.0,1.2117727806718253,0.2906224737767554,0.7589752756592782,1.7910247243398052,-9.166001291305292e-13,66,0.7589752756592782,0.001776288687221186,1920.0,5760.0,0.0,0.03125,0.03125,1.6727897005264304e-05,0.0
30120.0,8.366666666666667,0.013019127111111112,1.2088052292641538,0.0,1.2088052292641538,0.289857862463047,0.7572040769925575,1.7927959230065267,-9.157119507108291e-13,66,0.7572040769925575,0.0017711986667214258,1920.0,5760.0,0.0,0.03125,0.03125,1.6711386148964028e-05,0.0
30180.0,8.383333333333333,0.013015163797979797,1.2058461169945525,0.0,1.2058461169945525,0.2890951300140389,0.75543796623206,1.7945620337670218,-9.179323967600794e-13,66,0.75543796623206,0.0017661107604952275,1920.0,5760.0,0.0,0.03125,0.03125,1.672229919161136e-05,0.0
30240.0,8.4,0.013011277090909091,1.2028954571985002,0.0,1.2028954571985002,0.2883342082978221,0.7536769427370114,1.7963230572620712,-9.174883075502294e-13,66,0.7536769427370114,0.001761023495049275,1920.0,5760.0,0.0,0.03125,0.03125,1.670015478316747e-05,0.0
30300.0,8.416666666666666,0.013007474747474747,1.1999532663036394,0.0,1.1999532663036394,0.2875750290522221,0.7519210073311016,1.7980789926679797,-9.183764859699295e-13,66,0.7519210073311016,0.001755935405908529,1920.0,5760.0,0.0,0.03125,0.03125,1.688230857359419e-05,0.0
30360.0,8.433333333333334,0.013003764525252526,1.1970195637837213,0.0,1.1970195637837213,0.2868175239709906,0.7501701622927213,1.7998298377063602,-9.183764859699295e-13,66,0.7501701622927213,0.0017508450383806116,1920.0,5760.0,0.0,0.03125,0.03125,1.6882935567391118e-05,0.0
30420.0,8.45,0.013000154181818182,1.1940943721123012,0.0,1.1940943721123012,0.28606162478322555,0.7484244113444377,1.801575588654645,-9.170442183403793e-13,66,0.7484244113444377,0.0017457509482847794,1920.0,5760.0,0.0,0.03125,0.03125,1.6887831295016737e-05,0.0
30480.0,8.466666666666667,0.012996651474747474,1.1911777167161222,0.0,1.1911777167161222,0.2853072633267857,0.7466837596417856,1.8033162403572962,-9.179323967600794e-13,65,0.7466837596417856,0.001740651702651223,1920.0,5760.0,0.0,0.03125,0.03125,1.6891760283020132e-05,0.0
30540.0,8.483333333333333,0.012993264161616162,1.1882696259281573,0.0,1.1882696259281573,0.28455437161637426,0.7449482137613885,1.805051786237692,-9.192646643896296e-13,65,0.7449482137613885,0.0017355458803957286,1920.0,5760.0,0.0,0.03125,0.03125,1.6882933216831186e-05,0.0
30600.0,8.5,0.01299,1.1853701309402582,0.0,1.1853701309402582,0.28380288190687897,0.7432177816884151,1.8067822183106659,-9.188205751797796e-13,65,0.7432177816884151,0.0017304320729739234,1920.0,5760.0,0.0,0.03125,0.03125,1.686091066990383e-05,0.0
30660.0,8.516666666666667,0.012986844510288064,1.182479262540355,0.0,1.182479262540355,0.2830527693421948,0.7414924717537685,1.808507528245311,-9.201528428093297e-13,65,0.7414924717537685,0.0017253099346450694,1920.0,5760.0,0.0,0.03125,0.03125,1.686131087848207e-05,0.0
30720.0,8.533333333333333,0.012983774353909466,1.1795970395408817,0.0,1.1795970395408817,0.2823040901230013,0.7397722885771693,1.8102277114219112,-9.192646643896296e-13,65,0.7397722885771693,0.0017201831766002536,1920.0,5760.0,0.0,0.03125,0.03125,1.6905634454958275e-05,0.0
30780.0,8.55,0.012980784000000002,1.1767234751065547,0.0,1.1767234751065547,0.28155687567324644,0.7380572348014077,1.8119427651976738,-9.183764859699295e-13,65,0.7380572348014077,0.0017150537757625983,1920.0,5760.0,0.0,0.03125,0.03125,1.690028262243294e-05,0.0
30840.0,8.566666666666666,0.012977867917695472,1.1738585795271534,0.0,1.1738585795271534,0.2808111524660639,0.7363473120378697,1.8136526879612107,-9.192646643896296e-13,65,0.7363473120378697,0.0017099227635368665,1920.0,5760.0,0.0,0.03125,0.03125,1.6862726268047162e-05,0.0
30900.0,8.583333333333334,0.012975020576131688,1.1710023602564064,0.0,1.1710023602564064,0.280066947483859,0.7346425208844892,1.8153574791145901,-9.205969320191798e-13,65,0.7346425208844892,0.0017047911533794972,1920.0,5760.0,0.0,0.03125,0.03125,1.6882169399578006e-05,0.0
30960.0,8.6,0.012972236444444446,1.1681548219510405,0.0,1.1681548219510405,0.2793242892526576,0.7329428609250471,1.817057139074033,-9.197087535994797e-13,65,0.7329428609250471,0.0016996599594430728,1920.0,5760.0,0.0,0.03125,0.03125,1.6911723559354323e-05,0.0
31020.0,8.616666666666667,0.012969509991769549,1.1653159665099624,0.0,1.1653159665099624,0.27858320803263875,0.7312483307246574,1.8187516692744232,-9.192646643896296e-13,65,0.7312483307246574,0.0016945302003901095,1920.0,5760.0,0.0,0.03125,0.03125,1.6916066739618025e-05,0.0
31080.0,8.633333333333333,0.012966835687242797,1.1624857931135049,0.0,1.1624857931135049,0.2778437357581084,0.7295589278249918,1.8204410721740873,-9.205969320191798e-13,65,0.7295589278249918,0.001689402899664224,1920.0,5760.0,0.0,0.03125,0.03125,1.691715728635812e-05,0.0
31140.0,8.65,0.012964207999999998,1.1596642982626935,0.0,1.1596642982626935,0.2771059058958228,0.7278746487403382,1.8221253512587419,-9.197087535994797e-13,65,0.7278746487403382,0.0016842790846545946,1920.0,5760.0,0.0,0.03125,0.03125,1.692605937636828e-05,0.0
31200.0,8.666666666666666,0.012961621399176953,1.1568514758185027,0.0,1.1568514758185027,0.27636975328064106,0.7261954889548222,1.823804511044259,-9.188205751797796e-13,65,0.7261954889548222,0.0016791597855170177,1920.0,5760.0,0.0,0.03125,0.03125,1.693057222006807e-05,0.0
31260.0,8.683333333333334,0.012959070353909464,1.1540473170410426,0.0,1.1540473170410426,0.27563531395110796,0.7245214429208908,1.8254785570781897,-9.192646643896296e-13,65,0.7245214429208908,0.0016740460339308217,1920.0,5760.0,0.0,0.03125,0.03125,1.690071112497088e-05,0.0
31320.0,8.7,0.012956549333333333,1.1512518106286247,0.0,1.1512518106286247,0.2749026249938034,0.7228525040589916,1.8271474959400902,-9.179323967600794e-13,65,0.7228525040589916,0.001668938861900435,1920.0,5760.0,0.0,0.03125,0.03125,1.6937532457617145e-05,0.0
31380.0,8.716666666666667,0.012954052806584362,1.148464942756687,0.0,1.148464942756687,0.2741717243995117,0.7211886647583498,1.828811335240733,-9.170442183403793e-13,65,0.7211886647583498,0.0016638393006427462,1920.0,5760.0,0.0,0.03125,0.03125,1.69385177836284e-05,0.0
31440.0,8.733333333333333,0.012951575242798356,1.1456866971165094,0.0,1.1456866971165094,0.27344265093188724,0.7195299163787766,1.830470083620306,-9.170442183403793e-13,65,0.7195299163787766,0.0016587483795731553,1920.0,5760.0,0.0,0.03125,0.03125,1.6941480828318383e-05,0.0
31500.0,8.75,0.012949111111111111,1.1429170549537033,0.0,1.1429170549537033,0.27271544400814896,0.7178762492533866,1.8321237507456964,-9.166001291305292e-13,65,0.7178762492533866,0.001653667125390455,1920.0,5760.0,0.0,0.03125,0.03125,1.6945592936255418e-05,0.0
31560.0,8.766666666666667,0.012946654880658435,1.1401559951064286,0.0,1.1401559951064286,0.2719901435910209,0.71622765269213,1.8337723473069525,-9.174883075502294e-13,65,0.71622765269213,0.001648596561256053,1920.0,5760.0,0.0,0.03125,0.03125,1.6927074178879462e-05,0.0
31620.0,8.783333333333333,0.012944201020576133,1.1374034940432844,0.0,1.1374034940432844,0.2712667900908406,0.7145841149860691,1.835415885013013,-9.179323967600794e-13,65,0.7145841149860691,0.0016435377060604762,1920.0,5760.0,0.0,0.03125,0.03125,1.6953597890596907e-05,0.0
31680.0,8.8,0.012941744,1.134659525900873,0.0,1.134659525900873,0.2705454242769527,0.7129456234123004,1.8370543765867828,-9.166001291305292e-13,65,0.7129456234123004,0.0016384915737698593,1920.0,5760.0,0.0,0.03125,0.03125,1.695460783751686e-05,0.0
31740.0,8.816666666666666,0.012939278288065842,1.1319240625209677,0.0,1.1319240625209677,0.26982608719741996,0.7113121642394566,1.8386878357596286,-9.14823772291129e-13,65,0.7113121642394566,0.0016334591728457404,1920.0,5760.0,0.0,0.03125,0.03125,1.6926145556854883e-05,0.0
31800.0,8.833333333333334,0.012936798353909464,1.1291970734872743,0.0,1.1291970734872743,0.26910882010616366,0.7096837227337254,1.8403162772653598,-9.14823772291129e-13,65,0.7096837227337254,0.0016284415057311627,1920.0,5760.0,0.0,0.03125,0.03125,1.694677266269351e-05,0.0
31860.0,8.85,0.012934298666666667,1.1264785261617487,0.0,1.1264785261617487,0.268393664396883,0.7080602831653267,1.8419397168337572,-9.157119507108291e-13,65,0.7080602831653267,0.0016234395683973727,1920.0,5760.0,0.0,0.03125,0.03125,1.69660411629916e-05,0.0
31920.0,8.866666666666667,0.01293177369547325,1.1237683857204364,0.0,1.1237683857204364,0.2676806615430085,0.7064418288153814,1.8435581711837032,-9.15267861500979e-13,65,0.7064418288153814,0.0016184543499460447,1920.0,5760.0,0.0,0.03125,0.03125,1.690764641156938e-05,0.0
31980.0,8.883333333333333,0.01292921790946502,1.121066615188819,0.0,1.121066615188819,0.26696985304312837,0.7048283419831207,1.8451716580159652,-9.139355938714289e-13,65,0.7048283419831207,0.001613486832262027,1920.0,5760.0,0.0,0.03125,0.03125,1.692996337108059e-05,0.0
32040.0,8.9,0.012926625777777777,1.118373175476628,0.0,1.118373175476628,0.26626128037131735,0.7032198039934089,1.8467801960056776,-9.134915046615788e-13,65,0.7032198039934089,0.0016085379897123615,1920.0,5760.0,0.0,0.03125,0.03125,1.695077208843494e-05,0.0
32100.0,8.916666666666666,0.012923991769547324,1.115688025412104,0.0,1.115688025412104,0.26555498493198654,0.7016161952045197,1.8483838047945658,-9.14379683081279e-13,65,0.7016161952045197,0.0016036087888881255,1920.0,5760.0,0.0,0.03125,0.03125,1.6959353743741274e-05,0.0
32160.0,8.933333333333334,0.012921310353909466,1.1130111217756957,0.0,1.1130111217756957,0.2648510080187951,0.7000174950161359,1.8499825049829515,-9.126033262418787e-13,65,0.7000174950161359,0.001598700188385767,1920.0,5760.0,0.0,0.03125,0.03125,1.6977894763996104e-05,0.0
32220.0,8.95,0.012918576,1.1103424193331448,0.0,1.1103424193331448,0.26414939077723715,0.6984236818775118,1.8515763181215763,-9.117151478221786e-13,65,0.6984236818775118,0.0015938131386247789,1920.0,5760.0,0.0,0.03125,0.03125,1.6906697656044823e-05,0.0
32280.0,8.966666666666667,0.012915783176954732,1.1076818708679694,0.0,1.1076818708679694,0.2634501741706605,0.6968347332958125,1.8531652667032756,-9.117151478221786e-13,65,0.6968347332958125,0.0015889485816992653,1920.0,5760.0,0.0,0.03125,0.03125,1.69178225472473e-05,0.0
32340.0,8.983333333333333,0.012912926353909464,1.1050294272133017,0.0,1.1050294272133017,0.26275339894932875,0.6952506258445523,1.8547493741545367,-9.108269694024784e-13,65,0.6952506258445523,0.0015841074512610647,1920.0,5760.0,0.0,0.03125,0.03125,1.693070182703383e-05,0.0
32400.0,9.0,0.01291,1.1023850372830861,0.0,1.1023850372830861,0.2620591056223519,0.6936713351721199,1.8563286648269688,-9.112710586123285e-13,65,0.6936713351721199,0.0015792906724320472,1920.0,5760.0,0.0,0.03125,0.03125,1.6946743406795815e-05,0.0
32460.0,9.016666666666667,0.012907000823045266,1.0997486483478802,0.0,1.0997486483478802,0.261367330722178,0.6920968360903121,1.8579031639087764,-9.112710586123285e-13,65,0.6920968360903121,0.0015744990818075998,1920.0,5760.0,0.0,0.03125,0.03125,1.6959808105144956e-05,0.0
32520.0,9.033333333333333,0.012903932510288065,1.0971202082137,0.0,1.0971202082137,0.2606780899534852,0.6905271033161098,1.8594728966829794,-9.103828801926284e-13,65,0.6905271033161098,0.0015697327742030648,1920.0,5760.0,0.0,0.03125,0.03125,1.6965467871724857e-05,0.0
32580.0,9.05,0.012900799999999999,1.0944996669611167,0.0,1.0944996669611167,0.2599913827503316,0.6889621121452929,1.8610378878537979,-9.090506125630782e-13,65,0.6889621121452929,0.0015649911708184422,1920.0,5760.0,0.0,0.03125,0.03125,1.696896744562584e-05,0.0
32640.0,9.066666666666666,0.012897608230452674,1.091886977024043,0.0,1.091886977024043,0.25930719986107725,0.6874018385655176,1.8625981614335716,-9.103828801926284e-13,65,0.6874018385655176,0.0015602735797736866,1920.0,5760.0,0.0,0.03125,0.03125,1.6756836331902952e-05,0.0
32700.0,9.083333333333334,0.012894362139917695,1.0892820931577392,0.0,1.0892820931577392,0.25862552596638705,0.6858462593028128,1.8641537406962787,-9.08162434143378e-13,65,0.6858462593028128,0.0015555792627070548,1920.0,5760.0,0.0,0.03125,0.03125,1.697834147240167e-05,0.0
32760.0,9.1,0.012891066666666668,1.0866849724073189,0.0,1.0866849724073189,0.25794634112624104,0.684295351853821,1.86570464814527,-9.090506125630782e-13,65,0.684295351853821,0.001550907448991316,1920.0,5760.0,0.0,0.03125,0.03125,1.6982480136977734e-05,0.0
32820.0,9.116666666666667,0.012887726748971194,1.0840955740767224,0.0,1.0840955740767224,0.257269621727565,0.6827490945095446,1.8672509054895472,-9.08162434143378e-13,65,0.6827490945095446,0.0015462573442772069,1920.0,5760.0,0.0,0.03125,0.03125,1.698985425358146e-05,0.0
32880.0,9.133333333333333,0.01288434732510288,1.0815138596981342,0.0,1.0815138596981342,0.2565953411610528,0.6812074663732361,1.8687925336258564,-9.072742557236779e-13,65,0.6812074663732361,0.001541628136309209,1920.0,5760.0,0.0,0.03125,0.03125,1.6790198708261373e-05,0.0
32940.0,9.15,0.012880933333333332,1.0789397930018332,0.0,1.0789397930018332,0.25592347033160767,0.6796704473740646,1.8703295526250272,-9.08162434143378e-13,65,0.6796704473740646,0.0015370189991708435,1920.0,5760.0,0.0,0.03125,0.03125,1.6724590311474738e-05,0.0
33000.0,9.166666666666666,0.012877489711934156,1.0763733398864224,0.0,1.0763733398864224,0.2552539780580858,0.6781380182775362,1.8718619817215565,-9.072742557236779e-13,65,0.6781380182775362,0.001532429096529217,1920.0,5760.0,0.0,0.03125,0.03125,1.6724738245745122e-05,0.0
33060.0,9.183333333333334,0.012874021399176955,1.0738144683894593,0.0,1.0738144683894593,0.2545868313951813,0.6766101606933399,1.8733898393057542,-9.059419880941277e-13,65,0.6766101606933399,0.0015278575841976589,1920.0,5760.0,0.0,0.03125,0.03125,9.293307476374876e-06,0.0
33120.0,9.2,0.012870533333333331,1.0712631486584177,0.0,1.0712631486584177,0.2539219958982425,0.6750868570811279,1.874913142917965,-9.068301665138279e-13,65,0.6750868570811279,0.001523303612210956,1920.0,5760.0,0.0,0.03125,0.03125,1.672516757063954e-05,0.0
33180.0,9.216666666666667,0.012867030452674897,1.0687193529220047,0.0,1.0687193529220047,0.2532594358448791,0.6735680907545896,1.8764319092445045,-9.059419880941277e-13,65,0.6735680907545896,0.00151876632653952,1920.0,5760.0,0.0,0.03125,0.03125,1.672545046497044e-05,0.0
33240.0,9.233333333333333,0.012863517695473252,1.066183055461774,0.0,1.066183055461774,0.25259911442302246,0.6720538458840618,1.877946154115033,-9.050538096744276e-13,65,0.6720538458840618,0.0015142448705284335,1920.0,5760.0,0.0,0.03125,0.03125,1.672570105235376e-05,0.0
33300.0,9.25,0.01286,1.0636542325840441,0.0,1.0636542325840441,0.2519409938923778,0.6705441074979401,1.8794558925011553,-9.041656312547275e-13,65,0.6705441074979401,0.0015097383861223026,1920.0,5760.0,0.0,0.03125,0.03125,1.672581516151248e-05,0.0
33360.0,9.266666666666667,0.012856482304526748,1.0611328625920808,0.0,1.0611328625920808,0.25128503572441163,0.6690388614830194,1.8809611385160754,-9.050538096744276e-13,65,0.6690388614830194,0.0015052460149200127,1920.0,5760.0,0.0,0.03125,0.03125,1.672617539804846e-05,0.0
33420.0,9.283333333333333,0.012852969547325104,1.0586189257585341,0.0,1.0586189257585341,0.25063120072475836,0.6675380945839282,1.8824619054151681,-9.032774528350274e-13,65,0.6675380945839282,0.0015007668990927915,1920.0,5760.0,0.0,0.03125,0.03125,1.6726325669587207e-05,0.0
33480.0,9.3,0.012849466666666667,1.056112404298112,0.0,1.056112404298112,0.24997944914105122,0.6660417944017369,1.8839582055973587,-9.041656312547275e-13,65,0.6660417944017369,0.0014963001821906685,1920.0,5760.0,0.0,0.03125,0.03125,8.9230124472379e-06,0.0
33540.0,9.316666666666666,0.012845978600823045,1.0536132823404643,0.0,1.0536132823404643,0.24932974075853165,0.6645499493918793,1.8854500506072158,-9.046097204645775e-13,65,0.6645499493918793,0.0014918450098570593,1920.0,5760.0,0.0,0.03125,0.03125,1.6726784962619175e-05,0.0
33600.0,9.333333333333334,0.012842510288065843,1.0511215459032597,0.0,1.0511215459032597,0.24868203498531685,0.6630625488614141,1.8869374511376829,-9.028333636251773e-13,65,0.6630625488614141,0.0014874005304670742,1920.0,5760.0,0.0,0.03125,0.03125,1.6727060000434587e-05,0.0
33660.0,9.35,0.012839066666666668,1.0486371828654448,0.0,1.0486371828654448,0.24803629092883706,0.6615795829657143,1.8884204170333847,-9.00612917575927e-13,65,0.6615795829657143,0.0014829658957019067,1920.0,5760.0,0.0,0.03125,0.03125,8.923012182627073e-06,0.0
33720.0,9.366666666666667,0.012835652674897119,1.0461601829406502,0.0,1.0461601829406502,0.2473924674646828,0.6601010427046433,1.889898957294454,-9.023892744153272e-13,65,0.6601010427046433,0.0014785402610693358,1920.0,5760.0,0.0,0.03125,0.03125,1.672762173651661e-05,0.0
33780.0,9.383333333333333,0.012832273251028807,1.0436905376507488,0.0,1.0436905376507488,0.24675052329887837,0.658626919918265,1.8913730800808328,-9.019451852054772e-13,65,0.658626919918265,0.001474122786378715,1920.0,5760.0,0.0,0.03125,0.03125,1.6727770581425276e-05,0.0
33840.0,9.4,0.012828933333333334,1.0412282402995214,0.0,1.0412282402995214,0.24611041702443087,0.6571572072820886,1.89284279271701,-9.015010959956271e-13,65,0.6571572072820886,0.0014697126361770828,1920.0,5760.0,0.0,0.03125,0.03125,1.672790855397174e-05,0.0
33900.0,9.416666666666666,0.012825637860082305,1.0387732859464354,0.0,1.0387732859464354,0.2454721071728674,0.6556918983019344,1.8943081016971621,-9.032774528350274e-13,65,0.6556918983019344,0.0014653089801522027,1920.0,5760.0,0.0,0.03125,0.03125,1.672827561678127e-05,0.0
33960.0,9.433333333333334,0.012822391769547326,1.0363256713804956,0.0,1.0363256713804956,0.24483555226135897,0.6542309873084293,1.8957690126906692,-9.015010959956271e-13,65,0.6542309873084293,0.0014609109935071775,1920.0,5760.0,0.0,0.03125,0.03125,1.699318594816895e-05,0.0
34020.0,9.45,0.012819200000000001,1.0338853950941829,0.0,1.0338853950941829,0.24420071083594502,0.6527744694511178,1.89722553054798,-9.019451852054772e-13,65,0.6527744694511178,0.0014565178573107036,1920.0,5760.0,0.0,0.03125,0.03125,1.67286298233322e-05,0.0
34080.0,9.466666666666667,0.012816067489711935,1.031452457257412,0.0,1.031452457257412,0.24356754151129462,0.6513223406922923,1.8986776593068062,-9.015010959956271e-13,65,0.6513223406922923,0.0014521287588263462,1920.0,5760.0,0.0,0.03125,0.03125,8.923011273136666e-06,0.0
34140.0,9.483333333333333,0.012812999176954734,1.0290268596915533,0.0,1.0290268596915533,0.24293600300738147,0.6498745978004677,1.9001254021986298,-9.023892744153272e-13,65,0.6498745978004677,0.001447742891823683,1920.0,5760.0,0.0,0.03125,0.03125,1.672910176323759e-05,0.0
34200.0,9.5,0.01281,1.0266086058434465,0.0,1.0266086058434465,0.2423060541833976,0.6484312383435942,1.9015687616555037,-9.019451852054772e-13,65,0.6484312383435942,0.0014433594568739223,1920.0,5760.0,0.0,0.03125,0.03125,8.923010901172132e-06,0.0
34260.0,9.516666666666667,0.012807050732510287,1.0241976977594711,0.0,1.0241976977594711,0.24167769649059923,0.646992259694437,1.9030077403046615,-9.015010959956271e-13,65,0.646992259694437,0.0014389786491578683,1920.0,5760.0,0.0,0.03125,0.03125,1.6729546078909666e-05,0.0
34320.0,9.533333333333333,0.012804128329218107,1.0217941264249468,0.0,1.0217941264249468,0.24105099921848347,0.6455576555749568,1.9044423444241405,-9.023892744153272e-13,65,0.6455576555749568,0.001434604119479051,1920.0,5760.0,0.0,0.03125,0.03125,1.6729766670186638e-05,0.0
34380.0,9.55,0.012801232,1.0193978796208798,0.0,1.0193978796208798,0.2404259898711594,0.6441274183799793,1.90587258161912,-9.00612917575927e-13,65,0.6441274183799793,0.0014302371949794813,1920.0,5760.0,0.0,0.03125,0.03125,1.6729951395486595e-05,0.0
34440.0,9.566666666666666,0.01279836095473251,1.0170089447623814,0.0,1.0170089447623814,0.23980268268179114,0.6427015402377361,1.9072984597613616,-9.023892744153272e-13,64,0.6427015402377361,0.0014258781422416672,1920.0,5760.0,0.0,0.03125,0.03125,1.6730051629988415e-05,0.0
34500.0,9.583333333333334,0.012795514403292182,1.0146273089042224,0.0,1.0146273089042224,0.2391810869051244,0.6412800130713899,1.9087199869277096,-9.001688283660769e-13,64,0.6412800130713899,0.0014215271663480552,1920.0,5760.0,0.0,0.03125,0.03125,1.6730202114471732e-05,0.0
34560.0,9.6,0.012792691555555557,1.0122529587463827,0.0,1.0122529587463827,0.2385612092639056,0.6398628286267685,1.9101371713723312,-9.001688283660769e-13,64,0.6398628286267685,0.0014171844446215854,1920.0,5760.0,0.0,0.03125,0.03125,1.6730495718430467e-05,0.0
34620.0,9.616666666666667,0.012789891621399176,1.0098858806395907,0.0,1.0098858806395907,0.23794305502889176,0.6384499784878649,1.9115500215112355,-8.992806499463768e-13,64,0.6384499784878649,0.0014128501389044635,1920.0,5760.0,0.0,0.03125,0.03125,1.673072757623996e-05,0.0
34680.0,9.633333333333333,0.012787113810699587,1.0075260605908405,0.0,1.0075260605908405,0.23732662858117295,0.637041454086426,1.912958545912673,-9.00612917575927e-13,64,0.637041454086426,0.0014085244014375108,1920.0,5760.0,0.0,0.03125,0.03125,1.6730755405584165e-05,0.0
34740.0,9.65,0.012784357333333333,1.005173484268897,0.0,1.005173484268897,0.23671193373419533,0.6356372467083585,1.9143627532907412,-9.001688283660769e-13,64,0.6356372467083585,0.0014042073780681638,1920.0,5760.0,0.0,0.03125,0.03125,1.6731111118664874e-05,0.0
34800.0,9.666666666666666,0.012781621399176955,1.0028281370097738,0.0,1.0028281370097738,0.23609897392983734,0.634237347498215,1.915762652500886,-8.988365607365267e-13,64,0.634237347498215,0.001399899210144692,1920.0,5760.0,0.0,0.03125,0.03125,1.6731245766796867e-05,0.0
34860.0,9.683333333333334,0.012778905218106994,1.0004900038221793,0.0,1.0004900038221793,0.2354877523628421,0.6328417474625214,1.9171582525365802,-8.979483823168266e-13,64,0.6328417474625214,0.0013956000356943846,1920.0,5760.0,0.0,0.03125,0.03125,1.6731453151769533e-05,0.0
34920.0,9.7,0.012776207999999999,0.9981590693929321,0.0,0.9981590693929321,0.23487827206202314,0.6314504374723384,1.918549562526763,-8.983924715266767e-13,64,0.6314504374723384,0.0013913099901826963,1920.0,5760.0,0.0,0.03125,0.03125,1.673154625870353e-05,0.0
34980.0,9.716666666666667,0.012773528954732511,0.9958353180923438,0.0,0.9958353180923438,0.23427053594420558,0.6300634082653245,1.9199365917337774,-8.979483823168266e-13,64,0.6300634082653245,0.0013870292070143112,1920.0,5760.0,0.0,0.03125,0.03125,1.673175192093525e-05,0.0
35040.0,9.733333333333333,0.01277086729218107,0.9935187339795535,0.0,0.9935187339795535,0.23366454685037988,0.6286806504474567,1.921319349551646,-8.970602038971265e-13,64,0.6286806504474567,0.0013827578178685904,1920.0,5760.0,0.0,0.03125,0.03125,1.6732005313639402e-05,0.0
35100.0,9.75,0.012768222222222222,0.9912093008078233,0.0,0.9912093008078233,0.2330603075699416,0.6273021544945299,1.9226978455045718,-8.979483823168266e-13,64,0.6273021544945299,0.0013784959529257648,1920.0,5760.0,0.0,0.03125,0.03125,9.737062815765901e-06,0.0
35160.0,9.766666666666667,0.01276559295473251,0.9889070020297807,0.0,0.9889070020297807,0.23245782085678027,0.6259279107535116,1.924072089245591,-8.970602038971265e-13,64,0.6259279107535116,0.0013742437410191872,1920.0,5760.0,0.0,0.03125,0.03125,1.673224233600851e-05,0.0
35220.0,9.783333333333333,0.012762978699588477,0.9866118208026184,0.0,0.9866118208026184,0.2318570894397082,0.6245579094437749,1.9254420905553276,-8.975042931069765e-13,64,0.6245579094437749,0.0013700013097365895,1920.0,5760.0,0.0,0.03125,0.03125,9.101063376937419e-06,0.0
35280.0,9.8,0.012760378666666666,0.9843237399932268,0.0,0.9843237399932268,0.23125811602891058,0.6231921406582903,1.9268078593408133,-8.961720254774264e-13,64,0.6231921406582903,0.0013657687854858834,1920.0,5760.0,0.0,0.03125,0.03125,9.737062304452152e-06,0.0
35340.0,9.816666666666666,0.012757792065843621,0.9820427421832804,0.0,0.9820427421832804,0.2306609033195748,0.6218305943647547,1.9281694056343492,-8.957279362675763e-13,64,0.6218305943647547,0.001361546293535857,1920.0,5760.0,0.0,0.03125,0.03125,9.101257127912437e-06,0.0
35400.0,9.833333333333334,0.012755218106995885,0.9797688096742581,0.0,0.9797688096742581,0.2300654539935159,0.6204732604067165,1.9295267395923883,-8.952838470577262e-13,64,0.6204732604067165,0.0013573339580391075,1920.0,5760.0,0.0,0.03125,0.03125,8.923005274234999e-06,0.0
35460.0,9.85,0.012752656,0.977501924492403,0.0,0.977501924492403,0.22947177071937394,0.6191201285046729,1.9308798714944309,-8.961720254774264e-13,64,0.6191201285046729,0.0013531319020424484,1920.0,5760.0,0.0,0.03125,0.03125,9.737061784007313e-06,0.0
35520.0,9.866666666666667,0.012750104954732512,0.9752420683936172,0.0,0.9752420683936172,0.22887985615179982,0.6177711882571854,1.932228811741919,-8.952838470577262e-13,64,0.6177711882571854,0.001348940247488305,1920.0,5760.0,0.0,0.03125,0.03125,8.923004579147973e-06,0.0
35580.0,9.883333333333333,0.012747564181069959,0.9729892228682898,0.0,0.9729892228682898,0.22828971292993588,0.616426429141976,1.933573570857129,-8.948397578478762e-13,64,0.616426429141976,0.0013447591152099731,1920.0,5760.0,0.0,0.03125,0.03125,8.923004224376663e-06,0.0
35640.0,9.9,0.01274503288888889,0.9707433691460607,0.0,0.9707433691460607,0.22770134367540681,0.6150858405170526,1.9349141594820516,-8.957279362675763e-13,64,0.6150858405170526,0.0013405886249225054,1920.0,5760.0,0.0,0.03125,0.03125,9.73706125392775e-06,0.0
35700.0,9.916666666666666,0.012742510288065842,0.9685044882005148,0.0,0.9685044882005148,0.22711475098998724,0.6137494116218427,1.9362505883772623,-8.948397578478762e-13,64,0.6137494116218427,0.0013364288952107662,1920.0,5760.0,0.0,0.03125,0.03125,8.923003501154056e-06,0.0
35760.0,9.933333333333334,0.012739995588477366,0.966272560753803,0.0,0.966272560753803,0.22652993745306568,0.6124171315783277,1.9375828684207779,-8.943956686380261e-13,64,0.6124171315783277,0.0013322800435156485,1920.0,5760.0,0.0,0.03125,0.03125,9.73706071385649e-06,0.0
35820.0,9.95,0.012737488,0.9640475672812012,0.0,0.9640475672812012,0.2259469056189957,0.6110889893922093,1.9389110106068972,-8.93507490218326e-13,64,0.6110889893922093,0.0013281421861192674,1920.0,5760.0,0.0,0.03125,0.03125,8.923002760729205e-06,0.0
35880.0,9.966666666666667,0.012734986732510289,0.9618294880155951,0.0,0.9618294880155951,0.22536565801439568,0.6097649739540797,1.940235026045027,-8.930634010084759e-13,64,0.6097649739540797,0.0013240154381296675,1920.0,5760.0,0.0,0.03125,0.03125,9.102229287316649e-06,0.0
35940.0,9.983333333333333,0.012732490995884773,0.9596183029518999,0.0,0.9596183029518999,0.2247861971354523,0.6084450740406155,1.9415549259584926,-8.917311333789257e-13,64,0.6084450740406155,0.0013198999134655359,1920.0,5760.0,0.0,0.03125,0.03125,9.737060163289745e-06,0.0
36000.0,10.0,0.01273,0.9574139918514082,0.0,0.9574139918514082,0.2242085254452565,0.6071292783157743,1.9428707216833336,-8.917311333789257e-13,64,0.6071292783157743,0.0013157957248411453,1920.0,5760.0,0.0,0.03125,0.03125,8.923001620572602e-06,0.0
36060.0,10.016666666666667,0.01272751552516619,0.9552165345371197,0.0,0.9552165345371197,0.22363264107080855,0.6058175754282552,1.944182424570853,-8.917311333789257e-13,64,0.6058175754282552,0.0013117028875193758,1920.0,5760.0,0.0,0.03125,0.03125,8.923001233276203e-06,0.0
36120.0,10.033333333333333,0.012725039984805318,0.9530259118718984,0.0,0.9530259118718984,0.2230585348142409,0.6045099543630461,1.9454900456360618,-8.917311333789257e-13,64,0.6045099543630461,0.001307621065208726,1920.0,5760.0,0.0,0.03125,0.03125,9.737059601755292e-06,0.0
36180.0,10.05,0.01272257353846154,0.9508421050657032,0.0,0.9508421050657032,0.2224862011073,0.6032064042413551,1.946793595757753,-8.917311333789257e-13,64,0.6032064042413551,0.0013035501216912232,1920.0,5760.0,0.0,0.03125,0.03125,9.102678375679973e-06,0.0
36240.0,10.066666666666666,0.012720116345679012,0.9486650954099582,0.0,0.9486650954099582,0.2219156354194847,0.601906914222854,1.9480930857762548,-8.908429549592256e-13,64,0.601906914222854,0.0012994900185020056,1920.0,5760.0,0.0,0.03125,0.03125,8.92300004662648e-06,0.0
36300.0,10.083333333333334,0.012717668566001901,0.9464948642768514,0.0,0.9464948642768514,0.22134683352052273,0.6006114735012487,1.949388526497861,-8.899547765395255e-13,64,0.6006114735012487,0.0012954407216060476,1920.0,5760.0,0.0,0.03125,0.03125,9.737059029362365e-06,0.0
36360.0,10.1,0.01271523035897436,0.9443313931186221,0.0,0.9443313931186221,0.22077979128396935,0.599320071302751,1.9506799286963583,-8.903988657493755e-13,64,0.599320071302751,0.0012914021984973163,1920.0,5760.0,0.0,0.03125,0.03125,9.103012474707295e-06,0.0
36420.0,10.116666666666667,0.012712801884140552,0.9421746634668312,0.0,0.9421746634668312,0.22021450461012296,0.5980326968854998,1.9519673031136102,-8.899547765395255e-13,64,0.5980326968854998,0.0012873744172518305,1920.0,5760.0,0.0,0.03125,0.03125,9.737058446212708e-06,0.0
36480.0,10.133333333333333,0.012710383301044636,0.9400246569316268,0.0,0.9400246569316268,0.2196509693915503,0.5967493395393707,1.95325066045974,-8.890665981198254e-13,64,0.5967493395393707,0.0012833573461297927,1920.0,5760.0,0.0,0.03125,0.03125,8.92299840191128e-06,0.0
36540.0,10.15,0.012707974769230771,0.9378813552009934,0.0,0.9378813552009934,0.2190891814971005,0.5954699885859771,1.954530011413133,-8.899547765395255e-13,64,0.5954699885859771,0.0012793509533929777,1920.0,5760.0,0.0,0.03125,0.03125,8.922997979293465e-06,0.0
36600.0,10.166666666666666,0.012705576448243116,0.9357447400400014,0.0,0.9357447400400014,0.21852913676485997,0.5941946333787579,1.9558053666203534,-8.886225089099753e-13,64,0.5941946333787579,0.0012753552072204658,1920.0,5760.0,0.0,0.03125,0.03125,1.6993279971501777e-05,0.0
36660.0,10.183333333333334,0.01270318849762583,0.9336147932900496,0.0,0.9336147932900496,0.21797083099972292,0.5929232633030843,1.9570767366960269,-8.886225089099753e-13,64,0.5929232633030843,0.0012713700756735568,1920.0,5760.0,0.0,0.03125,0.03125,8.922997120042494e-06,0.0
36720.0,10.2,0.012700811076923078,0.9314914968681045,0.0,0.9314914968681045,0.21741425997342526,0.5916558677763987,1.9583441322227133,-8.877343304902752e-13,64,0.5916558677763987,0.0012673955266864574,1920.0,5760.0,0.0,0.03125,0.03125,9.103651789149834e-06,0.0
36780.0,10.216666666666667,0.012698444345679013,0.9293748327659398,0.0,0.9293748327659398,0.21685941942590642,0.5903924362483262,1.9596075637507842,-8.895106873296754e-13,64,0.5903924362483262,0.00126343152807091,1920.0,5760.0,0.0,0.03125,0.03125,1.6993285907364178e-05,0.0
36840.0,10.233333333333333,0.012696088463437796,0.9272647830493784,0.0,0.9272647830493784,0.21630630506736587,0.5891329582007981,1.9608670417983123,-8.895106873296754e-13,64,0.5891329582007981,0.0012594780475282303,1920.0,5760.0,0.0,0.03125,0.03125,8.922995795506162e-06,0.0
36900.0,10.25,0.012693743589743591,0.9251613298575357,0.0,0.9251613298575357,0.2157549125806585,0.5878774231481346,1.9621225768509774,-8.877343304902752e-13,64,0.5878774231481346,0.0012555350526651504,1920.0,5760.0,0.0,0.03125,0.03125,9.737056664677018e-06,0.0
36960.0,10.266666666666667,0.012691409884140551,0.9230644554020657,0.0,0.9230644554020657,0.21520523762381702,0.5866258206371229,1.9633741793619888,-8.881784197001252e-13,64,0.5866258206371229,0.0012516025110113891,1920.0,5760.0,0.0,0.03125,0.03125,9.10395879755809e-06,0.0
37020.0,10.283333333333333,0.01268908750617284,0.9209741419664171,0.0,0.9209741419664171,0.21465727583258196,0.5853781402470865,1.9646218597520264,-8.86846152070575e-13,64,0.5853781402470865,0.0012476803900377052,1920.0,5760.0,0.0,0.03125,0.03125,8.922994427178058e-06,0.0
37080.0,10.3,0.012686776615384615,0.9188903719050923,0.0,0.9188903719050923,0.2141110228228657,0.5841343715899137,1.9658656284092002,-8.859579736508749e-13,64,0.5841343715899137,0.0012437686571737574,1920.0,5760.0,0.0,0.03125,0.03125,9.737056038024085e-06,0.0
37140.0,10.316666666666666,0.01268447737132004,0.9168131276429143,0.0,0.9168131276429143,0.21356647419311384,0.5828945043100879,1.9671054956890255,-8.86402062860725e-13,64,0.5828945043100879,0.0012398672798253126,1920.0,5760.0,0.0,0.03125,0.03125,8.922993490071762e-06,0.0
37200.0,10.333333333333334,0.012682189933523269,0.9147423916743076,0.0,0.9147423916743076,0.2130236255265419,0.5816585280846972,1.968341471914416,-8.86402062860725e-13,64,0.5816585280846972,0.0012359762253906284,1920.0,5760.0,0.0,0.03125,0.03125,8.922993013925986e-06,0.0
37260.0,10.35,0.012679914461538464,0.9126781465625805,0.0,0.9126781465625805,0.21248247239323756,0.5804264326234223,1.969573567375692,-8.855138844410249e-13,64,0.5804264326234223,0.001232095461275876,1920.0,5760.0,0.0,0.03125,0.03125,9.737055400140464e-06,0.0
37320.0,10.366666666666667,0.012677651114909783,0.9106203749392254,0.0,0.9106203749392254,0.21194301035212887,0.5791982076685125,1.9708017923306016,-8.855138844410249e-13,64,0.5791982076685125,0.0012282249549095527,1920.0,5760.0,0.0,0.03125,0.03125,9.104573092338101e-06,0.0
37380.0,10.383333333333333,0.012675400053181386,0.9085690595032242,0.0,0.9085690595032242,0.21140523495281882,0.5779738429947576,1.9720261570043576,-8.846257060213247e-13,64,0.5779738429947576,0.001224364673755927,1920.0,5760.0,0.0,0.03125,0.03125,9.104661054196642e-06,0.0
37440.0,10.4,0.012673161435897437,0.9065241830203707,0.0,0.9065241830203707,0.21086914173729246,0.5767533284094293,1.973246671589685,-8.855138844410249e-13,64,0.5767533284094293,0.0012205145853274905,1920.0,5760.0,0.0,0.03125,0.03125,9.737054750899442e-06,0.0
37500.0,10.416666666666666,0.01267093542260209,0.9044857283225987,0.0,0.9044857283225987,0.21033472624150237,0.575536653752234,1.9744633462468815,-8.846257060213247e-13,64,0.575536653752234,0.0012166746571964932,1920.0,5760.0,0.0,0.03125,0.03125,8.922990555576442e-06,0.0
37560.0,10.433333333333334,0.012668722172839507,0.9024536783073269,0.0,0.9024536783073269,0.2098019839968404,0.5743238088952285,1.9756761911038871,-8.841816168114747e-13,64,0.5743238088952285,0.0012128448570056425,1920.0,5760.0,0.0,0.03125,0.03125,8.9229900480846e-06,0.0
37620.0,10.45,0.012666521846153848,0.9004280159368141,0.0,0.9004280159368141,0.20927091053150224,0.573114783742751,1.976885216256365,-8.837375276016246e-13,64,0.573114783742751,0.0012090251524778967,1920.0,5760.0,0.0,0.03125,0.03125,9.737054090428344e-06,0.0
37680.0,10.466666666666667,0.012664334602089268,0.8984087242375258,0.0,0.8984087242375258,0.20874150137175188,0.5719095682313254,1.9780904317677905,-8.837375276016246e-13,64,0.5719095682313254,0.0012052155114256023,1920.0,5760.0,0.0,0.03125,0.03125,8.922989016937226e-06,0.0
37740.0,10.483333333333333,0.012662160600189935,0.8963957862995154,0.0,0.8963957862995154,0.20821375204309497,0.5707081523295682,1.9792918476695494,-8.824052599720744e-13,64,0.5707081523295682,0.0012014159017588349,1920.0,5760.0,0.0,0.03125,0.03125,9.737053418622832e-06,0.0
37800.0,10.5,0.012660000000000001,0.8943891852758147,0.0,0.8943891852758147,0.20768765807136444,0.5695105260380742,1.9804894739610424,-8.832934383917745e-13,64,0.5695105260380742,0.0011976262914931107,1920.0,5760.0,0.0,0.03125,0.03125,8.922987963952254e-06,0.0
37860.0,10.516666666666667,0.012657861196581197,0.8923889052583456,0.0,0.8923889052583456,0.20716320161138768,0.5683166796807945,1.9816833203183235,-8.819611707622244e-13,64,0.5683166796807945,0.001193846357281073,1920.0,5760.0,0.0,0.03125,0.03125,9.105390364602993e-06,0.0
37920.0,10.533333333333333,0.012655751111111113,0.8903949336504113,0.0,0.8903949336504113,0.20664034901356057,0.5671266047794566,1.9828733952196604,-8.828493491819245e-13,64,0.5671266047794566,0.0011900749013368868,1920.0,5760.0,0.0,0.03125,0.03125,9.737052736094124e-06,0.0
37980.0,10.55,0.012653667692307692,0.8884072580992184,0.0,0.8884072580992184,0.20611908712498594,0.5659402930866493,1.9840597069124681,-8.824052599720744e-13,64,0.5659402930866493,0.0011863116928075978,1920.0,5760.0,0.0,0.03125,0.03125,9.105566395731511e-06,0.0
38040.0,10.566666666666666,0.01265160888888889,0.8864258655673596,0.0,0.8864258655673596,0.205599410471661,0.5647577362006214,1.985242263798496,-8.824052599720744e-13,64,0.5647577362006214,0.0011825568860280653,1920.0,5760.0,0.0,0.03125,0.03125,8.922985777345575e-06,0.0
38100.0,10.583333333333334,0.012649572649572652,0.8844507423433002,0.0,0.8844507423433002,0.20508131741475208,0.5635789255272599,1.9864210744718585,-8.815170815523743e-13,64,0.5635789255272599,0.001178810673362303,1920.0,5760.0,0.0,0.03125,0.03125,9.737052045306168e-06,0.0
38160.0,10.6,0.012647556923076925,0.8824818740517998,0.0,0.8824818740517998,0.20456480877565045,0.5624038522592564,1.9875961477398632,-8.801848139228241e-13,64,0.5624038522592564,0.0011750732680047248,1920.0,5760.0,0.0,0.03125,0.03125,9.105760919849347e-06,0.0
38220.0,10.616666666666667,0.012645559658119658,0.8805192456642811,0.0,0.8805192456642811,0.2040498871195531,0.5612325073627799,1.988767492636339,-8.810729923425242e-13,64,0.5612325073627799,0.0011713448964758236,1920.0,5760.0,0.0,0.03125,0.03125,8.92298405419559e-06,0.0
38280.0,10.633333333333333,0.012643578803418803,0.8785628415091292,0.0,0.8785628415091292,0.20353655631779763,0.5600648815683882,1.9899351184307303,-8.810729923425242e-13,64,0.5600648815683882,0.0011676257943913492,1920.0,5760.0,0.0,0.03125,0.03125,9.737051345388114e-06,0.0
38340.0,10.65,0.012641612307692307,0.8766126452819263,0.0,0.8766126452819263,0.20302482125411675,0.5589009653646325,1.991099034634488,-8.79296635503124e-13,64,0.5589009653646325,0.0011639162037576254,1920.0,5760.0,0.0,0.03125,0.03125,8.922982871145075e-06,0.0
38400.0,10.666666666666666,0.012639658119658118,0.8746686400556163,0.0,0.8746686400556163,0.20251468761468683,0.5577407489935304,1.99225925100559,-8.79296635503124e-13,64,0.5577407489935304,0.0011602163711022207,1920.0,5760.0,0.0,0.03125,0.03125,9.737050634996028e-06,0.0
38460.0,10.683333333333334,0.012637714188034188,0.8727308082905878,0.0,0.8727308082905878,0.20200616173113684,0.5565842224474188,1.9934157775517012,-8.79740724712974e-13,64,0.5565842224474188,0.0011565265461109908,1920.0,5760.0,0.0,0.03125,0.03125,9.106177039374675e-06,0.0
38520.0,10.7,0.012635778461538462,0.8707991318446908,0.0,0.8707991318446908,0.20149925045910064,0.5554313754668241,1.9945686245322962,-8.79296635503124e-13,64,0.5554313754668241,0.0011528469805949548,1920.0,5760.0,0.0,0.03125,0.03125,8.922981053391382e-06,0.0
38580.0,10.716666666666667,0.01263384888888889,0.8688735919831614,0.0,0.8688735919831614,0.20099396108174997,0.5542821975391414,1.99571780245998,-8.784084570834239e-13,64,0.5542821975391414,0.001149177927683795,1920.0,5760.0,0.0,0.03125,0.03125,9.737049912481048e-06,0.0
38640.0,10.733333333333333,0.012631923418803419,0.8669541693884663,0.0,0.8669541693884663,0.20049030123153624,0.5531366778979603,1.9968633221011616,-8.779643678735738e-13,64,0.5531366778979603,0.001145519641181688,1920.0,5760.0,0.0,0.03125,0.03125,8.922979817655029e-06,0.0
38700.0,10.75,0.01263,0.8650408441700614,0.0,0.8650408441700614,0.199988278825605,0.5519948055229174,1.998005194476205,-8.775202786637237e-13,64,0.5519948055229174,0.0011418723750434173,1920.0,5760.0,0.0,0.03125,0.03125,9.106529073290628e-06,0.0
38760.0,10.766666666666667,0.01262807658119658,0.8631335958740596,0.0,0.8631335958740596,0.1994879020117328,0.5508565691399753,1.9991434308591471,-8.775202786637237e-13,64,0.5508565691399753,0.0011382363829420892,1920.0,5760.0,0.0,0.03125,0.03125,9.737049176207909e-06,0.0
38820.0,10.783333333333333,0.012626151111111112,0.8612324034928018,0.0,0.8612324034928018,0.19898917912253108,0.5497219572220675,2.0002780427770555,-8.766321002440236e-13,64,0.5497219572220675,0.0011346119179082505,1920.0,5760.0,0.0,0.03125,0.03125,9.1066549153978e-06,0.0
38880.0,10.8,0.012624221538461537,0.8593372454743367,0.0,0.8593372454743367,0.19849211863626423,0.548590957990042,2.0014090420090813,-8.766321002440236e-13,64,0.548590957990042,0.001130999232025759,1920.0,5760.0,0.0,0.03125,0.03125,8.922977304084346e-06,0.0
38940.0,10.816666666666666,0.012622285811965813,0.857448099731803,0.0,0.857448099731803,0.19799672914303854,0.5474635594138683,2.002536440585255,-8.766321002440236e-13,64,0.5474635594138683,0.0011273985761735383,1920.0,5760.0,0.0,0.03125,0.03125,9.737048424338285e-06,0.0
39000.0,10.833333333333334,0.012620341880341881,0.855564943652704,0.0,0.855564943652704,0.19750301931541195,0.5463397492140638,2.00366025078506,-8.761880110341735e-13,64,0.5463397492140638,0.0011238101998049966,1920.0,5760.0,0.0,0.03125,0.03125,8.922976033106078e-06,0.0
39060.0,10.85,0.012618387692307694,0.8536877541080873,0.0,0.8536877541080873,0.19701099788268706,0.5452195148633051,2.0047804851358184,-8.761880110341735e-13,64,0.5452195148633051,0.0011202343507587642,1920.0,5760.0,0.0,0.03125,0.03125,9.737047654319166e-06,0.0
39120.0,10.866666666666667,0.012616421196581197,0.8518165074616156,0.0,0.8518165074616156,0.1965206736083045,0.54410284358821,2.005897156410914,-8.757439218243235e-13,64,0.54410284358821,0.0011166712750957446,1920.0,5760.0,0.0,0.03125,0.03125,8.922974757275862e-06,0.0
39180.0,10.883333333333333,0.012614440341880341,0.8499511795785287,0.0,0.8499511795785287,0.19603205526986994,0.5429897223712508,2.007010277627873,-8.761880110341735e-13,64,0.5429897223712508,0.001113121216958614,1920.0,5760.0,0.0,0.03125,0.03125,8.922974118629483e-06,0.0
39240.0,10.9,0.012612443076923077,0.8480917458344965,0.0,0.8480917458344965,0.1955451516414389,0.5418801379528017,2.0081198620463234,-8.748557434046234e-13,64,0.5418801379528017,0.0011095844184504224,1920.0,5760.0,0.0,0.03125,0.03125,9.737046863225474e-06,0.0
39300.0,10.916666666666666,0.01261042735042735,0.8462381811243656,0.0,0.8462381811243656,0.19505997147774923,0.5407740768332712,2.0092259231658534,-8.752998326144734e-13,64,0.5407740768332712,0.0011060611195299113,1920.0,5760.0,0.0,0.03125,0.03125,8.922972842062003e-06,0.0
39360.0,10.933333333333334,0.012608391111111112,0.8443904598707846,0.0,0.8443904598707846,0.19457652350014884,0.5396715252753513,2.0103284747237744,-8.739675649849232e-13,64,0.5396715252753513,0.0011025515579212528,1920.0,5760.0,0.0,0.03125,0.03125,8.922972205019826e-06,0.0
39420.0,10.95,0.012606332307692309,0.8425485560327207,0.0,0.8425485560327207,0.19409481638400636,0.5385724693063145,2.011427530692811,-8.744116541947733e-13,64,0.5385724693063145,0.001099055969036531,1920.0,5760.0,0.0,0.03125,0.03125,1.6994420580117168e-05,0.0
39480.0,10.966666666666667,0.012604248888888888,0.8407124431138546,0.0,0.8407124431138546,0.19361485874742104,0.5374768947204059,2.0125231052787202,-8.735234757750732e-13,64,0.5374768947204059,0.0010955745859094264,1920.0,5760.0,0.0,0.03125,0.03125,1.6994422964341645e-05,0.0
39540.0,10.983333333333333,0.012602138803418804,0.8388820941708628,0.0,0.8388820941708628,0.19313665914109412,0.5363847870812668,2.013615212917859,-8.739675649849232e-13,64,0.5363847870812668,0.0010921076391389062,1920.0,5760.0,0.0,0.03125,0.03125,1.6994424360292464e-05,0.0
39600.0,11.0,0.0126,0.8370574818215747,0.0,0.8370574818215747,0.1926602260392196,0.5352961317244257,2.014703868274701,-8.730793865652231e-13,64,0.5352961317244257,0.0010886553568418323,1920.0,5760.0,0.0,0.03125,0.03125,1.6994425733012168e-05,0.0
39660.0,11.016666666666667,0.012597821856600189,0.8352385774054055,0.0,0.8352385774054055,0.1921855812896216,0.5342109134763189,2.015789086522809,-8.717471189356729e-13,63,0.5342109134763189,0.0010852182481080456,1920.0,5760.0,0.0,0.03125,0.03125,1.6994427942780578e-05,0.0
39720.0,11.033333333333333,0.012595597644824314,0.8334253490317162,0.0,0.8334253490317162,0.1917127581551219,0.5331291159170867,2.0168708840820417,-8.713030297258229e-13,63,0.5331291159170867,0.0010817975592326402,1920.0,5760.0,0.0,0.03125,0.03125,9.465862996913367e-06,0.0
39780.0,11.05,0.012593331153846152,0.8316177651327975,0.0,0.8316177651327975,0.1912417634197849,0.5320507225393822,2.0179492774597456,-8.72191208145523e-13,63,0.5320507225393822,0.0010783933777040657,1920.0,5760.0,0.0,0.03125,0.03125,9.465862654606745e-06,0.0
39840.0,11.066666666666666,0.012591026172839507,0.829815795438009,0.0,0.829815795438009,0.19077259336910032,0.5309757171801356,2.0190242828189935,-8.708589405159728e-13,63,0.5309757171801356,0.001075005359247953,1920.0,5760.0,0.0,0.03125,0.03125,9.465862313366447e-06,0.0
39900.0,11.083333333333334,0.01258868649097816,0.8280194109556016,0.0,0.8280194109556016,0.19030523864172227,0.5299040840741192,2.020095915925008,-8.730793865652231e-13,63,0.5299040840741192,0.0010716331060144036,1920.0,5760.0,0.0,0.03125,0.03125,1.6994433982133782e-05,0.0
39960.0,11.1,0.012586315897435897,0.8262285839548259,0.0,0.8262285839548259,0.18983968609254412,0.5288358078850435,2.0211641921140857,-8.704148513061227e-13,63,0.5288358078850435,0.0010682761890779952,1920.0,5760.0,0.0,0.03125,0.03125,9.465861633326464e-06,0.0
40020.0,11.116666666666667,0.012583918181386516,0.8244432879482879,0.0,0.8244432879482879,0.1893759198100851,0.5277708737262076,2.0222291262729213,-8.708589405159728e-13,63,0.5277708737262076,0.0010649341588356166,1920.0,5760.0,0.0,0.03125,0.03125,9.465861294134243e-06,0.0
40080.0,11.133333333333333,0.012581497132003797,0.822663497674561,0.0,0.822663497674561,0.18891392176086366,0.5267092671751035,2.023290732824026,-8.704148513061227e-13,63,0.5267092671751035,0.0010616065511050122,1920.0,5760.0,0.0,0.03125,0.03125,1.6994440107062963e-05,0.0
40140.0,11.15,0.012579056538461537,0.8208891890810235,0.0,0.8208891890810235,0.1884536722346106,0.5256509742839602,2.0243490257151695,-8.699707620962727e-13,63,0.5256509742839602,0.0010582928911434372,1920.0,5760.0,0.0,0.03125,0.03125,9.465860616396702e-06,0.0
40200.0,11.166666666666666,0.012576600189933522,0.8191203393069231,0.0,0.8191203393069231,0.18799515017018636,0.5245959815874675,2.025404018411663,-8.695266728864226e-13,63,0.5245959815874675,0.0010549926964932967,1920.0,5760.0,0.0,0.03125,0.03125,9.465860277439556e-06,0.0
40260.0,11.183333333333334,0.012574131875593541,0.817356926666647,0.0,0.817356926666647,0.18753833340423506,0.5235442761083682,2.026455723890762,-8.695266728864226e-13,63,0.5235442761083682,0.0010517054790991633,1920.0,5760.0,0.0,0.03125,0.03125,9.465859938145108e-06,0.0
40320.0,11.2,0.012571655384615384,0.81559893063319,0.0,0.81559893063319,0.18708319886687683,0.5224958453614279,2.0275041546377026,-8.695266728864226e-13,63,0.5224958453614279,0.001048430746940791,1920.0,5760.0,0.0,0.03125,0.03125,1.69944462658431e-05,0.0
40380.0,11.216666666666667,0.01256917450617284,0.813846331821808,0.0,0.813846331821808,0.18662972273948572,0.521450677356099,2.028549322643031,-8.699707620962727e-13,63,0.521450677356099,0.0010451680053282142,1920.0,5760.0,0.0,0.03125,0.03125,9.465859257697187e-06,0.0
40440.0,11.233333333333333,0.012566693029439696,0.812099111973844,0.0,0.812099111973844,0.1861778805843884,0.5204087605981484,2.0295912394009825,-8.686384944667225e-13,63,0.5204087605981484,0.0010419167579518236,1920.0,5760.0,0.0,0.03125,0.03125,9.465858916115722e-06,0.0
40500.0,11.25,0.012564214743589742,0.8103572539407237,0.0,0.8103572539407237,0.1857276474531835,0.5193700840903998,2.0306299159087318,-8.681944052568724e-13,63,0.5193700840903998,0.001038676507749258,1920.0,5760.0,0.0,0.03125,0.03125,9.465858573341193e-06,0.0
40560.0,11.266666666666667,0.01256174343779677,0.8086207416680964,0.0,0.8086207416680964,0.1852789979784097,0.5183346373327666,2.031665362666364,-8.695266728864226e-13,63,0.5183346373327666,0.0010354467576320526,1920.0,5760.0,0.0,0.03125,0.03125,1.6994452401874348e-05,0.0
40620.0,11.283333333333333,0.012559282901234568,0.8068895601801256,0.0,0.8068895601801256,0.18483190645199446,0.5173024103216655,2.0326975896774666,-8.677503160470224e-13,63,0.5173024103216655,0.0010322270111026396,1920.0,5760.0,0.0,0.03125,0.03125,9.465857883339623e-06,0.0
40680.0,11.3,0.012556836923076924,0.8051636955639071,0.0,0.8051636955639071,0.18438634689303887,0.516273393548881,2.033726606450251,-8.677503160470224e-13,63,0.516273393548881,0.001029016772784276,1920.0,5760.0,0.0,0.03125,0.03125,9.465857535672366e-06,0.0
40740.0,11.316666666666666,0.012554409292497626,0.8034431349540159,0.0,0.8034431349540159,0.18394229310687524,0.515247578000001,2.0347524219991318,-8.668621376273222e-13,63,0.515247578000001,0.001025815548880761,1920.0,5760.0,0.0,0.03125,0.03125,9.465857185931712e-06,0.0
40800.0,11.333333333333334,0.012552003798670464,0.8017278665171632,0.0,0.8017278665171632,0.18349971873690032,0.5142249551524225,2.035775044846711,-8.664180484174722e-13,63,0.5142249551524225,0.0010226228475789304,1920.0,5760.0,0.0,0.03125,0.03125,1.6994458450770097e-05,0.0
40860.0,11.35,0.01254962423076923,0.8000178794369603,0.0,0.8000178794369603,0.1830585973103593,0.5132055169730193,2.0367944830261147,-8.659739592076221e-13,63,0.5132055169730193,0.0010194381794039246,1920.0,5760.0,0.0,0.03125,0.03125,9.465856479335106e-06,0.0
40920.0,11.366666666666667,0.012547274377967712,0.7983131638987773,0.0,0.7983131638987773,0.18261890227902192,0.5121892559154835,2.0378107440836497,-8.668621376273222e-13,63,0.5121892559154835,0.0010162610575352622,1920.0,5760.0,0.0,0.03125,0.03125,9.465856122028464e-06,0.0
40980.0,11.383333333333333,0.012544958029439696,0.7966137110746924,0.0,0.7966137110746924,0.18218060705550387,0.5111761649173939,2.0388238350817396,-8.664180484174722e-13,63,0.5111761649173939,0.0010130909980900428,1920.0,5760.0,0.0,0.03125,0.03125,1.699446435663903e-05,0.0
41040.0,11.4,0.012542678974358975,0.7949195131085154,0.0,0.7949195131085154,0.18174368504585361,0.510166237397015,2.039833762602118,-8.668621376273222e-13,63,0.510166237397015,0.0010099275203784327,1920.0,5760.0,0.0,0.03125,0.03125,9.465855398262575e-06,0.0
41100.0,11.416666666666666,0.012540441001899334,0.7932305631008891,0.0,0.7932305631008891,0.1813081096789098,0.5091594672498791,2.040840532749254,-8.668621376273222e-13,63,0.5091594672498791,0.0010067701471356265,1920.0,5760.0,0.0,0.03125,0.03125,9.465855031345375e-06,0.0
41160.0,11.433333333333334,0.012538247901234569,0.7915468550944483,0.0,0.7915468550944483,0.1808738544328522,0.5081558488451464,2.0418441511539878,-8.65529869997772e-13,63,0.5081558488451464,0.001003618404733784,1920.0,5760.0,0.0,0.03125,0.03125,9.465854660764742e-06,0.0
41220.0,11.45,0.012536103461538462,0.7898683840590364,0.0,0.7898683840590364,0.18044089285929937,0.5071553770217699,2.0428446229773645,-8.65529869997772e-13,63,0.5071553770217699,0.0010004718233767708,1920.0,5760.0,0.0,0.03125,0.03125,1.0225225993877415e-05,0.0
41280.0,11.466666666666667,0.012534011471984805,0.7881951458769727,0.0,0.7881951458769727,0.18000919860524917,0.5061580470844897,2.0438419529146445,-8.65529869997772e-13,63,0.5061580470844897,0.0009973299372801761,1920.0,5760.0,0.0,0.03125,0.03125,9.46585390768445e-06,0.0
41340.0,11.483333333333333,0.012531975721747387,0.7865271373283561,0.0,0.7865271373283561,0.17957874543311808,0.5051638547996516,2.044836145199483,-8.65085780787922e-13,63,0.5051638547996516,0.0009941922848385714,1920.0,5760.0,0.0,0.03125,0.03125,9.465853524717558e-06,0.0
41400.0,11.5,0.01253,0.7848643560764091,0.0,0.7848643560764091,0.1791495072390914,0.5041727963908695,2.045827203608265,-8.65085780787922e-13,63,0.5041727963908695,0.0009910584087817883,1920.0,5760.0,0.0,0.03125,0.03125,9.465853137152771e-06,0.0
41460.0,11.516666666666667,0.012528067798353908,0.7832067988802951,0.0,0.7832067988802951,0.178721488136402,0.5031848679394404,2.0468151320596943,-8.65085780787922e-13,63,0.5031848679394404,0.0009879284514292587,1920.0,5760.0,0.0,0.03125,0.03125,1.0225225206851146e-05,0.0
41520.0,11.533333333333333,0.012526159670781892,0.7815544559255346,0.0,0.7815544559255346,0.1782947389807513,0.5022000632848845,2.0477999367142514,-8.637535131583718e-13,63,0.5022000632848845,0.0009848046545569815,1920.0,5760.0,0.0,0.03125,0.03125,1.679614409811001e-05,0.0
41580.0,11.55,0.012524274999999998,0.7799073155324745,0.0,0.7799073155324745,0.1778692796983616,0.5012183754266806,2.048781624572455,-8.641976023682219e-13,63,0.5012183754266806,0.0009816878582036006,1920.0,5760.0,0.0,0.03125,0.03125,1.6996483841580016e-05,0.0
41640.0,11.566666666666666,0.012522413168724279,0.7782653658425277,0.0,0.7782653658425277,0.1774451204294506,0.5002397971875029,2.0497602028116324,-8.646416915780719e-13,63,0.5002397971875029,0.0009785782391773968,1920.0,5760.0,0.0,0.03125,0.03125,1.6999322240169543e-05,0.0
41700.0,11.583333333333334,0.01252057355967078,0.776628594821116,0.0,0.776628594821116,0.17702226756371792,0.4992643212598608,2.0507356787392754,-8.637535131583718e-13,63,0.4992643212598608,0.0009754759276431809,1920.0,5760.0,0.0,0.03125,0.03125,9.276039821742984e-06,0.0
41760.0,11.6,0.012518755555555556,0.7749969902605891,0.0,0.7749969902605891,0.1766007255354156,0.4982919402275419,2.051708059771594,-8.637535131583718e-13,63,0.4982919402275419,0.0009723810323185955,1920.0,5760.0,0.0,0.03125,0.03125,9.276161652189536e-06,0.0
41820.0,11.616666666666667,0.012516958539094649,0.7733705397831343,0.0,0.7733705397831343,0.17618049762292387,0.4973226465778193,2.052677353421317,-8.633094239485217e-13,63,0.4973226465778193,0.0009692936497230619,1920.0,5760.0,0.0,0.03125,0.03125,9.173736280490148e-06,0.0
41880.0,11.633333333333333,0.012515181893004114,0.7717492308436636,0.0,0.7717492308436636,0.1757615863695902,0.49635643270916885,2.0536435672899676,-8.633094239485217e-13,63,0.49635643270916885,0.0009662138686504817,1920.0,5760.0,0.0,0.03125,0.03125,9.465849793829369e-06,0.0
41940.0,11.65,0.012513425000000002,0.7701330507326857,0.0,0.7701330507326857,0.1753439938279327,0.49539329093652984,2.054606709062607,-8.628653347386717e-13,63,0.49539329093652984,0.000963141772639262,1920.0,5760.0,0.0,0.03125,0.03125,9.173735142253199e-06,0.0
42000.0,11.666666666666666,0.012511687242798355,0.7685219865791553,0.0,0.7685219865791553,0.1749277217107585,0.4944332134950784,2.0555667865040594,-8.619771563189715e-13,63,0.4944332134950784,0.0009600774414522783,1920.0,5760.0,0.0,0.03125,0.03125,9.276432449074272e-06,0.0
42060.0,11.683333333333334,0.012509968004115225,0.7669160253533098,0.0,0.7669160253533098,0.1745127714889889,0.493476192543065,2.0565238074560734,-8.615330671091215e-13,63,0.493476192543065,0.0009570209520140351,1920.0,5760.0,0.0,0.03125,0.03125,9.465848322585832e-06,0.0
42120.0,11.7,0.012508266666666667,0.7653151538694762,0.0,0.7653151538694762,0.17409914445708705,0.4925222201640376,2.0574777798351014,-8.606448886894214e-13,63,0.4925222201640376,0.0009539723790279683,1920.0,5760.0,0.0,0.03125,0.03125,9.276565772799735e-06,0.0
42180.0,11.716666666666667,0.012506582613168725,0.7637193587888648,0.0,0.7637193587888648,0.1736868417778735,0.4915712883686423,2.0584287116304965,-8.610889778992714e-13,63,0.4915712883686423,0.0009509317953950735,1920.0,5760.0,0.0,0.03125,0.03125,9.17373281668347e-06,0.0
42240.0,11.733333333333333,0.012504915226337447,0.7621286266223353,0.0,0.7621286266223353,0.17327586451375226,0.4906233890961386,2.0593766109030005,-8.606448886894214e-13,63,0.4906233890961386,0.0009478992725038936,1920.0,5760.0,0.0,0.03125,0.03125,9.276701128915004e-06,0.0
42300.0,11.75,0.012503263888888888,0.7605429437331435,0.0,0.7605429437331435,0.17286621364872476,0.4896785142157046,2.0603214857834353,-8.597567102697212e-13,63,0.4896785142157046,0.0009448748804346309,1920.0,5760.0,0.0,0.03125,0.03125,1.700198446156554e-05,0.0
42360.0,11.766666666666667,0.012501627983539093,0.7589622963396623,0.0,0.7589622963396623,0.17245789010401244,0.4887366555276004,2.0612633444715396,-8.597567102697212e-13,63,0.4887366555276004,0.0009418586881043535,1920.0,5760.0,0.0,0.03125,0.03125,9.276834896381826e-06,0.0
42420.0,11.783333333333333,0.012500006893004116,0.7573866705180796,0.0,0.7573866705180796,0.1720508947491658,0.48779780476422874,2.0622021952349106,-8.606448886894214e-13,63,0.48779780476422874,0.0009388507633710353,1920.0,5760.0,0.0,0.03125,0.03125,9.34652427273656e-06,0.0
42480.0,11.8,0.0124984,0.7558160522050685,0.0,0.7558160522050685,0.171645228409935,0.48686195359112056,2.0631380464080187,-8.606448886894214e-13,63,0.48686195359112056,0.0009358511731082859,1920.0,5760.0,0.0,0.03125,0.03125,9.46584531743311e-06,0.0
42540.0,11.816666666666666,0.012496806687242798,0.7542504272004334,0.0,0.7542504272004334,0.17124089187379338,0.48592909360786296,2.0640709063912777,-8.593126210598712e-13,63,0.48592909360786296,0.0009328599832589817,1920.0,5760.0,0.0,0.03125,0.03125,9.50682346689736e-06,0.0
42600.0,11.833333333333334,0.012495226337448559,0.7526897811697308,0.0,0.7526897811697308,0.17083788589374088,0.4849992163489887,2.0650007836501514,-8.597567102697212e-13,63,0.4849992163489887,0.0009298772588735334,1920.0,5760.0,0.0,0.03125,0.03125,9.596460413748013e-06,0.0
42660.0,11.85,0.012493658333333333,0.7511340996468601,0.0,0.7511340996468601,0.1704362111908399,0.48407231328485306,2.0659276867142884,-8.58424442640171e-13,63,0.48407231328485306,0.0009269030641368882,1920.0,5760.0,0.0,0.03125,0.03125,9.682802584304728e-06,0.0
42720.0,11.866666666666667,0.012492102057613167,0.7495833680366253,0.0,0.7495833680366253,0.17003586845581434,0.4831483758224661,2.0668516241766755,-8.58424442640171e-13,63,0.4831483758224661,0.0009239374623872048,1920.0,5760.0,0.0,0.03125,0.03125,9.75165669907965e-06,0.0
42780.0,11.883333333333333,0.012490556893004113,0.7480375716172761,0.0,0.7480375716172761,0.1696368583499514,0.48222739530633874,2.067772604692804,-8.570921750106208e-13,63,0.48222739530633874,0.0009209805161284135,1920.0,5760.0,0.0,0.03125,0.03125,9.848945080030983e-06,0.0
42840.0,11.9,0.012489022222222222,0.7464966955430085,0.0,0.7464966955430085,0.16923918150549053,0.48130936301929955,2.0686906369798423,-8.57980353430321e-13,63,0.48130936301929955,0.0009180322870382076,1920.0,5760.0,0.0,0.03125,0.03125,9.92839887093926e-06,0.0
42900.0,11.916666666666666,0.01248749742798354,0.7449607248464475,0.0,0.7449607248464475,0.16884283852563065,0.48039427018332637,2.069605729815815,-8.58424442640171e-13,63,0.48039427018332637,0.0009150928359727522,1920.0,5760.0,0.0,0.03125,0.03125,1.0016748754119396e-05,0.0
42960.0,11.933333333333334,0.012485981893004115,0.7434296444410914,0.0,0.7434296444410914,0.16844782998426105,0.47948210796035884,2.070517892038784,-8.570921750106208e-13,63,0.47948210796035884,0.0009121622229689025,1920.0,5760.0,0.0,0.03125,0.03125,1.0098375003304851e-05,0.0
43020.0,11.95,0.012484475,0.7419034391237321,0.0,0.7419034391237321,0.16805415642549104,0.4785728674531141,2.0714271325460287,-8.570921750106208e-13,63,0.4785728674531141,0.0009092405072447063,1920.0,5760.0,0.0,0.03125,0.03125,1.0188028513012316e-05,0.0
43080.0,11.966666666666667,0.012482976131687243,0.7403820935768437,0.0,0.7403820935768437,0.1676618183630394,0.4776665397059164,2.0723334602932275,-8.557599073810707e-13,63,0.4776665397059164,0.0009063277471986592,1920.0,5760.0,0.0,0.03125,0.03125,1.0280319985047748e-05,0.0
43140.0,11.983333333333333,0.012481484670781891,0.7388655923709408,0.0,0.7388655923709408,0.16727081627952756,0.4767631157055082,2.0732368842936357,-8.557599073810707e-13,63,0.4767631157055082,0.0009034240004081244,1920.0,5760.0,0.0,0.03125,0.03125,1.7001997016445937e-05,0.0
43200.0,12.0,0.01248,0.7373539199669071,0.0,0.7373539199669071,0.16688115062571113,0.47586258638188156,2.074137413617263,-8.553158181712206e-13,63,0.47586258638188156,0.0009005293236272167,1920.0,5760.0,0.0,0.03125,0.03125,1.0449248736242945e-05,0.0
43260.0,12.016666666666667,0.012478528230452673,0.7358470612607098,0.0,0.7358470612607098,0.16649281217462125,0.4749649427923919,2.0750350572067524,-8.553158181712206e-13,63,0.4749649427923919,0.0008976435894893403,1920.0,5760.0,0.0,0.03125,0.03125,1.0523686443806378e-05,0.0
43320.0,12.033333333333333,0.01247707522633745,0.734345003167847,0.0,0.734345003167847,0.1661057789019937,0.4740701767192102,2.075929823279935,-8.548717289613705e-13,63,0.4740701767192102,0.0008947660731823412,1920.0,5760.0,0.0,0.03125,0.03125,1.700199990608975e-05,0.0
43380.0,12.05,0.012475640000000001,0.7328477329240977,0.0,0.7328477329240977,0.16572004153476028,0.4731782801405951,2.0768217198585504,-8.544276397515205e-13,63,0.4731782801405951,0.0008918965786153746,1920.0,5760.0,0.0,0.03125,0.03125,1.072475199315446e-05,0.0
43440.0,12.066666666666666,0.012474221563786008,0.7313552375369521,0.0,0.7313552375369521,0.16533559523924612,0.47228924500038183,2.0777107549987632,-8.548717289613705e-13,63,0.47228924500038183,0.0008890351402129254,1920.0,5760.0,0.0,0.03125,0.03125,1.0814725441660956e-05,0.0
43500.0,12.083333333333334,0.012472818930041152,0.7298675037894906,0.0,0.7298675037894906,0.16495243720807332,0.4714030631862235,2.078596936812923,-8.535394613318203e-13,63,0.4714030631862235,0.0008861818141597019,1920.0,5760.0,0.0,0.03125,0.03125,1.0904810550315924e-05,0.0
43560.0,12.1,0.012471431111111111,0.7283845182442279,0.0,0.7283845182442279,0.1645705658535574,0.47051972651845164,2.079480273480694,-8.544276397515205e-13,63,0.47051972651845164,0.0008833366677711616,1920.0,5760.0,0.0,0.03125,0.03125,1.100334672032486e-05,0.0
43620.0,12.116666666666667,0.012470057119341564,0.7269062672469145,0.0,0.7269062672469145,0.16418998040905963,0.4696392267433203,2.080360773255826,-8.535394613318203e-13,63,0.4696392267433203,0.0008804997751317699,1920.0,5760.0,0.0,0.03125,0.03125,1.1089701624310004e-05,0.0
43680.0,12.133333333333333,0.012468695967078188,0.7254327369303106,0.0,0.7254327369303106,0.16381068069641072,0.46876155552856474,2.081238444470582,-8.530953721219703e-13,63,0.46876155552856474,0.0008776712147560825,1920.0,5760.0,0.0,0.03125,0.03125,1.1192463978413104e-05,0.0
43740.0,12.15,0.012467346666666669,0.7239639132179186,0.0,0.7239639132179186,0.16343266697610107,0.4678867044604082,2.08211329553874,-8.517631044924201e-13,63,0.4678867044604082,0.0008748510681578147,1920.0,5760.0,0.0,0.03125,0.03125,1.1288854764970261e-05,0.0
43800.0,12.166666666666666,0.012466008230452675,0.7224997818276825,0.0,0.7224997818276825,0.16305593984410088,0.46701466504150857,2.082985334957639,-8.526512829121202e-13,63,0.46701466504150857,0.0008720394188988966,1920.0,5760.0,0.0,0.03125,0.03125,1.1390665021577018e-05,0.0
43860.0,12.183333333333334,0.012464679670781891,0.7210403282756479,0.0,0.7210403282756479,0.16268050015725788,0.466145428689589,2.0838545713095593,-8.5131901528257e-13,63,0.466145428689589,0.0008692363519202768,1920.0,5760.0,0.0,0.03125,0.03125,1.1488005953157798e-05,0.0
43920.0,12.2,0.012463359999999998,0.719585537879592,0.0,0.719585537879592,0.16230634897732688,0.4652789867365385,2.08472101326261,-8.5131901528257e-13,63,0.4652789867365385,0.0008664419530506845,1920.0,5760.0,0.0,0.03125,0.03125,1.1570220592010642e-05,0.0
43980.0,12.216666666666667,0.012462048230452672,0.7181353957626139,0.0,0.7181353957626139,0.1619334875277375,0.4644153304279044,2.085584669571244,-8.5131901528257e-13,63,0.4644153304279044,0.0008636563086341097,1920.0,5760.0,0.0,0.03125,0.03125,1.1659837072425475e-05,0.0
44040.0,12.233333333333333,0.012460743374485597,0.7166898868566931,0.0,0.7166898868566931,0.16156191715940954,0.4635544509226645,2.086445549076484,-8.5131901528257e-13,63,0.4635544509226645,0.0008608795052400904,1920.0,5760.0,0.0,0.03125,0.03125,1.1773135911334749e-05,0.0
44100.0,12.25,0.012459444444444445,0.7152489959062087,0.0,0.7152489959062087,0.16119163932319808,0.46269633929323145,2.087303660705918,-8.504308368628699e-13,63,0.46269633929323145,0.0008581116294336839,1920.0,5760.0,0.0,0.03125,0.03125,1.188067286285803e-05,0.0
44160.0,12.266666666666667,0.012458150452674897,0.71381270747143,0.0,0.71381270747143,0.16082265554732061,0.4618409865256421,2.0881590134735077,-8.499867476530198e-13,63,0.4618409865256421,0.0008553527675897793,1920.0,5760.0,0.0,0.03125,0.03125,1.1976473899866152e-05,0.0
44220.0,12.283333333333333,0.012456860411522632,0.7123810059319651,0.0,0.7123810059319651,0.16045496741861545,0.46098838351990107,2.0890116164792487,-8.499867476530198e-13,63,0.46098838351990107,0.0008526030057411535,1920.0,5760.0,0.0,0.03125,0.03125,1.207029374110282e-05,0.0
44280.0,12.3,0.012455573333333334,0.7109538754901813,0.0,0.7109538754901813,0.1600885765668004,0.46013852109044884,2.0898614789087016,-8.495426584431698e-13,63,0.46013852109044884,0.0008498624294526993,1920.0,5760.0,0.0,0.03125,0.03125,1.2152534988614647e-05,0.0
44340.0,12.316666666666666,0.012454288230452673,0.709531300174588,0.0,0.709531300174588,0.15972348465112,0.4592913899667323,2.090708610032418,-8.495426584431698e-13,63,0.4592913899667323,0.0008471311237163819,1920.0,5760.0,0.0,0.03125,0.03125,1.2273622068706114e-05,0.0
44400.0,12.333333333333334,0.012453004115226339,0.7081132638431851,0.0,0.7081132638431851,0.15935969334892366,0.4584469807938703,2.091553019205281,-8.482103908136196e-13,63,0.4584469807938703,0.000844409172862839,1920.0,5760.0,0.0,0.03125,0.03125,1.23701133010587e-05,0.0
44460.0,12.35,0.01245172,0.7066997501867758,0.0,0.7066997501867758,0.1589972043458217,0.45760528413338314,2.0923947158657676,-8.490985692333197e-13,63,0.45760528413338314,0.0008416966604865028,1920.0,5760.0,0.0,0.03125,0.03125,1.2464567370925501e-05,0.0
44520.0,12.366666666666667,0.01245043489711934,0.7052907427322499,0.0,0.7052907427322499,0.15863601932715032,0.45676629046400213,2.0932337095351494,-8.482103908136196e-13,63,0.45676629046400213,0.0008389936693819279,1920.0,5760.0,0.0,0.03125,0.03125,1.2573040138511777e-05,0.0
44580.0,12.383333333333333,0.012449147818930039,0.703886224845826,0.0,0.703886224845826,0.1582761399705284,0.45592999018251407,2.094070009816639,-8.468781231840694e-13,63,0.45592999018251407,0.0008363002814894022,1920.0,5760.0,0.0,0.03125,0.03125,1.2687310013782597e-05,0.0
44640.0,12.4,0.01244785777777778,0.7024861797362643,0.0,0.7024861797362643,0.15791756793933795,0.4550963736046642,2.0949036263944874,-8.482103908136196e-13,63,0.4550963736046642,0.0008336165778484374,1920.0,5760.0,0.0,0.03125,0.03125,1.2762087784138475e-05,0.0
44700.0,12.416666666666666,0.01244656378600823,0.7010905904580416,0.0,0.7010905904580416,0.1575603048769898,0.45426543096610755,2.0957345690330453,-8.468781231840694e-13,63,0.45426543096610755,0.0008309426385578957,1920.0,5760.0,0.0,0.03125,0.03125,1.2884541240967245e-05,0.0
44760.0,12.433333333333334,0.012445264855967078,0.699699439914494,0.0,0.699699439914494,0.15720435240186317,0.4534371524233665,2.0965628475757874,-8.459899447643693e-13,63,0.4534371524233665,0.0008282785427418519,1920.0,5760.0,0.0,0.03125,0.03125,1.2990515284757176e-05,0.0
44820.0,12.45,0.012443959999999999,0.6983127108609235,0.0,0.6983127108609235,0.156849712102827,0.4526115280548452,2.0973884719443077,-8.468781231840694e-13,63,0.4526115280548452,0.0008256243685203749,1920.0,5760.0,0.0,0.03125,0.03125,1.3093345628479585e-05,0.0
44880.0,12.466666666666667,0.012442648230452677,0.6969303859076701,0.0,0.6969303859076701,0.15649638553526724,0.4517885478618613,2.098211452137292,-8.464340339742193e-13,63,0.4517885478618613,0.000822980192984608,1920.0,5760.0,0.0,0.03125,0.03125,1.3211853920566362e-05,0.0
44940.0,12.483333333333333,0.012441328559670782,0.6955524475231498,0.0,0.6955524475231498,0.1561443742175575,0.4509682017696862,2.0990317982294675,-8.459899447643693e-13,63,0.4509682017696862,0.000820346092175596,1920.0,5760.0,0.0,0.03125,0.03125,1.3326955054567858e-05,0.0
45000.0,12.5,0.01244,0.6941788780368554,0.0,0.6941788780368554,0.15579367962791793,0.45015047962862015,2.099849520370534,-8.455458555545192e-13,63,0.45015047962862015,0.0008177221410664179,1920.0,5760.0,0.0,0.03125,0.03125,1.3412377473706128e-05,0.0
45060.0,12.516666666666667,0.012438666666666666,0.692809660013453,0.0,0.692809660013453,0.15544429619321665,0.44933537134125856,2.100664628657895,-8.459899447643693e-13,63,0.44933537134125856,0.0008151082873612557,1920.0,5760.0,0.0,0.03125,0.03125,1.352940245958145e-05,0.0
45120.0,12.533333333333333,0.012437333333333333,0.6914447774307885,0.0,0.6914447774307885,0.15509620772170202,0.4485228673084827,2.1014771326906714,-8.455458555545192e-13,63,0.4485228673084827,0.0008125040327761698,1920.0,5760.0,0.0,0.03125,0.03125,1.3620518026658616e-05,0.0
45180.0,12.55,0.012436,0.6900842146785143,0.0,0.6900842146785143,0.15474940551106056,0.4477129581289866,2.1022870418701674,-8.459899447643693e-13,63,0.4477129581289866,0.0008099091794960498,1920.0,5760.0,0.0,0.03125,0.03125,1.3748500709568992e-05,0.0
45240.0,12.566666666666666,0.012434666666666667,0.6887279562031604,0.0,0.6887279562031604,0.15440388322254847,0.4469056344546773,2.1030943655444774,-8.451017663446692e-13,63,0.4469056344546773,0.0008073236743101382,1920.0,5760.0,0.0,0.03125,0.03125,1.3869563418574157e-05,0.0
45300.0,12.583333333333334,0.012433333333333333,0.6873759865079134,0.0,0.6873759865079134,0.15405963543720685,0.44610088697941574,2.1038991130197395,-8.446576771348191e-13,63,0.44610088697941574,0.0008047474752621842,1920.0,5760.0,0.0,0.03125,0.03125,1.680492965121516e-05,0.0
45360.0,12.6,0.012431999999999999,0.6860282901523944,0.0,0.6860282901523944,0.15371665722256336,0.4452987064338605,2.1047012935652956,-8.43769498715119e-13,63,0.4452987064338605,0.0008021805455560035,1920.0,5760.0,0.0,0.03125,0.03125,1.4066623497662505e-05,0.0
45420.0,12.616666666666667,0.012430666666666666,0.6846848517524439,0.0,0.6846848517524439,0.15337494393784157,0.44449908358256324,2.1055009164165934,-8.433254095052689e-13,63,0.44449908358256324,0.0007996228512978746,1920.0,5760.0,0.0,0.03125,0.03125,1.4210816410546202e-05,0.0
45480.0,12.633333333333333,0.012429333333333332,0.6833456559799064,0.0,0.6833456559799064,0.1530344911303652,0.4437020092221689,2.1062979907769876,-8.433254095052689e-13,63,0.4437020092221689,0.0007970743603942373,1920.0,5760.0,0.0,0.03125,0.03125,1.4312177189166725e-05,0.0
45540.0,12.65,0.012428,0.6820106875624228,0.0,0.6820106875624228,0.15269529447472413,0.4429074741802327,2.107092525818924,-8.428813202954188e-13,63,0.4429074741802327,0.0007945350419363383,1920.0,5760.0,0.0,0.03125,0.03125,1.6804903471310074e-05,0.0
45600.0,12.666666666666666,0.012426666666666666,0.6806799312832219,0.0,0.6806799312832219,0.15235734973461,0.4421154693144046,2.107884530684751,-8.44213587924969e-13,63,0.4421154693144046,0.0007920048658270463,1920.0,5760.0,0.0,0.03125,0.03125,1.4545537386604348e-05,0.0
45660.0,12.683333333333334,0.012425333333333332,0.6793533719809159,0.0,0.6793533719809159,0.1520206527377224,0.4413259855118642,2.1086740144872924,-8.433254095052689e-13,63,0.4413259855118642,0.0007894838025412654,1920.0,5760.0,0.0,0.03125,0.03125,1.4678529034502357e-05,0.0
45720.0,12.7,0.012424,0.6780309945493003,0.0,0.6780309945493003,0.15168519935867852,0.44053901368889953,2.1094609863102582,-8.419931418757187e-13,63,0.44053901368889953,0.0007869718229656747,1920.0,5760.0,0.0,0.03125,0.03125,1.4759712710377547e-05,0.0
45780.0,12.716666666666667,0.012422666666666667,0.6767127839371521,0.0,0.6767127839371521,0.1513509855070628,0.43975454479061066,2.1102454552085463,-8.428813202954188e-13,63,0.43975454479061066,0.0007844688982881577,1920.0,5760.0,0.0,0.03125,0.03125,1.6804875638218977e-05,0.0
45840.0,12.733333333333333,0.012421333333333331,0.6753987251480387,0.0,0.6753987251480387,0.15101800711889604,0.43897256979069205,2.111027430208466,-8.415490526658687e-13,63,0.43897256979069205,0.0007819749999196655,1920.0,5760.0,0.0,0.03125,0.03125,1.5008035312327587e-05,0.0
45900.0,12.75,0.012419999999999999,0.6740888032401197,0.0,0.6740888032401197,0.15068626015045108,0.43819307969125454,2.111806920307904,-8.411049634560186e-13,63,0.43819307969125454,0.0007794900994380499,1920.0,5760.0,0.0,0.03125,0.03125,1.5148656904903559e-05,0.0
45960.0,12.766666666666667,0.012418666666666666,0.6727830033259582,0.0,0.6727830033259582,0.1503557405737158,0.43741606552270657,2.112583934476451,-8.419931418757187e-13,63,0.43741606552270657,0.0007770141685470612,1920.0,5760.0,0.0,0.03125,0.03125,1.5265274974423202e-05,0.0
46020.0,12.783333333333333,0.012417333333333332,0.6714813105723305,0.0,0.6714813105723305,0.15002644437303686,0.43664151834366044,2.1133584816554976,-8.419931418757187e-13,63,0.43664151834366044,0.000774547179046166,1920.0,5760.0,0.0,0.03125,0.03125,1.6804847196572915e-05,0.0
46080.0,12.8,0.012416,0.6701837102000385,0.0,0.6701837102000385,0.14969836754262444,0.43586942924085287,2.114130570758306,-8.411049634560186e-13,63,0.43586942924085287,0.0007720891028081399,1920.0,5760.0,0.0,0.03125,0.03125,1.5515796711344507e-05,0.0
46140.0,12.816666666666666,0.012414666666666666,0.6688901874837292,0.0,0.6688901874837292,0.14937150608469352,0.43509978932909094,2.114900210670068,-8.406608742461685e-13,63,0.43509978932909094,0.0007696399117624087,1920.0,5760.0,0.0,0.03125,0.03125,1.5625271019494045e-05,0.0
46200.0,12.833333333333334,0.012413333333333335,0.6676007277517064,0.0,0.6676007277517064,0.1490458560080807,0.434332589751209,2.1156674102479505,-8.402167850363185e-13,63,0.434332589751209,0.0007671995778826214,1920.0,5760.0,0.0,0.03125,0.03125,1.5738748386086393e-05,0.0
46260.0,12.85,0.012412,0.6663153163857541,0.0,0.6663153163857541,0.1487214133272216,0.4335678216780326,2.1164321783211277,-8.393286066166183e-13,63,0.4335678216780326,0.0007647680731774376,1920.0,5760.0,0.0,0.03125,0.03125,1.6804818187527614e-05,0.0
46320.0,12.866666666666667,0.012410666666666667,0.665033938820955,0.0,0.665033938820955,0.14839817406140113,0.4328054763083482,2.1171945236908116,-8.402167850363185e-13,63,0.4328054763083482,0.0007623453696837453,1920.0,5760.0,0.0,0.03125,0.03125,1.599777185826037e-05,0.0
46380.0,12.883333333333333,0.012409333333333333,0.6637565805455168,0.0,0.6637565805455168,0.14807613423421542,0.432045544868886,2.117954455130273,-8.406608742461685e-13,63,0.432045544868886,0.0007599314394617231,1920.0,5760.0,0.0,0.03125,0.03125,1.612099577378064e-05,0.0
46440.0,12.9,0.012408,0.6624832271005932,0.0,0.6624832271005932,0.14775528987319544,0.43128801861429594,2.1187119813848643,-8.397726958264684e-13,63,0.43128801861429594,0.000757526254591346,1920.0,5760.0,0.0,0.03125,0.03125,1.6233721100480717e-05,0.0
46500.0,12.916666666666666,0.012406666666666667,0.6612138640801133,0.0,0.6612138640801133,0.14743563700955623,0.43053288882712654,2.1194671111720345,-8.388845174067683e-13,63,0.43053288882712654,0.000755129787169996,1920.0,5760.0,0.0,0.03125,0.03125,1.680480497971127e-05,0.0
46560.0,12.933333333333334,0.012405333333333332,0.6599484771306096,0.0,0.6599484771306096,0.14711717167804372,0.4297801468178151,2.120219853181345,-8.393286066166183e-13,63,0.4297801468178151,0.0007527420093109185,1920.0,5760.0,0.0,0.03125,0.03125,1.6527048074660202e-05,0.0
46620.0,12.95,0.012403999999999998,0.6586870519510468,0.0,0.6586870519510468,0.14679988991685827,0.4290297839246734,2.1209702160744874,-8.388845174067683e-13,63,0.4290297839246734,0.0007503628931423486,1920.0,5760.0,0.0,0.03125,0.03125,1.662954262317447e-05,0.0
46680.0,12.966666666666667,0.012402666666666666,0.6574295742926535,0.0,0.6574295742926535,0.14648378776763576,0.4282817915138662,2.121718208485295,-8.388845174067683e-13,63,0.4282817915138662,0.0007479924108071732,1920.0,5760.0,0.0,0.03125,0.03125,1.6770709179427748e-05,0.0
46740.0,12.983333333333333,0.012401333333333334,0.6561760299587566,0.0,0.6561760299587566,0.146168861275476,0.4275361609794032,2.122463839019758,-8.388845174067683e-13,63,0.4275361609794032,0.0007456305344629744,1920.0,5760.0,0.0,0.03125,0.03125,1.6905135340857477e-05,0.0
46800.0,13.0,0.0124,0.6549264048046133,0.0,0.6549264048046133,0.14585510648900565,0.4267928837431221,2.12320711625604,-8.375522497772181e-13,62,0.4267928837431221,0.0007432772362824044,1920.0,5760.0,0.0,0.03125,0.03125,1.7015366285833555e-05,0.0
46860.0,13.016666666666667,0.012398660529100528,0.6536806843229632,0.0,0.6536806843229632,0.14554252766679576,0.4260519511127487,2.123948048886413,-8.379963389870682e-13,62,0.4260519511127487,0.0007409326303728675,1920.0,5760.0,0.0,0.03125,0.03125,1.7176467337373555e-05,0.0
46920.0,13.033333333333333,0.012397309629629628,0.6524388524972479,0.0,0.6524388524972479,0.14523113876056462,0.42531335383725427,2.124686646161908,-8.375522497772181e-13,62,0.42531335383725427,0.0007385972754949288,1920.0,5760.0,0.0,0.03125,0.03125,1.7294883540186988e-05,0.0
46980.0,13.05,0.012395948571428572,0.6512008932078287,0.0,0.6512008932078287,0.14492094146859097,0.4245770825566387,2.125422917442523,-8.379963389870682e-13,62,0.4245770825566387,0.0007362712806152067,1920.0,5760.0,0.0,0.03125,0.03125,1.7422959346722173e-05,0.0
47040.0,13.066666666666666,0.012394578624338624,0.6499667906652176,0.0,0.6499667906652176,0.1446119331471209,0.4238431279955001,2.126156872003662,-8.375522497772181e-13,62,0.4238431279955001,0.0007339545611391057,1920.0,5760.0,0.0,0.03125,0.03125,1.7583338149905562e-05,0.0
47100.0,13.083333333333334,0.012393201058201056,0.6487365294057863,0.0,0.6487365294057863,0.1443041090892818,0.423111480984881,2.126888519014282,-8.37108160567368e-13,62,0.423111480984881,0.0007316470106199826,1920.0,5760.0,0.0,0.03125,0.03125,1.767612913564938e-05,0.0
47160.0,13.1,0.012391817142857142,0.647510094287538,0.0,0.647510094287538,0.14399746331431332,0.4223821324738593,2.1276178675253035,-8.37108160567368e-13,62,0.4223821324738593,0.0007293485110215419,1920.0,5760.0,0.0,0.03125,0.03125,1.7830250836634175e-05,0.0
47220.0,13.116666666666667,0.012390428148148148,0.6462874704859177,0.0,0.6462874704859177,0.14369198896784363,0.4216550735368001,2.1283449264623635,-8.362199821476679e-13,62,0.4216550735368001,0.0007270589370598717,1920.0,5760.0,0.0,0.03125,0.03125,1.7962531088035767e-05,0.0
47280.0,13.133333333333333,0.012389035343915344,0.6450686434896726,0.0,0.6450686434896726,0.1433876785605088,0.4209302953782143,2.1290697046209504,-8.353318037279678e-13,62,0.4209302953782143,0.0007247781585867604,1920.0,5760.0,0.0,0.03125,0.03125,1.81070550696733e-05,0.0
47340.0,13.15,0.01238764,0.6438535990967633,0.0,0.6438535990967633,0.14308452412454267,0.42020778933613717,2.129792210663027,-8.353318037279678e-13,62,0.42020778933613717,0.0007225060420765953,1920.0,5760.0,0.0,0.03125,0.03125,1.825042584270265e-05,0.0
47400.0,13.166666666666666,0.012386243386243384,0.6426423234103114,0.0,0.6426423234103114,0.1427825173233929,0.4194875468845062,2.130512453114658,-8.353318037279678e-13,62,0.4194875468845062,0.0007202424516312047,1920.0,5760.0,0.0,0.03125,0.03125,1.8376497483703092e-05,0.0
47460.0,13.183333333333334,0.012384846772486772,0.6414348028345923,0.0,0.6414348028345923,0.14248164953212175,0.41876955963480833,2.1312304403643556,-8.357758929378178e-13,62,0.41876955963480833,0.0007179872496974988,1920.0,5760.0,0.0,0.03125,0.03125,1.8520019983648026e-05,0.0
47520.0,13.2,0.012383451428571429,0.6402310240710745,0.0,0.6402310240710745,0.14218191189849827,0.4180538193372081,2.131946180661957,-8.348877145181177e-13,62,0.4180538193372081,0.000715740297601272,1920.0,5760.0,0.0,0.03125,0.03125,1.8668197505805667e-05,0.0
47580.0,13.216666666666667,0.012382058624338624,0.6390309741144946,0.0,0.6390309741144946,0.14188329539072447,0.4173403178812515,2.132659682117914,-8.344436253082677e-13,62,0.4173403178812515,0.0007135014559568371,1920.0,5760.0,0.0,0.03125,0.03125,1.8795800174772615e-05,0.0
47640.0,13.233333333333333,0.01238066962962963,0.6378346402489742,0.0,0.6378346402489742,0.1415857908355579,0.41662904729626216,2.1333709527029034,-8.339995360984176e-13,62,0.41662904729626216,0.0007112705849892345,1920.0,5760.0,0.0,0.03125,0.03125,1.8953308077154665e-05,0.0
47700.0,13.25,0.012379285714285714,0.636642010044172,0.0,0.636642010044172,0.1412893889493241,0.4159199997514699,2.134080000247696,-8.339995360984176e-13,62,0.4159199997514699,0.0007090475447927678,1920.0,5760.0,0.0,0.03125,0.03125,1.9076185748112697e-05,0.0
47760.0,13.266666666666667,0.012377908148148148,0.6354530713514766,0.0,0.6354530713514766,0.14099408036353428,0.41521316755592746,2.134786832443238,-8.344436253082677e-13,62,0.41521316755592746,0.0007068321955419218,1920.0,5760.0,0.0,0.03125,0.03125,1.9253785928067347e-05,0.0
47820.0,13.283333333333333,0.0123765382010582,0.6342678123002359,0.0,0.6342678123002359,0.14069985564631704,0.4145085431582626,2.135491456840904,-8.335554468885675e-13,62,0.4145085431582626,0.0007046243976658114,1920.0,5760.0,0.0,0.03125,0.03125,1.9372322450670613e-05,0.0
47880.0,13.3,0.012375177142857144,0.633086221294018,0.0,0.633086221294018,0.14040670532054786,0.41380611914626925,2.1361938808528977,-8.326672684688674e-13,62,0.41380611914626925,0.0007024240119941582,1920.0,5760.0,0.0,0.03125,0.03125,1.9538774706522056e-05,0.0
47940.0,13.316666666666666,0.012373826243386243,0.6319082870069093,0.0,0.6319082870069093,0.14011461987933035,0.41310588824638905,2.1368941117527784,-8.322231792590173e-13,62,0.41310588824638905,0.000700230899880704,1920.0,5760.0,0.0,0.03125,0.03125,1.970353148328283e-05,0.0
48000.0,13.333333333333334,0.012372486772486771,0.6307339983798436,0.0,0.6307339983798436,0.13982358979932435,0.41240784332308,2.137592156676087,-8.331113576787175e-13,62,0.41240784332308,0.0006980449233084346,1920.0,5760.0,0.0,0.03125,0.03125,1.982693610299172e-05,0.0
48060.0,13.35,0.012371159999999999,0.6295633446169653,0.0,0.6295633446169653,0.1395336055523024,0.411711977378101,2.138288022621067,-8.317790900491673e-13,62,0.411711977378101,0.0006958659449799823,1920.0,5760.0,0.0,0.03125,0.03125,2.001235771053019e-05,0.0
48120.0,13.366666666666667,0.012369847195767194,0.6283963151820211,0.0,0.6283963151820211,0.13924465761523294,0.41101828354970454,2.1389817164494627,-8.326672684688674e-13,62,0.41101828354970454,0.0006936938283958364,1920.0,5760.0,0.0,0.03125,0.03125,2.013107579558298e-05,0.0
48180.0,13.383333333333333,0.01236854962962963,0.6272328997947855,0.0,0.6272328997947855,0.13895673647912749,0.4103267551117829,2.139673244887385,-8.317790900491673e-13,62,0.4103267551117829,0.000691528437922373,1920.0,5760.0,0.0,0.03125,0.03125,2.031321785690983e-05,0.0
48240.0,13.4,0.012367268571428572,0.6260730884275129,0.0,0.6260730884275129,0.13866983265683974,0.40963738547293105,2.1403626145262367,-8.322231792590173e-13,62,0.40963738547293105,0.0006893696388513681,1920.0,5760.0,0.0,0.03125,0.03125,2.0481221781567343e-05,0.0
48300.0,13.416666666666666,0.01236600529100529,0.6249168713014199,0.0,0.6249168713014199,0.13838393668997076,0.40895016817547936,2.141049831823689,-8.317790900491673e-13,62,0.40895016817547936,0.000687217297452287,1920.0,5760.0,0.0,0.03125,0.03125,2.0614776496053674e-05,0.0
48360.0,13.433333333333334,0.012364761058201057,0.6237642388831945,0.0,0.6237642388831945,0.13809903915500674,0.4082650968944611,2.141734903104707,-8.317790900491673e-13,62,0.4082650968944611,0.0006850712810184427,1920.0,5760.0,0.0,0.03125,0.03125,2.0776780641610313e-05,0.0
48420.0,13.45,0.012363537142857144,0.62261518188153,0.0,0.62261518188153,0.13781513066879056,0.4075821654365542,2.142417834562615,-8.304468224196171e-13,62,0.4075821654365542,0.0006829314579078596,1920.0,5760.0,0.0,0.03125,0.03125,2.093378809097236e-05,0.0
48480.0,13.466666666666667,0.012362334814814814,0.6214696912436917,0.0,0.6214696912436917,0.13753220189341805,0.406901367738974,2.1430986322601946,-8.313350008393172e-13,62,0.406901367738974,0.0006807976975796221,1920.0,5760.0,0.0,0.03125,0.03125,2.1102528073248228e-05,0.0
48540.0,13.483333333333333,0.012361155343915343,0.6203277581521024,0.0,0.6203277581521024,0.13725024354062532,0.4062226978683485,2.143777302130821,-8.304468224196171e-13,62,0.4062226978683485,0.0006786698706262791,1920.0,5760.0,0.0,0.03125,0.03125,2.1276467384882696e-05,0.0
48600.0,13.5,0.01236,0.6191893740209534,0.0,0.6191893740209534,0.1369692463757336,0.4055461500195462,2.1444538499796235,-8.30002733209767e-13,62,0.4055461500195462,0.0006765478488028137,1920.0,5760.0,0.0,0.03125,0.03125,2.1433334181242354e-05,0.0
48660.0,13.516666666666667,0.012358871111111112,0.6180545305656544,0.0,0.6180545305656544,0.13668919977238242,0.40487171853972764,2.1451282814594412,-8.308909116294672e-13,62,0.40487171853972764,0.0006744314798179086,1920.0,5760.0,0.0,0.03125,0.03125,2.1587524536660928e-05,0.0
48720.0,13.533333333333333,0.012357768888888888,0.6169232198223786,0.0,0.6169232198223786,0.13641009445305613,0.4041993979433333,2.145800602055836,-8.308909116294672e-13,62,0.4041993979433333,0.0006723205963946535,1920.0,5760.0,0.0,0.03125,0.03125,2.177814777678491e-05,0.0
48780.0,13.55,0.012356691428571428,0.6157954335888689,0.0,0.6157954335888689,0.13613192721566567,0.4035291827082666,2.1464708172909033,-8.30002733209767e-13,62,0.4035291827082666,0.0006702152350676525,1920.0,5760.0,0.0,0.03125,0.03125,2.1927460097323364e-05,0.0
48840.0,13.566666666666666,0.012355636825396825,0.6146711633081634,0.0,0.6146711633081634,0.13585469739417766,0.4028610672086917,2.1471389327904777,-8.304468224196171e-13,62,0.4028610672086917,0.0006681154995744768,1920.0,5760.0,0.0,0.03125,0.03125,2.209558567717873e-05,0.0
48900.0,13.583333333333334,0.012354603174603174,0.6135504000742023,0.0,0.6135504000742023,0.1355784057867427,0.4021950457015835,2.147804954297587,-8.29558643999917e-13,62,0.4021950457015835,0.0006660215071092064,1920.0,5760.0,0.0,0.03125,0.03125,2.2289713833108813e-05,0.0
48960.0,13.6,0.01235358857142857,0.6124331346373877,0.0,0.6124331346373877,0.13530305419626054,0.40153111231862687,2.1484688876805427,-8.304468224196171e-13,62,0.40153111231862687,0.0006639333829555354,1920.0,5760.0,0.0,0.03125,0.03125,2.245466844052959e-05,0.0
49020.0,13.616666666666667,0.012352591111111111,0.6113193574101071,0.0,0.6113193574101071,0.13502864516506843,0.4008692610608387,2.149130738938332,-8.291145547900669e-13,62,0.4008692610608387,0.0006618512577889517,1920.0,5760.0,0.0,0.03125,0.03125,2.263388162245925e-05,0.0
49080.0,13.633333333333333,0.01235160888888889,0.6102090584722065,0.0,0.6102090584722065,0.13475518180089388,0.40020948579482246,2.1497905142043487,-8.286704655802168e-13,62,0.40020948579482246,0.0006597752660168893,1920.0,5760.0,0.0,0.03125,0.03125,2.2810014593559353e-05,0.0
49140.0,13.65,0.012350639999999998,0.609102227576421,0.0,0.609102227576421,0.1344826676537551,0.3995517802501723,2.150448219748999,-8.286704655802168e-13,62,0.3995517802501723,0.0006577055446501592,1920.0,5760.0,0.0,0.03125,0.03125,2.3006287442440966e-05,0.0
49200.0,13.666666666666666,0.012349682539682539,0.6079988541537585,0.0,0.6079988541537585,0.1342111066244048,0.3988961380176853,2.1511038619814853,-8.291145547900669e-13,62,0.3988961380176853,0.0006556422324865716,1920.0,5760.0,0.0,0.03125,0.03125,2.3146598888898297e-05,0.0
49260.0,13.683333333333334,0.012348734603174602,0.6068989273188333,0.0,0.6068989273188333,0.13394050289373163,0.3982425525481919,2.15175744745098,-8.277822871605167e-13,62,0.3982425525481919,0.0006535854694948353,1920.0,5760.0,0.0,0.03125,0.03125,2.333251561367724e-05,0.0
49320.0,13.7,0.012347794285714286,0.6058024358751498,0.0,0.6058024358751498,0.1336708608668203,0.39759101715185585,2.1524089828473154,-8.286704655802168e-13,62,0.39759101715185585,0.000651535396335048,1920.0,5760.0,0.0,0.03125,0.03125,2.3514705635492883e-05,0.0
49380.0,13.716666666666667,0.012346859682539683,0.6047093683203384,0.0,0.6047093683203384,0.13340218512767604,0.39694152499788066,2.153058475001292,-8.268941087408166e-13,62,0.39694152499788066,0.0006494921539767092,1920.0,5760.0,0.0,0.03125,0.03125,2.36862504403534e-05,0.0
49440.0,13.733333333333333,0.012345928888888889,0.6036197128513313,0.0,0.6036197128513313,0.13313448040195527,0.39629406911449183,2.1537059308846813,-8.268941087408166e-13,62,0.39629406911449183,0.0006474558833889175,1920.0,5760.0,0.0,0.03125,0.03125,2.3856855344743326e-05,0.0
49500.0,13.75,0.012344999999999998,0.6025334573694955,0.0,0.6025334573694955,0.1328677515258588,0.3956486423892059,2.1543513576099667,-8.273381979506667e-13,62,0.3956486423892059,0.0006454267252855246,1920.0,5760.0,0.0,0.03125,0.03125,2.403104083490548e-05,0.0
49560.0,13.766666666666667,0.012344071111111111,0.6014505894857001,0.0,0.6014505894857001,0.13260200341987155,0.39500523756929296,2.15499476242988,-8.268941087408166e-13,62,0.39500523756929296,0.0006434048199131389,1920.0,5760.0,0.0,0.03125,0.03125,2.420936462582926e-05,0.0
49620.0,13.783333333333333,0.01234314031746032,0.6003710965253369,0.0,0.6003710965253369,0.1323372410663827,0.39436384726242024,2.1556361527367534,-8.260059303211165e-13,62,0.39436384726242024,0.0006413903068732151,1920.0,5760.0,0.0,0.03125,0.03125,2.4393832799444726e-05,0.0
49680.0,13.8,0.012342205714285716,0.5992949655332768,0.0,0.5992949655332768,0.13207346949045837,0.3937244639374489,2.156275536061725,-8.255618411112664e-13,62,0.3937244639374489,0.0006393833249717263,1920.0,5760.0,0.0,0.03125,0.03125,2.45822650340432e-05,0.0
49740.0,13.816666666666666,0.012341265396825398,0.5982221832787727,0.0,0.5982221832787727,0.1318106937432115,0.39308707992535746,2.1569129200738164,-8.260059303211165e-13,62,0.39308707992535746,0.0006373840120914546,1920.0,5760.0,0.0,0.03125,0.03125,2.4769714444200167e-05,0.0
49800.0,13.833333333333334,0.01234031746031746,0.5971527362603031,0.0,0.5971527362603031,0.13154891888733564,0.39245168742027486,2.1575483125788995,-8.255618411112664e-13,62,0.39245168742027486,0.000635392505083096,1920.0,5760.0,0.0,0.03125,0.03125,2.4955075396872926e-05,0.0
49860.0,13.85,0.01233936,0.5960866107103528,0.0,0.5960866107103528,0.13128814998446067,0.3918182784806029,2.1581817215185715,-8.255618411112664e-13,62,0.3918182784806029,0.0006334089396721955,1920.0,5760.0,0.0,0.03125,0.03125,2.513253224314e-05,0.0
49920.0,13.866666666666667,0.01233839111111111,0.5950237926001367,0.0,0.5950237926001367,0.13102839208405645,0.39118684503022294,2.158813154968951,-8.260059303211165e-13,62,0.39118684503022294,0.0006314334503795117,1920.0,5760.0,0.0,0.03125,0.03125,2.5289777874865366e-05,0.0
49980.0,13.883333333333333,0.012337408888888889,0.5939642676442592,0.0,0.5939642676442592,0.1307696502136613,0.3905573788597712,2.1594426211394038,-8.246736626915663e-13,62,0.3905573788597712,0.0006294661704529045,1920.0,5760.0,0.0,0.03125,0.03125,2.5465062820401334e-05,0.0
50040.0,13.9,0.01233641142857143,0.5929080213053131,0.0,0.5929080213053131,0.1305119293702554,0.38992987162796183,2.160070128371213,-8.251177519014163e-13,62,0.38992987162796183,0.0006275072318091713,1920.0,5760.0,0.0,0.03125,0.03125,2.5640645756328437e-05,0.0
50100.0,13.916666666666666,0.012335396825396826,0.5918550387984132,0.0,0.5918550387984132,0.13025523451262686,0.3893043148629776,2.1606956851361976,-8.246736626915663e-13,62,0.3893043148629776,0.0006255567649845312,1920.0,5760.0,0.0,0.03125,0.03125,2.5828899663524913e-05,0.0
50160.0,13.933333333333334,0.012334363174603175,0.5908053050956673,0.0,0.5908053050956673,0.12999957055460729,0.38868069996388427,2.16131930003529,-8.255618411112664e-13,62,0.38868069996388427,0.0006236148990927296,1920.0,5760.0,0.0,0.03125,0.03125,2.6014626029156772e-05,0.0
50220.0,13.95,0.012333308571428572,0.5897588049305846,0.0,0.5897588049305846,0.12974494235906942,0.38805901820209515,2.16194098179708,-8.246736626915663e-13,62,0.38805901820209515,0.0006216817617897962,1920.0,5760.0,0.0,0.03125,0.03125,2.6203590635632843e-05,0.0
50280.0,13.966666666666667,0.012332231111111112,0.5887155228024135,0.0,0.5887155228024135,0.1294913547325995,0.387439260722851,2.1625607392763246,-8.242295734817162e-13,62,0.387439260722851,0.0006197574792447612,1920.0,5760.0,0.0,0.03125,0.03125,2.636894590784321e-05,0.0
50340.0,13.983333333333333,0.012331128888888888,0.5876754429804185,0.0,0.5876754429804185,0.12923881242076773,0.3868214185467351,2.1631785814524402,-8.246736626915663e-13,62,0.3868214185467351,0.0006178421761156367,1920.0,5760.0,0.0,0.03125,0.03125,2.6538853848678725e-05,0.0
50400.0,14.0,0.01233,0.586638549508089,0.0,0.586638549508089,0.1289873201039321,0.3862054825712053,2.1637945174279705,-8.242295734817162e-13,62,0.3862054825712053,0.0006159359755301604,1920.0,5760.0,0.0,0.03125,0.03125,2.6721007980409062e-05,0.0
50460.0,14.016666666666667,0.01232883851851852,0.585604825972357,0.0,0.585604825972357,0.1287368875172087,0.38559144349026264,2.1644085565089135,-8.237854842718662e-13,62,0.38559144349026264,0.0006140390809430131,1920.0,5760.0,0.0,0.03125,0.03125,2.6895982621449475e-05,0.0
50520.0,14.033333333333333,0.01232764148148148,0.5845742550567135,0.0,0.5845742550567135,0.1284875267055411,0.38497929160810596,2.1650207083910704,-8.233413950620161e-13,62,0.38497929160810596,0.0006121518821567349,1920.0,5760.0,0.0,0.03125,0.03125,2.707793517531283e-05,0.0
50580.0,14.05,0.012326411428571429,0.5835468196871583,0.0,0.5835468196871583,0.12823923742112758,0.38436901723818007,2.1656309827609976,-8.220091274324659e-13,62,0.38436901723818007,0.0006102743699270561,1920.0,5760.0,0.0,0.03125,0.03125,2.7263408998742232e-05,0.0
50640.0,14.066666666666666,0.0123251508994709,0.5825225033231957,0.0,0.5825225033231957,0.12799201470453056,0.38376061085489943,2.1662393891442786,-8.215650382226158e-13,62,0.38376061085489943,0.0006084063832808866,1920.0,5760.0,0.0,0.03125,0.03125,2.7430227601965927e-05,0.0
50700.0,14.083333333333334,0.012323862433862433,0.581501289950614,0.0,0.581501289950614,0.1277458510924446,0.3831540631183851,2.166845936880793,-8.220091274324659e-13,62,0.3831540631183851,0.0006065477365142515,1920.0,5760.0,0.0,0.03125,0.03125,2.760734967281082e-05,0.0
50760.0,14.1,0.012322548571428572,0.5804831640743735,0.0,0.5804831640743735,0.12750073747740143,0.3825493648886356,2.167450635110542,-8.220091274324659e-13,62,0.3825493648886356,0.0006046982297492974,1920.0,5760.0,0.0,0.03125,0.03125,2.7757686851450717e-05,0.0
50820.0,14.116666666666667,0.012321211851851853,0.579468110711593,0.0,0.579468110711593,0.127256663577388,0.381946507234787,2.1680534927643906,-8.220091274324659e-13,62,0.381946507234787,0.0006028576538487338,1920.0,5760.0,0.0,0.03125,0.03125,2.7948150273287013e-05,0.0
50880.0,14.133333333333333,0.012319854814814816,0.5784561153846374,0.0,0.5784561153846374,0.12701361823184584,0.38134548144149494,2.1686545185576835,-8.215650382226158e-13,62,0.38134548144149494,0.0006010257932931172,1920.0,5760.0,0.0,0.03125,0.03125,2.8157557893717536e-05,0.0
50940.0,14.15,0.01231848,0.5774471641142969,0.0,0.5774471641142969,0.1267715896046428,0.3807462790134287,2.169253720985749,-8.220091274324659e-13,62,0.3807462790134287,0.0005992024280657601,1920.0,5760.0,0.0,0.03125,0.03125,2.8329580677533953e-05,0.0
51000.0,14.166666666666666,0.012317089947089948,0.5764412434130599,0.0,0.5764412434130599,0.12653056533130366,0.38014889167845145,2.1698511083207257,-8.22453216642316e-13,62,0.38014889167845145,0.0005973873349765919,1920.0,5760.0,0.0,0.03125,0.03125,2.8486058887127143e-05,0.0
51060.0,14.183333333333334,0.012315687195767195,0.5754383402784677,0.0,0.5754383402784677,0.1262905326302078,0.3795533113898152,2.1704466886093634,-8.211209490127658e-13,62,0.3795533113898152,0.0005955802886375287,1920.0,5760.0,0.0,0.03125,0.03125,2.868676233894946e-05,0.0
51120.0,14.2,0.012314274285714287,0.5744384421865554,0.0,0.5744384421865554,0.12605147838916836,0.37895953032760926,2.17104046967157,-8.202327705930657e-13,62,0.37895953032760926,0.0005937810622067485,1920.0,5760.0,0.0,0.03125,0.03125,2.8884455870006122e-05,0.0
51180.0,14.216666666666667,0.012312853756613756,0.5734415370853716,0.0,0.5734415370853716,0.12581338923446453,0.3783675408996372,2.171632459099542,-8.206768598029157e-13,62,0.3783675408996372,0.0005919894279720908,1920.0,5760.0,0.0,0.03125,0.03125,2.9058774945463914e-05,0.0
51240.0,14.233333333333333,0.01231142814814815,0.5724476133885761,0.0,0.5724476133885761,0.12557625158694388,0.3777773357418192,2.1722226642573603,-8.202327705930657e-13,62,0.3777773357418192,0.0005902051578181562,1920.0,5760.0,0.0,0.03125,0.03125,2.9255717722464987e-05,0.0
51300.0,14.25,0.01231,0.5714566599691077,0.0,0.5714566599691077,0.1253400517083355,0.37718890771821284,2.172811092280967,-8.197886813832156e-13,62,0.37718890771821284,0.0005884280236068649,1920.0,5760.0,0.0,0.03125,0.03125,2.9445578845549126e-05,0.0
51360.0,14.266666666666667,0.012308571851851854,0.5704686661529221,0.0,0.5704686661529221,0.12510477573998235,0.3766022499207199,2.173397750078459,-8.211209490127658e-13,62,0.3766022499207199,0.0005866577974919375,1920.0,5760.0,0.0,0.03125,0.03125,2.964921396092799e-05,0.0
51420.0,14.283333333333333,0.012307146243386245,0.5694836217127988,0.0,0.5694836217127988,0.12487040973559477,0.3760173556685389,2.173982644330641,-8.197886813832156e-13,62,0.3760173556685389,0.0005848942521820042,1920.0,5760.0,0.0,0.03125,0.03125,2.9733607218019906e-05,0.0
51480.0,14.3,0.012305725714285716,0.5685015168622101,0.0,0.5685015168622101,0.12463693968920941,0.3754342185073756,2.174565781491804,-8.202327705930657e-13,62,0.3754342185073756,0.0005831371611630316,1920.0,5760.0,0.0,0.03125,0.03125,2.9914858831297114e-05,0.0
51540.0,14.316666666666666,0.012304312804232805,0.5675223422492497,0.0,0.5675223422492497,0.12440435155925007,0.3748528322084885,2.175147167790692,-8.193445921733655e-13,62,0.3748528322084885,0.0005813862988880892,1920.0,5760.0,0.0,0.03125,0.03125,3.011507218238305e-05,0.0
51600.0,14.333333333333334,0.012302910052910055,0.5665460889506226,0.0,0.5665460889506226,0.12417263128938329,0.3742731907675485,2.1757268092316324,-8.189005029635155e-13,62,0.3742731907675485,0.000579641440940576,1920.0,5760.0,0.0,0.03125,0.03125,3.031281369419071e-05,0.0
51660.0,14.35,0.01230152,0.5655727484656846,0.0,0.5655727484656846,0.12394176482670706,0.3736952884033723,2.176304711595808,-8.193445921733655e-13,62,0.3736952884033723,0.0005779023641756611,1920.0,5760.0,0.0,0.03125,0.03125,3.053000397430973e-05,0.0
51720.0,14.366666666666667,0.012300145185185187,0.5646023127105393,0.0,0.5646023127105393,0.12371173813770218,0.3731191195565288,2.176880880442652,-8.193445921733655e-13,62,0.3731191195565288,0.0005761688468436573,1920.0,5760.0,0.0,0.03125,0.03125,3.073970476398769e-05,0.0
51780.0,14.383333333333333,0.012298788148148148,0.5636347740121838,0.0,0.5636347740121838,0.12348253722228932,0.3725446788878305,2.17745532111135,-8.193445921733655e-13,62,0.3725446788878305,0.0005744406686982857,1920.0,5760.0,0.0,0.03125,0.03125,3.0945803795732945e-05,0.0
51840.0,14.4,0.01229745142857143,0.5626701251026972,0.0,0.5626701251026972,0.12325414812627103,0.3719719612767389,2.1780280387224424,-8.184564137536654e-13,62,0.3719719612767389,0.0005727176110922709,1920.0,5760.0,0.0,0.03125,0.03125,3.1157757811657576e-05,0.0
51900.0,14.416666666666666,0.012296137566137566,0.56170835911348,0.0,0.56170835911348,0.12302655695238837,0.37140096181967697,2.1785990381795046,-8.180123245438153e-13,62,0.37140096181967697,0.0005709994570621614,1920.0,5760.0,0.0,0.03125,0.03125,3.138548458496777e-05,0.0
51960.0,14.433333333333334,0.0122948491005291,0.5607494695695301,0.0,0.5607494695695301,0.12279974987017893,0.37083167582827237,2.1791683241709086,-8.189005029635155e-13,62,0.37083167582827237,0.0005692859914040292,1920.0,5760.0,0.0,0.03125,0.03125,3.160157411621199e-05,0.0
52020.0,14.45,0.012293588571428574,0.5597934503837634,0.0,0.5597934503837634,0.1225737131247951,0.37026409882753136,2.1797359011716497,-8.189005029635155e-13,62,0.37026409882753136,0.0005675770007413213,1920.0,5760.0,0.0,0.03125,0.03125,3.182059925887171e-05,0.0
52080.0,14.466666666666667,0.01229235851851852,0.5588402958513673,0.0,0.5588402958513673,0.12234843304491543,0.3696982265539455,2.180301773445236,-8.184564137536654e-13,62,0.3696982265539455,0.000565872273586015,1920.0,5760.0,0.0,0.03125,0.03125,3.204374038887963e-05,0.0
52140.0,14.483333333333333,0.012291161481481482,0.5578900006441924,0.0,0.5578900006441924,0.12212389604985924,0.3691340549535524,2.18086594504563,-8.175682353339653e-13,62,0.3691340549535524,0.0005641716003939774,1920.0,5760.0,0.0,0.03125,0.03125,3.226417292451078e-05,0.0
52200.0,14.5,0.01229,0.5569425598051778,0.0,0.5569425598051778,0.12190008865600031,0.3685715801799369,2.1814284198192455,-8.175682353339653e-13,62,0.3685715801799369,0.0005624747736153397,1920.0,5760.0,0.0,0.03125,0.03125,3.249602916960387e-05,0.0
52260.0,14.516666666666667,0.012288866507936508,0.5559979682327995,0.0,0.5559979682327995,0.12167700959400288,0.36801079841340234,2.1819892015857802,-8.171241461241152e-13,62,0.36801079841340234,0.0005607817665346273,1920.0,5760.0,0.0,0.03125,0.03125,3.27196534503162e-05,0.0
52320.0,14.533333333333333,0.012287751111111111,0.5550562189811189,0.0,0.5550562189811189,0.1214546767109932,0.3674517051879081,2.1825482948112755,-8.162359677044151e-13,62,0.3674517051879081,0.0005590932254952473,1920.0,5760.0,0.0,0.03125,0.03125,3.294931835134195e-05,0.0
52380.0,14.55,0.012286652857142857,0.5541173044966095,0.0,0.5541173044966095,0.12123309629986526,0.3668942957533294,2.1831057042458535,-8.171241461241152e-13,62,0.3668942957533294,0.0005574094345778313,1920.0,5760.0,0.0,0.03125,0.03125,3.3182996303355004e-05,0.0
52440.0,14.566666666666666,0.012285570793650795,0.5531812170878024,0.0,0.5531812170878024,0.12101227140323895,0.366338565274369,2.1836614347248138,-8.171241461241152e-13,62,0.366338565274369,0.000555730478960464,1920.0,5760.0,0.0,0.03125,0.03125,3.340611907831915e-05,0.0
52500.0,14.583333333333334,0.012284503968253967,0.5522479489275468,0.0,0.5522479489275468,0.12079220400642181,0.36578450884562014,2.184215491153564,-8.15791878494565e-13,62,0.36578450884562014,0.0005540564287500686,1920.0,5760.0,0.0,0.03125,0.03125,3.364788206041728e-05,0.0
52560.0,14.6,0.012283451428571427,0.551317492055249,0.0,0.551317492055249,0.12057289562920377,0.3652321214976646,2.184767878501519,-8.162359677044151e-13,62,0.3652321214976646,0.0005523873479548315,1920.0,5760.0,0.0,0.03125,0.03125,3.387417931639717e-05,0.0
52620.0,14.616666666666667,0.012282412222222223,0.5503898383791048,0.0,0.5503898383791048,0.1203543475650527,0.36468139820019435,2.1853186017989907,-8.149037000748649e-13,62,0.36468139820019435,0.000550723297471642,1920.0,5760.0,0.0,0.03125,0.03125,3.41122834309741e-05,0.0
52680.0,14.633333333333333,0.012281385396825396,0.5494649796783031,0.0,0.5494649796783031,0.12013656099399374,0.3641323338638024,2.1858676661353815,-8.15791878494565e-13,62,0.3641323338638024,0.0005490643363908347,1920.0,5760.0,0.0,0.03125,0.03125,3.432913851119895e-05,0.0
52740.0,14.65,0.01228037,0.5485429076052195,0.0,0.5485429076052195,0.11991953704020246,0.3635849233411653,2.1864150766580197,-8.149037000748649e-13,62,0.3635849233411653,0.0005474105226379688,1920.0,5760.0,0.0,0.03125,0.03125,3.4574854758024314e-05,0.0
52800.0,14.666666666666666,0.01227936507936508,0.5476236136875845,0.0,0.5476236136875845,0.11970327680240964,0.3630391614278559,2.186960838571329,-8.149037000748649e-13,62,0.3630391614278559,0.0005457619133089702,1920.0,5760.0,0.0,0.03125,0.03125,3.479002603602314e-05,0.0
52860.0,14.683333333333334,0.012278369682539684,0.546707089330638,0.0,0.546707089330638,0.11948778136989213,0.3624950428630077,2.187504957136178,-8.140155216551648e-13,62,0.3624950428630077,0.0005441185648489516,1920.0,5760.0,0.0,0.03125,0.03125,3.503547266089185e-05,0.0
52920.0,14.7,0.012277382857142858,0.5457933258192625,0.0,0.5457933258192625,0.11927305183043455,0.36195256232986134,2.188047437669324,-8.144596108650148e-13,62,0.36195256232986134,0.0005424805331462043,1920.0,5760.0,0.0,0.03125,0.03125,3.526790109690842e-05,0.0
52980.0,14.716666666666667,0.012276403650793652,0.5448823143200965,0.0,0.5448823143200965,0.11905908927367352,0.3614117144562845,2.1885882855429024,-8.126832540256146e-13,62,0.3614117144562845,0.0005408478735782221,1920.0,5760.0,0.0,0.03125,0.03125,3.5503415522272754e-05,0.0
53040.0,14.733333333333333,0.012275431111111113,0.5439740458836316,0.0,0.5439740458836316,0.11884589479174518,0.3608724938152542,2.189127506183932,-8.135714324453147e-13,62,0.3608724938152542,0.0005392206410299088,1920.0,5760.0,0.0,0.03125,0.03125,3.5741140968015014e-05,0.0
53100.0,14.75,0.012274464285714286,0.5430685114462824,0.0,0.5430685114462824,0.11863346947835722,0.36033489492535875,2.1896651050738276,-8.135714324453147e-13,62,0.36033489492535875,0.0005375988898955865,1920.0,5760.0,0.0,0.03125,0.03125,3.5973314555680415e-05,0.0
53160.0,14.766666666666667,0.012273502222222222,0.5421657018324454,0.0,0.5421657018324454,0.11842181442695728,0.35979891225128746,2.1902010877478992,-8.131273432354647e-13,62,0.35979891225128746,0.0005359826740715937,1920.0,5760.0,0.0,0.03125,0.03125,3.620524104248624e-05,0.0
53220.0,14.783333333333333,0.012272543968253969,0.5412656077565304,0.0,0.5412656077565304,0.11821093072841227,0.3592645402043435,2.1907354597948427,-8.135714324453147e-13,62,0.3592645402043435,0.0005343720469436707,1920.0,5760.0,0.0,0.03125,0.03125,3.6438212628058856e-05,0.0
53280.0,14.8,0.012271588571428573,0.5403682198249741,0.0,0.5403682198249741,0.11800081946845353,0.35873177314297217,2.1912682268562143,-8.135714324453147e-13,62,0.35873177314297217,0.0005327670613716634,1920.0,5760.0,0.0,0.03125,0.03125,3.666936606799391e-05,0.0
53340.0,14.816666666666666,0.012270635079365079,0.5394735285382324,0.0,0.5394735285382324,0.11779148172504815,0.35820060537329934,2.1917993946258876,-8.126832540256146e-13,62,0.35820060537329934,0.0005311677696731581,1920.0,5760.0,0.0,0.03125,0.03125,3.690801889131905e-05,0.0
53400.0,14.833333333333334,0.012269682539682539,0.538581524292751,0.0,0.538581524292751,0.1175829185657962,0.3576710311496924,2.1923289688494947,-8.126832540256146e-13,62,0.3576710311496924,0.0005295742236070267,1920.0,5760.0,0.0,0.03125,0.03125,3.715453397647289e-05,0.0
53460.0,14.85,0.012268729999999999,0.5376921973829148,0.0,0.5376921973829148,0.11737513104541408,0.35714304467533475,2.1928569553238524,-8.126832540256146e-13,62,0.35714304467533475,0.0005279864743575139,1920.0,5760.0,0.0,0.03125,0.03125,3.739843452025569e-05,0.0
53520.0,14.866666666666667,0.012267776507936508,0.5368055380029764,0.0,0.5368055380029764,0.11716812020333976,0.356616640102816,2.1933833598963717,-8.122391648157645e-13,62,0.356616640102816,0.0005264045725192169,1920.0,5760.0,0.0,0.03125,0.03125,3.763148526559563e-05,0.0
53580.0,14.883333333333333,0.01226682111111111,0.53592153624896,0.0,0.53592153624896,0.1169618870614805,0.3560918115347339,2.1939081884644547,-8.113509863960644e-13,62,0.3560918115347339,0.0005248285680831944,1920.0,5760.0,0.0,0.03125,0.03125,3.784751520531041e-05,0.0
53640.0,14.9,0.012265862857142857,0.5350401821205477,0.0,0.5350401821205477,0.11675643262211138,0.35556855302430884,2.194431446974879,-8.117950756059145e-13,62,0.35556855302430884,0.0005232585104242791,1920.0,5760.0,0.0,0.03125,0.03125,3.807767960336558e-05,0.0
53700.0,14.916666666666666,0.012264900793650795,0.5341614655229399,0.0,0.5341614655229399,0.11655175786592868,0.3550468585760195,2.1949531414231687,-8.117950756059145e-13,62,0.3550468585760195,0.0005216944482896745,1920.0,5760.0,0.0,0.03125,0.03125,3.832883111841861e-05,0.0
53760.0,14.933333333333334,0.012263933968253968,0.5332853762686929,0.0,0.5332853762686929,0.116347863750255,0.3545267221462313,2.1954732778529573,-8.113509863960644e-13,62,0.3545267221462313,0.0005201364297888168,1920.0,5760.0,0.0,0.03125,0.03125,3.85669660765695e-05,0.0
53820.0,14.95,0.01226296142857143,0.5324119040795365,0.0,0.5324119040795365,0.11614475120739141,0.3540081376438467,2.1959918623553416,-8.113509863960644e-13,62,0.3540081376438467,0.0005185845023844901,1920.0,5760.0,0.0,0.03125,0.03125,3.880070554773201e-05,0.0
53880.0,14.966666666666667,0.012261982222222221,0.5315410385881664,0.0,0.5315410385881664,0.11594242114311246,0.35349109893096176,2.196508901068227,-8.113509863960644e-13,62,0.35349109893096176,0.0005170387128851171,1920.0,5760.0,0.0,0.03125,0.03125,3.904561088270991e-05,0.0
53940.0,14.983333333333333,0.012260995396825396,0.5306727693400174,0.0,0.5306727693400174,0.11574087443529463,0.35297559982352356,2.197024400175665,-8.113509863960644e-13,62,0.35297559982352356,0.0005154991074382165,1920.0,5760.0,0.0,0.03125,0.03125,3.9279321572108705e-05,0.0
54000.0,15.0,0.01226,0.5298070857950067,0.0,0.5298070857950067,0.11554011193267248,0.35246163409199854,2.1975383659071897,-8.117950756059145e-13,62,0.35246163409199854,0.0005139657315249464,1920.0,5760.0,0.0,0.03125,0.03125,3.951016080258472e-05,0.0
54060.0,15.016666666666667,0.012258993555555554,0.5289439772533299,0.0,0.5289439772533299,0.11534013629250271,0.3519491954350759,2.1980508045641125,-8.113509863960644e-13,62,0.3519491954350759,0.000512438656922963,1920.0,5760.0,0.0,0.03125,0.03125,3.974678763195255e-05,0.0
54120.0,15.033333333333333,0.012257975111111112,0.52808343273824,0.0,0.52808343273824,0.1151409503961329,0.35143827742742056,2.198561722571768,-8.113509863960644e-13,62,0.35143827742742056,0.0005109180076552546,1920.0,5760.0,0.0,0.03125,0.03125,3.9982798625953656e-05,0.0
54180.0,15.05,0.012256946000000001,0.5272254414132903,0.0,0.5272254414132903,0.11494255203950582,0.35092887367079656,2.1990711263283926,-8.104628079763643e-13,62,0.35092887367079656,0.0005094037566245714,1920.0,5760.0,0.0,0.03125,0.03125,4.021536181484474e-05,0.0
54240.0,15.066666666666666,0.012255907555555556,0.526369992682442,0.0,0.526369992682442,0.11474493710222208,0.35042097785061777,2.199579022148572,-8.100187187665142e-13,62,0.35042097785061777,0.000507895820179198,1920.0,5760.0,0.0,0.03125,0.03125,4.0452852565935905e-05,0.0
54300.0,15.083333333333334,0.012254861111111112,0.5255170761870294,0.0,0.5255170761870294,0.11454810045159716,0.34991458374605217,2.2000854162531374,-8.104628079763643e-13,62,0.34991458374605217,0.0005063941045657591,1920.0,5760.0,0.0,0.03125,0.03125,4.069197069857027e-05,0.0
54360.0,15.1,0.012253808000000001,0.5246666818027623,0.0,0.5246666818027623,0.11435203629831854,0.3494096852357481,2.200590314763442,-8.095746295566641e-13,62,0.3494096852357481,0.000504898510304774,1920.0,5760.0,0.0,0.03125,0.03125,4.093250493812474e-05,0.0
54420.0,15.116666666666667,0.012252749555555558,0.5238187996367568,0.0,0.5238187996367568,0.11415673839105536,0.34890627630150706,2.2010937236976824,-8.104628079763643e-13,62,0.34890627630150706,0.0005034089342404891,1920.0,5760.0,0.0,0.03125,0.03125,4.11699603619317e-05,0.0
54480.0,15.133333333333333,0.01225168711111111,0.5229734200246055,0.0,0.5229734200246055,0.11396220013897301,0.34840435103076495,2.2015956489684245,-8.104628079763643e-13,62,0.34840435103076495,0.0005019252707422304,1920.0,5760.0,0.0,0.03125,0.03125,4.140868313822315e-05,0.0
54540.0,15.15,0.012250622000000001,0.5221305335274726,0.0,0.5221305335274726,0.11376841469551863,0.347903903618275,2.2020960963809153,-8.095746295566641e-13,62,0.347903903618275,0.0005004474124906316,1920.0,5760.0,0.0,0.03125,0.03125,4.165301549112604e-05,0.0
54600.0,15.166666666666666,0.012249555555555555,0.5212901309292228,0.0,0.5212901309292228,0.11357537501898889,0.3474049283672469,2.202595071631944,-8.091305403468141e-13,62,0.3474049283672469,0.0004989752510286779,1920.0,5760.0,0.0,0.03125,0.03125,4.190569907388231e-05,0.0
54660.0,15.183333333333334,0.01224848911111111,0.5204522032335828,0.0,0.5204522032335828,0.11338307391809324,0.3469074196900797,2.203092580309111,-8.091305403468141e-13,62,0.3469074196900797,0.0004975086771666158,1920.0,5760.0,0.0,0.03125,0.03125,4.214809049748412e-05,0.0
54720.0,15.2,0.012247424,0.5196167416613279,0.0,0.5196167416613279,0.11319150408728028,0.3464113721087899,2.203588627890401,-8.091305403468141e-13,62,0.3464113721087899,0.0004960475812899707,1920.0,5760.0,0.0,0.03125,0.03125,4.2404585942818736e-05,0.0
54780.0,15.216666666666667,0.012246361555555557,0.518783737647499,0.0,0.518783737647499,0.11300065813477737,0.34591678025519035,2.204083219744001,-8.08242361927114e-13,62,0.34591678025519035,0.0004945918536001486,1920.0,5760.0,0.0,0.03125,0.03125,4.2649548920697455e-05,0.0
54840.0,15.233333333333333,0.01224530311111111,0.5179531828386446,0.0,0.5179531828386446,0.1128105286052732,0.34542363887088356,2.2045763611283076,-8.08686451136964e-13,62,0.34542363887088356,0.0004931413843063501,1920.0,5760.0,0.0,0.03125,0.03125,4.289213072248781e-05,0.0
54900.0,15.25,0.01224425,0.5171250690900951,0.0,0.5171250690900951,0.11262110799855073,0.34493194280710293,2.2050680571920886,-8.08242361927114e-13,62,0.34493194280710293,0.0004916960637812697,1920.0,5760.0,0.0,0.03125,0.03125,4.3140584659065685e-05,0.0
54960.0,15.266666666666667,0.012243203555555556,0.5162993884632567,0.0,0.5162993884632567,0.11243238878499327,0.3444416870244137,2.205558312974778,-8.08242361927114e-13,62,0.3444416870244137,0.0004902557826891866,1920.0,5760.0,0.0,0.03125,0.03125,4.3420281891102116e-05,0.0
55020.0,15.283333333333333,0.012242165111111113,0.5154761332229352,0.0,0.5154761332229352,0.11224436341862802,0.3439528665923215,2.2060471334068708,-8.073541835074138e-13,62,0.3439528665923215,0.0004888204320925734,1920.0,5760.0,0.0,0.03125,0.03125,4.366251725098118e-05,0.0
55080.0,15.3,0.012241136000000001,0.5146552958346811,0.0,0.5146552958346811,0.1120570243481995,0.34346547668877975,2.2065345233104123,-8.077982727172639e-13,62,0.34346547668877975,0.0004873899035417144,1920.0,5760.0,0.0,0.03125,0.03125,4.392891057478464e-05,0.0
55140.0,15.316666666666666,0.012240117555555556,0.5138368689621617,0.0,0.5138368689621617,0.11187036402664621,0.3429795125996294,2.207020487399563,-8.073541835074138e-13,62,0.3429795125996294,0.0004859640891506796,1920.0,5760.0,0.0,0.03125,0.03125,4.419325708701381e-05,0.0
55200.0,15.333333333333334,0.012239111111111112,0.5130208454645527,0.0,0.5130208454645527,0.11168437491926449,0.3424949697179674,2.207505030281225,-8.073541835074138e-13,62,0.3424949697179674,0.00048454288166220323,1920.0,5760.0,0.0,0.03125,0.03125,4.444240516844646e-05,0.0
55260.0,15.35,0.012238118000000003,0.5122072183939579,0.0,0.5122072183939579,0.11149904951078482,0.3420118435434637,2.207988156455728,-8.077982727172639e-13,62,0.3420118435434637,0.00048312617450344783,1920.0,5760.0,0.0,0.03125,0.03125,4.471812301438115e-05,0.0
55320.0,15.366666666666667,0.012237139555555557,0.5113959809928429,0.0,0.5113959809928429,0.11131438031153568,0.3415301296816302,2.2084698703175625,-8.073541835074138e-13,62,0.3415301296816302,0.0004817138618341941,1920.0,5760.0,0.0,0.03125,0.03125,4.5001487625797723e-05,0.0
55380.0,15.383333333333333,0.01223617711111111,0.5105871266915003,0.0,0.5105871266915003,0.11113035986283744,0.34104982384304156,2.208950176156151,-8.069100942975638e-13,62,0.34104982384304156,0.0004803058385887027,1920.0,5760.0,0.0,0.03125,0.03125,4.5246843892888356e-05,0.0
55440.0,15.4,0.012235232,0.509780649105523,0.0,0.509780649105523,0.11094698074174023,0.3405709218425299,2.2094290781566635,-8.064660050877137e-13,62,0.3405709218425299,0.00047890200051222797,1920.0,5760.0,0.0,0.03125,0.03125,4.552902764817591e-05,0.0
55500.0,15.416666666666666,0.012234305555555557,0.5089765420333096,0.0,0.5089765420333096,0.11076423556520024,0.340093419598336,2.2099065804008564,-8.073541835074138e-13,62,0.340093419598336,0.0004775022441930044,1920.0,5760.0,0.0,0.03125,0.03125,4.5800897603323546e-05,0.0
55560.0,15.433333333333334,0.012233399111111114,0.5081747994535836,0.0,0.5081747994535836,0.11058211699377095,0.33961731313124566,2.2103826868679466,-8.073541835074138e-13,62,0.33961731313124566,0.0004761064670903538,1920.0,5760.0,0.0,0.03125,0.03125,4.608902423018621e-05,0.0
55620.0,15.45,0.012232514,0.5073754155229295,0.0,0.5073754155229295,0.11040061773487461,0.3391425985636869,2.210857401435506,-8.069100942975638e-13,62,0.3391425985636869,0.000474714567559472,1920.0,5760.0,0.0,0.03125,0.03125,4.635411418427788e-05,0.0
55680.0,15.466666666666667,0.012231651555555558,0.5065783845733521,0.0,0.5065783845733521,0.11021973054570706,0.33866927211881376,2.2113307278803793,-8.069100942975638e-13,62,0.33866927211881376,0.000473326444873349,1920.0,5760.0,0.0,0.03125,0.03125,4.6648376718646015e-05,0.0
55740.0,15.483333333333333,0.012230813111111113,0.5057837011098525,0.0,0.5057837011098525,0.11003944823582118,0.33819733011957137,2.2118026698796216,-8.069100942975638e-13,62,0.33819733011957137,0.0004719419992421895,1920.0,5760.0,0.0,0.03125,0.03125,4.6910797881134484e-05,0.0
55800.0,15.5,0.012230000000000001,0.5049913598080163,0.0,0.5049913598080163,0.10985976366942934,0.33772676898774173,2.2122732310114523,-8.055778266680136e-13,62,0.33772676898774173,0.0004705611318307023,1920.0,5760.0,0.0,0.03125,0.03125,4.721515309563992e-05,0.0
55860.0,15.516666666666667,0.012229208740740741,0.5042013553084055,0.0,0.5042013553084055,0.1096806751802532,0.3372575851703426,2.2127424148288517,-8.055778266680136e-13,62,0.3372575851703426,0.00046918381739921377,1920.0,5760.0,0.0,0.03125,0.03125,4.748327501413509e-05,0.0
55920.0,15.533333333333333,0.012228434370370371,0.5034136815146057,0.0,0.5034136815146057,0.10950218994394346,0.33678977485471856,2.213210225144476,-8.051337374581635e-13,62,0.33678977485471856,0.00046781031562454493,1920.0,5760.0,0.0,0.03125,0.03125,4.7770416515009445e-05,0.0
55980.0,15.55,0.012227676,0.5026283320436777,0.0,0.5026283320436777,0.10932431045550278,0.33632333409662307,2.2136766659025713,-8.055778266680136e-13,62,0.33632333409662307,0.0004664407580951743,1920.0,5760.0,0.0,0.03125,0.03125,4.806107449090149e-05,0.0
56040.0,15.566666666666666,0.012226932740740739,0.5018453004079858,0.0,0.5018453004079858,0.10914703801374688,0.3358582588980412,2.214141741101153,-8.055778266680136e-13,62,0.3358582588980412,0.0004650751985817826,1920.0,5760.0,0.0,0.03125,0.03125,4.835012224270915e-05,0.0
56100.0,15.583333333333334,0.012226203703703703,0.5010645800169169,0.0,0.5010645800169169,0.10897037359708399,0.3353945452125862,2.214605454786609,-8.046896482483135e-13,62,0.3353945452125862,0.0004637136854558172,1920.0,5760.0,0.0,0.03125,0.03125,4.861192276788299e-05,0.0
56160.0,15.6,0.012225488000000003,0.5002861641785896,0.0,0.5002861641785896,0.10879431807681834,0.33493218894743676,2.2150678110517585,-8.046896482483135e-13,62,0.33493218894743676,0.0004623562651496323,1920.0,5760.0,0.0,0.03125,0.03125,4.888594254944429e-05,0.0
56220.0,15.616666666666667,0.012224784740740742,0.4995100461015475,0.0,0.4995100461015475,0.10861887229353011,0.33447118596424713,2.215528814034948,-8.046896482483135e-13,62,0.33447118596424713,0.00046100298318911765,1920.0,5760.0,0.0,0.03125,0.03125,4.9211558843612195e-05,0.0
56280.0,15.633333333333333,0.012224093037037037,0.4987362188964396,0.0,0.4987362188964396,0.10844403708745914,0.3340115320796612,2.215988467919534,-8.046896482483135e-13,62,0.3340115320796612,0.00045965388458642985,1920.0,5760.0,0.0,0.03125,0.03125,4.9482601706012955e-05,0.0
56340.0,15.65,0.012223412,0.49796467557768265,0.0,0.49796467557768265,0.10826981331021748,0.3335532230656633,2.2164467769335316,-8.046896482483135e-13,62,0.3335532230656633,0.0004583090139975602,1920.0,5760.0,0.0,0.03125,0.03125,4.9766058609268044e-05,0.0
56400.0,15.666666666666666,0.01222274074074074,0.497195409065113,0.0,0.497195409065113,0.10809620182813781,0.33309625464988385,2.2169037453493114,-8.046896482483135e-13,62,0.33309625464988385,0.0004569684157798263,1920.0,5760.0,0.0,0.03125,0.03125,5.004364603279697e-05,0.0
56460.0,15.683333333333334,0.012222078370370369,0.49642841218561934,0.0,0.49642841218561934,0.10792320352170115,0.3326406225158809,2.217359377483315,-8.038014698286133e-13,62,0.3326406225158809,0.0004556321340034689,1920.0,5760.0,0.0,0.03125,0.03125,5.033488657403196e-05,0.0
56520.0,15.7,0.012221424,0.49566367767476277,0.0,0.49566367767476277,0.10775081928313011,0.3321863223034393,2.2178136776957564,-8.042455590384634e-13,62,0.3321863223034393,0.00045430021244172733,1920.0,5760.0,0.0,0.03125,0.03125,5.0622638712901813e-05,0.0
56580.0,15.716666666666667,0.012220776740740744,0.49490119817838024,0.0,0.49490119817838024,0.10757905001318242,0.3317333496088886,2.2182666503903077,-8.033573806187633e-13,62,0.3317333496088886,0.00045297269455106363,1920.0,5760.0,0.0,0.03125,0.03125,5.0906999488549234e-05,0.0
56640.0,15.733333333333333,0.012220135703703705,0.4941409662541729,0.0,0.4941409662541729,0.10740789661767519,0.3312816999854409,2.218718300013755,-8.038014698286133e-13,62,0.3312816999854409,0.00045164962344749235,1920.0,5760.0,0.0,0.03125,0.03125,5.1190455797501246e-05,0.0
56700.0,15.75,0.012219500000000001,0.49338297437328005,0.0,0.49338297437328005,0.10723736000401511,0.3308313689435592,2.2191686310556373,-8.033573806187633e-13,62,0.3308313689435592,0.00045033104188205414,1920.0,5760.0,0.0,0.03125,0.03125,5.147899136711137e-05,0.0
56760.0,15.766666666666667,0.01221886874074074,0.4926272149218346,0.0,0.4926272149218346,0.10706744107787516,0.33038235195134186,2.2196176480478544,-8.033573806187633e-13,62,0.33038235195134186,0.00044901699221699894,1920.0,5760.0,0.0,0.03125,0.03125,5.176650053687523e-05,0.0
56820.0,15.783333333333333,0.012218241037037038,0.4918736802025039,0.0,0.4918736802025039,0.10689814074008401,0.3299346444349389,2.220065355564258,-8.029132914089132e-13,62,0.3299346444349389,0.00044770751640348225,1920.0,5760.0,0.0,0.03125,0.03125,5.2046113067775875e-05,0.0
56880.0,15.8,0.012217616,0.4911223624360162,0.0,0.4911223624360162,0.10672945988375694,0.3294882417789784,2.220511758220219,-8.020251129892131e-13,62,0.3294882417789784,0.00044640265596111023,1920.0,5760.0,0.0,0.03125,0.03125,5.2337647035995214e-05,0.0
56940.0,15.816666666666666,0.01221699274074074,0.49037325376266794,0.0,0.49037325376266794,0.10656139939167303,0.32904313932701884,2.2209568606721786,-8.024692021990631e-13,62,0.32904313932701884,0.00044510245195948515,1920.0,5760.0,0.0,0.03125,0.03125,5.262491729286699e-05,0.0
57000.0,15.833333333333334,0.01221637037037037,0.4896263462438165,0.0,0.4896263462438165,0.1063939601338926,0.3285993323820176,2.2214006676171802,-8.020251129892131e-13,62,0.3285993323820176,0.00044380694500170735,1920.0,5760.0,0.0,0.03125,0.03125,5.289214374239037e-05,0.0
57060.0,15.85,0.012215748,0.4888816318633563,0.0,0.4888816318633563,0.10622714296560178,0.328156816206808,2.22184318379239,-8.020251129892131e-13,62,0.328156816206808,0.00044251617520977947,1920.0,5760.0,0.0,0.03125,0.03125,5.3193776195597065e-05,0.0
57120.0,15.866666666666667,0.01221512474074074,0.4881391025291784,0.0,0.4881391025291784,0.10606094872517047,0.32771558602459555,2.222284413974602,-8.024692021990631e-13,62,0.32771558602459555,0.000441230182211796,1920.0,5760.0,0.0,0.03125,0.03125,5.346696225188795e-05,0.0
57180.0,15.883333333333333,0.012214499703703705,0.4873987500746116,0.0,0.4873987500746116,0.10589537823240551,0.3272756370194645,2.222724362979733,-8.024692021990631e-13,62,0.3272756370194645,0.0004399490051308021,1920.0,5760.0,0.0,0.03125,0.03125,5.3723001251661623e-05,0.0
57240.0,15.9,0.012213872000000002,0.4866605662598514,0.0,0.4866605662598514,0.10573043228698523,0.32683696433689047,2.223163035662308,-8.01136934569513e-13,62,0.32683696433689047,0.0004386726825751673,1920.0,5760.0,0.0,0.03125,0.03125,5.402848108786005e-05,0.0
57300.0,15.916666666666666,0.012213240740740742,0.4859245427733657,0.0,0.4859245427733657,0.10556611166705825,0.32639956308426005,2.2236004369149387,-8.01136934569513e-13,62,0.32639956308426005,0.000437401252630382,1920.0,5760.0,0.0,0.03125,0.03125,5.430756616299407e-05,0.0
57360.0,15.933333333333334,0.012212605037037038,0.48519067123328935,0.0,0.48519067123328935,0.10540241712799316,0.32596342833140773,2.224036571667791,-8.01136934569513e-13,62,0.32596342833140773,0.00043613475285214865,1920.0,5760.0,0.0,0.03125,0.03125,5.460391764202704e-05,0.0
57420.0,15.95,0.012211964,0.48445894318879773,0.0,0.48445894318879773,0.10523934940126556,0.3255285551111479,2.2244714448880516,-8.002487561498128e-13,62,0.3255285551111479,0.00043487322026064074,1920.0,5760.0,0.0,0.03125,0.03125,5.486377624934575e-05,0.0
57480.0,15.966666666666667,0.012211316740740741,0.48372935012146573,0.0,0.48372935012146573,0.10507690919347061,0.3250949384198113,2.2249050615793875,-8.01136934569513e-13,62,0.3250949384198113,0.00043361669133585825,1920.0,5760.0,0.0,0.03125,0.03125,5.514654150833917e-05,0.0
57540.0,15.983333333333333,0.012210662370370372,0.48300188344660766,0.0,0.48300188344660766,0.10491509718544945,0.32466257321779834,2.2253374267814015,-8.002487561498128e-13,62,0.32466257321779834,0.00043236520201395855,1920.0,5760.0,0.0,0.03125,0.03125,5.5412444960682216e-05,0.0
57600.0,16.0,0.01221,0.48227653451460173,0.0,0.48227653451460173,0.10475391403152054,0.324231454430114,2.225768545569086,-7.998046669399628e-13,62,0.324231454430114,0.00043111878768451194,1920.0,5760.0,0.0,0.03125,0.03125,5.569778667011317e-05,0.0
57660.0,16.016666666666666,0.012209326172839506,0.48155329450696416,0.0,0.48155329450696416,0.10459336323692639,0.3238015769088021,2.226198423090398,-7.998046669399628e-13,62,0.3238015769088021,0.00042987752131205717,1920.0,5760.0,0.0,0.03125,0.03125,5.596290943365763e-05,0.0
57720.0,16.033333333333335,0.01220863901234568,0.4808321542179423,0.0,0.4808321542179423,0.10443344980624866,0.32337293533718775,2.2266270646620123,-7.998046669399628e-13,62,0.32337293533718775,0.0004286415716144947,1920.0,5760.0,0.0,0.03125,0.03125,5.6239720549230526e-05,0.0
57780.0,16.05,0.012207939999999999,0.4801131045368037,0.0,0.4801131045368037,0.10427417236694236,0.32294552440344065,2.227054475595759,-8.002487561498128e-13,62,0.32294552440344065,0.0004274109337468611,1920.0,5760.0,0.0,0.03125,0.03125,5.651617024060019e-05,0.0
57840.0,16.066666666666666,0.01220723061728395,0.47939613657418423,0.0,0.47939613657418423,0.10411552732504381,0.32251933887122036,2.2274806611279794,-8.002487561498128e-13,62,0.32251933887122036,0.00042618553222049536,1920.0,5760.0,0.0,0.03125,0.03125,5.678479467751057e-05,0.0
57900.0,16.083333333333332,0.012206512345679014,0.4786812416593036,0.0,0.4786812416593036,0.10395750999348712,0.3220943735911529,2.227905626408047,-7.998046669399628e-13,62,0.3220943735911529,0.0004249652800677836,1920.0,5760.0,0.0,0.03125,0.03125,5.706126509467706e-05,0.0
57960.0,16.1,0.012205786666666666,0.47796841133721757,0.0,0.47796841133721757,0.10380011500696029,0.32167062350699716,2.2283293764922028,-7.998046669399628e-13,62,0.32167062350699716,0.000423750084155579,1920.0,5760.0,0.0,0.03125,0.03125,5.732425449251045e-05,0.0
58020.0,16.116666666666667,0.012205055061728396,0.4772576373661005,0.0,0.4772576373661005,0.10364333653904413,0.3212480836594591,2.228751916339741,-7.998046669399628e-13,62,0.3212480836594591,0.0004225398475383005,1920.0,5760.0,0.0,0.03125,0.03125,5.7595345924591625e-05,0.0
58080.0,16.133333333333333,0.012204319012345678,0.4765489117145599,0.0,0.4765489117145599,0.10348716843426164,0.32082674918867643,2.229173250810524,-7.993605777301127e-13,62,0.32082674918867643,0.0004213344707833526,1920.0,5760.0,0.0,0.03125,0.03125,5.7902936594336906e-05,0.0
58140.0,16.15,0.01220358,0.47584222655898,0.0,0.47584222655898,0.10333160429585653,0.3204066153358645,2.229593384663336,-7.993605777301127e-13,62,0.3204066153358645,0.0004201338528116072,1920.0,5760.0,0.0,0.03125,0.03125,5.818650484652039e-05,0.0
58200.0,16.166666666666668,0.012202839506172838,0.475137574280897,0.0,0.475137574280897,0.10317663754773672,0.3199876774443933,2.230012322554807,-7.993605777301127e-13,62,0.3199876774443933,0.0004189378914712502,1920.0,5760.0,0.0,0.03125,0.03125,5.844520694294187e-05,0.0
58260.0,16.183333333333334,0.01220209901234568,0.474434947464401,0.0,0.474434947464401,0.10302226148011356,0.3195699309604434,2.2304300690387575,-7.989164885202626e-13,62,0.3195699309604434,0.0004177464839501024,1920.0,5760.0,0.0,0.03125,0.03125,5.8726510021830494e-05,0.0
58320.0,16.2,0.012201359999999998,0.4737343388935651,0.0,0.4737343388935651,0.10286846928424333,0.3191533714333605,2.230846628565841,-7.984723993104126e-13,62,0.3191533714333605,0.000416559527083188,1920.0,5760.0,0.0,0.03125,0.03125,5.9022280235979636e-05,0.0
58380.0,16.216666666666665,0.012200623950617285,0.47303574154990224,0.0,0.47303574154990224,0.10271525407955788,0.3187379945157718,2.23126200548343,-7.984723993104126e-13,62,0.3187379945157718,0.00041537691758886645,1920.0,5760.0,0.0,0.03125,0.03125,5.931519469986361e-05,0.0
58440.0,16.233333333333334,0.012199892345679012,0.47233914860984827,0.0,0.47233914860984827,0.10256260893528918,0.3183237959635178,2.231676204035684,-7.980283101005625e-13,61,0.3183237959635178,0.0004141985522542756,1920.0,5760.0,0.0,0.03125,0.03125,5.959575508519859e-05,0.0
58500.0,16.25,0.012199166666666667,0.47164455344226724,0.0,0.47164455344226724,0.102410526887998,0.3179107716354342,2.2320892283637677,-7.980283101005625e-13,61,0.3179107716354342,0.0004130243280836804,1920.0,5760.0,0.0,0.03125,0.03125,5.9890883866941826e-05,0.0
58560.0,16.266666666666666,0.012198448395061729,0.4709519496059844,0.0,0.4709519496059844,0.10225900095598113,0.3174989174930161,2.2325010825061864,-7.971401316808624e-13,61,0.3174989174930161,0.0004118541424189317,1920.0,5760.0,0.0,0.03125,0.03125,6.0170896534101476e-05,0.0
58620.0,16.283333333333335,0.01219773901234568,0.47026133084734,0.0,0.47026133084734,0.10210802415125271,0.31708822959997757,2.232911770399225,-7.971401316808624e-13,61,0.31708822959997757,0.00041068789303855263,1920.0,5760.0,0.0,0.03125,0.03125,6.047738007302838e-05,0.0
58680.0,16.3,0.012197040000000001,0.46957269109776706,0.0,0.46957269109776706,0.101957589489608,0.31667870412173676,2.233321295877465,-7.980283101005625e-13,61,0.31667870412173676,0.00040952547824010853,1920.0,5760.0,0.0,0.03125,0.03125,6.0775963624163143e-05,0.0
58740.0,16.316666666666666,0.012196352839506175,0.46888602447138905,0.0,0.46888602447138905,0.10180768999914848,0.31627033732482795,2.2337296626743743,-7.975842208907125e-13,61,0.31627033732482795,0.0004083667969093184,1920.0,5760.0,0.0,0.03125,0.03125,6.106764344664315e-05,0.0
58800.0,16.333333333333332,0.012195679012345681,0.4682013252626426,0.0,0.4682013252626426,0.10165831872755712,0.31586312557624974,2.234136874422953,-7.971401316808624e-13,61,0.31586312557624974,0.0004072117485785048,1920.0,5760.0,0.0,0.03125,0.03125,6.139060802512551e-05,0.0
58860.0,16.35,0.01219502,0.467518587943916,0.0,0.467518587943916,0.10150946874834503,0.3154570653427736,2.2345429346564294,-7.966960424710123e-13,61,0.3154570653427736,0.000406060233476371,1920.0,5760.0,0.0,0.03125,0.03125,6.168733697188943e-05,0.0
58920.0,16.366666666666667,0.01219437728395062,0.46683780716320894,0.0,0.46683780716320894,0.10136113316624626,0.31505215319020224,2.234947846809,-7.975842208907125e-13,61,0.31505215319020224,0.0004049121525706536,1920.0,5760.0,0.0,0.03125,0.03125,6.199671682777134e-05,0.0
58980.0,16.383333333333333,0.012193752345679014,0.4661589777418153,0.0,0.4661589777418153,0.10121330512189712,0.3146483857825981,2.2353516142166048,-7.971401316808624e-13,61,0.3146483857825981,0.00040376740760485826,1920.0,5760.0,0.0,0.03125,0.03125,6.230556415377005e-05,0.0
59040.0,16.4,0.012193146666666668,0.4654820946720165,0.0,0.4654820946720165,0.10106597779591264,0.3142457598814682,2.235754240117735,-7.966960424710123e-13,61,0.3142457598814682,0.00040262590113008005,1920.0,5760.0,0.0,0.03125,0.03125,6.261987515611914e-05,0.0
59100.0,16.416666666666668,0.012192561728395062,0.4648071531148002,0.0,0.4648071531148002,0.10091914441244984,0.31384427234493534,2.2361557276542676,-7.966960424710123e-13,61,0.31384427234493534,0.0004014875365326531,1920.0,5760.0,0.0,0.03125,0.03125,6.293023623186732e-05,0.0
59160.0,16.433333333333334,0.01219199901234568,0.46413414839759076,0.0,0.46413414839759076,0.10077279824233143,0.31344392012687733,2.236556079872326,-7.966960424710123e-13,61,0.31344392012687733,0.00040035221805829275,1920.0,5760.0,0.0,0.03125,0.03125,6.326194260172649e-05,0.0
59220.0,16.45,0.012191460000000001,0.46346307601199954,0.0,0.46346307601199954,0.10062693260579177,0.31304470027604475,2.236955299723159,-7.958078640513122e-13,61,0.31304470027604475,0.00039921985083324704,1920.0,5760.0,0.0,0.03125,0.03125,6.358012869644103e-05,0.0
59280.0,16.466666666666665,0.012190946172839508,0.4627939316115893,0.0,0.4627939316115893,0.10048154087489507,0.31264660993516197,2.237353390064042,-7.958078640513122e-13,61,0.31264660993516197,0.00039809034088289275,1920.0,5760.0,0.0,0.03125,0.03125,6.39038109714069e-05,0.0
59340.0,16.483333333333334,0.012190459012345679,0.4621267110096542,0.0,0.4621267110096542,0.10033661647566869,0.3122496463400139,2.23775035365919,-7.958078640513122e-13,61,0.3122496463400139,0.0003969635951481248,1920.0,5760.0,0.0,0.03125,0.03125,6.42216572342009e-05,0.0
59400.0,16.5,0.012190000000000001,0.46146141017701536,0.0,0.46146141017701536,0.10019215288998741,0.31185380681851427,2.23814619318069,-7.953637748414621e-13,61,0.31185380681851427,0.0003958395214998623,1920.0,5760.0,0.0,0.03125,0.03125,6.457554682306573e-05,0.0
59460.0,16.516666666666666,0.012189566419753087,0.46079802509211426,0.0,0.46079802509211426,0.10004814806908084,0.31145908873583955,2.238540911263364,-7.962519532611623e-13,61,0.31145908873583955,0.00039471808267391894,1920.0,5760.0,0.0,0.03125,0.03125,6.489722135947534e-05,0.0
59520.0,16.533333333333335,0.012189153580246914,0.46013655119246555,0.0,0.46013655119246555,0.09990460784805963,0.3110654892667041,2.2389345107325007,-7.949196856316121e-13,61,0.3110654892667041,0.0003935994691367458,1920.0,5760.0,0.0,0.03125,0.03125,6.520792570007101e-05,0.0
59580.0,16.55,0.01218876,0.45947698363610073,0.0,0.45947698363610073,0.09976153516628555,0.3106730054611053,2.239326994538099,-7.953637748414621e-13,61,0.3106730054611053,0.000392483805598324,1920.0,5760.0,0.0,0.03125,0.03125,6.553581505963699e-05,0.0
59640.0,16.566666666666666,0.012188384197530865,0.4588193174253157,0.0,0.4588193174253157,0.0996189323949087,0.3102816342955746,2.23971836570363,-7.953637748414621e-13,61,0.3102816342955746,0.00039137116553076905,1920.0,5760.0,0.0,0.03125,0.03125,6.586982399572097e-05,0.0
59700.0,16.583333333333332,0.012188024691358027,0.4581635474090363,0.0,0.4581635474090363,0.09947680187199695,0.3098913726754147,2.240108627323789,-7.958078640513122e-13,61,0.3098913726754147,0.00039026162015933283,1920.0,5760.0,0.0,0.03125,0.03125,6.620047886453876e-05,0.0
59760.0,16.6,0.012187680000000001,0.4575096682851626,0.0,0.4575096682851626,0.09933514599434769,0.30950221743507034,2.240497782564134,-7.958078640513122e-13,61,0.30950221743507034,0.0003891552403447048,1920.0,5760.0,0.0,0.03125,0.03125,6.650861940572266e-05,0.0
59820.0,16.616666666666667,0.01218734864197531,0.4568576746028955,0.0,0.4568576746028955,0.09919396723249523,0.3091141653381333,2.240885834661072,-7.949196856316121e-13,61,0.3091141653381333,0.0003880520969377971,1920.0,5760.0,0.0,0.03125,0.03125,6.684257179644596e-05,0.0
59880.0,16.633333333333333,0.012187029135802468,0.45620756076504343,0.0,0.45620756076504343,0.09905326812516481,0.30872721307732975,2.2412727869218756,-7.94475596421762e-13,61,0.30872721307732975,0.0003869522608035445,1920.0,5760.0,0.0,0.03125,0.03125,6.716092318349969e-05,0.0
59940.0,16.65,0.01218672,0.4555593210303081,0.0,0.4555593210303081,0.09891305126802068,0.3083413572745764,2.2416586427246283,-7.949196856316121e-13,61,0.3083413572745764,0.0003858558027529367,1920.0,5760.0,0.0,0.03125,0.03125,6.748642761083302e-05,0.0
60000.0,16.666666666666668,0.01218641975308642,0.454912949515551,0.0,0.454912949515551,0.09877331930144355,0.307956594481125,2.2420434055180807,-7.94031507211912e-13,61,0.307956594481125,0.0003847627934522244,1920.0,5760.0,0.0,0.03125,0.03125,6.780542358652963e-05,0.0
60060.0,16.683333333333334,0.012186126913580246,0.45426844019803625,0.0,0.45426844019803625,0.0986340748989395,0.3075729211777927,2.2424270788214127,-7.94475596421762e-13,61,0.3075729211777927,0.0003836733033320887,1920.0,5760.0,0.0,0.03125,0.03125,6.810568329604748e-05,0.0
60120.0,16.7,0.01218584,0.4536257869176551,0.0,0.4536257869176551,0.09849532075667942,0.3071903337752881,2.242809666223917,-7.94475596421762e-13,61,0.3071903337752881,0.00038258740250433156,1920.0,5760.0,0.0,0.03125,0.03125,6.842324866557011e-05,0.0
60180.0,16.716666666666665,0.0121855575308642,0.45298498337912557,0.0,0.45298498337912557,0.0983570595842573,0.30680882861460096,2.2431911713846056,-7.931433287922118e-13,61,0.30680882861460096,0.0003815051606881389,1920.0,5760.0,0.0,0.03125,0.03125,6.873943627772366e-05,0.0
60240.0,16.733333333333334,0.012185278024691359,0.4523460231541711,0.0,0.4523460231541711,0.09821929409660055,0.30642840196745497,2.2435715980317514,-7.935874180020619e-13,61,0.30642840196745497,0.00038042664714589336,1920.0,5760.0,0.0,0.03125,0.03125,6.90432637531975e-05,0.0
60300.0,16.75,0.012185000000000001,0.4517088996836761,0.0,0.4517088996836761,0.09808202700691787,0.3060490500368273,2.2439509499623793,-7.931433287922118e-13,61,0.3060490500368273,0.0003793519306278023,1920.0,5760.0,0.0,0.03125,0.03125,6.935528207192512e-05,0.0
60360.0,16.766666666666666,0.012184721975308644,0.4510736062798189,0.0,0.4510736062798189,0.0979452610205583,0.3056707689575034,2.2443292310417036,-7.926992395823618e-13,61,0.3056707689575034,0.0003782810793243542,1920.0,5760.0,0.0,0.03125,0.03125,6.966781131292619e-05,0.0
60420.0,16.783333333333335,0.012184442469135803,0.45044013612818046,0.0,0.45044013612818046,0.09780899882966372,0.3052935547966778,2.2447064452025294,-7.926992395823618e-13,61,0.3052935547966778,0.00037721416082564643,1920.0,5760.0,0.0,0.03125,0.03125,6.996466423537509e-05,0.0
60480.0,16.8,0.012184160000000001,0.4498084822898281,0.0,0.4498084822898281,0.0976732431085104,0.3049174035545912,2.245082596444616,-7.926992395823618e-13,61,0.3049174035545912,0.00037615124208670455,1920.0,5760.0,0.0,0.03125,0.03125,7.026014301751747e-05,0.0
60540.0,16.816666666666666,0.012183873086419755,0.4491786377033793,0.0,0.4491786377033793,0.09753799650944742,0.30454231116519287,2.245457688834014,-7.931433287922118e-13,61,0.30454231116519287,0.0003750923893980206,1920.0,5760.0,0.0,0.03125,0.03125,7.056671752932372e-05,0.0
60600.0,16.833333333333332,0.012183580246913581,0.4485505951870346,0.0,0.4485505951870346,0.09740326165935419,0.3041682734968325,2.2458317265023746,-7.926992395823618e-13,61,0.3041682734968325,0.0003740376683606286,1920.0,5760.0,0.0,0.03125,0.03125,7.084282705041558e-05,0.0
60660.0,16.85,0.012183280000000001,0.4479243474405922,0.0,0.4479243474405922,0.09726904115654862,0.3037952863529677,2.24620471364624,-7.922551503725117e-13,61,0.3037952863529677,0.00037298714386515007,1920.0,5760.0,0.0,0.03125,0.03125,7.114139273424155e-05,0.0
60720.0,16.866666666666667,0.012182970864197533,0.44729988704743184,0.0,0.44729988704743184,0.09713533756809126,0.3034233454728935,2.246576654526314,-7.922551503725117e-13,61,0.3034233454728935,0.0003719408800743236,1920.0,5760.0,0.0,0.03125,0.03125,7.142338216671454e-05,0.0
60780.0,16.883333333333333,0.012182651358024692,0.44667720647647746,0.0,0.44667720647647746,0.09700215342743444,0.3030524465324852,2.2469475534667227,-7.918110611626616e-13,61,0.3030524465324852,0.00037089894040859386,1920.0,5760.0,0.0,0.03125,0.03125,7.17313956594798e-05,0.0
60840.0,16.9,0.01218232,0.4460562980841318,0.0,0.4460562980841318,0.09686949123237582,0.3026825851449505,2.247317414854257,-7.922551503725117e-13,61,0.3026825851449505,0.00036986138753439913,1920.0,5760.0,0.0,0.03125,0.03125,7.200368158487817e-05,0.0
60900.0,16.916666666666668,0.012181975308641976,0.44543715411618595,0.0,0.44543715411618595,0.09673735344328029,0.302313756861596,2.2476862431376117,-7.922551503725117e-13,61,0.302313756861596,0.00036882828335485897,1920.0,5760.0,0.0,0.03125,0.03125,7.230609208045381e-05,0.0
60960.0,16.933333333333334,0.012181615802469136,0.4448197667097028,0.0,0.4448197667097028,0.09660574248154007,0.30194595717259404,2.2480540428266145,-7.913669719528116e-13,61,0.30194595717259404,0.00036779968900258847,1920.0,5760.0,0.0,0.03125,0.03125,7.256251328299995e-05,0.0
61020.0,16.95,0.01218124,0.4442041278948734,0.0,0.4442041278948734,0.09647466072824575,0.30157918150775964,2.2484208184914487,-7.913669719528116e-13,61,0.30157918150775964,0.0003667756648344267,1920.0,5760.0,0.0,0.03125,0.03125,7.2830138730755e-05,0.0
61080.0,16.966666666666665,0.012180846419753087,0.4435902295968479,0.0,0.4435902295968479,0.09634411052304571,0.3012134252373313,2.2487865747618767,-7.918110611626616e-13,61,0.3012134252373313,0.0003657562704278531,1920.0,5760.0,0.0,0.03125,0.03125,7.311091916720079e-05,0.0
61140.0,16.983333333333334,0.012180433580246914,0.4429780636375389,0.0,0.4429780636375389,0.09621409416317404,0.3008486836727531,2.2491513163264556,-7.913669719528116e-13,61,0.3008486836727531,0.0003647415645789549,1920.0,5760.0,0.0,0.03125,0.03125,7.33892031061301e-05,0.0
61200.0,17.0,0.01218,0.44236762173739713,0.0,0.44236762173739713,0.09608461390262951,0.3004849520674518,2.2495150479317574,-7.904787935331115e-13,61,0.3004849520674518,0.00036373160530177545,1920.0,5760.0,0.0,0.03125,0.03125,7.364754335666714e-05,0.0
61260.0,17.016666666666666,0.01217954098765432,0.44175889540617197,0.0,0.44175889540617197,0.09595567532654761,0.30012222557648194,2.2498777744227265,-7.913669719528116e-13,61,0.30012222557648194,0.0003627264909692902,1920.0,5760.0,0.0,0.03125,0.03125,7.392189392125557e-05,0.0
61320.0,17.033333333333335,0.012179053827160493,0.4411518757128382,0.0,0.4411518757128382,0.09582728562583676,0.29976049915232755,2.2502395008468814,-7.909228827429615e-13,61,0.29976049915232755,0.0003617264241546869,1920.0,5760.0,0.0,0.03125,0.03125,7.417675553730902e-05,0.0
61380.0,17.05,0.01217854,0.440546553794556,0.0,0.440546553794556,0.09569944452048373,0.2993997677329088,2.2506002322663003,-7.904787935331115e-13,61,0.2993997677329088,0.0003607314194190842,1920.0,5760.0,0.0,0.03125,0.03125,7.440641406416419e-05,0.0
61440.0,17.066666666666666,0.01217800098765432,0.43994292099038446,0.0,0.43994292099038446,0.09557214924538707,0.2990400263195612,2.250959973679648,-7.904787935331115e-13,61,0.2990400263195612,0.00035974141334774916,1920.0,5760.0,0.0,0.03125,0.03125,7.468196065300799e-05,0.0
61500.0,17.083333333333332,0.012177438271604937,0.4393409688388238,0.0,0.4393409688388238,0.09544539584776629,0.29868126998985994,2.2513187300093493,-7.904787935331115e-13,61,0.29868126998985994,0.00035875632970130874,1920.0,5760.0,0.0,0.03125,0.03125,7.49252676653679e-05,0.0
61560.0,17.1,0.012176853333333335,0.43874068907539315,0.0,0.43874068907539315,0.09531917965159506,0.29832349390439256,2.2516765060948174,-7.900347043232614e-13,61,0.29832349390439256,0.00035777608546790003,1920.0,5760.0,0.0,0.03125,0.03125,7.517120667377476e-05,0.0
61620.0,17.116666666666667,0.012176247654320987,0.4381420736302417,0.0,0.4381420736302417,0.09519349549573801,0.2979666933109129,2.252033306688297,-7.900347043232614e-13,61,0.2979666933109129,0.00035680059347937074,1920.0,5760.0,0.0,0.03125,0.03125,7.544013334911964e-05,0.0
61680.0,17.133333333333333,0.012175622716049382,0.4375451146257923,0.0,0.4375451146257923,0.09506833787625361,0.29761086354705635,2.2523891364521536,-7.900347043232614e-13,61,0.29761086354705635,0.0003558297638564279,1920.0,5760.0,0.0,0.03125,0.03125,7.56911878593506e-05,0.0
61740.0,17.15,0.012174979999999998,0.4369498043744148,0.0,0.4369498043744148,0.09494370103954411,0.29725600004214736,2.252743999957063,-7.895906151134113e-13,61,0.29725600004214736,0.0003548635049096881,1920.0,5760.0,0.0,0.03125,0.03125,7.59343607441451e-05,0.0
61800.0,17.166666666666668,0.012174320987654318,0.4363561353761337,0.0,0.4363561353761337,0.09481957904719344,0.2969020983184015,2.2530979016808086,-7.895906151134113e-13,61,0.2969020983184015,0.00035390172374561986,1920.0,5760.0,0.0,0.03125,0.03125,7.618454231235824e-05,0.0
61860.0,17.183333333333334,0.012173647160493826,0.4357641003163614,0.0,0.4357641003163614,0.09469596582314879,0.2965491539917053,2.2534508460075044,-7.900347043232614e-13,61,0.2965491539917053,0.00035294432669593165,1920.0,5760.0,0.0,0.03125,0.03125,7.647211949732761e-05,0.0
61920.0,17.2,0.012172960000000002,0.4351736920636625,0.0,0.4351736920636625,0.09457285518923023,0.2961971627720718,2.253802837227138,-7.900347043232614e-13,61,0.2961971627720718,0.0003519912196337748,1920.0,5760.0,0.0,0.03125,0.03125,7.671560396262595e-05,0.0
61980.0,17.216666666666665,0.012172260987654322,0.4345849036675449,0.0,0.4345849036675449,0.09445024089257094,0.29584612046385933,2.2541538795353517,-7.887024366937112e-13,61,0.29584612046385933,0.0003510423082135621,1920.0,5760.0,0.0,0.03125,0.03125,7.697442448790336e-05,0.0
62040.0,17.233333333333334,0.012171551604938272,0.4339977283562789,0.0,0.4339977283562789,0.09432811662727614,0.29549602296580124,2.254503977033409,-7.895906151134113e-13,61,0.29549602296580124,0.00035009749805710956,1920.0,5760.0,0.0,0.03125,0.03125,7.72386362813798e-05,0.0
62100.0,17.25,0.012170833333333334,0.4334121595347413,0.0,0.4334121595347413,0.09420647605181821,0.2951468662709011,2.25485313372831,-7.887024366937112e-13,61,0.2951468662709011,0.0003491566949008599,1920.0,5760.0,0.0,0.03125,0.03125,7.751086445122834e-05,0.0
62160.0,17.266666666666666,0.012170107654320987,0.43282819078228507,0.0,0.43282819078228507,0.09408531280321045,0.29479864646618714,2.255201353533024,-7.887024366937112e-13,61,0.29479864646618714,0.0003482198047141043,1920.0,5760.0,0.0,0.03125,0.03125,7.777550251017886e-05,0.0
62220.0,17.283333333333335,0.012169376049382716,0.4322458158506346,0.0,0.4322458158506346,0.09396462050869724,0.29445135973239234,2.2555486402668192,-7.882583474838611e-13,61,0.29445135973239234,0.00034728673379514393,1920.0,5760.0,0.0,0.03125,0.03125,7.80550698709429e-05,0.0
62280.0,17.3,0.012168640000000001,0.43166502866180356,0.0,0.43166502866180356,0.09384439279549499,0.2941050023435418,2.2558949976556697,-7.882583474838611e-13,61,0.2941050023435418,0.00034635738885033674,1920.0,5760.0,0.0,0.03125,0.03125,7.830456982185683e-05,0.0
62340.0,17.316666666666666,0.01216790098765432,0.43108582330603534,0.0,0.43108582330603534,0.09372462329898082,0.29375957066648256,2.2562404293327294,-7.878142582740111e-13,61,0.29375957066648256,0.0003454316770596734,1920.0,5760.0,0.0,0.03125,0.03125,7.860328728607734e-05,0.0
62400.0,17.333333333333332,0.012167160493827161,0.4305081940397676,0.0,0.4305081940397676,0.09360530566962885,0.29341506116035054,2.256584938838861,-7.882583474838611e-13,61,0.29341506116035054,0.0003445095061315949,1920.0,5760.0,0.0,0.03125,0.03125,7.88650361735022e-05,0.0
62460.0,17.35,0.012166419999999999,0.42993213528361607,0.0,0.42993213528361607,0.09348643357892249,0.2930714703760017,2.25692852962321,-7.882583474838611e-13,61,0.2930714703760017,0.00034359078434910954,1920.0,5760.0,0.0,0.03125,0.03125,7.914557511847345e-05,0.0
62520.0,17.366666666666667,0.012165680987654321,0.42935764162038026,0.0,0.42935764162038026,0.09336800072442399,0.29272879495539317,2.2572712050438186,-7.878142582740111e-13,61,0.29272879495539317,0.00034267542060882974,1920.0,5760.0,0.0,0.03125,0.03125,7.943537720418235e-05,0.0
62580.0,17.383333333333333,0.012164944938271605,0.42878470779307076,0.0,0.42878470779307076,0.09325000083414098,0.2923870316309393,2.2576129683682726,-7.878142582740111e-13,61,0.2923870316309393,0.00034176332445415265,1920.0,5760.0,0.0,0.03125,0.03125,7.971426118497803e-05,0.0
62640.0,17.4,0.012164213333333333,0.4282133287029521,0.0,0.4282133287029521,0.0931324276703036,0.2920461772248358,2.2579538227743763,-7.878142582740111e-13,61,0.2920461772248358,0.0003408544061036006,1920.0,5760.0,0.0,0.03125,0.03125,7.999620911469686e-05,0.0
62700.0,17.416666666666668,0.012163487654320989,0.42764349940760893,0.0,0.42764349940760893,0.09301527503264324,0.2917062286483606,2.2582937713508513,-7.878142582740111e-13,61,0.2917062286483606,0.00033994857647511273,1920.0,5760.0,0.0,0.03125,0.03125,8.027625869369837e-05,0.0
62760.0,17.433333333333334,0.012162769382716052,0.42707521511902596,0.0,0.42707521511902596,0.09289853676124686,0.29136718290115443,2.258632817098058,-7.87370169064161e-13,61,0.29136718290115443,0.00033904574720691565,1920.0,5760.0,0.0,0.03125,0.03125,8.058102919830105e-05,0.0
62820.0,17.45,0.01216206,0.42650847120168933,0.0,0.42650847120168933,0.0927822067390483,0.29102903707047856,2.258970962928734,-7.87370169064161e-13,61,0.29102903707047856,0.00033814583067552867,1920.0,5760.0,0.0,0.03125,0.03125,8.087173614636013e-05,0.0
62880.0,17.466666666666665,0.012161360987654322,0.42594326317070197,0.0,0.42594326317070197,0.09266627889400682,0.2906917883304674,2.259308211668745,-7.87370169064161e-13,61,0.2906917883304674,0.00033724874001130306,1920.0,5760.0,0.0,0.03125,0.03125,8.116875424970023e-05,0.0
62940.0,17.483333333333334,0.012160673827160495,0.4253795866899162,0.0,0.4253795866899162,0.09255074720101479,0.29035543394135593,2.259644566057857,-7.86926079854311e-13,61,0.29035543394135593,0.00033635438911189773,1920.0,5760.0,0.0,0.03125,0.03125,8.146825998083822e-05,0.0
63000.0,17.5,0.01216,0.42481743757008306,0.0,0.42481743757008306,0.09243560568357073,0.29001997124870177,2.259980028750511,-7.86926079854311e-13,61,0.29001997124870177,0.00033546269265394594,1920.0,5760.0,0.0,0.03125,0.03125,8.175457705082602e-05,0.0
63060.0,17.516666666666666,0.012159326172839506,0.42425681131192094,0.0,0.42425681131192094,0.092320863236397,0.28968539751229744,2.2603146024869156,-7.86926079854311e-13,61,0.28968539751229744,0.00033457373640445023,1920.0,5760.0,0.0,0.03125,0.03125,8.203215371925354e-05,0.0
63120.0,17.533333333333335,0.01215863901234568,0.4236977017502378,0.0,0.4236977017502378,0.09220654615912252,0.2893517093126502,2.260648290686563,-7.864819906444609e-13,61,0.2893517093126502,0.00033368819964735486,1920.0,5760.0,0.0,0.03125,0.03125,8.232483141451243e-05,0.0
63180.0,17.55,0.012157939999999999,0.4231401024337226,0.0,0.4231401024337226,0.09209266059503646,0.2890189030146881,2.2609810969845254,-7.864819906444609e-13,61,0.2890189030146881,0.00033280629796236073,1920.0,5760.0,0.0,0.03125,0.03125,8.259229559138672e-05,0.0
63240.0,17.566666666666666,0.01215723061728395,0.42258400707975496,0.0,0.42258400707975496,0.09197920690128271,0.28868697500475726,2.2613130249944566,-7.860379014346108e-13,61,0.28868697500475726,0.00033192800993102144,1920.0,5760.0,0.0,0.03125,0.03125,8.28532628413412e-05,0.0
63300.0,17.583333333333332,0.012156512345679014,0.42202940957239454,0.0,0.42202940957239454,0.09186618314943201,0.2883559217185897,2.261644078280624,-7.860379014346108e-13,61,0.2883559217185897,0.0003310532861676644,1920.0,5760.0,0.0,0.03125,0.03125,8.312144372766594e-05,0.0
63360.0,17.6,0.012155786666666666,0.42147630396039115,0.0,0.42147630396039115,0.09175358618117452,0.28802573965413075,2.2619742603450836,-7.855938122247608e-13,61,0.28802573965413075,0.0003301820644592702,1920.0,5760.0,0.0,0.03125,0.03125,8.338992706107944e-05,0.0
63420.0,17.616666666666667,0.012155055061728396,0.4209246844552245,0.0,0.4209246844552245,0.09164141208783412,0.2876964253787191,2.2623035746204954,-7.851497230149107e-13,61,0.2876964253787191,0.00032931427541162876,1920.0,5760.0,0.0,0.03125,0.03125,8.363127518848762e-05,0.0
63480.0,17.633333333333333,0.01215431901234568,0.4203745454291602,0.0,0.4203745454291602,0.09152965646960276,0.2873679755334783,2.262632024465736,-7.855938122247608e-13,61,0.2873679755334783,0.000328449845240624,1920.0,5760.0,0.0,0.03125,0.03125,8.39095722431177e-05,0.0
63540.0,17.65,0.01215358,0.41982588141333,0.0,0.41982588141333,0.09141831459120354,0.2870403868361202,2.262959613163095,-7.847056338050606e-13,61,0.2870403868361202,0.0003275886973588834,1920.0,5760.0,0.0,0.03125,0.03125,8.418362495463495e-05,0.0
63600.0,17.666666666666668,0.012152839506172838,0.41927868709583127,0.0,0.41927868709583127,0.09130738148231873,0.2867136560827588,2.263286343916456,-7.851497230149107e-13,61,0.2867136560827588,0.00032673075336106115,1920.0,5760.0,0.0,0.03125,0.03125,8.446317268935768e-05,0.0
63660.0,17.683333333333334,0.01215209901234568,0.4187329573198497,0.0,0.4187329573198497,0.09119685200588418,0.28638778014908417,2.263612219850131,-7.842615445952106e-13,61,0.28638778014908417,0.0003258759336748581,1920.0,5760.0,0.0,0.03125,0.03125,8.472756555976782e-05,0.0
63720.0,17.7,0.01215136,0.4181886870817958,0.0,0.4181886870817958,0.09108672090645356,0.2860627559910728,2.263937244008143,-7.842615445952106e-13,61,0.2860627559910728,0.0003250241580116063,1920.0,5760.0,0.0,0.03125,0.03125,8.501373550657292e-05,0.0
63780.0,17.716666666666665,0.012150623950617286,0.4176458715294662,0.0,0.4176458715294662,0.09097698284556673,0.2857385806453831,2.2642614193538324,-7.842615445952106e-13,61,0.2857385806453831,0.00032417534568956856,1920.0,5760.0,0.0,0.03125,0.03125,8.527944278531702e-05,0.0
63840.0,17.733333333333334,0.012149892345679014,0.4171045059602201,0.0,0.4171045059602201,0.09086763242829947,0.2854152512295111,2.264584748769705,-7.838174553853605e-13,61,0.2854152512295111,0.00032332941587271037,1920.0,5760.0,0.0,0.03125,0.03125,8.555473240625115e-05,0.0
63900.0,17.75,0.012149166666666667,0.41656458581917183,0.0,0.41656458581917183,0.09075866422363192,0.28509276494175934,2.264907235057456,-7.842615445952106e-13,61,0.28509276494175934,0.00032248628775124555,1920.0,5760.0,0.0,0.03125,0.03125,8.583964755031666e-05,0.0
63960.0,17.766666666666666,0.012148448395061727,0.4160261066974036,0.0,0.4160261066974036,0.09065007278036012,0.2847711190610792,2.265228880938137,-7.833733661755105e-13,61,0.2847711190610792,0.0003216458806808925,1920.0,5760.0,0.0,0.03125,0.03125,8.613260667416617e-05,0.0
64020.0,17.783333333333335,0.012147739012345678,0.4154890643301917,0.0,0.4154890643301917,0.09054185263972163,0.2844503109467869,2.2655496890524294,-7.833733661755105e-13,61,0.2844503109467869,0.0003208081142920634,1920.0,5760.0,0.0,0.03125,0.03125,8.641176491893921e-05,0.0
64080.0,17.8,0.01214704,0.41495345459525035,0.0,0.41495345459525035,0.0904339983455455,0.28413033803821025,2.265869661961006,-7.838174553853605e-13,61,0.28413033803821025,0.000319972908576711,1920.0,5760.0,0.0,0.03125,0.03125,8.671761239210262e-05,0.0
64140.0,17.816666666666666,0.01214635283950617,0.41441927351098795,0.0,0.41441927351098795,0.09032650445250745,0.28381119785425185,2.2661888021449643,-7.838174553853605e-13,61,0.28381119785425185,0.0003191401839582521,1920.0,5760.0,0.0,0.03125,0.03125,8.701385644900877e-05,0.0
64200.0,17.833333333333332,0.012145679012345678,0.4138865172347814,0.0,0.4138865172347814,0.09021936553290907,0.2834928879929037,2.266507112006313,-7.833733661755105e-13,61,0.2834928879929037,0.0003183098613484772,1920.0,5760.0,0.0,0.03125,0.03125,8.728263408884496e-05,0.0
64260.0,17.85,0.012145020000000001,0.413355182061261,0.0,0.413355182061261,0.09011257618229349,0.2831754061307098,2.2668245938685074,-7.824851877558103e-13,61,0.2831754061307098,0.0003174818621942837,1920.0,5760.0,0.0,0.03125,0.03125,8.75798039837416e-05,0.0
64320.0,17.866666666666667,0.012144377283950616,0.4128252644206106,0.0,0.4128252644206106,0.09000613102413224,0.28285875002219374,2.267141249977024,-7.820410985459603e-13,61,0.28285875002219374,0.00031665610851639277,1920.0,5760.0,0.0,0.03125,0.03125,8.790768626161241e-05,0.0
64380.0,17.883333333333333,0.012143752345679012,0.41229676087688083,0.0,0.41229676087688083,0.0899000247137611,0.28254291749925187,2.267457082499966,-7.820410985459603e-13,61,0.28254291749925187,0.00031583252294164945,1920.0,5760.0,0.0,0.03125,0.03125,8.82096903939697e-05,0.0
64440.0,17.9,0.012143146666666667,0.4117696681263131,0.0,0.4117696681263131,0.0897942519417046,0.28222790647052204,2.267772093528696,-7.820410985459603e-13,61,0.28222790647052204,0.0003150110287301409,1920.0,5760.0,0.0,0.03125,0.03125,8.85176765017386e-05,0.0
64500.0,17.916666666666668,0.012142561728395061,0.41124398299567694,0.0,0.41124398299567694,0.08968880743649692,0.28191371492072403,2.268086285078494,-7.815970093361102e-13,61,0.28191371492072403,0.0003141915497981214,1920.0,5760.0,0.0,0.03125,0.03125,8.882617234258755e-05,0.0
64560.0,17.933333333333334,0.012141999012345679,0.41071970244061734,0.0,0.41071970244061734,0.0895836859670851,0.2816003409099866,2.2683996590892312,-7.820410985459603e-13,61,0.2816003409099866,0.00031337401073747655,1920.0,5760.0,0.0,0.03125,0.03125,8.911753812328573e-05,0.0
64620.0,17.95,0.01214146,0.4101968235440131,0.0,0.4101968235440131,0.08947888234488376,0.2812877825731539,2.2687122174260637,-7.824851877558103e-13,61,0.2812877825731539,0.0003125583368323482,1920.0,5760.0,0.0,0.03125,0.03125,8.944219246906171e-05,0.0
64680.0,17.966666666666665,0.012140946172839506,0.4096753435143484,0.0,0.4096753435143484,0.08937439142553588,0.28097603811908106,2.269023961880137,-7.815970093361102e-13,61,0.28097603811908106,0.00031174445407339155,1920.0,5760.0,0.0,0.03125,0.03125,8.976712134594432e-05,0.0
64740.0,17.983333333333334,0.01214045901234568,0.4091552596840885,0.0,0.4091552596840885,0.08927020811042485,0.28066510582991155,2.2693348941693072,-7.811529201262601e-13,61,0.28066510582991155,0.0003109322891700666,1920.0,5760.0,0.0,0.03125,0.03125,9.010238999390766e-05,0.0
64800.0,18.0,0.01214,0.40863656950807126,0.0,0.40863656950807126,0.08916632734797562,0.28035498406035003,2.2696450159388686,-7.811529201262601e-13,61,0.28035498406035003,0.0003101217695612661,1920.0,5760.0,0.0,0.03125,0.03125,9.04329237382158e-05,0.0
64860.0,18.016666666666666,0.012139562839506174,0.40811927034370515,0.0,0.40811927034370515,0.08906275162973785,0.2800456711543593,2.2699543288448587,-7.815970093361102e-13,61,0.2800456711543593,0.00030931290599009925,1920.0,5760.0,0.0,0.03125,0.03125,9.075119141784625e-05,0.0
64920.0,18.033333333333335,0.01213913975308642,0.40760335873723197,0.0,0.40760335873723197,0.08895949376543649,0.2797371651314489,2.27026283486777,-7.811529201262601e-13,61,0.2797371651314489,0.0003085060229111854,1920.0,5760.0,0.0,0.03125,0.03125,9.105720597222443e-05,0.0
64980.0,18.05,0.012138729999999999,0.407088830975634,0.0,0.407088830975634,0.08885655828719163,0.2794294638618764,2.270570536137342,-7.815970093361102e-13,61,0.2794294638618764,0.00030770126957209437,1920.0,5760.0,0.0,0.03125,0.03125,9.136346538986862e-05,0.0
65040.0,18.066666666666666,0.012138332839506173,0.4065756832906827,0.0,0.4065756832906827,0.08875394758212854,0.27912256516878803,2.270877434830431,-7.811529201262601e-13,61,0.27912256516878803,0.00030689869308909084,1920.0,5760.0,0.0,0.03125,0.03125,9.166257927253744e-05,0.0
65100.0,18.083333333333332,0.012137947530864198,0.406063911859787,0.0,0.406063911859787,0.08865166331356465,0.2788164668382365,2.2711835331609826,-7.807088309164101e-13,61,0.2788164668382365,0.0003060983305517801,1920.0,5760.0,0.0,0.03125,0.03125,9.197712651374055e-05,0.0
65160.0,18.1,0.012137573333333334,0.4055535128068339,0.0,0.4055535128068339,0.08854970679954614,0.278511166623369,2.27148883337585,-7.811529201262601e-13,61,0.278511166623369,0.00030530021486699284,1920.0,5760.0,0.0,0.03125,0.03125,9.227559383258888e-05,0.0
65220.0,18.116666666666667,0.01213720950617284,0.4050444822030236,0.0,0.4050444822030236,0.08844807916699372,0.2782066622466736,2.2717933377525457,-7.807088309164101e-13,61,0.2782066622466736,0.00030450437669595685,1920.0,5760.0,0.0,0.03125,0.03125,9.25548808158793e-05,0.0
65280.0,18.133333333333333,0.012136855308641975,0.4045368160676944,0.0,0.4045368160676944,0.08834678142642381,0.27790295140135973,2.272097048597859,-7.811529201262601e-13,61,0.27790295140135973,0.000303710845313318,1920.0,5760.0,0.0,0.03125,0.03125,9.284479036779993e-05,0.0
65340.0,18.15,0.01213651,0.40403051036914256,0.0,0.40403051036914256,0.08824581451203885,0.2776000317523155,2.272399968246904,-7.8026474170656e-13,61,0.2776000317523155,0.0003029196490450324,1920.0,5760.0,0.0,0.03125,0.03125,9.31428231597435e-05,0.0
65400.0,18.166666666666668,0.012136172839506174,0.4035255610254344,0.0,0.4035255610254344,0.08814517930470712,0.2772979009368042,2.2727020990624154,-7.8026474170656e-13,61,0.2772979009368042,0.00030213081551150523,1920.0,5760.0,0.0,0.03125,0.03125,9.342980573274428e-05,0.0
65460.0,18.183333333333334,0.012135843086419754,0.40302196390521056,0.0,0.40302196390521056,0.08804487664574266,0.2769965565650328,2.273003443434186,-7.811529201262601e-13,61,0.2769965565650328,0.0003013443717705554,1920.0,5760.0,0.0,0.03125,0.03125,9.372939411405355e-05,0.0
65520.0,18.2,0.012135520000000002,0.40251971482848115,0.0,0.40251971482848115,0.08794490734542855,0.27669599622062885,2.2733040037785908,-7.8026474170656e-13,61,0.27669599622062885,0.0003005603444049791,1920.0,5760.0,0.0,0.03125,0.03125,9.400116363486217e-05,0.0
65580.0,18.216666666666665,0.012135202839506172,0.40201880956741665,0.0,0.40201880956741665,0.08784527218839779,0.27639621746105086,2.2736037825381685,-7.8026474170656e-13,61,0.27639621746105086,0.00029977875957774706,1920.0,5760.0,0.0,0.03125,0.03125,9.426612775500771e-05,0.0
65640.0,18.233333333333334,0.01213489086419753,0.4015192438471268,0.0,0.4015192438471268,0.08774597193706843,0.2760972178179835,2.2739027821812363,-7.7982065249671e-13,61,0.2760972178179835,0.0002989996430675717,1920.0,5760.0,0.0,0.03125,0.03125,9.455963172729165e-05,0.0
65700.0,18.25,0.012134583333333334,0.40102101334643603,0.0,0.40102101334643603,0.08764700733384322,0.27579899479769127,2.2742010052015287,-7.7982065249671e-13,61,0.27579899479769127,0.00029822302029214917,1920.0,5760.0,0.0,0.03125,0.03125,9.48275383779465e-05,0.0
65760.0,18.266666666666666,0.01213427950617284,0.4005241136986479,0.0,0.4005241136986479,0.08754837910250886,0.27550154588136844,2.274498454117852,-7.793765632868599e-13,61,0.27550154588136844,0.00029744891632353085,1920.0,5760.0,0.0,0.03125,0.03125,9.511493768935483e-05,0.0
65820.0,18.283333333333335,0.01213397864197531,0.4000285404923024,0.0,0.4000285404923024,0.08745008794910952,0.27520486852546977,2.2747951314737507,-7.793765632868599e-13,61,0.27520486852546977,0.000296677355898365,1920.0,5760.0,0.0,0.03125,0.03125,9.537683165243842e-05,0.0
65880.0,18.3,0.012133680000000003,0.39953428927192686,0.0,0.39953428927192686,0.08735213456247261,0.27490896016204497,2.2750910398371755,-7.793765632868599e-13,61,0.27490896016204497,0.0002959083634247622,1920.0,5760.0,0.0,0.03125,0.03125,9.56522090479539e-05,0.0
65940.0,18.316666666666666,0.012133382839506174,0.3990413555387766,0.0,0.3990413555387766,0.08725451961450365,0.2746138181990584,2.2753861818001626,-7.789324740770098e-13,61,0.2746138181990584,0.0002951419629869365,1920.0,5760.0,0.0,0.03125,0.03125,9.591247725104971e-05,0.0
66000.0,18.333333333333332,0.012133086419753088,0.3985497347515692,0.0,0.3985497347515692,0.08715724376032959,0.27431944002071024,2.275680559978511,-7.784883848671598e-13,61,0.27431944002071024,0.0002943781783483941,1920.0,5760.0,0.0,0.03125,0.03125,9.61788518452436e-05,0.0
66060.0,18.35,0.012132790000000001,0.39805942232721075,0.0,0.39805942232721075,0.08706030763834276,0.274025822987756,2.275974177011465,-7.784883848671598e-13,61,0.274025822987756,0.00029361703295416205,1920.0,5760.0,0.0,0.03125,0.03125,9.643607128115711e-05,0.0
66120.0,18.366666666666667,0.012132492839506176,0.3975704136415116,0.0,0.3975704136415116,0.08696371187018294,0.27373296443782374,2.2762670355613976,-7.784883848671598e-13,61,0.27373296443782374,0.00029285854993242236,1920.0,5760.0,0.0,0.03125,0.03125,9.669706264995784e-05,0.0
66180.0,18.383333333333333,0.012132194197530866,0.39708270402989826,0.0,0.39708270402989826,0.08686745706068116,0.2734408616857284,2.2765591383134933,-7.780442956573097e-13,61,0.2734408616857284,0.00029210275209578233,1920.0,5760.0,0.0,0.03125,0.03125,9.694065702971634e-05,0.0
66240.0,18.4,0.012131893333333334,0.3965962887881134,0.0,0.3965962887881134,0.08677154379778453,0.27314951202378585,2.2768504879754357,-7.784883848671598e-13,61,0.27314951202378585,0.0002913496619423594,1920.0,5760.0,0.0,0.03125,0.03125,9.718999415800176e-05,0.0
66300.0,18.416666666666668,0.012131589506172841,0.39611116317290906,0.0,0.39611116317290906,0.08667597265247223,0.2728589127221294,2.2771410872770925,-7.780442956573097e-13,61,0.2728589127221294,0.0002905993016567744,1920.0,5760.0,0.0,0.03125,0.03125,9.743872967598604e-05,0.0
66360.0,18.433333333333334,0.012131281975308645,0.395627322402733,0.0,0.395627322402733,0.08658074417867209,0.27256906102901807,2.2774309389702037,-7.780442956573097e-13,61,0.27256906102901807,0.00028985169311115033,1920.0,5760.0,0.0,0.03125,0.03125,9.769938666480552e-05,0.0
66420.0,18.45,0.012130970000000001,0.3951447616584032,0.0,0.3951447616584032,0.08648585891318304,0.2722799541711517,2.2777200458280698,-7.784883848671598e-13,61,0.2722799541711517,0.00028910685786615395,1920.0,5760.0,0.0,0.03125,0.03125,9.790985375270178e-05,0.0
66480.0,18.466666666666665,0.012130652839506175,0.39466347608377883,0.0,0.39466347608377883,0.0863913173756064,0.27199158935397993,2.278008410645242,-7.780442956573097e-13,61,0.27199158935397993,0.0002883648171721385,1920.0,5760.0,0.0,0.03125,0.03125,9.817686886798512e-05,0.0
66540.0,18.483333333333334,0.01213032975308642,0.3941834607864194,0.0,0.3941834607864194,0.0862971200682896,0.27170396376201006,2.2782960362372124,-7.771561172376096e-13,61,0.27170396376201006,0.00028762559197037627,1920.0,5760.0,0.0,0.03125,0.03125,9.840469663722169e-05,0.0
66600.0,18.5,0.012130000000000002,0.3937047108382371,0.0,0.3937047108382371,0.08620326747628296,0.27141707455911546,2.278582925440107,-7.776002064474596e-13,61,0.27141707455911546,0.0002868892028944338,1920.0,5760.0,0.0,0.03125,0.03125,9.864354140371625e-05,0.0
66660.0,18.516666666666666,0.012129666666666669,0.393227221375714,0.0,0.393227221375714,0.08610975649384137,0.27113091892698843,2.278869081072234,-7.771561172376096e-13,61,0.27113091892698843,0.00028615563212738284,1920.0,5760.0,0.0,0.03125,0.03125,9.886885998251658e-05,0.0
66720.0,18.533333333333335,0.012129333333333334,0.3927509879162318,0.0,0.3927509879162318,0.08601657944358518,0.2708454942066849,2.279154505792537,-7.780442956573097e-13,61,0.2708454942066849,0.00028542472030289605,1920.0,5760.0,0.0,0.03125,0.03125,9.912016975370655e-05,0.0
66780.0,18.55,0.012129000000000001,0.3922760060900467,0.0,0.3922760060900467,0.08592373293563411,0.27056079781013814,2.279439202189084,-7.776002064474596e-13,61,0.27056079781013814,0.0002846963965473829,1920.0,5760.0,0.0,0.03125,0.03125,9.935880295795885e-05,0.0
66840.0,18.566666666666666,0.012128666666666666,0.3918022715451456,0.0,0.3918022715451456,0.08583121469944476,0.2702768271704982,2.2797231728287244,-7.771561172376096e-13,61,0.2702768271704982,0.00028397063964038485,1920.0,5760.0,0.0,0.03125,0.03125,9.959961006472426e-05,0.0
66900.0,18.583333333333332,0.012128333333333333,0.39132977994716767,0.0,0.39132977994716767,0.08573902286082616,0.2699935797369026,2.2800064202623203,-7.771561172376096e-13,61,0.2699935797369026,0.00028324743359582985,1920.0,5760.0,0.0,0.03125,0.03125,9.981017563408491e-05,0.0
66960.0,18.6,0.012128000000000002,0.39085852697932777,0.0,0.39085852697932777,0.08564715574346123,0.26971105297225195,2.2802889470269707,-7.771561172376096e-13,61,0.26971105297225195,0.0002825267646506248,1920.0,5760.0,0.0,0.03125,0.03125,0.00010006448051551439,0.0
67020.0,18.616666666666667,0.012127666666666669,0.39038850834233796,0.0,0.39038850834233796,0.08555561178547816,0.2694292443520167,2.2805707556472057,-7.776002064474596e-13,61,0.2694292443520167,0.0002818086202350812,1920.0,5760.0,0.0,0.03125,0.03125,0.00010030434229929678,0.0
67080.0,18.633333333333333,0.012127333333333334,0.3899197197543327,0.0,0.3899197197543327,0.08546438949752114,0.269148151363516,2.280851848635707,-7.771561172376096e-13,61,0.269148151363516,0.0002810929885008953,1920.0,5760.0,0.0,0.03125,0.03125,0.00010054110634817529,0.0
67140.0,18.65,0.012127,0.3894521569507896,0.0,0.3894521569507896,0.08537348743929743,0.2688677715054447,2.281132228493778,-7.771561172376096e-13,61,0.2688677715054447,0.00028037985807134546,1920.0,5760.0,0.0,0.03125,0.03125,0.00010077231154339341,0.0
67200.0,18.666666666666668,0.012126666666666668,0.3889858156844559,0.0,0.3889858156844559,0.0852829042054712,0.2685881022875484,2.2814118977116746,-7.767120280277595e-13,61,0.2685881022875484,0.0002796692178965628,1920.0,5760.0,0.0,0.03125,0.03125,0.00010101001579579003,0.0
67260.0,18.683333333333334,0.012126333333333333,0.38852069172527093,0.0,0.38852069172527093,0.08519263841671879,0.2683091412303839,2.281690858768839,-7.771561172376096e-13,61,0.2683091412303839,0.00027896105716423107,1920.0,5760.0,0.0,0.03125,0.03125,0.00010125035771351377,0.0
67320.0,18.7,0.012126000000000001,0.3880567808602893,0.0,0.3880567808602893,0.0851026887138221,0.26803088586514234,2.2819691141340805,-7.771561172376096e-13,61,0.26803088586514234,0.00027825536524184093,1920.0,5760.0,0.0,0.03125,0.03125,0.00010147411483242364,0.0
67380.0,18.716666666666665,0.012125666666666668,0.3875940788936087,0.0,0.3875940788936087,0.08501305375364294,0.2677533337335047,2.2822466662657184,-7.767120280277595e-13,61,0.2677533337335047,0.0002775521316379676,1920.0,5760.0,0.0,0.03125,0.03125,0.00010170761484644023,0.0
67440.0,18.733333333333334,0.012125333333333333,0.3871325816462919,0.0,0.3871325816462919,0.08492373220630811,0.26747648238752925,2.282523517611694,-7.767120280277595e-13,61,0.26747648238752925,0.0002768513459755519,1920.0,5760.0,0.0,0.03125,0.03125,0.00010194112414501268,0.0
67500.0,18.75,0.012125000000000002,0.3866722849562925,0.0,0.3866722849562925,0.0848347227531986,0.2672003293895563,2.2827996706096667,-7.767120280277595e-13,61,0.2672003293895563,0.0002761529979730156,1920.0,5760.0,0.0,0.03125,0.03125,0.0001021866736690415,0.0
67560.0,18.766666666666666,0.012124666666666667,0.3862131846783814,0.0,0.3862131846783814,0.08474602408548762,0.26692487231212586,2.2830751276870975,-7.762679388179095e-13,61,0.26692487231212586,0.00027545707743067385,1920.0,5760.0,0.0,0.03125,0.03125,0.00010238286722472458,0.0
67620.0,18.783333333333335,0.012124333333333334,0.38575527668407067,0.0,0.38575527668407067,0.08465763490306229,0.26665010873790507,2.2833498912613184,-7.762679388179095e-13,61,0.26665010873790507,0.0002747635742207647,1920.0,5760.0,0.0,0.03125,0.03125,0.00010262398926647714,0.0
67680.0,18.8,0.012124000000000001,0.38529855686154135,0.0,0.38529855686154135,0.08456955391371745,0.26637603625962475,2.2836239637395983,-7.767120280277595e-13,61,0.26637603625962475,0.00027407247828006794,1920.0,5760.0,0.0,0.03125,0.03125,0.00010284435294831319,0.0
67740.0,18.816666666666666,0.01212366666666667,0.3848430211155688,0.0,0.3848430211155688,0.08448177983254675,0.2661026524800207,2.283897347519203,-7.762679388179095e-13,61,0.2661026524800207,0.000273383779604349,1920.0,5760.0,0.0,0.03125,0.03125,0.00010308128153727354,0.0
67800.0,18.833333333333332,0.012123333333333333,0.38438866536744887,0.0,0.38438866536744887,0.08439431138147802,0.2658299550117768,2.284170044987447,-7.758238496080594e-13,61,0.2658299550117768,0.00027269746824414893,1920.0,5760.0,0.0,0.03125,0.03125,0.00010329444649458844,0.0
67860.0,18.85,0.012123,0.3839354855549262,0.0,0.3839354855549262,0.08430714728891539,0.2655579414774756,2.2844420585217486,-7.753797603982093e-13,61,0.2655579414774756,0.0002720135343015506,1920.0,5760.0,0.0,0.03125,0.03125,0.00010352285555860579,0.0
67920.0,18.866666666666667,0.012122666666666667,0.3834834776321198,0.0,0.3834834776321198,0.08422028628946275,0.2652866095095478,2.284713390489676,-7.758238496080594e-13,61,0.2652866095095478,0.00027133196792769175,1920.0,5760.0,0.0,0.03125,0.03125,0.00010375089944980854,0.0
67980.0,18.883333333333333,0.012122333333333334,0.3830326375694512,0.0,0.3830326375694512,0.08413372712370655,0.2650159567502273,2.284984043248997,-7.753797603982093e-13,61,0.2650159567502273,0.0002706527593208335,1920.0,5760.0,0.0,0.03125,0.03125,0.00010396338622013818,0.0
68040.0,18.9,0.012122,0.38258296135357256,0.0,0.38258296135357256,0.08404746853804655,0.2647459808515023,2.2852540191477217,-7.758238496080594e-13,61,0.2647459808515023,0.0002699758987248347,1920.0,5760.0,0.0,0.03125,0.03125,0.00010416647733013892,0.0
68100.0,18.916666666666668,0.012121666666666668,0.3821344449872944,0.0,0.3821344449872944,0.08396150928456068,0.2644766794750743,2.28552332052415,-7.758238496080594e-13,61,0.2644766794750743,0.000269301376427968,1920.0,5760.0,0.0,0.03125,0.03125,0.0001043938474894241,0.0
68160.0,18.933333333333334,0.012121333333333335,0.3816870844895134,0.0,0.3816870844895134,0.0838758481208984,0.2642080502923129,2.285791949706912,-7.749356711883593e-13,61,0.2642080502923129,0.0002686291827619666,1920.0,5760.0,0.0,0.03125,0.03125,0.00010462735102297509,0.0
68220.0,18.95,0.012121000000000002,0.3812408758951421,0.0,0.3812408758951421,0.08379048381019452,0.26394009098421106,2.2860599090150133,-7.753797603982093e-13,61,0.26394009098421106,0.0002679593081012737,1920.0,5760.0,0.0,0.03125,0.03125,0.00010484513656347479,0.0
68280.0,18.966666666666665,0.012120666666666668,0.380795815255038,0.0,0.380795815255038,0.08370541512100063,0.2636727992413495,2.2863272007578757,-7.744915819785092e-13,61,0.2636727992413495,0.00026729174286243776,1920.0,5760.0,0.0,0.03125,0.03125,0.00010504901255077615,0.0
68340.0,18.983333333333334,0.012120333333333334,0.38035189863593205,0.0,0.38035189863593205,0.08362064082722834,0.26340617276384615,2.286593827235379,-7.744915819785092e-13,61,0.26340617276384615,0.0002666264775036266,1920.0,5760.0,0.0,0.03125,0.03125,0.00010524382983836791,0.0
68400.0,19.0,0.01212,0.37990912212035866,0.0,0.37990912212035866,0.08353615970810317,0.26314020926132176,2.2868597907379034,-7.744915819785092e-13,61,0.26314020926132176,0.00026596350252422024,1920.0,5760.0,0.0,0.03125,0.03125,0.0001054589292429993,0.0
68460.0,19.016666666666666,0.01211966666666667,0.37946748180658585,0.0,0.37946748180658585,0.08345197054812653,0.2628749064528573,2.287125093546368,-7.744915819785092e-13,61,0.2628749064528573,0.0002653028084644934,1920.0,5760.0,0.0,0.03125,0.03125,0.00010568615293032857,0.0
68520.0,19.033333333333335,0.012119333333333333,0.379026973808545,0.0,0.379026973808545,0.08336807213704367,0.262610262066952,2.287389737932273,-7.744915819785092e-13,61,0.262610262066952,0.0002646443859053359,1920.0,5760.0,0.0,0.03125,0.03125,0.00010589031270297924,0.0
68580.0,19.05,0.012119,0.3785875942557631,0.0,0.3785875942557631,0.08328446326981641,0.2623462738414842,2.287653726157741,-7.744915819785092e-13,61,0.2623462738414842,0.0002639882254680334,1920.0,5760.0,0.0,0.03125,0.03125,0.00010610678532590673,0.0
68640.0,19.066666666666666,0.012118666666666665,0.37814933929329164,0.0,0.37814933929329164,0.08320114274659961,0.26208293952366973,2.2879170604755554,-7.744915819785092e-13,61,0.26208293952366973,0.00026333431781406515,1920.0,5760.0,0.0,0.03125,0.03125,0.00010629097779335479,0.0
68700.0,19.083333333333332,0.012118333333333332,0.37771220508163955,0.0,0.37771220508163955,0.08311810937272064,0.2618202568700253,2.2881797431292004,-7.740474927686591e-13,61,0.2618202568700253,0.00026268265364493785,1920.0,5760.0,0.0,0.03125,0.03125,0.00010651723345019546,0.0
68760.0,19.1,0.012118000000000002,0.3772761877967035,0.0,0.3772761877967035,0.0830353619586612,0.2615582236463233,2.2884417763529026,-7.740474927686591e-13,61,0.2615582236463233,0.0002620332237020389,1920.0,5760.0,0.0,0.03125,0.03125,0.00010671042526941227,0.0
68820.0,19.116666666666667,0.012117666666666667,0.37684128362970143,0.0,0.37684128362970143,0.08295289932004073,0.26129683762755695,2.288703162371669,-7.740474927686591e-13,61,0.26129683762755695,0.00026138601876650393,1920.0,5760.0,0.0,0.03125,0.03125,0.00010693292473231001,0.0
68880.0,19.133333333333333,0.012117333333333332,0.3764074887871034,0.0,0.3764074887871034,0.0828707202776009,0.26103609659789834,2.288963903401328,-7.736034035588091e-13,61,0.26103609659789834,0.00026074102965909635,1920.0,5760.0,0.0,0.03125,0.03125,0.00010711856124452969,0.0
68940.0,19.15,0.012117000000000001,0.37597479949056567,0.0,0.37597479949056567,0.0827888236571913,0.260775998350658,2.289224001648568,-7.740474927686591e-13,61,0.260775998350658,0.00026009824724009136,1920.0,5760.0,0.0,0.03125,0.03125,0.00010732764640709278,0.0
69000.0,19.166666666666668,0.012116666666666666,0.3755432119768624,0.0,0.3755432119768624,0.08270720828975577,0.2605165406882484,2.289483459310977,-7.744915819785092e-13,61,0.2605165406882484,0.0002594576624091748,1920.0,5760.0,0.0,0.03125,0.03125,0.00010751293489016177,0.0
69060.0,19.183333333333334,0.012116333333333331,0.3751127224978194,0.0,0.3751127224978194,0.08262587301131917,0.26025772142214343,2.2897422785770822,-7.740474927686591e-13,61,0.26025772142214343,0.00025881926610533935,1920.0,5760.0,0.0,0.03125,0.03125,0.00010771569428635445,0.0
69120.0,19.2,0.012116,0.37468332732024856,0.0,0.37468332732024856,0.08254481666297425,0.25999953837283724,2.290000461626389,-7.736034035588091e-13,61,0.25999953837283724,0.00025818304930679025,1920.0,5760.0,0.0,0.03125,0.03125,0.00010791599013508403,0.0
69180.0,19.216666666666665,0.012115666666666667,0.37425502272588057,0.0,0.37425502272588057,0.08246403809086905,0.25974198936980586,2.29025801062942,-7.736034035588091e-13,61,0.25974198936980586,0.00025754900303084227,1920.0,5760.0,0.0,0.03125,0.03125,0.00010811482557059943,0.0
69240.0,19.233333333333334,0.012115333333333334,0.3738278050113004,0.0,0.3738278050113004,0.0823835361461939,0.25948507225147266,2.290514927747754,-7.73159314348959e-13,61,0.25948507225147266,0.00025691711833382706,1920.0,5760.0,0.0,0.03125,0.03125,0.00010831374999032527,0.0
69300.0,19.25,0.012114999999999999,0.373401670487882,0.0,0.373401670487882,0.08230330968516869,0.2592287848651619,2.290771215134065,-7.72715225139109e-13,61,0.2592287848651619,0.0002562873863109969,1920.0,5760.0,0.0,0.03125,0.03125,0.00010850033019879908,0.0
69360.0,19.266666666666666,0.012114666666666668,0.37297661548172256,0.0,0.37297661548172256,0.0822233575690299,0.2589731250670652,2.2910268749321614,-7.73159314348959e-13,61,0.2589731250670652,0.0002556597980964296,1920.0,5760.0,0.0,0.03125,0.03125,0.00010868732156086146,0.0
69420.0,19.283333333333335,0.012114333333333333,0.3725526363335777,0.0,0.3725526363335777,0.08214367866401769,0.25871809072220225,2.2912819092770245,-7.73159314348959e-13,61,0.25871809072220225,0.0002550343448629245,1920.0,5760.0,0.0,0.03125,0.03125,0.0001088835787275381,0.0
69480.0,19.3,0.012114000000000002,0.3721297293987991,0.0,0.3721297293987991,0.08206427184136243,0.25846367970438056,2.2915363202948464,-7.72715225139109e-13,61,0.25846367970438056,0.0002544110178219147,1920.0,5760.0,0.0,0.03125,0.03125,0.00010908579488154722,0.0
69540.0,19.316666666666666,0.012113666666666668,0.3717078910472676,0.0,0.3717078910472676,0.08198513597727144,0.25820988989615706,2.29179011010307,-7.72715225139109e-13,61,0.25820988989615706,0.0002537898082233565,1920.0,5760.0,0.0,0.03125,0.03125,0.00010925482632064772,0.0
69600.0,19.333333333333332,0.012113333333333334,0.371287117663332,0.0,0.371287117663332,0.08190626995291496,0.2579567191888019,2.2920432808104256,-7.722711359292589e-13,61,0.2579567191888019,0.00025317070735562914,1920.0,5760.0,0.0,0.03125,0.03125,0.00010943603669293493,0.0
69660.0,19.35,0.012113,0.3708674056457455,0.0,0.3708674056457455,0.08182767265441261,0.25770416548225633,2.2922958345169713,-7.722711359292589e-13,61,0.25770416548225633,0.00025255370654543395,1920.0,5760.0,0.0,0.03125,0.03125,0.00010962188458656933,0.0
69720.0,19.366666666666667,0.012112666666666667,0.3704487514076007,0.0,0.3704487514076007,0.08174934297281904,0.25745222668509876,2.292547773314129,-7.718270467194088e-13,61,0.25745222668509876,0.0002519387971576873,1920.0,5760.0,0.0,0.03125,0.03125,0.00010981576702604426,0.0
69780.0,19.383333333333333,0.012112333333333334,0.3700311513762695,0.0,0.3700311513762695,0.0816712798041093,0.25720090071450313,2.2927990992847245,-7.722711359292589e-13,61,0.25720090071450313,0.0002513259705954091,1920.0,5760.0,0.0,0.03125,0.03125,0.00010999198437366804,0.0
69840.0,19.4,0.012112,0.3696146019933398,0.0,0.3696146019933398,0.0815934820491645,0.2569501854962042,2.293049814503024,-7.718270467194088e-13,61,0.2569501854962042,0.0002507152182996167,1920.0,5760.0,0.0,0.03125,0.03125,0.00011019010377785679,0.0
69900.0,19.416666666666668,0.012111666666666668,0.3691990997145519,0.0,0.3691990997145519,0.08151594861375654,0.2567000789644551,2.293299921034773,-7.718270467194088e-13,61,0.2567000789644551,0.00025010653174920803,1920.0,5760.0,0.0,0.03125,0.03125,0.00011035552511719068,0.0
69960.0,19.433333333333334,0.012111333333333335,0.3687846410097397,0.0,0.3687846410097397,0.08143867840853314,0.25645057906199425,2.293549420937234,-7.713829575095588e-13,61,0.25645057906199425,0.0002494999024608532,1920.0,5760.0,0.0,0.03125,0.03125,0.00011053731955641883,0.0
70020.0,19.45,0.012111000000000002,0.36837122236276726,0.0,0.36837122236276726,0.08136167034900227,0.25620168374000535,2.293798316259223,-7.713829575095588e-13,61,0.25620168374000535,0.0002488953219888729,1920.0,5760.0,0.0,0.03125,0.03125,0.00011071773381554285,0.0
70080.0,19.466666666666665,0.012110666666666669,0.36795884027146813,0.0,0.36795884027146813,0.0812849233555166,0.2559533909580806,2.294046609041148,-7.713829575095588e-13,61,0.2559533909580806,0.0002482927819251239,1920.0,5760.0,0.0,0.03125,0.03125,0.00011088641373172154,0.0
70140.0,19.483333333333334,0.012110333333333334,0.3675474912475853,0.0,0.3675474912475853,0.08120843635325758,0.25570569868418186,2.294294301315047,-7.709388682997087e-13,61,0.25570569868418186,0.00024769227389887834,1920.0,5760.0,0.0,0.03125,0.03125,0.00011106844287543145,0.0
70200.0,19.5,0.012110000000000001,0.36713717181671,0.0,0.36713717181671,0.08113220827221927,0.2554586048946052,2.294541395104624,-7.709388682997087e-13,61,0.2554586048946052,0.0002470937895767003,1920.0,5760.0,0.0,0.03125,0.03125,0.00011121905781156713,0.0
70260.0,19.516666666666666,0.012109666666666668,0.36672787851822153,0.0,0.36672787851822153,0.08105623804719221,0.2552121075739431,2.294787892425286,-7.709388682997087e-13,61,0.2552121075739431,0.00024649732066232567,1920.0,5760.0,0.0,0.03125,0.03125,0.00011140929667320661,0.0
70320.0,19.533333333333335,0.012109333333333333,0.3663196079052281,0.0,0.3663196079052281,0.08098052461774673,0.2549662047150463,2.2950337952841826,-7.709388682997087e-13,61,0.2549662047150463,0.0002459028588965348,1920.0,5760.0,0.0,0.03125,0.03125,0.00011157694958355564,0.0
70380.0,19.55,0.012109,0.3659123565445068,0.0,0.3659123565445068,0.0809050669282164,0.2547208943189897,2.2952791056802395,-7.704947790898586e-13,61,0.2547208943189897,0.0002453103960570276,1920.0,5760.0,0.0,0.03125,0.03125,0.00011173666609147573,0.0
70440.0,19.566666666666666,0.012108666666666665,0.3655061210164435,0.0,0.3655061210164435,0.0808298639276812,0.2544761743950314,2.2955238256041977,-7.709388682997087e-13,61,0.2544761743950314,0.0002447199239582926,1920.0,5760.0,0.0,0.03125,0.03125,0.00011192222676581972,0.0
70500.0,19.583333333333332,0.012108333333333334,0.3651008979149751,0.0,0.3651008979149751,0.08075491456995042,0.25423204296058,2.2957679570386493,-7.704947790898586e-13,61,0.25423204296058,0.0002441314344514846,1920.0,5760.0,0.0,0.03125,0.03125,0.0001120855310200472,0.0
70560.0,19.6,0.012108,0.36469668384753084,0.0,0.36469668384753084,0.08068021781354542,0.2539884980411558,2.296011501958074,-7.700506898800086e-13,61,0.2539884980411558,0.00024354491942428622,1920.0,5760.0,0.0,0.03125,0.03125,0.00011225309947277927,0.0
70620.0,19.616666666666667,0.012107666666666668,0.3642934754349735,0.0,0.3642934754349735,0.08060577262168259,0.2537455376703552,2.2962544623288745,-7.700506898800086e-13,61,0.2537455376703552,0.0002429603708007806,1920.0,5760.0,0.0,0.03125,0.03125,0.00011239747442545128,0.0
70680.0,19.633333333333333,0.012107333333333333,0.3638912693115404,0.0,0.3638912693115404,0.08053157796225563,0.2535031598898136,2.2964968401094157,-7.704947790898586e-13,61,0.2535031598898136,0.00024237778054131916,1920.0,5760.0,0.0,0.03125,0.03125,0.00011257413798661829,0.0
70740.0,19.65,0.012107,0.36349006212478707,0.0,0.36349006212478707,0.0804576328078181,0.2532613627491713,2.296738637250058,-7.704947790898586e-13,61,0.2532613627491713,0.00024179714064238394,1920.0,5760.0,0.0,0.03125,0.03125,0.00011272814953433092,0.0
70800.0,19.666666666666668,0.012106666666666667,0.36308985053552884,0.0,0.36308985053552884,0.08038393613556559,0.25302014430603537,2.2969798556931944,-7.700506898800086e-13,61,0.25302014430603537,0.0002412184431364583,1920.0,5760.0,0.0,0.03125,0.03125,0.00011289639057437895,0.0
70860.0,19.683333333333334,0.012106333333333332,0.3626906312177832,0.0,0.3626906312177832,0.08031048692731815,0.25277950262594334,2.2972204973732864,-7.700506898800086e-13,61,0.25277950262594334,0.00024064168009188354,1920.0,5760.0,0.0,0.03125,0.03125,0.00011304259650005399,0.0
70920.0,19.7,0.012106,0.3622924008587144,0.0,0.3622924008587144,0.08023728416950214,0.25253943578233096,2.297460564216899,-7.700506898800086e-13,61,0.25253943578233096,0.00024006684361273041,1920.0,5760.0,0.0,0.03125,0.03125,0.000113219473219665,0.0
70980.0,19.716666666666665,0.012105666666666666,0.3618951561585743,0.0,0.3618951561585743,0.08016432685313232,0.2522999418564925,2.2977000581427376,-7.696066006701585e-13,61,0.2522999418564925,0.00023949392583865552,1920.0,5760.0,0.0,0.03125,0.03125,0.0001133762052184289,0.0
71040.0,19.733333333333334,0.012105333333333334,0.3614988938306472,0.0,0.3614988938306472,0.08009161397379387,0.2520610189375476,2.2979389810616824,-7.700506898800086e-13,61,0.2520610189375476,0.00023892291894476677,1920.0,5760.0,0.0,0.03125,0.03125,0.00011352009110967971,0.0
71100.0,19.75,0.012105,0.36110361060119395,0.0,0.36110361060119395,0.08001914453162397,0.25182266512240603,2.298177334876824,-7.700506898800086e-13,61,0.25182266512240603,0.00023835381514148213,1920.0,5760.0,0.0,0.03125,0.03125,0.0001136650246091503,0.0
71160.0,19.766666666666666,0.012104666666666666,0.3607093032093948,0.0,0.3607093032093948,0.07994691753129375,0.25158487851573197,2.2984151214834982,-7.696066006701585e-13,61,0.25158487851573197,0.00023778660667439033,1920.0,5760.0,0.0,0.03125,0.03125,0.00011381763053853157,0.0
71220.0,19.783333333333335,0.012104333333333333,0.3603159684072956,0.0,0.3603159684072956,0.07987493198198993,0.25134765722990765,2.2986523427693224,-7.696066006701585e-13,61,0.25134765722990765,0.0002372212858241121,1920.0,5760.0,0.0,0.03125,0.03125,0.00011396911937159131,0.0
71280.0,19.8,0.012103999999999998,0.35992360295974973,0.0,0.35992360295974973,0.07980318689739664,0.2511109993850018,2.2988890006142286,-7.691625114603085e-13,61,0.2511109993850018,0.00023665784490615996,1920.0,5760.0,0.0,0.03125,0.03125,0.00011411532649871722,0.0
71340.0,19.816666666666666,0.012103666666666667,0.3595322036443642,0.0,0.3595322036443642,0.07973168129567663,0.25087490310873123,2.2991250968904993,-7.691625114603085e-13,61,0.25087490310873123,0.00023609627627079488,1920.0,5760.0,0.0,0.03125,0.03125,0.00011426707441657914,0.0
71400.0,19.833333333333332,0.012103333333333332,0.3591417672514463,0.0,0.3591417672514463,0.07966041419945286,0.25063936653642793,2.2993606334628023,-7.696066006701585e-13,61,0.25063936653642793,0.00023553657230288597,1920.0,5760.0,0.0,0.03125,0.03125,0.00011440860376244537,0.0
71460.0,19.85,0.012103,0.3587522905839455,0.0,0.3587522905839455,0.07958938463579049,0.2504043878110069,2.299595612188224,-7.687184222504584e-13,61,0.2504043878110069,0.00023497872542176928,1920.0,5760.0,0.0,0.03125,0.03125,0.0001145518713279881,0.0
71520.0,19.866666666666667,0.012102666666666668,0.3583637704574013,0.0,0.3583637704574013,0.07951859163617771,0.2501699650829255,2.2998300349163054,-7.687184222504584e-13,61,0.2501699650829255,0.0002344227280811039,1920.0,5760.0,0.0,0.03125,0.03125,0.00011469426988231444,0.0
71580.0,19.883333333333333,0.012102333333333333,0.35797620369988864,0.0,0.35797620369988864,0.07944803423650766,0.24993609651015675,2.300063903489074,-7.691625114603085e-13,61,0.24993609651015675,0.00023386857276873224,1920.0,5760.0,0.0,0.03125,0.03125,0.00011483650030829272,0.0
71640.0,19.9,0.012102,0.35758958715196426,0.0,0.35758958715196426,0.0793777114770595,0.249702780258151,2.3002972197410805,-7.682743330406083e-13,61,0.249702780258151,0.00023331625200653596,1920.0,5760.0,0.0,0.03125,0.03125,0.00011496913338241047,0.0
71700.0,19.916666666666668,0.012101666666666667,0.35720391766661064,0.0,0.35720391766661064,0.07930762240247997,0.24947001449980105,2.3005299854994306,-7.682743330406083e-13,61,0.24947001449980105,0.00023276575835029026,1920.0,5760.0,0.0,0.03125,0.03125,0.00011510796803617752,0.0
71760.0,19.933333333333334,0.012101333333333334,0.35681919210918633,0.0,0.35681919210918633,0.07923776606176473,0.2492377974154108,2.30076220258382,-7.687184222504584e-13,61,0.2492377974154108,0.00023221708438952657,1920.0,5760.0,0.0,0.03125,0.03125,0.00011524406132808417,0.0
71820.0,19.95,0.012101,0.356435407357369,0.0,0.356435407357369,0.07916814150823963,0.24900612719266313,2.3009938728065675,-7.691625114603085e-13,61,0.24900612719266313,0.0002316702227473834,1920.0,5760.0,0.0,0.03125,0.03125,0.00011538057362963181,0.0
71880.0,19.966666666666665,0.012100666666666666,0.35605256030110516,0.0,0.35605256030110516,0.07909874779954224,0.24877500202658337,2.301224997972648,-7.682743330406083e-13,61,0.24877500202658337,0.00023112516608046914,1920.0,5760.0,0.0,0.03125,0.03125,0.00011551502039733113,0.0
71940.0,19.983333333333334,0.012100333333333331,0.3556706478425556,0.0,0.3556706478425556,0.07902958399760292,0.2485444201195046,2.3014555798797267,-7.687184222504584e-13,61,0.2485444201195046,0.0002305819070787125,1920.0,5760.0,0.0,0.03125,0.03125,0.00011564761847325366,0.0
72000.0,20.0,0.0121,0.35528966689604347,0.0,0.35528966689604347,0.07896064916862651,0.24831437968103967,2.301685620318192,-7.682743330406083e-13,61,0.24831437968103967,0.00023004043846522248,1920.0,5760.0,0.0,0.03125,0.03125,0.00011578627897109002,0.0
72060.0,20.016666666666666,0.012099666666666667,0.3549096143880021,0.0,0.3549096143880021,0.0788919423830734,0.24808487892804335,2.301915121071188,-7.687184222504584e-13,61,0.24808487892804335,0.00022950075299614503,1920.0,5760.0,0.0,0.03125,0.03125,0.00011591437254353162,0.0
72120.0,20.033333333333335,0.012099333333333332,0.3545304872569225,0.0,0.3545304872569225,0.0788234627156411,0.24785591608458304,2.3021440839146483,-7.682743330406083e-13,61,0.24785591608458304,0.00022896284346052024,1920.0,5760.0,0.0,0.03125,0.03125,0.00011604270229503586,0.0
72180.0,20.05,0.012098999999999999,0.3541522824533021,0.0,0.3541522824533021,0.07875520924524529,0.2476274893819031,2.3023725106173285,-7.682743330406083e-13,61,0.2476274893819031,0.00022842670268013643,1920.0,5760.0,0.0,0.03125,0.03125,0.00011616380500444202,0.0
72240.0,20.066666666666666,0.012098666666666664,0.3537749969395926,0.0,0.3537749969395926,0.07868718105500162,0.24739959705839396,2.302600402940838,-7.678302438307583e-13,61,0.24739959705839396,0.00022789232350938748,1920.0,5760.0,0.0,0.03125,0.03125,0.00011628744306117844,0.0
72300.0,20.083333333333332,0.012098333333333332,0.3533986276901482,0.0,0.3533986276901482,0.07861937723220674,0.24717223735955807,2.302827762639673,-7.687184222504584e-13,61,0.24717223735955807,0.00022735969883513205,1920.0,5760.0,0.0,0.03125,0.03125,0.000116426499924973,0.0
72360.0,20.1,0.012098000000000001,0.35302317169117564,0.0,0.35302317169117564,0.07855179686832002,0.24694540853798227,2.3030545914612497,-7.678302438307583e-13,61,0.24694540853798227,0.00022682882157654848,1920.0,5760.0,0.0,0.03125,0.03125,0.00011652556826419407,0.0
72420.0,20.116666666666667,0.012097666666666666,0.35264862594068114,0.0,0.35264862594068114,0.07848443905894467,0.24671910885329731,2.303280891145935,-7.678302438307583e-13,61,0.24671910885329731,0.0002262996846849923,1920.0,5760.0,0.0,0.03125,0.03125,0.0001166640785988653,0.0
72480.0,20.133333333333333,0.012097333333333333,0.35227498744842284,0.0,0.35227498744842284,0.07841730290380948,0.2464933365721533,2.3035066634270787,-7.678302438307583e-13,61,0.2464933365721533,0.00022577228114385218,1920.0,5760.0,0.0,0.03125,0.03125,0.0001167719947685026,0.0
72540.0,20.15,0.012097,0.35190225323585655,0.0,0.35190225323585655,0.07835038750675015,0.24626808996818536,2.303731910031047,-7.673861546209082e-13,61,0.24626808996818536,0.0002252466039684105,1920.0,5760.0,0.0,0.03125,0.03125,0.00011689312758991232,0.0
72600.0,20.166666666666668,0.012096666666666667,0.3515304203360887,0.0,0.3515304203360887,0.07828369197569081,0.24604336732197957,2.3039566326772527,-7.673861546209082e-13,61,0.24604336732197957,0.00022472264620569774,1920.0,5760.0,0.0,0.03125,0.03125,0.00011700695837770418,0.0
72660.0,20.183333333333334,0.012096333333333332,0.3511594857938235,0.0,0.3511594857938235,0.0782172154226258,0.24581916692104513,2.304180833078187,-7.678302438307583e-13,61,0.24581916692104513,0.00022420040093435232,1920.0,5760.0,0.0,0.03125,0.03125,0.0001171285856218789,0.0
72720.0,20.2,0.012096,0.35078944666531614,0.0,0.35078944666531614,0.07815095696360082,0.24559548705978143,2.3044045129394513,-7.669420654110581e-13,61,0.24559548705978143,0.00022367986126447717,1920.0,5760.0,0.0,0.03125,0.03125,0.00011724088907514446,0.0
72780.0,20.216666666666665,0.012095666666666666,0.35042030001831936,0.0,0.35042030001831936,0.07808491571869482,0.24537232603944337,2.304627673959789,-7.673861546209082e-13,61,0.24537232603944337,0.0002231610203374986,1920.0,5760.0,0.0,0.03125,0.03125,0.00011734744590094697,0.0
72840.0,20.233333333333334,0.012095333333333335,0.3500520429320375,0.0,0.3500520429320375,0.0780190908120016,0.24514968216811736,2.304850317831115,-7.678302438307583e-13,61,0.24514968216811736,0.0002226438713260248,1920.0,5760.0,0.0,0.03125,0.03125,0.00011745282251137613,0.0
72900.0,20.25,0.012095,0.3496846724970753,0.0,0.3496846724970753,0.07795348137161168,0.2449275537606838,2.3050724462385483,-7.678302438307583e-13,61,0.2449275537606838,0.0002221284074337051,1920.0,5760.0,0.0,0.03125,0.03125,0.0001175750561891843,0.0
72960.0,20.266666666666666,0.012094666666666667,0.34931818581538965,0.0,0.34931818581538965,0.07788808652959366,0.24470593913878896,2.3052940608604433,-7.673861546209082e-13,61,0.24470593913878896,0.00022161462189508938,1920.0,5760.0,0.0,0.03125,0.03125,0.00011768566040274511,0.0
73020.0,20.283333333333335,0.012094333333333334,0.34895258000024026,0.0,0.34895258000024026,0.0778229054219763,0.24448483663081394,2.305515163368419,-7.669420654110581e-13,61,0.24448483663081394,0.00022110250797548542,1920.0,5760.0,0.0,0.03125,0.03125,0.00011777835785597693,0.0
73080.0,20.3,0.012094000000000002,0.3485878521761415,0.0,0.3485878521761415,0.07775793718873017,0.24426424457184262,2.30573575542739,-7.673861546209082e-13,61,0.24426424457184262,0.00022059205897082183,1920.0,5760.0,0.0,0.03125,0.03125,0.00011789182083445493,0.0
73140.0,20.316666666666666,0.01209366666666667,0.34822399947881394,0.0,0.34822399947881394,0.07769318097374964,0.24404416130363532,2.3059558386955974,-7.669420654110581e-13,61,0.24404416130363532,0.00022008326820750445,1920.0,5760.0,0.0,0.03125,0.03125,0.00011799935759400354,0.0
73200.0,20.333333333333332,0.012093333333333334,0.34786101905513617,0.0,0.34786101905513617,0.07762863592483464,0.2438245851745929,2.3061754148246396,-7.673861546209082e-13,61,0.2438245851745929,0.00021957612904227936,1920.0,5760.0,0.0,0.03125,0.03125,0.00011810378003702274,0.0
73260.0,20.35,0.012093000000000001,0.3474989080630967,0.0,0.3474989080630967,0.07756430119367269,0.24360551453973162,2.3063944854595015,-7.664979762012081e-13,61,0.24360551453973162,0.00021907063486209362,1920.0,5760.0,0.0,0.03125,0.03125,0.00011819885563341996,0.0
73320.0,20.366666666666667,0.012092666666666668,0.3471376636717467,0.0,0.3471376636717467,0.07750017593582094,0.24338694776064776,2.3066130522385855,-7.664979762012081e-13,61,0.24338694776064776,0.00021856677908395385,1920.0,5760.0,0.0,0.03125,0.03125,0.00011828791724755206,0.0
73380.0,20.383333333333333,0.012092333333333335,0.3467772830611512,0.0,0.3467772830611512,0.0774362593106882,0.24316888320549238,2.3068311167937403,-7.669420654110581e-13,61,0.24316888320549238,0.00021806455515479138,1920.0,5760.0,0.0,0.03125,0.03125,0.00011839356896277696,0.0
73440.0,20.4,0.012092,0.3464177634223436,0.0,0.3464177634223436,0.07737255048151687,0.24295131924894142,2.3070486807502917,-7.664979762012081e-13,61,0.24295131924894142,0.00021756395655131978,1920.0,5760.0,0.0,0.03125,0.03125,0.00011848579171563836,0.0
73500.0,20.416666666666668,0.012091666666666669,0.34605910195727785,0.0,0.34605910195727785,0.07730904861536539,0.24273425427216153,2.3072657457270718,-7.664979762012081e-13,61,0.24273425427216153,0.00021706497677990164,1920.0,5760.0,0.0,0.03125,0.03125,0.00011858440373989555,0.0
73560.0,20.433333333333334,0.012091333333333336,0.3457012958787798,0.0,0.3457012958787798,0.0772457528830903,0.24251768666278492,2.307482313336448,-7.669420654110581e-13,61,0.24251768666278492,0.00021656760937640811,1920.0,5760.0,0.0,0.03125,0.03125,0.00011867613999746624,0.0
73620.0,20.45,0.012091000000000003,0.3453443424105038,0.0,0.3453443424105038,0.07718266245932862,0.2423016148148791,2.3076983851843544,-7.664979762012081e-13,61,0.2423016148148791,0.00021607184790608307,1920.0,5760.0,0.0,0.03125,0.03125,0.00011876821323226421,0.0
73680.0,20.466666666666665,0.012090666666666668,0.3449882387868828,0.0,0.3449882387868828,0.07711977652247974,0.2420860371289158,2.307913962870318,-7.66053886991358e-13,61,0.2420860371289158,0.00021557768596340465,1920.0,5760.0,0.0,0.03125,0.03125,0.00011885566467229817,0.0
73740.0,20.483333333333334,0.012090333333333335,0.34463298225308503,0.0,0.34463298225308503,0.07705709425468829,0.24187095201174397,2.3081290479874896,-7.66053886991358e-13,61,0.24187095201174397,0.00021508511717195408,1920.0,5760.0,0.0,0.03125,0.03125,0.00011894141222157598,0.0
73800.0,20.5,0.012090000000000002,0.3442785700649649,0.0,0.3442785700649649,0.07699461484182654,0.24165635787655948,2.308343642122674,-7.664979762012081e-13,61,0.24165635787655948,0.0002145941351842726,1920.0,5760.0,0.0,0.03125,0.03125,0.00011903698863454686,0.0
73860.0,20.516666666666666,0.012089666666666669,0.3439249994890203,0.0,0.3439249994890203,0.07693233747347655,0.24144225314287826,2.308557746856356,-7.65609797781508e-13,61,0.24144225314287826,0.00021410473368173316,1920.0,5760.0,0.0,0.03125,0.03125,0.00011912181522058452,0.0
73920.0,20.533333333333335,0.012089333333333334,0.3435722678023441,0.0,0.3435722678023441,0.07687026134291293,0.24122863623650395,2.3087713637627303,-7.65609797781508e-13,61,0.24122863623650395,0.00021361690637440285,1920.0,5760.0,0.0,0.03125,0.03125,0.00011920115034205409,0.0
73980.0,20.55,0.012089,0.3432203722925806,0.0,0.3432203722925806,0.07680838564708545,0.24101550558950294,2.308984494409731,-7.65609797781508e-13,61,0.24101550558950294,0.00021313064700090507,1920.0,5760.0,0.0,0.03125,0.03125,0.00011927742901751175,0.0
74040.0,20.566666666666666,0.012088666666666666,0.34286931025787837,0.0,0.34286931025787837,0.07674670958660171,0.24080285964017484,2.309197140359059,-7.65609797781508e-13,61,0.24080285964017484,0.00021264594932829124,1920.0,5760.0,0.0,0.03125,0.03125,0.00011936101100989806,0.0
74100.0,20.583333333333332,0.012088333333333335,0.34251907900684764,0.0,0.34251907900684764,0.07668523236570991,0.24059069683302287,2.3094093031662113,-7.65609797781508e-13,61,0.24059069683302287,0.00021216280715190427,1920.0,5760.0,0.0,0.03125,0.03125,0.00011945060070912173,0.0
74160.0,20.6,0.012088000000000002,0.3421696758585132,0.0,0.3421696758585132,0.07662395319228131,0.2403790156187281,2.3096209843805067,-7.651657085716579e-13,61,0.2403790156187281,0.00021168121429524672,1920.0,5760.0,0.0,0.03125,0.03125,0.00011952019369338901,0.0
74220.0,20.616666666666667,0.012087666666666668,0.34182109814227046,0.0,0.34182109814227046,0.0765628712777935,0.24016781445411794,2.3098321855451167,-7.651657085716579e-13,61,0.24016781445411794,0.00021120116460984613,1920.0,5760.0,0.0,0.03125,0.03125,0.00011960532503540117,0.0
74280.0,20.633333333333333,0.012087333333333334,0.341473343197841,0.0,0.341473343197841,0.07650198583731312,0.23995709180214314,2.310042908197092,-7.647216193618078e-13,61,0.23995709180214314,0.00021072265197512438,1920.0,5760.0,0.0,0.03125,0.03125,0.00011967145344979102,0.0
74340.0,20.65,0.012087000000000002,0.3411264083752281,0.0,0.3411264083752281,0.07644129608947882,0.2397468461318448,2.3102531538673903,-7.647216193618078e-13,61,0.2397468461318448,0.00021024567029826756,1920.0,5760.0,0.0,0.03125,0.03125,0.00011975025056110496,0.0
74400.0,20.666666666666668,0.012086666666666667,0.34078029103467294,0.0,0.34078029103467294,0.07638080125648429,0.2395370759183311,2.3104629240809045,-7.642775301519578e-13,61,0.2395370759183311,0.00020977021351409165,1920.0,5760.0,0.0,0.03125,0.03125,0.0001198228997656531,0.0
74460.0,20.683333333333334,0.012086333333333333,0.3404349885466104,0.0,0.3404349885466104,0.07632050056406142,0.23932777964274615,2.3106722203564893,-7.642775301519578e-13,61,0.23932777964274615,0.00020929627558491324,1920.0,5760.0,0.0,0.03125,0.03125,0.00011989477218683699,0.0
74520.0,20.7,0.012086000000000001,0.3400904982916246,0.0,0.3400904982916246,0.07626039324146347,0.23911895579224546,2.31088104420699,-7.647216193618078e-13,61,0.23911895579224546,0.00020882385050042022,1920.0,5760.0,0.0,0.03125,0.03125,0.00011996818175164951,0.0
74580.0,20.716666666666665,0.012085666666666666,0.33974681766040715,0.0,0.33974681766040715,0.0762004785214481,0.23891060285996815,2.311089397139267,-7.642775301519578e-13,61,0.23891060285996815,0.00020835293227754046,1920.0,5760.0,0.0,0.03125,0.03125,0.00012003572257664477,0.0
74640.0,20.733333333333334,0.012085333333333335,0.3394039440537132,0.0,0.3394039440537132,0.07614075564026089,0.23870271934500825,2.3112972806542276,-7.638334409421077e-13,61,0.23870271934500825,0.00020788351496031385,1920.0,5760.0,0.0,0.03125,0.03125,0.00012009676708476258,0.0
74700.0,20.75,0.012085,0.33906187488231554,0.0,0.33906187488231554,0.07608122383761862,0.23849530375238814,2.3115046962468475,-7.642775301519578e-13,61,0.23849530375238814,0.0002074155926197629,1920.0,5760.0,0.0,0.03125,0.03125,0.0001201617891084086,0.0
74760.0,20.766666666666666,0.012084666666666667,0.3387206075669662,0.0,0.3387206075669662,0.0760218823566927,0.23828835459303482,2.311711645406201,-7.638334409421077e-13,61,0.23828835459303482,0.0002069491593537642,1920.0,5760.0,0.0,0.03125,0.03125,0.00012023031418476084,0.0
74820.0,20.783333333333335,0.012084333333333334,0.33838013953835044,0.0,0.33838013953835044,0.07596273044409253,0.2380818703837477,2.311918129615488,-7.642775301519578e-13,61,0.2380818703837477,0.00020648420928692207,1920.0,5760.0,0.0,0.03125,0.03125,0.00012028912592118704,0.0
74880.0,20.8,0.012084000000000001,0.3380404682370449,0.0,0.3380404682370449,0.07590376734984909,0.23787584964717792,2.3121241503520586,-7.633893517322576e-13,61,0.23787584964717792,0.00020602073657043803,1920.0,5760.0,0.0,0.03125,0.03125,0.00012035827666554233,0.0
74940.0,20.816666666666666,0.012083666666666668,0.337701591113476,0.0,0.337701591113476,0.07584499232739884,0.2376702909117953,2.312329709087441,-7.638334409421077e-13,61,0.2376702909117953,0.0002055587353819892,1920.0,5760.0,0.0,0.03125,0.03125,0.00012040981586389549,0.0
75000.0,20.833333333333332,0.012083333333333333,0.337363505627877,0.0,0.337363505627877,0.07578640463356703,0.23746519271186992,2.3125348072873666,-7.633893517322576e-13,61,0.23746519271186992,0.00020509819992559598,1920.0,5760.0,0.0,0.03125,0.03125,0.0001204754258563796,0.0
75060.0,20.85,0.012083000000000002,0.337026209250245,0.0,0.337026209250245,0.07572800352855161,0.23726055358743864,2.3127394464117983,-7.629452625224076e-13,61,0.23726055358743864,0.0002046391244315025,1920.0,5760.0,0.0,0.03125,0.03125,0.0001205200013949236,0.0
75120.0,20.866666666666667,0.012082666666666669,0.33668969946030197,0.0,0.33668969946030197,0.07566978827590697,0.23705637208428293,2.3129436279149544,-7.625011733125575e-13,61,0.23705637208428293,0.00020418150315604613,1920.0,5760.0,0.0,0.03125,0.03125,0.00012057155285501651,0.0
75180.0,20.883333333333333,0.012082333333333334,0.33635397374745013,0.0,0.33635397374745013,0.0756117581425279,0.23685264675390097,2.313147353245336,-7.629452625224076e-13,61,0.23685264675390097,0.00020372533038153537,1920.0,5760.0,0.0,0.03125,0.03125,0.00012063716530065938,0.0
75240.0,20.9,0.012082,0.33601902961073193,0.0,0.33601902961073193,0.0755539123986335,0.23664937615348514,2.313350623845752,-7.625011733125575e-13,61,0.23664937615348514,0.00020327060041612534,1920.0,5760.0,0.0,0.03125,0.03125,0.00012069353664380996,0.0
75300.0,20.916666666666668,0.01208166666666667,0.33568486455878827,0.0,0.33568486455878827,0.07549625031775115,0.23644655884589183,2.313553441153346,-7.620570841027074e-13,61,0.23644655884589183,0.00020281730759369294,1920.0,5760.0,0.0,0.03125,0.03125,0.00012074216711735567,0.0
75360.0,20.933333333333334,0.012081333333333335,0.3353514761098177,0.0,0.3353514761098177,0.07543877117670066,0.2362441933996177,2.3137558065996195,-7.625011733125575e-13,61,0.2362441933996177,0.0002023654462737156,1920.0,5760.0,0.0,0.03125,0.03125,0.00012077999950660934,0.0
75420.0,20.95,0.012081000000000001,0.3350188617915357,0.0,0.3350188617915357,0.07538147425557831,0.23604227838877662,2.3139577216104605,-7.625011733125575e-13,61,0.23604227838877662,0.00020191501084114528,1920.0,5760.0,0.0,0.03125,0.03125,0.00012084331172554599,0.0
75480.0,20.966666666666665,0.012080666666666667,0.3346870191411331,0.0,0.3346870191411331,0.0753243588377412,0.23584081239307073,2.3141591876061667,-7.625011733125575e-13,61,0.23584081239307073,0.0002014659957062906,1920.0,5760.0,0.0,0.03125,0.03125,0.00012088564358316234,0.0
75540.0,20.983333333333334,0.012080333333333332,0.33435594570523597,0.0,0.33435594570523597,0.07526742420979156,0.23563979399776558,2.314360206001471,-7.629452625224076e-13,61,0.23563979399776558,0.0002010183953046921,1920.0,5760.0,0.0,0.03125,0.03125,0.00012093635953393407,0.0
75600.0,21.0,0.01208,0.3340256390398666,0.0,0.3340256390398666,0.07521066966156073,0.23543922179366894,2.314560778205568,-7.629452625224076e-13,61,0.23543922179366894,0.00020057220409700228,1920.0,5760.0,0.0,0.03125,0.03125,0.00012097404428923078,0.0
75660.0,21.016666666666666,0.012079666666666667,0.3336960967104,0.0,0.3336960967104,0.07515409448609416,0.23523909437710006,2.314760905622137,-7.629452625224076e-13,61,0.23523909437710006,0.0002001274165688629,1920.0,5760.0,0.0,0.03125,0.03125,0.00012102017207379913,0.0
75720.0,21.033333333333335,0.012079333333333333,0.33336731629152694,0.0,0.33336731629152694,0.07509769797963536,0.23503941034986964,2.3149605896493677,-7.625011733125575e-13,61,0.23503941034986964,0.00019968402723078877,1920.0,5760.0,0.0,0.03125,0.03125,0.00012106128836203734,0.0
75780.0,21.05,0.012079,0.3330392953672132,0.0,0.3330392953672132,0.07504147944161056,0.23484016831925203,2.3151598316799857,-7.620570841027074e-13,61,0.23484016831925203,0.00019924203061804383,1920.0,5760.0,0.0,0.03125,0.03125,0.0001211025277333495,0.0
75840.0,21.066666666666666,0.012078666666666665,0.3327120315306597,0.0,0.3327120315306597,0.07498543817461373,0.2346413668979609,2.315358633101276,-7.629452625224076e-13,61,0.2346413668979609,0.000198801421290524,1920.0,5760.0,0.0,0.03125,0.03125,0.0001211365908791631,0.0
75900.0,21.083333333333332,0.012078333333333332,0.3323855223842619,0.0,0.3323855223842619,0.07492957348439064,0.2344430047041286,2.315556995295109,-7.620570841027074e-13,61,0.2344430047041286,0.00019836219383263917,1920.0,5760.0,0.0,0.03125,0.03125,0.0001211734074724756,0.0
75960.0,21.1,0.012078000000000002,0.33205976553957306,0.0,0.33205976553957306,0.07487388467982417,0.23424508036127528,2.3157549196379623,-7.620570841027074e-13,61,0.23424508036127528,0.00019792434285319376,1920.0,5760.0,0.0,0.03125,0.03125,0.00012121111358692164,0.0
76020.0,21.116666666666667,0.012077666666666667,0.33173475861726387,0.0,0.33173475861726387,0.07481837107291875,0.23404759249828969,2.3159524075009474,-7.625011733125575e-13,61,0.23404759249828969,0.00019748786298527172,1920.0,5760.0,0.0,0.03125,0.03125,0.00012124227601395386,0.0
76080.0,21.133333333333333,0.012077333333333332,0.3314104992470812,0.0,0.3314104992470812,0.07476303197878542,0.23385053974940428,2.3161494602498336,-7.620570841027074e-13,61,0.23385053974940428,0.00019705274888611528,1920.0,5760.0,0.0,0.03125,0.03125,0.000121276516706472,0.0
76140.0,21.15,0.012077,0.3310869850678137,0.0,0.3310869850678137,0.07470786671562668,0.23365392075416735,2.3163460792450707,-7.616129948928574e-13,61,0.23365392075416735,0.00019661899523701153,1920.0,5760.0,0.0,0.03125,0.03125,0.00012130457821228825,0.0
76200.0,21.166666666666668,0.012076666666666666,0.3307642137272487,0.0,0.3307642137272487,0.07465287460472161,0.233457734157424,2.316542265841814,-7.620570841027074e-13,61,0.233457734157424,0.00019618659674317505,1920.0,5760.0,0.0,0.03125,0.03125,0.0001213409004763124,0.0
76260.0,21.183333333333334,0.012076333333333333,0.3304421828821379,0.0,0.3304421828821379,0.0745980549704108,0.23326197860929065,2.3167380213899476,-7.616129948928574e-13,61,0.23326197860929065,0.00019575554813363363,1920.0,5760.0,0.0,0.03125,0.03125,0.00012136190242114419,0.0
76320.0,21.2,0.012076,0.3301208901981563,0.0,0.3301208901981563,0.07454340714008173,0.23306665276512945,2.3169333472341087,-7.616129948928574e-13,61,0.23306665276512945,0.00019532584416111128,1920.0,5760.0,0.0,0.03125,0.03125,0.0001213857704696228,0.0
76380.0,21.216666666666665,0.012075666666666667,0.32980033334986475,0.0,0.32980033334986475,0.07448893044415376,0.23287175528552778,2.3171282447137105,-7.616129948928574e-13,61,0.23287175528552778,0.0001948974796019153,1920.0,5760.0,0.0,0.03125,0.03125,0.00012141996509215009,0.0
76440.0,21.233333333333334,0.012075333333333334,0.32948051002067263,0.0,0.32948051002067263,0.07443462421606366,0.23267728483627206,2.3173227151629665,-7.611689056830073e-13,61,0.23267728483627206,0.0001944704492558231,1920.0,5760.0,0.0,0.03125,0.03125,0.0001214464944662006,0.0
76500.0,21.25,0.012075,0.32916141790279846,0.0,0.32916141790279846,0.07438048779225058,0.23248324008832627,2.3175167599109123,-7.611689056830073e-13,61,0.23248324008832627,0.00019404474794596443,1920.0,5760.0,0.0,0.03125,0.03125,0.00012145924631104578,0.0
76560.0,21.266666666666666,0.012074666666666666,0.3288430546972346,0.0,0.3288430546972346,0.07432652051214193,0.2322896197178078,2.317710380281431,-7.607248164731573e-13,61,0.2322896197178078,0.0001936203705187145,1920.0,5760.0,0.0,0.03125,0.03125,0.00012148718052111028,0.0
76620.0,21.283333333333335,0.012074333333333334,0.32852541811370867,0.0,0.32852541811370867,0.0742727217181385,0.23209642240596412,2.317903577593275,-7.607248164731573e-13,61,0.23209642240596412,0.0001931973118435768,1920.0,5760.0,0.0,0.03125,0.03125,0.0001215028798712612,0.0
76680.0,21.3,0.012074,0.3282085058706463,0.0,0.3282085058706463,0.07421909075560029,0.2319036468391511,2.318096353160088,-7.607248164731573e-13,61,0.2319036468391511,0.0001927755668130736,1920.0,5760.0,0.0,0.03125,0.03125,0.00012152399920834971,0.0
76740.0,21.316666666666666,0.012073666666666668,0.3278923156951336,0.0,0.3278923156951336,0.07416562697283191,0.23171129170880841,2.3182887082904307,-7.607248164731573e-13,61,0.23171129170880841,0.00019235513034263348,1920.0,5760.0,0.0,0.03125,0.03125,0.00012153400178176509,0.0
76800.0,21.333333333333332,0.012073333333333333,0.327576845322881,0.0,0.327576845322881,0.07411232972106822,0.23151935571143809,2.318480644287801,-7.607248164731573e-13,61,0.23151935571143809,0.00019193599737047975,1920.0,5760.0,0.0,0.03125,0.03125,0.00012155597300179498,0.0
76860.0,21.35,0.012073,0.32726209249818655,0.0,0.32726209249818655,0.07405919835446044,0.23132783754858074,2.3186721624506585,-7.607248164731573e-13,61,0.23132783754858074,0.0001915181628575217,1920.0,5760.0,0.0,0.03125,0.03125,0.00012157161311340123,0.0
76920.0,21.366666666666667,0.012072666666666669,0.3269480549738981,0.0,0.3269480549738981,0.07400623223006156,0.2311367359267938,2.3188632640724456,-7.602807272633072e-13,61,0.2311367359267938,0.00019110162178724506,1920.0,5760.0,0.0,0.03125,0.03125,0.00012158345788182248,0.0
76980.0,21.383333333333333,0.012072333333333334,0.32663473051137837,0.0,0.32663473051137837,0.07395343070781245,0.2309460495576281,2.319053950441611,-7.607248164731573e-13,61,0.2309460495576281,0.00019068636916559875,1920.0,5760.0,0.0,0.03125,0.03125,0.00012159645843928592,0.0
77040.0,21.4,0.012072,0.3263221168804677,0.0,0.3263221168804677,0.07390079315052767,0.23075577715760706,2.3192442228416317,-7.611689056830073e-13,61,0.23075577715760706,0.00019027240002089088,1920.0,5760.0,0.0,0.03125,0.03125,0.00012160661564805841,0.0
77100.0,21.416666666666668,0.012071666666666668,0.32601021185944934,0.0,0.32601021185944934,0.07384831892388172,0.2305659174482034,2.3194340825510356,-7.607248164731573e-13,61,0.2305659174482034,0.0001898597094036759,1920.0,5760.0,0.0,0.03125,0.03125,0.00012161635857722563,0.0
77160.0,21.433333333333334,0.012071333333333335,0.3256990132350106,0.0,0.3256990132350106,0.07379600739639473,0.23037646915581655,2.319623530843422,-7.611689056830073e-13,61,0.23037646915581655,0.00018944829238665115,1920.0,5760.0,0.0,0.03125,0.03125,0.00012162349336565567,0.0
77220.0,21.45,0.012071000000000002,0.32538851880221026,0.0,0.32538851880221026,0.07374385793941904,0.23018743101175243,2.3198125689874867,-7.607248164731573e-13,61,0.23018743101175243,0.00018903814406454552,1920.0,5760.0,0.0,0.03125,0.03125,0.00012162754059740467,0.0
77280.0,21.466666666666665,0.012070666666666667,0.3250787263644415,0.0,0.3250787263644415,0.07369186992712513,0.22999880175219822,2.3200011982470405,-7.611689056830073e-13,61,0.22999880175219822,0.00018862925955401492,1920.0,5760.0,0.0,0.03125,0.03125,0.00012162999925608824,0.0
77340.0,21.483333333333334,0.012070333333333334,0.32476963373339685,0.0,0.32476963373339685,0.07364004273648787,0.22981058011820524,2.320189419881034,-7.607248164731573e-13,61,0.22981058011820524,0.00018822163399353554,1920.0,5760.0,0.0,0.03125,0.03125,0.00012163885595870018,0.0
77400.0,21.5,0.01207,0.3244612387290309,0.0,0.3244612387290309,0.07358837574727309,0.22962276485566188,2.320377235143577,-7.607248164731573e-13,61,0.22962276485566188,0.00018781526254329657,1920.0,5760.0,0.0,0.03125,0.03125,0.00012164075010758414,0.0
77460.0,21.516666666666666,0.012069655925925928,0.3241535389954776,0.0,0.3241535389954776,0.0735368765301028,0.22943535463966688,2.320564645359572,-7.607248164731573e-13,61,0.22943535463966688,0.000187410215995013,1920.0,5760.0,0.0,0.03125,0.03125,0.00012163657363807058,0.0
77520.0,21.533333333333335,0.012069291851851852,0.3238465314903882,0.0,0.3238465314903882,0.07348555949992443,0.22924834782336106,2.3207516521758778,-7.611689056830073e-13,61,0.22924834782336106,0.00018700681630560395,1920.0,5760.0,0.0,0.03125,0.03125,0.00012159418101124016,0.0
77580.0,21.55,0.01206891,0.3235402131077948,0.0,0.3235402131077948,0.07343442622113294,0.22906174267932336,2.320938257319916,-7.602807272633072e-13,61,0.22906174267932336,0.0001866051440383562,1920.0,5760.0,0.0,0.03125,0.03125,0.00012152663271645475,0.0
77640.0,21.566666666666666,0.012068512592592591,0.3232345808707892,0.0,0.3232345808707892,0.07338347516098731,0.22887553751862816,2.3211244624806104,-7.611689056830073e-13,61,0.22887553751862816,0.00018620516069443093,1920.0,5760.0,0.0,0.03125,0.03125,0.00012147835867926839,0.0
77700.0,21.583333333333332,0.01206810185185185,0.3229296319301634,0.0,0.3229296319301634,0.0733327036477706,0.2286897307053546,2.321310269293884,-7.611689056830073e-13,61,0.2286897307053546,0.00018580681327382104,1920.0,5760.0,0.0,0.03125,0.03125,0.00012141052949364556,0.0
77760.0,21.6,0.012067680000000003,0.32262536356306254,0.0,0.32262536356306254,0.07328210842547578,0.22850432066278978,2.3214956793364494,-7.607248164731573e-13,61,0.22850432066278978,0.00018541004256545377,1920.0,5760.0,0.0,0.03125,0.03125,0.00012136121752424748,0.0
77820.0,21.616666666666667,0.012067249259259259,0.32232177317165417,0.0,0.32232177317165417,0.0732316858962962,0.2283193058767069,2.321680694122532,-7.607248164731573e-13,61,0.2283193058767069,0.00018501478608266584,1920.0,5760.0,0.0,0.03125,0.03125,0.00012130848832215479,0.0
77880.0,21.633333333333333,0.012066811851851851,0.32201885828181687,0.0,0.32201885828181687,0.07318143224818348,0.22813468489724106,2.321865315101998,-7.607248164731573e-13,61,0.22813468489724106,0.0001846209794661428,1920.0,5760.0,0.0,0.03125,0.03125,0.00012126925244915818,0.0
77940.0,21.65,0.012066370000000002,0.3217166165418395,0.0,0.3217166165418395,0.07313134352989667,0.22795045633997912,2.32204954365926,-7.607248164731573e-13,61,0.22795045633997912,0.00018422855726194675,1920.0,5760.0,0.0,0.03125,0.03125,0.00012122894740702462,0.0
78000.0,21.666666666666668,0.012065925925925926,0.3214150457211331,0.0,0.3214150457211331,0.07308141569867183,0.22776661888658342,2.322233381112656,-7.607248164731573e-13,61,0.22776661888658342,0.00018383745339569686,1920.0,5760.0,0.0,0.03125,0.03125,0.00012119402485755358,0.0
78060.0,21.683333333333334,0.012065481851851852,0.32111414370895885,0.0,0.32111414370895885,0.07303164465224975,0.22758317128510228,2.3224168287141373,-7.602807272633072e-13,61,0.22758317128510228,0.0001834476014813707,1920.0,5760.0,0.0,0.03125,0.03125,0.00012117371832645026,0.0
78120.0,21.7,0.012065039999999999,0.3208139085131668,0.0,0.3208139085131668,0.07298202625133905,0.22740011235006952,2.32259988764917,-7.602807272633072e-13,61,0.22740011235006952,0.0001830589350325943,1920.0,5760.0,0.0,0.03125,0.03125,0.00012115334811143595,0.0
78180.0,21.716666666666665,0.012064602592592594,0.320514338258945,0.0,0.320514338258945,0.07293255633591685,0.22721744096245686,2.3227825590367828,-7.602807272633072e-13,61,0.22721744096245686,0.00018267138761290035,1920.0,5760.0,0.0,0.03125,0.03125,0.00012113528486879751,0.0
78240.0,21.733333333333334,0.012064171851851851,0.32021543118758083,0.0,0.32021543118758083,0.07288323073738631,0.2270351560695111,2.3229648439297286,-7.602807272633072e-13,61,0.2270351560695111,0.00018228489294591177,1920.0,5760.0,0.0,0.03125,0.03125,0.00012113884313050937,0.0
78300.0,21.75,0.01206375,0.3199171856552312,0.0,0.3199171856552312,0.07283404528785344,0.22685325668451306,2.3231467433147266,-7.602807272633072e-13,61,0.22685325668451306,0.000181899384998234,1920.0,5760.0,0.0,0.03125,0.03125,0.00012114899209511228,0.0
78360.0,21.766666666666666,0.01206333925925926,0.3196196001317009,0.0,0.3196196001317009,0.07278499582734083,0.22667174188646952,2.32332825811277,-7.602807272633072e-13,61,0.22667174188646952,0.00018151479804315394,1920.0,5760.0,0.0,0.03125,0.03125,0.0001211594215167571,0.0
78420.0,21.783333333333335,0.01206294185185185,0.3193226731992344,0.0,0.3193226731992344,0.0727360782094879,0.22649061081975924,2.3235093891794802,-7.602807272633072e-13,61,0.22649061081975924,0.00018113106671050505,1920.0,5760.0,0.0,0.03125,0.03125,0.00012118389971439731,0.0
78480.0,21.8,0.01206256,0.3190264035513105,0.0,0.3190264035513105,0.07268728830611718,0.22630986269373266,2.3236901373055066,-7.607248164731573e-13,61,0.22630986269373266,0.00018074812602633593,1920.0,5760.0,0.0,0.03125,0.03125,0.00012121640020744887,0.0
78540.0,21.816666666666666,0.012062195925925926,0.3187307899914442,0.0,0.3187307899914442,0.07263862201093658,0.22612949678228805,2.3238705032169515,-7.602807272633072e-13,61,0.22612949678228805,0.0001803659114449277,1920.0,5760.0,0.0,0.03125,0.03125,0.00012125009137215003,0.0
78600.0,21.833333333333332,0.012061851851851851,0.3184358314320021,0.0,0.3184358314320021,0.07259007524257158,0.2259495124234131,2.3240504875758266,-7.602807272633072e-13,61,0.2259495124234131,0.0001799843588749849,1920.0,5760.0,0.0,0.03125,0.03125,0.00012130343664075505,0.0
78660.0,21.85,0.012061529999999999,0.31814152689301434,0.0,0.31814152689301434,0.07254164394707058,0.22576990901871163,2.324230090980528,-7.602807272633072e-13,61,0.22576990901871163,0.000179603404701329,1920.0,5760.0,0.0,0.03125,0.03125,0.00012134856556695533,0.0
78720.0,21.866666666666667,0.012061232592592593,0.31784787550100047,0.0,0.31784787550100047,0.07249332409999326,0.2255906860329085,2.324409313966331,-7.602807272633072e-13,61,0.2255906860329085,0.00017922298580307707,1920.0,5760.0,0.0,0.03125,0.03125,0.00012140476466195777,0.0
78780.0,21.883333333333333,0.012060961851851851,0.317554876487793,0.0,0.317554876487793,0.07244511170816127,0.22541184299334005,2.3245881570059,-7.593925488436071e-13,61,0.22541184299334005,0.00017884303956905678,1920.0,5760.0,0.0,0.03125,0.03125,0.00012148617028814034,0.0
78840.0,21.9,0.01206072,0.31726252918937414,0.0,0.31726252918937414,0.07239700281113741,0.22523337948942895,2.324766620509811,-7.598366380534571e-13,61,0.22523337948942895,0.00017846350391103268,1920.0,5760.0,0.0,0.03125,0.03125,0.00012155851398674354,0.0
78900.0,21.916666666666668,0.012060509259259259,0.3169708330447059,0.0,0.3169708330447059,0.07234899348248042,0.22505529517215356,2.3249447048270864,-7.598366380534571e-13,61,0.22505529517215356,0.00017808431727517443,1920.0,5760.0,0.0,0.03125,0.03125,0.00012165875656551269,0.0
78960.0,21.933333333333334,0.012060331851851852,0.31667978759457255,0.0,0.31667978759457255,0.0723010798308169,0.22487758975350206,2.3251224102457386,-7.58948459633757e-13,61,0.22487758975350206,0.00017770541865212553,1920.0,5760.0,0.0,0.03125,0.03125,0.00012174513845997273,0.0
79020.0,21.95,0.01206019,0.31638939248042064,0.0,0.31638939248042064,0.0722532580007602,0.2247002630059154,2.3252997369933244,-7.602807272633072e-13,61,0.2247002630059154,0.00017732674758594598,1920.0,5760.0,0.0,0.03125,0.03125,0.00012185106120590029,0.0
79080.0,21.966666666666665,0.012060085925925926,0.31609964744320285,0.0,0.31609964744320285,0.07220552417370124,0.22452331476173368,2.3254766852375064,-7.598366380534571e-13,61,0.22452331476173368,0.00017694824418214026,1920.0,5760.0,0.0,0.03125,0.03125,0.00012196636212238829,0.0
79140.0,21.983333333333334,0.012060021851851852,0.31581055232222616,0.0,0.31581055232222616,0.07215787456849326,0.22434674491261858,2.325653255086621,-7.602807272633072e-13,61,0.22434674491261858,0.00017656984911495766,1920.0,5760.0,0.0,0.03125,0.03125,0.00012206854634324512,0.0
79200.0,22.0,0.01206,0.315522107053992,0.0,0.315522107053992,0.07211030544204576,0.22417055340898406,2.325829446590255,-7.607248164731573e-13,61,0.22417055340898406,0.00017619150363410176,1920.0,5760.0,0.0,0.03125,0.03125,0.0001221974270499391,0.0
79260.0,22.016666666666666,0.01206,0.3152343113132206,0.0,0.3152343113132206,0.0720628296059847,0.22399474011098477,2.326005259888255,-7.602807272633072e-13,61,0.22399474011098477,0.00017581329799946417,1920.0,5760.0,0.0,0.03125,0.03125,0.00012224896692759332,0.0
79320.0,22.033333333333335,0.01206,0.314947163410524,0.0,0.314947163410524,0.07201547721630769,0.2238193042477499,2.3261806957514897,-7.602807272633072e-13,61,0.2238193042477499,0.0001754358632347156,1920.0,5760.0,0.0,0.03125,0.03125,0.00012226428394854162,0.0
79380.0,22.05,0.01206,0.31466066131432635,0.0,0.31466066131432635,0.07196825660014193,0.2236442447973943,2.326355755201845,-7.602807272633072e-13,61,0.2236442447973943,0.0001750594503555494,1920.0,5760.0,0.0,0.03125,0.03125,0.00012226528558854195,0.0
79440.0,22.066666666666666,0.01206,0.31437480300085685,0.0,0.31437480300085685,0.07192117119938854,0.22346956069567403,2.326530439303566,-7.598366380534571e-13,61,0.22346956069567403,0.00017468410172098527,1920.0,5760.0,0.0,0.03125,0.03125,0.00012224407374517268,0.0
79500.0,22.083333333333332,0.01206,0.3140895864541174,0.0,0.3140895864541174,0.07187422281877472,0.22329525085834961,2.32670474914089,-7.602807272633072e-13,61,0.22329525085834961,0.0001743098373239867,1920.0,5760.0,0.0,0.03125,0.03125,0.0001222230962078447,0.0
79560.0,22.1,0.01206,0.3138050096658457,0.0,0.3138050096658457,0.07182741246717136,0.22312131419031478,2.326878685808925,-7.602807272633072e-13,61,0.22312131419031478,0.0001739366680349588,1920.0,5760.0,0.0,0.03125,0.03125,0.0001221925209347642,0.0
79620.0,22.116666666666667,0.01206,0.31352107063548285,0.0,0.31352107063548285,0.0717807407010708,0.22294774959038327,2.3270522504088564,-7.602807272633072e-13,61,0.22294774959038327,0.00017356459993131054,1920.0,5760.0,0.0,0.03125,0.03125,0.00012216395415457076,0.0
79680.0,22.133333333333333,0.01206,0.31323776737013914,0.0,0.31323776737013914,0.07173420779457743,0.2227745559541465,2.3272254440450935,-7.598366380534571e-13,61,0.2227745559541465,0.0001731936362372435,1920.0,5760.0,0.0,0.03125,0.03125,0.00012212904303366795,0.0
79740.0,22.15,0.01206,0.3129550978845607,0.0,0.3129550978845607,0.0716878138339462,0.22260173217580706,2.327398267823433,-7.598366380534571e-13,61,0.22260173217580706,0.00017282377833925062,1920.0,5760.0,0.0,0.03125,0.03125,0.00012209544237071283,0.0
79800.0,22.166666666666668,0.01206,0.3126730602010965,0.0,0.3126730602010965,0.07164155877454997,0.22242927714943447,2.327570722849806,-7.593925488436071e-13,61,0.22242927714943447,0.0001724550263731529,1920.0,5760.0,0.0,0.03125,0.03125,0.0001220425716954186,0.0
79860.0,22.183333333333334,0.01206,0.31239165234966393,0.0,0.31239165234966393,0.07159544247729965,0.22225718976984604,2.327742810229394,-7.598366380534571e-13,61,0.22225718976984604,0.0001720873795881074,1920.0,5760.0,0.0,0.03125,0.03125,0.00012201152999493193,0.0
79920.0,22.2,0.01206,0.3121108723677163,0.0,0.3121108723677163,0.07154946473301811,0.2220854689332613,2.3279145310659786,-7.598366380534571e-13,61,0.2220854689332613,0.00017172083658454704,1920.0,5760.0,0.0,0.03125,0.03125,0.00012196964592581378,0.0
79980.0,22.216666666666665,0.01206,0.3118307183002106,0.0,0.3118307183002106,0.07150362527936184,0.22191411353778526,2.3280858864614546,-7.598366380534571e-13,61,0.22191411353778526,0.0001713553954762774,1920.0,5760.0,0.0,0.03125,0.03125,0.00012191605455429635,0.0
80040.0,22.233333333333334,0.01206,0.3115511881995728,0.0,0.3115511881995728,0.07145792381292584,0.22174312248378097,2.3282568775154595,-7.593925488436071e-13,61,0.22174312248378097,0.0001709910540046657,1920.0,5760.0,0.0,0.03125,0.03125,0.0001218707582171836,0.0
80100.0,22.25,0.01206,0.3112722801256683,0.0,0.3112722801256683,0.07141235999812329,0.22157249467415963,2.328427505325081,-7.593925488436071e-13,61,0.22157249467415963,0.00017062780962134007,1920.0,5760.0,0.0,0.03125,0.03125,0.00012180601152971573,0.0
80160.0,22.266666666666666,0.01206,0.3109939921457652,0.0,0.3109939921457652,0.07136693347384038,0.2214022290146101,2.3285977709846306,-7.58948459633757e-13,61,0.2214022290146101,0.00017026565954948015,1920.0,5760.0,0.0,0.03125,0.03125,0.00012176520520747701,0.0
80220.0,22.283333333333335,0.01206,0.31071632233450597,0.0,0.31071632233450597,0.07132164385851598,0.22123232441378002,2.328767675585461,-7.58948459633757e-13,61,0.22123232441378002,0.00016990460083017467,1920.0,5760.0,0.0,0.03125,0.03125,0.00012170741006501227,0.0
80280.0,22.3,0.01206,0.3104392687738739,0.0,0.3104392687738739,0.07127649075408113,0.221062779783422,2.328937220215819,-7.585043704239069e-13,61,0.221062779783422,0.00016954463035808053,1920.0,5760.0,0.0,0.03125,0.03125,0.00012164909888930208,0.0
80340.0,22.316666666666666,0.01206,0.3101628295531594,0.0,0.3101628295531594,0.07123147374905864,0.2208935940385126,2.3291064059607285,-7.585043704239069e-13,61,0.2208935940385126,0.0001691857449092693,1920.0,5760.0,0.0,0.03125,0.03125,0.00012158329885332322,0.0
80400.0,22.333333333333332,0.01206,0.3098870027689304,0.0,0.3098870027689304,0.07118659242103086,0.2207247660973492,2.3292752339018916,-7.58948459633757e-13,61,0.2207247660973492,0.00016882794116327164,1920.0,5760.0,0.0,0.03125,0.03125,0.00012153720331882864,0.0
80460.0,22.35,0.01206,0.3096117865249996,0.0,0.3096117865249996,0.07114184633862854,0.2205562948816292,2.3294437051176122,-7.585043704239069e-13,61,0.2205562948816292,0.000168471215720729,1920.0,5760.0,0.0,0.03125,0.03125,0.00012146980434921157,0.0
80520.0,22.366666666666667,0.01206,0.3093371789323932,0.0,0.3093371789323932,0.07109723506314758,0.22038817931651114,2.32961182068273,-7.585043704239069e-13,61,0.22038817931651114,0.0001681155651176773,1920.0,5760.0,0.0,0.03125,0.03125,0.0001214065356572489,0.0
80580.0,22.383333333333333,0.01206,0.3090631781093188,0.0,0.3090631781093188,0.07105275814987635,0.22022041833067404,2.3297795816685674,-7.585043704239069e-13,61,0.22022041833067404,0.00016776098583722466,1920.0,5760.0,0.0,0.03125,0.03125,0.00012135258169126597,0.0
80640.0,22.4,0.01206,0.3087897821811352,0.0,0.3087897821811352,0.07100841514919469,0.22005301085635517,2.3299469891428863,-7.585043704239069e-13,61,0.22005301085635517,0.00016740747431916856,1920.0,5760.0,0.0,0.03125,0.03125,0.00012128571452264945,0.0
80700.0,22.416666666666668,0.01206,0.30851698928032056,0.0,0.30851698928032056,0.07096420560748892,0.2198859558293871,2.3301140441698545,-7.580602812140569e-13,61,0.2198859558293871,0.0001670550269679836,1920.0,5760.0,0.0,0.03125,0.03125,0.00012121077863180257,0.0
80760.0,22.433333333333334,0.01206,0.3082447975464414,0.0,0.3082447975464414,0.07092012906792108,0.21971925218922758,2.330280747810014,-7.580602812140569e-13,61,0.21971925218922758,0.00016670364015950918,1920.0,5760.0,0.0,0.03125,0.03125,0.00012115387974494344,0.0
80820.0,22.45,0.01206,0.30797320512612214,0.0,0.30797320512612214,0.0708761850710778,0.21955289887898108,2.3304471011202605,-7.580602812140569e-13,61,0.21955289887898108,0.00016635331024657268,1920.0,5760.0,0.0,0.03125,0.03125,0.00012108033644201067,0.0
80880.0,22.466666666666665,0.01206,0.3077022101730145,0.0,0.3077022101730145,0.07083237315552145,0.2193868948454174,2.3306131051538244,-7.580602812140569e-13,61,0.2193868948454174,0.00016600403356375326,1920.0,5760.0,0.0,0.03125,0.03125,0.00012102272875317964,0.0
80940.0,22.483333333333334,0.01206,0.3074318108477663,0.0,0.3074318108477663,0.07078869285826099,0.21922123903898602,2.3307787609602557,-7.580602812140569e-13,61,0.21922123903898602,0.00016565580643144206,1920.0,5760.0,0.0,0.03125,0.03125,0.00012093969956569104,0.0
81000.0,22.5,0.01206,0.30716200531799115,0.0,0.30716200531799115,0.07074514371515565,0.21905593041382723,2.330944069585415,-7.576161920042068e-13,61,0.21905593041382723,0.00016530862515931122,1920.0,5760.0,0.0,0.03125,0.03125,0.00012087872980782143,0.0
81060.0,22.516666666666666,0.012059967407407406,0.3068927912705998,0.0,0.3068927912705998,0.07070174829618808,0.2188909677232828,2.3311090322759593,-7.576161920042068e-13,61,0.2188909677232828,0.0001649626905444186,1920.0,5760.0,0.0,0.03125,0.03125,0.0001208076244486816,0.0
81120.0,22.533333333333335,0.012059872592592592,0.3066241645248392,0.0,0.3066241645248392,0.07065854876127091,0.21872634882520545,2.331273651174036,-7.585043704239069e-13,61,0.21872634882520545,0.00016461889807683138,1920.0,5760.0,0.0,0.03125,0.03125,0.00012057592468304102,0.0
81180.0,22.55,0.01205972,0.30635612062356055,0.0,0.30635612062356055,0.0706155524363023,0.21856207130787197,2.33143792869137,-7.580602812140569e-13,61,0.21856207130787197,0.0001642775173338472,1920.0,5760.0,0.0,0.03125,0.03125,0.00012031748914638927,0.0
81240.0,22.566666666666666,0.012059514074074072,0.3060886553363391,0.0,0.3060886553363391,0.07057275873981997,0.21839813280509413,2.331601867194147,-7.585043704239069e-13,61,0.21839813280509413,0.00016393850277754765,1920.0,5760.0,0.0,0.03125,0.03125,0.00012003700314111179,0.0
81300.0,22.583333333333332,0.01205925925925926,0.30582176465704586,0.0,0.30582176465704586,0.07053016429594657,0.21823453103275864,2.3317654689664833,-7.580602812140569e-13,61,0.21823453103275864,0.00016360177233630446,1920.0,5760.0,0.0,0.03125,0.03125,0.0001197683179461763,0.0
81360.0,22.6,0.01205896,0.30555544480146957,0.0,0.30555544480146957,0.07048776432374756,0.21807126380409414,2.331928736195147,-7.585043704239069e-13,61,0.21807126380409414,0.00016326722866372972,1920.0,5760.0,0.0,0.03125,0.03125,0.00011950546633612198,0.0
81420.0,22.616666666666667,0.012058620740740742,0.30528969220498015,0.0,0.30528969220498015,0.070445553228215,0.21790832903769047,2.332091670961551,-7.585043704239069e-13,61,0.21790832903769047,0.00016293476640392253,1920.0,5760.0,0.0,0.03125,0.03125,0.00011924531533227814,0.0
81480.0,22.633333333333333,0.012058245925925927,0.30502450352024046,0.0,0.30502450352024046,0.07040352490442353,0.2177457247621154,2.3322542752371267,-7.576161920042068e-13,61,0.2177457247621154,0.00016260427557566404,1920.0,5760.0,0.0,0.03125,0.03125,0.0001189868201410023,0.0
81540.0,22.65,0.01205784,0.30475987561495327,0.0,0.30475987561495327,0.07036167291320918,0.2175834491187059,2.332416550880536,-7.576161920042068e-13,61,0.2175834491187059,0.00016227564340959337,1920.0,5760.0,0.0,0.03125,0.03125,0.00011877150856938229,0.0
81600.0,22.666666666666668,0.012057407407407407,0.304495805569647,0.0,0.304495805569647,0.07031999059098347,0.21742150036325866,2.332578499635983,-7.580602812140569e-13,61,0.21742150036325866,0.00016194875544716495,1920.0,5760.0,0.0,0.03125,0.03125,0.00011856291228100719,0.0
81660.0,22.683333333333334,0.012056952592592592,0.3042322906754977,0.0,0.3042322906754977,0.07027847112247435,0.21725987686701403,2.3327401231322273,-7.585043704239069e-13,61,0.21725987686701403,0.00016162349624436912,1920.0,5760.0,0.0,0.03125,0.03125,0.00011834791730583342,0.0
81720.0,22.7,0.01205648,0.30396932843218005,0.0,0.30396932843218005,0.0702371075911036,0.21709857711716854,2.332901422882073,-7.580602812140569e-13,61,0.21709857711716854,0.00016129974984588057,1920.0,5760.0,0.0,0.03125,0.03125,0.00011817890088327384,0.0
81780.0,22.716666666666665,0.012055994074074074,0.303706916545751,0.0,0.303706916545751,0.07019589301512993,0.21693759971705123,2.3330624002821905,-7.580602812140569e-13,61,0.21693759971705123,0.00016097740011744593,1920.0,5760.0,0.0,0.03125,0.03125,0.0001179843951531292,0.0
81840.0,22.733333333333334,0.01205549925925926,0.30344505292655577,0.0,0.30344505292655577,0.07015482037433576,0.2167769433860645,2.333223056613177,-7.580602812140569e-13,61,0.2167769433860645,0.0001606563309864762,1920.0,5760.0,0.0,0.03125,0.03125,0.00011782557892036938,0.0
81900.0,22.75,0.012055,0.303183735687164,0.0,0.303183735687164,0.0701138826302069,0.21661660695944412,2.333383393039798,-7.576161920042068e-13,61,0.21661660695944412,0.00016033642662088905,1920.0,5760.0,0.0,0.03125,0.03125,0.00011770746811972402,0.0
81960.0,22.766666666666666,0.012054500740740742,0.3029229631403259,0.0,0.3029229631403259,0.07007307274150179,0.21645658938787882,2.3335434106113633,-7.576161920042068e-13,61,0.21645658938787882,0.0001600175715651228,1920.0,5760.0,0.0,0.03125,0.03125,0.00011757311753778032,0.0
82020.0,22.783333333333335,0.012054005925925926,0.30266273379694447,0.0,0.30266273379694447,0.07003238367647333,0.21629688973703323,2.333703110262209,-7.576161920042068e-13,61,0.21629688973703323,0.0001596996508456759,1920.0,5760.0,0.0,0.03125,0.03125,0.00011746220716295412,0.0
82080.0,22.8,0.012053520000000002,0.302403046364069,0.0,0.302403046364069,0.06999180842260812,0.2161375071869785,2.3338624928122633,-7.580602812140569e-13,61,0.2161375071869785,0.00015938255005452278,1920.0,5760.0,0.0,0.03125,0.03125,0.00011737501320259304,0.0
82140.0,22.816666666666666,0.012053047407407409,0.30214389974290706,0.0,0.30214389974290706,0.06995133999449163,0.21597844103156238,2.3340215589676796,-7.576161920042068e-13,61,0.21597844103156238,0.0001590661554161795,1920.0,5760.0,0.0,0.03125,0.03125,0.00011731464361304006,0.0
82200.0,22.833333333333332,0.012052592592592594,0.3018852930268385,0.0,0.3018852930268385,0.06991097144023552,0.21581969067772044,2.334180309321522,-7.571721027943568e-13,61,0.21581969067772044,0.0001587503538425271,1920.0,5760.0,0.0,0.03125,0.03125,0.00011725399671746807,0.0
82260.0,22.85,0.012052160000000003,0.30162722549945553,0.0,0.30162722549945553,0.06987069584678807,0.21566125564474165,2.3343387443545005,-7.576161920042068e-13,61,0.21566125564474165,0.00015843503297836365,1920.0,5760.0,0.0,0.03125,0.03125,0.00011722108831582725,0.0
82320.0,22.866666666666667,0.012051754074074075,0.30136969663259383,0.0,0.30136969663259383,0.06983050634436569,0.2155031355635019,2.3344968644357404,-7.576161920042068e-13,61,0.2155031355635019,0.00015812008123988706,1920.0,5760.0,0.0,0.03125,0.03125,0.00011720614468099832,0.0
82380.0,22.883333333333333,0.01205137925925926,0.3011127060843888,0.0,0.3011127060843888,0.06979039611018617,0.21534533017565424,2.334654669823588,-7.576161920042068e-13,61,0.21534533017565424,0.00015780538784773406,1920.0,5760.0,0.0,0.03125,0.03125,0.00011721180081475061,0.0
82440.0,22.9,0.01205104,0.3008562536973234,0.0,0.3008562536973234,0.06975035837164284,0.21518783933279803,2.334812160666444,-7.576161920042068e-13,61,0.21518783933279803,0.00015749084285584717,1920.0,5760.0,0.0,0.03125,0.03125,0.00011724080226698687,0.0
82500.0,22.916666666666668,0.012050740740740742,0.30060033949628173,0.0,0.30060033949628173,0.06971038640902584,0.21503066299562112,2.334969337003621,-7.576161920042068e-13,61,0.21503066299562112,0.0001571763371771128,1920.0,5760.0,0.0,0.03125,0.03125,0.00011729220606563903,0.0
82560.0,22.933333333333334,0.012050485925925928,0.30034496368660546,0.0,0.30034496368660546,0.06967047355787682,0.21487380123301475,2.3351261987662277,-7.571721027943568e-13,61,0.21487380123301475,0.00015686176260652833,1920.0,5760.0,0.0,0.03125,0.03125,0.00011735620165715334,0.0
82620.0,22.95,0.012050280000000002,0.3000901266521493,0.0,0.3000901266521493,0.06963061321104262,0.21471725422117188,2.3352827457780703,-7.576161920042068e-13,61,0.21471725422117188,0.00015654701184248214,1920.0,5760.0,0.0,0.03125,0.03125,0.00011744071166502543,0.0
82680.0,22.966666666666665,0.012050127407407409,0.2998358289533296,0.0,0.2998358289533296,0.06959079882048216,0.21456102224266518,2.335438977756577,-7.576161920042068e-13,61,0.21456102224266518,0.000156231978506612,1920.0,5760.0,0.0,0.03125,0.03125,0.00011753883136503435,0.0
82740.0,22.983333333333334,0.012050032592592595,0.2995820713251728,0.0,0.2995820713251728,0.06955102389887038,0.21440510568550275,2.3355948943137395,-7.576161920042068e-13,61,0.21440510568550275,0.00015591655716261363,1920.0,5760.0,0.0,0.03125,0.03125,0.00011767338229491462,0.0
82800.0,23.0,0.012050000000000002,0.2993288546753534,0.0,0.2993288546753534,0.06951128202103361,0.21424950504216847,2.3357504949570735,-7.576161920042068e-13,61,0.21424950504216847,0.0001556006433342965,1920.0,5760.0,0.0,0.03125,0.03125,0.0001177952487313197,0.0
82860.0,23.016666666666666,0.012050000000000002,0.2990761796086226,0.0,0.2990761796086226,0.06947158992857586,0.214094220708249,2.3359057792909925,-7.585043704239069e-13,61,0.214094220708249,0.00015528433391901426,1920.0,5760.0,0.0,0.03125,0.03125,0.0001178339948488642,0.0
82920.0,23.033333333333335,0.012050000000000002,0.2988240449516639,0.0,0.2988240449516639,0.0694319883355539,0.2139392522448598,2.336060747754382,-7.576161920042068e-13,61,0.2139392522448598,0.00015496846338988333,1920.0,5760.0,0.0,0.03125,0.03125,0.0001178165787200973,0.0
82980.0,23.05,0.012050000000000002,0.29857244907791447,0.0,0.29857244907791447,0.06939248793531332,0.21378459888035858,2.336215401118883,-7.580602812140569e-13,61,0.21378459888035858,0.00015465336450115112,1920.0,5760.0,0.0,0.03125,0.03125,0.00011775756502305118,0.0
83040.0,23.066666666666666,0.012050000000000002,0.29832139036686356,0.0,0.29832139036686356,0.0693530930730366,0.2136302597892272,2.336369740210014,-7.585043704239069e-13,61,0.2136302597892272,0.00015433909113087024,1920.0,5760.0,0.0,0.03125,0.03125,0.00011768883300188802,0.0
83100.0,23.083333333333332,0.012050000000000002,0.29807086720402637,0.0,0.29807086720402637,0.06931380604905983,0.21347623412062638,2.3365237658786153,-7.580602812140569e-13,61,0.21347623412062638,0.0001540256686011462,1920.0,5760.0,0.0,0.03125,0.03125,0.000117617226916542,0.0
83160.0,23.1,0.012050000000000002,0.29782087798091966,0.0,0.29782087798091966,0.06927462819535402,0.21332252100965918,2.3366774789895826,-7.580602812140569e-13,61,0.21332252100965918,0.00015371311096710097,1920.0,5760.0,0.0,0.03125,0.03125,0.00011751763926156025,0.0
83220.0,23.116666666666667,0.012050000000000002,0.29757142109503454,0.0,0.29757142109503454,0.06923556030501116,0.21316911958315476,2.336830880416087,-7.580602812140569e-13,61,0.21316911958315476,0.0001534014265045968,1920.0,5760.0,0.0,0.03125,0.03125,0.00011741968010595359,0.0
83280.0,23.133333333333333,0.012050000000000002,0.2973224949498108,0.0,0.2973224949498108,0.06919660284083716,0.21301602896303765,2.3369839710362044,-7.576161920042068e-13,61,0.21301602896303765,0.0001530906201170876,1920.0,5760.0,0.0,0.03125,0.03125,0.00011733381729285242,0.0
83340.0,23.15,0.012050000000000002,0.29707409795461287,0.0,0.29707409795461287,0.06915775604947025,0.21286324826846456,2.3371367517307777,-7.576161920042068e-13,61,0.21286324826846456,0.00015278069457336612,1920.0,5760.0,0.0,0.03125,0.03125,0.0001172254921782786,0.0
83400.0,23.166666666666668,0.012050000000000002,0.2968262285247007,0.0,0.2968262285247007,0.06911902002913449,0.21271077661725277,2.3372892233819895,-7.576161920042068e-13,61,0.21271077661725277,0.00015247165121189945,1920.0,5760.0,0.0,0.03125,0.03125,0.00011711618464966193,0.0
83460.0,23.183333333333334,0.012050000000000002,0.2965788850812104,0.0,0.2965788850812104,0.0690803947723651,0.21255861312688124,2.337441386872361,-7.576161920042068e-13,61,0.21255861312688124,0.0001521634903713399,1920.0,5760.0,0.0,0.03125,0.03125,0.00011701378527494187,0.0
83520.0,23.2,0.012050000000000002,0.2963320660511238,0.0,0.2963320660511238,0.06904188019423889,0.21240675691521296,2.337593243084029,-7.580602812140569e-13,61,0.21240675691521296,0.00015185621166820913,1920.0,5760.0,0.0,0.03125,0.03125,0.00011691530630568202,0.0
83580.0,23.216666666666665,0.012050000000000002,0.2960857698672438,0.0,0.2960857698672438,0.06900347615173254,0.21225520710102921,2.3377447928982127,-7.580602812140569e-13,61,0.21225520710102921,0.00015154981418370557,1920.0,5760.0,0.0,0.03125,0.03125,0.00011679108685265667,0.0
83640.0,23.233333333333334,0.012050000000000002,0.29583999496817404,0.0,0.29583999496817404,0.06896518245741134,0.212103962804436,2.3378960371948065,-7.571721027943568e-13,61,0.212103962804436,0.0001512442965937293,1920.0,5760.0,0.0,0.03125,0.03125,0.00011668192415948104,0.0
83700.0,23.25,0.012050000000000002,0.2955947397982888,0.0,0.2955947397982888,0.06892699888935773,0.21195302314717376,2.3380469768520684,-7.576161920042068e-13,61,0.21195302314717376,0.00015093965726196935,1920.0,5760.0,0.0,0.03125,0.03125,0.00011657625125642328,0.0
83760.0,23.266666666666666,0.012050000000000002,0.2953500028077104,0.0,0.2953500028077104,0.06888892519853086,0.21180238725286582,2.3381976127463764,-7.576161920042068e-13,61,0.21180238725286582,0.00015063589430813737,1920.0,5760.0,0.0,0.03125,0.03125,0.00011644823198168654,0.0
83820.0,23.283333333333335,0.012050000000000002,0.2951057824522851,0.0,0.2951057824522851,0.06885096111432555,0.21165205424720687,2.3383479457520355,-7.576161920042068e-13,61,0.21165205424720687,0.00015033300565901964,1920.0,5760.0,0.0,0.03125,0.03125,0.00011634329299688017,0.0
83880.0,23.3,0.012050000000000002,0.29486207719355684,0.0,0.29486207719355684,0.06881310634883911,0.2115020232581195,2.338497976741123,-7.576161920042068e-13,61,0.2115020232581195,0.00015003098908733346,1920.0,5760.0,0.0,0.03125,0.03125,0.00011621707857885748,0.0
83940.0,23.316666666666666,0.012050000000000002,0.294618885498746,0.0,0.294618885498746,0.06877536060019443,0.2113522934158776,2.3386477065833646,-7.576161920042068e-13,61,0.2113522934158776,0.00014972984224177074,1920.0,5760.0,0.0,0.03125,0.03125,0.0001161113021950549,0.0
84000.0,23.333333333333332,0.012050000000000002,0.2943762058407209,0.0,0.2943762058407209,0.06873772355516082,0.2112028638532069,2.3387971361460353,-7.576161920042068e-13,61,0.2112028638532069,0.0001494295626705396,1920.0,5760.0,0.0,0.03125,0.03125,0.00011598213119233944,0.0
84060.0,23.35,0.012050000000000002,0.294134036697978,0.0,0.294134036697978,0.06870019489124446,0.2110537337053673,2.3389462662938754,-7.571721027943568e-13,61,0.2110537337053673,0.0001491301478400342,1920.0,5760.0,0.0,0.03125,0.03125,0.00011586441707060895,0.0
84120.0,23.366666666666667,0.012050000000000002,0.2938923765546149,0.0,0.2938923765546149,0.06866277427837292,0.21090490211021737,2.3390950978890253,-7.571721027943568e-13,61,0.21090490211021737,0.0001488315951498007,1920.0,5760.0,0.0,0.03125,0.03125,0.00011574200484305058,0.0
84180.0,23.383333333333333,0.012050000000000002,0.2936512239003065,0.0,0.2936512239003065,0.06862546138026547,0.2107563682082733,2.33924363179097,-7.567280135845067e-13,61,0.2107563682082733,0.00014853390194465135,1920.0,5760.0,0.0,0.03125,0.03125,0.0001156278604495954,0.0
84240.0,23.4,0.012050000000000002,0.29341057723028424,0.0,0.29341057723028424,0.06858825585555632,0.21060813114274865,2.3393918688564943,-7.567280135845067e-13,61,0.21060813114274865,0.0001482370655245626,1920.0,5760.0,0.0,0.03125,0.03125,0.00011549590744320485,0.0
84300.0,23.416666666666668,0.012050000000000002,0.29317043504530815,0.0,0.29317043504530815,0.06855115735872312,0.21046019005959604,2.339539809939647,-7.567280135845067e-13,61,0.21046019005959604,0.00014794108315281234,1920.0,5760.0,0.0,0.03125,0.03125,0.00011536932309137139,0.0
84360.0,23.433333333333334,0.012050000000000002,0.2929307958516457,0.0,0.2929307958516457,0.06851416554085957,0.2103125441075333,2.33968745589171,-7.567280135845067e-13,61,0.2103125441075333,0.0001476459520627371,1920.0,5760.0,0.0,0.03125,0.03125,0.00011524795213668794,0.0
84420.0,23.45,0.012050000000000002,0.2926916581610497,0.0,0.2926916581610497,0.06847728005032232,0.21016519243806975,2.3398348075611732,-7.567280135845067e-13,61,0.21016519243806975,0.0001473516694633674,1920.0,5760.0,0.0,0.03125,0.03125,0.0001151199818078064,0.0
84480.0,23.466666666666665,0.012050000000000002,0.29245302049073196,0.0,0.29245302049073196,0.0684405005332754,0.21001813420552579,2.3399818657937175,-7.567280135845067e-13,61,0.21001813420552579,0.00014705823254415796,1920.0,5760.0,0.0,0.03125,0.03125,0.00011499445516115076,0.0
84540.0,23.483333333333334,0.012050000000000002,0.29221488136334123,0.0,0.29221488136334123,0.0684038266341521,0.20987136856704688,2.3401286314321963,-7.567280135845067e-13,61,0.20987136856704688,0.0001467656384789879,1920.0,5760.0,0.0,0.03125,0.03125,0.00011485445124125586,0.0
84600.0,23.5,0.012050000000000002,0.29197723930694075,0.0,0.29197723930694075,0.06836725799604745,0.20972489468261693,2.3402751053166257,-7.571721027943568e-13,61,0.20972489468261693,0.00014647388442955107,1920.0,5760.0,0.0,0.03125,0.03125,0.00011472935940716998,0.0
84660.0,23.516666666666666,0.01204996740740741,0.2917400924250504,0.0,0.2917400924250504,0.06833081562880929,0.20957871153127497,2.3404212884679683,-7.567280135845067e-13,61,0.20957871153127497,0.00014618315134259826,1920.0,5760.0,0.0,0.03125,0.03125,0.00011460177860851547,0.0
84720.0,23.533333333333335,0.012049872592592594,0.29150343717344956,0.0,0.29150343717344956,0.0682945379662368,0.20943281728650495,2.340567182712738,-7.571721027943568e-13,61,0.20943281728650495,0.00014589424476973997,1920.0,5760.0,0.0,0.03125,0.03125,0.0001143435504659314,0.0
84780.0,23.55,0.012049720000000002,0.29126726976255524,0.0,0.29126726976255524,0.06825843117588344,0.20928720988101007,2.340712790118233,-7.567280135845067e-13,61,0.20928720988101007,0.00014560740549517158,1920.0,5760.0,0.0,0.03125,0.03125,0.00011399576496642395,0.0
84840.0,23.566666666666666,0.012049514074074074,0.291031586601019,0.0,0.291031586601019,0.06822249445148752,0.20914188729023586,2.3408581127090073,-7.567280135845067e-13,61,0.20914188729023586,0.00014532259077417267,1920.0,5760.0,0.0,0.03125,0.03125,0.00011367867155561391,0.0
84900.0,23.583333333333332,0.012049259259259261,0.29079638429369786,0.0,0.29079638429369786,0.06818672458426629,0.20899684756424114,2.341003152435002,-7.567280135845067e-13,61,0.20899684756424114,0.00014503972599482564,1920.0,5760.0,0.0,0.03125,0.03125,0.00011333541118793883,0.0
84960.0,23.6,0.012048960000000003,0.29056165963966313,0.0,0.29056165963966313,0.06815111717481223,0.2088520888407566,2.3411479111584867,-7.562839243746566e-13,61,0.2088520888407566,0.0001447587234844227,1920.0,5760.0,0.0,0.03125,0.03125,0.00011302861644792213,0.0
85020.0,23.616666666666667,0.012048620740740743,0.2903274096302517,0.0,0.2903274096302517,0.06811566714128857,0.2087076093519463,2.3412923906472973,-7.562839243746566e-13,61,0.2087076093519463,0.00014447948881051752,1920.0,5760.0,0.0,0.03125,0.03125,0.00011270968998581663,0.0
85080.0,23.633333333333333,0.012048245925925927,0.29009363144715083,0.0,0.29009363144715083,0.06808036897828315,0.20856340742826715,2.3414365925709766,-7.562839243746566e-13,61,0.20856340742826715,0.00014420192367928713,1920.0,5760.0,0.0,0.03125,0.03125,0.00011239312854467537,0.0
85140.0,23.65,0.01204784,0.28986032246051463,0.0,0.28986032246051463,0.0680452169051233,0.208419481500773,2.341580518498471,-7.558398351648066e-13,61,0.208419481500773,0.0001439259274942592,1920.0,5760.0,0.0,0.03125,0.03125,0.00011212242260954563,0.0
85200.0,23.666666666666668,0.01204740740740741,0.2896274802271178,0.0,0.2896274802271178,0.06801020495798457,0.2082758301024914,2.341724169896753,-7.558398351648066e-13,61,0.2082758301024914,0.00014365139828179696,1920.0,5760.0,0.0,0.03125,0.03125,0.00011185806663432681,0.0
85260.0,23.683333333333334,0.012046952592592593,0.289395102488532,0.0,0.289395102488532,0.06797532705057477,0.20813245186921117,2.341867548130033,-7.553957459549565e-13,61,0.20813245186921117,0.00014337823328012617,1920.0,5760.0,0.0,0.03125,0.03125,0.00011159343892123872,0.0
85320.0,23.7,0.012046480000000002,0.2891631871693324,0.0,0.2891631871693324,0.06794057701596926,0.20798934553987702,2.3420106544593673,-7.553957459549565e-13,61,0.20798934553987702,0.00014310632933415914,1920.0,5760.0,0.0,0.03125,0.03125,0.00011137297948027987,0.0
85380.0,23.716666666666665,0.012045994074074074,0.28893173237532954,0.0,0.28893173237532954,0.06790594863650842,0.20784650995670617,2.3421534900425383,-7.553957459549565e-13,61,0.20784650995670617,0.00014283558317106717,1920.0,5760.0,0.0,0.03125,0.03125,0.00011114056010184336,0.0
85440.0,23.733333333333334,0.012045499259259261,0.2887007363918177,0.0,0.2887007363918177,0.06787143566579758,0.2077039440651071,2.342296055934137,-7.558398351648066e-13,61,0.2077039440651071,0.00014256589159899482,1920.0,5760.0,0.0,0.03125,0.03125,0.00011094763165725414,0.0
85500.0,23.75,0.012045,0.28847019768185317,0.0,0.28847019768185317,0.0678370318452933,0.2075616469134525,2.3424383530857913,-7.558398351648066e-13,61,0.2075616469134525,0.00014229715165431264,1920.0,5760.0,0.0,0.03125,0.03125,0.00011074946368491136,0.0
85560.0,23.766666666666666,0.012044500740740743,0.2882401148845411,0.0,0.2882401148845411,0.06780273091706814,0.20741961765273975,2.3425803823465046,-7.553957459549565e-13,61,0.20741961765273975,0.00014202926071331303,1920.0,5760.0,0.0,0.03125,0.03125,0.00011056962697639451,0.0
85620.0,23.783333333333335,0.012044005925925926,0.28801048681334296,0.0,0.28801048681334296,0.06776852663380875,0.20727785553616096,2.3427221444630835,-7.553957459549565e-13,61,0.20727785553616096,0.0001417621165787162,1920.0,5760.0,0.0,0.03125,0.03125,0.00011042019864836104,0.0
85680.0,23.8,0.012043520000000002,0.2877813124543991,0.0,0.2877813124543991,0.06773441276676868,0.2071363599186132,2.3428636400806315,-7.549516567451064e-13,61,0.2071363599186132,0.00014149561754795865,1920.0,5760.0,0.0,0.03125,0.03125,0.00011027920509792525,0.0
85740.0,23.816666666666666,0.012043047407407408,0.2875525909648593,0.0,0.2875525909648593,0.06770038311218163,0.2069951302561452,2.3430048697430994,-7.553957459549565e-13,61,0.2069951302561452,0.00014122966246807244,1920.0,5760.0,0.0,0.03125,0.03125,0.00011017305370347543,0.0
85800.0,23.833333333333332,0.012042592592592594,0.2873243216712306,0.0,0.2873243216712306,0.06766643149649731,0.20685416610536472,2.34314583389388,-7.549516567451064e-13,61,0.20685416610536472,0.00014096415078057288,1920.0,5760.0,0.0,0.03125,0.03125,0.00011005884420170532,0.0
85860.0,23.85,0.01204216,0.2870965040677197,0.0,0.2870965040677197,0.06763255178070461,0.2067134671228059,2.343286532876439,-7.549516567451064e-13,61,0.2067134671228059,0.00014069898255881784,1920.0,5760.0,0.0,0.03125,0.03125,0.00010998442722812367,0.0
85920.0,23.866666666666667,0.012041754074074075,0.2868691378146002,0.0,0.2868691378146002,0.06759873786393944,0.20657303306426597,2.3434269669349788,-7.549516567451064e-13,61,0.20657303306426597,0.00014043405853964835,1920.0,5760.0,0.0,0.03125,0.03125,0.00010991994235840247,0.0
85980.0,23.883333333333333,0.01204137925925926,0.2866422227365697,0.0,0.2866422227365697,0.06756498368652492,0.2064328637841152,2.3435671362151296,-7.549516567451064e-13,61,0.2064328637841152,0.00014016928015067167,1920.0,5760.0,0.0,0.03125,0.03125,0.00010987173666157696,0.0
86040.0,23.9,0.01204104,0.28641575882111275,0.0,0.28641575882111275,0.06753128323255951,0.20629295923458088,2.343707040764664,-7.549516567451064e-13,61,0.20629295923458088,0.00013990454953421148,1920.0,5760.0,0.0,0.03125,0.03125,0.0001098466151794486,0.0
86100.0,23.916666666666668,0.01204074074074074,0.2861897462168718,0.0,0.2861897462168718,0.0674976305321398,0.2061533194650127,2.3438466805342326,-7.545075675352564e-13,61,0.2061533194650127,0.0001396397695687234,1920.0,5760.0,0.0,0.03125,0.03125,0.00010983231559720076,0.0
86160.0,23.933333333333334,0.012040485925925926,0.2859641852320098,0.0,0.2859641852320098,0.06746401966328806,0.20601394462112416,2.343986055378121,-7.549516567451064e-13,61,0.20601394462112416,0.0001393748438882718,1920.0,5760.0,0.0,0.03125,0.03125,0.00010985098476304937,0.0
86220.0,23.95,0.01204028,0.2857390763325718,0.0,0.2857390763325718,0.0674304447536396,0.20587483494422346,2.3441251650550217,-7.545075675352564e-13,61,0.20587483494422346,0.0001391096769005723,1920.0,5760.0,0.0,0.03125,0.03125,0.00010988453295847178,0.0
86280.0,23.966666666666665,0.012040127407407408,0.2855144201408437,0.0,0.2855144201408437,0.06739689998193306,0.20573599077041949,2.3442640092288256,-7.549516567451064e-13,61,0.20573599077041949,0.00013884417380396373,1920.0,5760.0,0.0,0.03125,0.03125,0.00010993161852677124,0.0
86340.0,23.983333333333334,0.012040032592592592,0.28529021743370897,0.0,0.28529021743370897,0.06736337957933937,0.20559741252981564,2.344402587469429,-7.549516567451064e-13,61,0.20559741252981564,0.00013857824060361338,1920.0,5760.0,0.0,0.03125,0.03125,0.0001100185967316452,0.0
86400.0,24.0,0.01204,0.28506646914098877,0.0,0.28506646914098877,0.06732987783065833,0.20545910074568832,2.3445408992535564,-7.549516567451064e-13,61,0.20545910074568832,0.00013831178412720678,1920.0,5760.0,0.0,0.03125,0.03125,0.00011009225943595323,0.0
86460.0,24.016666666666666,0.01204,0.28484317592488134,0.0,0.28484317592488134,0.06729641050553371,0.20532105585309754,2.344678944146147,-7.553957459549565e-13,61,0.20532105585309754,0.00013804489259077628,1920.0,5760.0,0.0,0.03125,0.03125,0.00011011925198898817,0.0
86520.0,24.033333333333335,0.01204,0.2846203368749218,0.0,0.2846203368749218,0.06726301487596663,0.20518327753432475,2.34481672246492,-7.549516567451064e-13,61,0.20518327753432475,0.00013777831877310285,1920.0,5760.0,0.0,0.03125,0.03125,0.00011006458550886087,0.0
86580.0,24.05,0.01204,0.28439795067919776,0.0,0.28439795067919776,0.06722970031848607,0.20504576517310077,2.344954234826144,-7.553957459549565e-13,61,0.20504576517310077,0.00013751236122385704,1920.0,5760.0,0.0,0.03125,0.03125,0.00010996557009340725,0.0
86640.0,24.066666666666666,0.01204,0.2841760160305236,0.0,0.2841760160305236,0.06719647057939392,0.20490851810630048,2.3450914818929447,-7.545075675352564e-13,61,0.20490851810630048,0.00013724706680081508,1920.0,5760.0,0.0,0.03125,0.03125,0.0001098377842753976,0.0
86700.0,24.083333333333332,0.01204,0.2839545316264128,0.0,0.2839545316264128,0.06716332763245549,0.20477153564900585,2.345228464350239,-7.549516567451064e-13,61,0.20477153564900585,0.00013698245729420154,1920.0,5760.0,0.0,0.03125,0.03125,0.00010971154353591439,0.0
86760.0,24.1,0.01204,0.2837334961690638,0.0,0.2837334961690638,0.06713027262218821,0.20463481710422995,2.345365182895015,-7.549516567451064e-13,61,0.20463481710422995,0.00013671854477586247,1920.0,5760.0,0.0,0.03125,0.03125,0.00010958169412093046,0.0
86820.0,24.116666666666667,0.01204,0.2835129083653385,0.0,0.2835129083653385,0.06709730623545744,0.20449836176784586,2.345501638231399,-7.549516567451064e-13,61,0.20449836176784586,0.00013645533638417275,1920.0,5760.0,0.0,0.03125,0.03125,0.00010944348249163205,0.0
86880.0,24.133333333333333,0.01204,0.28329276692674255,0.0,0.28329276692674255,0.06706442888032874,0.20436216893144676,2.3456378310677986,-7.545075675352564e-13,61,0.20436216893144676,0.00013619283639946486,1920.0,5760.0,0.0,0.03125,0.03125,0.00010928535522716881,0.0
86940.0,24.15,0.01204,0.283073070569406,0.0,0.283073070569406,0.06703164078324221,0.2042262378841437,2.345773762115101,-7.549516567451064e-13,61,0.2042262378841437,0.0001359310473027384,1920.0,5760.0,0.0,0.03125,0.03125,0.0001091484497674222,0.0
87000.0,24.166666666666668,0.01204,0.2828538180140661,0.0,0.2828538180140661,0.06699894204638984,0.20409056791376914,2.3459094320854756,-7.549516567451064e-13,61,0.20409056791376914,0.0001356699703743505,1920.0,5760.0,0.0,0.03125,0.03125,0.00010900054488216484,0.0
87060.0,24.183333333333334,0.01204,0.2826350079860442,0.0,0.2826350079860442,0.06696633268373542,0.2039551583077112,2.346044841691534,-7.549516567451064e-13,61,0.2039551583077112,0.00013540960605812246,1920.0,5760.0,0.0,0.03125,0.03125,0.00010884172076964457,0.0
87120.0,24.2,0.01204,0.28241663921523,0.0,0.28241663921523,0.0669338126447262,0.20382000835351596,2.346179991645729,-7.549516567451064e-13,61,0.20382000835351596,0.00013514995419521152,1920.0,5760.0,0.0,0.03125,0.03125,0.00010869904861829573,0.0
87180.0,24.216666666666665,0.01204,0.2821987104360611,0.0,0.2821987104360611,0.06690138183049948,0.2036851173393351,2.3463148826599096,-7.549516567451064e-13,61,0.2036851173393351,0.00013489101418090782,1920.0,5760.0,0.0,0.03125,0.03125,0.00010854465993955969,0.0
87240.0,24.233333333333334,0.01204,0.28198122038750334,0.0,0.28198122038750334,0.06686904010531329,0.20355048455426183,2.346449515444983,-7.549516567451064e-13,61,0.20355048455426183,0.00013463278507344048,1920.0,5760.0,0.0,0.03125,0.03125,0.00010837467726828033,0.0
87300.0,24.25,0.01204,0.2817641678130351,0.0,0.2817641678130351,0.0668367873048163,0.20341610928859033,2.3465838907106544,-7.549516567451064e-13,61,0.20341610928859033,0.00013437526567168037,1920.0,5760.0,0.0,0.03125,0.03125,0.00010822359061459632,0.0
87360.0,24.266666666666666,0.01204,0.2815475514606245,0.0,0.2815475514606245,0.06680462324216585,0.20328199083401818,2.3467180091652264,-7.553957459549565e-13,61,0.20328199083401818,0.00013411845457197058,1920.0,5760.0,0.0,0.03125,0.03125,0.00010807205591480223,0.0
87420.0,24.283333333333335,0.01204,0.28133137008271314,0.0,0.28133137008271314,0.06677254771264036,0.20314812848380778,2.346851871515437,-7.549516567451064e-13,61,0.20314812848380778,0.00013386235021055598,1920.0,5760.0,0.0,0.03125,0.03125,0.00010790239144007928,0.0
87480.0,24.3,0.01204,0.28111562243619637,0.0,0.28111562243619637,0.06674056049717453,0.20301452153291213,2.346985478466333,-7.549516567451064e-13,61,0.20301452153291213,0.00013360695089583178,1920.0,5760.0,0.0,0.03125,0.03125,0.0001077625485245788,0.0
87540.0,24.316666666666666,0.01204,0.28090030728240534,0.0,0.28090030728240534,0.06670866136510768,0.20288116927807848,2.347118830721166,-7.553957459549565e-13,61,0.20288116927807848,0.00013335225483323513,1920.0,5760.0,0.0,0.03125,0.03125,0.00010759595812356739,0.0
87600.0,24.333333333333332,0.01204,0.2806854233870887,0.0,0.2806854233870887,0.06667685007634905,0.20274807101793457,2.347251928981311,-7.540634783254063e-13,61,0.20274807101793457,0.00013309826014471936,1920.0,5760.0,0.0,0.03125,0.03125,0.00010742210263586429,0.0
87660.0,24.35,0.01204,0.2804709695203942,0.0,0.2804709695203942,0.06664512638310281,0.20261522605304996,2.347384773946195,-7.549516567451064e-13,61,0.20261522605304996,0.00013284496488418044,1920.0,5760.0,0.0,0.03125,0.03125,0.00010728334133597611,0.0
87720.0,24.366666666666667,0.01204,0.28025694445684957,0.0,0.28025694445684957,0.0666134900312569,0.20248263368600067,2.347517366313245,-7.540634783254063e-13,61,0.20248263368600067,0.0001325923670498157,1920.0,5760.0,0.0,0.03125,0.03125,0.000107109238563307,0.0
87780.0,24.383333333333333,0.01204,0.2800433469753453,0.0,0.2800433469753453,0.06658194076151092,0.2023502932214066,2.347649706777839,-7.540634783254063e-13,61,0.2023502932214066,0.00013234046459411182,1920.0,5760.0,0.0,0.03125,0.03125,0.00010695252968404198,0.0
87840.0,24.4,0.01204,0.2798301758591167,0.0,0.2798301758591167,0.06655047831030081,0.20221820396597445,2.347781796033271,-7.540634783254063e-13,61,0.20221820396597445,0.000132089255431994,1920.0,5760.0,0.0,0.03125,0.03125,0.00010677697394019588,0.0
87900.0,24.416666666666668,0.01204,0.2796174298957247,0.0,0.2796174298957247,0.06651910241056194,0.20208636522852716,2.347913634770719,-7.540634783254063e-13,61,0.20208636522852716,0.000131838737447531,1920.0,5760.0,0.0,0.03125,0.03125,0.00010662371855512172,0.0
87960.0,24.433333333333334,0.01204,0.2794051078770383,0.0,0.2794051078770383,0.06648781279236396,0.20195477632002778,2.348045223679218,-7.540634783254063e-13,61,0.20195477632002778,0.00013158890849948802,1920.0,5760.0,0.0,0.03125,0.03125,0.00010646129990749442,0.0
88020.0,24.45,0.01204,0.27919320859921837,0.0,0.27919320859921837,0.06645660918344178,0.2018234365536015,2.348176563445644,-7.545075675352564e-13,61,0.2018234365536015,0.00013133976642596117,1920.0,5760.0,0.0,0.03125,0.03125,0.00010627826792626882,0.0
88080.0,24.466666666666665,0.01204,0.2789817308626962,0.0,0.2789817308626962,0.06642549130964248,0.20169234524455296,2.3483076547546924,-7.545075675352564e-13,61,0.20169234524455296,0.00013109130904826304,1920.0,5760.0,0.0,0.03125,0.03125,0.00010612263002830031,0.0
88140.0,24.483333333333334,0.01204,0.2787706734721598,0.0,0.2787706734721598,0.06639445889530417,0.20156150171037898,2.3484384982888664,-7.545075675352564e-13,61,0.20156150171037898,0.00013084353417420672,1920.0,5760.0,0.0,0.03125,0.03125,0.00010597408165401559,0.0
88200.0,24.5,0.01204,0.2785600352365346,0.0,0.2785600352365346,0.06636351166357735,0.2014309052707783,2.348569094728467,-7.545075675352564e-13,61,0.2014309052707783,0.00013059643960088894,1920.0,5760.0,0.0,0.03125,0.03125,0.0001057972034786422,0.0
88260.0,24.516666666666666,0.012039967407407407,0.27834981458751024,0.0,0.27834981458751024,0.06633266915342097,0.2013005550816798,2.3486994449175653,-7.545075675352564e-13,61,0.2013005550816798,0.00013035018909819402,1920.0,5760.0,0.0,0.03125,0.03125,0.00010561754487931558,0.0
88320.0,24.533333333333335,0.012039872592592593,0.27814000849397497,0.0,0.27814000849397497,0.06630196643530845,0.20117044957126962,2.348829550427976,-7.540634783254063e-13,61,0.20117044957126962,0.00013010551041056412,1920.0,5760.0,0.0,0.03125,0.03125,0.00010532794265705211,0.0
88380.0,24.55,0.01203972,0.2779306137057702,0.0,0.2779306137057702,0.06627140872309911,0.2010405869518812,2.3489594130473646,-7.540634783254063e-13,61,0.2010405869518812,0.00012986261938853266,1920.0,5760.0,0.0,0.03125,0.03125,0.00010496032662006363,0.0
88440.0,24.566666666666666,0.012039514074074073,0.2777216271472815,0.0,0.2777216271472815,0.06624099506726387,0.2009109654759482,2.3490890345232978,-7.540634783254063e-13,61,0.2009109654759482,0.00012962147593325538,1920.0,5760.0,0.0,0.03125,0.03125,0.00010459233169180287,0.0
88500.0,24.583333333333332,0.01203925925925926,0.2775130459157277,0.0,0.2775130459157277,0.0662107224423386,0.20078158346389155,2.349218416535354,-7.545075675352564e-13,61,0.20078158346389155,0.00012938201205624488,1920.0,5760.0,0.0,0.03125,0.03125,0.00010422449498631829,0.0
88560.0,24.6,0.01203896,0.2773048672794844,0.0,0.2773048672794844,0.06618058680660863,0.20065243931535756,2.349347560683888,-7.540634783254063e-13,61,0.20065243931535756,0.00012914414853444433,1920.0,5760.0,0.0,0.03125,0.03125,0.00010388332777635473,0.0
88620.0,24.616666666666667,0.012038620740740743,0.27709708867644167,0.0,0.27709708867644167,0.06615058354102075,0.20052353151496433,2.3494764684842813,-7.540634783254063e-13,61,0.20052353151496433,0.00012890780039310026,1920.0,5760.0,0.0,0.03125,0.03125,0.0001035527615923852,0.0
88680.0,24.633333333333333,0.012038245925925926,0.276889707712391,0.0,0.276889707712391,0.0661207076708022,0.2003948586355638,2.349605141363682,-7.540634783254063e-13,61,0.2003948586355638,0.00012867287940070496,1920.0,5760.0,0.0,0.03125,0.03125,0.00010322129309242156,0.0
88740.0,24.65,0.012037840000000001,0.2766827221594431,0.0,0.2766827221594431,0.06609095399159597,0.20026641934016387,2.349733580659082,-7.536193891155563e-13,61,0.20026641934016387,0.00012843929540023901,1920.0,5760.0,0.0,0.03125,0.03125,0.00010291482043337034,0.0
88800.0,24.666666666666668,0.012037407407407406,0.27647612995446935,0.0,0.27647612995446935,0.06606131714737995,0.20013821238306895,2.349861787616177,-7.540634783254063e-13,61,0.20013821238306895,0.0001282069570947452,1920.0,5760.0,0.0,0.03125,0.03125,0.00010260943233246245,0.0
88860.0,24.683333333333334,0.012036952592592593,0.27626992919757076,0.0,0.27626992919757076,0.0660317916815795,0.20001023661052417,2.349989763388722,-7.536193891155563e-13,61,0.20001023661052417,0.00012797577254481483,1920.0,5760.0,0.0,0.03125,0.03125,0.00010233137810169834,0.0
88920.0,24.7,0.01203648,0.2760641181505662,0.0,0.2760641181505662,0.06600237207217553,0.1998824909610238,2.3501175090382227,-7.531752999057062e-13,61,0.1998824909610238,0.00012774564950067123,1920.0,5760.0,0.0,0.03125,0.03125,0.00010206143407638342,0.0
88980.0,24.716666666666665,0.012035994074074075,0.275858695235503,0.0,0.275858695235503,0.0659730527567168,0.1997549744653903,2.350245025533856,-7.536193891155563e-13,61,0.1997549744653903,0.00012751649563314316,1920.0,5760.0,0.0,0.03125,0.03125,0.0001018277361943313,0.0
89040.0,24.733333333333334,0.012035499259259261,0.2756536590331867,0.0,0.2756536590331867,0.06594382815067702,0.19962768624669094,2.3503723137525556,-7.531752999057062e-13,61,0.19962768624669094,0.00012728821869973194,1920.0,5760.0,0.0,0.03125,0.03125,0.00010157956401432713,0.0
89100.0,24.75,0.012035,0.27544900828172697,0.0,0.27544900828172697,0.06591469266126332,0.19950062552002365,2.350499374479223,-7.531752999057062e-13,61,0.19950062552002365,0.00012706072666737657,1920.0,5760.0,0.0,0.03125,0.03125,0.00010136130805642154,0.0
89160.0,24.766666666666666,0.01203450074074074,0.2752447418750963,0.0,0.2752447418750963,0.06588564069802318,0.19937379159221788,2.350626208407028,-7.536193891155563e-13,61,0.19937379159221788,0.00012683392780540284,1920.0,5760.0,0.0,0.03125,0.03125,0.00010116951690009271,0.0
89220.0,24.783333333333335,0.012034005925925927,0.2750408588617068,0.0,0.2750408588617068,0.06585666668113993,0.1992471838614605,2.3507528161377858,-7.536193891155563e-13,61,0.1992471838614605,0.00012660773075742567,1920.0,5760.0,0.0,0.03125,0.03125,0.00010098531510180782,0.0
89280.0,24.8,0.01203352,0.27483735844299306,0.0,0.27483735844299306,0.0658277650480232,0.19912080181686262,2.350879198182384,-7.536193891155563e-13,61,0.19912080181686262,0.00012638204459807398,1920.0,5760.0,0.0,0.03125,0.03125,0.00010082670428352054,0.0
89340.0,24.816666666666666,0.012033047407407408,0.2746342399720073,0.0,0.2746342399720073,0.0657989302586197,0.19899464503798414,2.3510053549612624,-7.531752999057062e-13,61,0.19899464503798414,0.00012615677887859467,1920.0,5760.0,0.0,0.03125,0.03125,0.00010067869238499545,0.0
89400.0,24.833333333333332,0.012032592592592593,0.2744315029520227,0.0,0.2744315029520227,0.06577015679974654,0.1988687131943199,2.3511312868049266,-7.531752999057062e-13,61,0.1988687131943199,0.00012593184366419425,1920.0,5760.0,0.0,0.03125,0.03125,0.00010053580177336939,0.0
89460.0,24.85,0.01203216,0.2742291470351404,0.0,0.2742291470351404,0.0657414391886702,0.1987430060447548,2.351256993954492,-7.531752999057062e-13,61,0.1987430060447548,0.00012570714956518843,1920.0,5760.0,0.0,0.03125,0.03125,0.00010043000849138857,0.0
89520.0,24.866666666666667,0.012031754074074075,0.2740271720209026,0.0,0.2740271720209026,0.06571277197609415,0.1986175234369911,2.3513824765622555,-7.531752999057062e-13,61,0.1986175234369911,0.00012548260776347014,1920.0,5760.0,0.0,0.03125,0.03125,0.00010033365765458619,0.0
89580.0,24.883333333333333,0.012031379259259258,0.2738255778549159,0.0,0.2738255778549159,0.06568414974867999,0.19849226530695593,2.351507734692291,-7.531752999057062e-13,61,0.19849226530695593,0.00012525813003543384,1920.0,5760.0,0.0,0.03125,0.03125,0.00010025912609388997,0.0
89640.0,24.9,0.012031040000000002,0.2736243646274557,0.0,0.2736243646274557,0.06565556713119677,0.19836723167818354,2.351632768321063,-7.531752999057062e-13,61,0.19836723167818354,0.00012503362877221047,1920.0,5760.0,0.0,0.03125,0.03125,0.0001002009366404186,0.0
89700.0,24.916666666666668,0.012030740740740743,0.27342353257209395,0.0,0.27342353257209395,0.06562701878837161,0.19824242266118527,2.351757577338061,-7.536193891155563e-13,61,0.19824242266118527,0.0001248090169978711,1920.0,5760.0,0.0,0.03125,0.03125,0.00010015660699769747,0.0
89760.0,24.933333333333334,0.012030485925925927,0.27322308206431073,0.0,0.27322308206431073,0.06559849942649955,0.19811783845279946,2.351882161546447,-7.531752999057062e-13,61,0.19811783845279946,0.00012458420838611306,1920.0,5760.0,0.0,0.03125,0.03125,0.00010013381064329335,0.0
89820.0,24.95,0.01203028,0.27302301362010817,0.0,0.27302301362010817,0.0655700037948578,0.19799347933552325,2.352006520663723,-7.536193891155563e-13,61,0.19799347933552325,0.00012435911727581698,1920.0,5760.0,0.0,0.03125,0.03125,0.00010012836907899813,0.0
89880.0,24.966666666666665,0.012030127407407408,0.2728233278946144,0.0,0.2728233278946144,0.06554152668696077,0.19786934567683764,2.352130654322409,-7.531752999057062e-13,61,0.19786934567683764,0.00012413365868580443,1920.0,5760.0,0.0,0.03125,0.03125,0.00010013933379546082,0.0
89940.0,24.983333333333334,0.012030032592592594,0.2726240256806903,0.0,0.2726240256806903,0.06551306294168523,0.1977454379285088,2.352254562070738,-7.531752999057062e-13,61,0.1977454379285088,0.00012390774832903267,1920.0,5760.0,0.0,0.03125,0.03125,0.00010017670383674404,0.0
90000.0,25.0,0.01203,0.27242510790751806,0.0,0.27242510790751806,0.06548460744428897,0.19762175662588186,2.3523782433733644,-7.536193891155563e-13,61,0.19762175662588186,0.00012368130262643663,1920.0,5760.0,0.0,0.03125,0.03125,0.00010023437052956244,0.0
90060.0,25.016666666666666,0.01203,0.27222657526641214,0.0,0.27222657526641214,0.06545617500521027,0.19749830222374337,2.3525016977755033,-7.531752999057062e-13,61,0.19749830222374337,0.00012345440213871876,1920.0,5760.0,0.0,0.03125,0.03125,0.00010024055237056373,0.0
90120.0,25.033333333333335,0.01203,0.27202842704923763,0.0,0.27202842704923763,0.0654277997655798,0.19737507449504849,2.352624925504198,-7.531752999057062e-13,61,0.19737507449504849,0.0001232277286948261,1920.0,5760.0,0.0,0.03125,0.03125,0.00010015984029622034,0.0
90180.0,25.05,0.01203,0.27183066219019153,0.0,0.27183066219019153,0.06539948997716266,0.19725207294392638,2.3527479270553204,-7.531752999057062e-13,61,0.19725207294392638,0.00012300155112226395,1920.0,5760.0,0.0,0.03125,0.03125,0.00010002936279145545,0.0
90240.0,25.066666666666666,0.01203,0.27163327962717887,0.0,0.27163327962717887,0.06537124888934025,0.1971292970335584,2.352870702965688,-7.531752999057062e-13,61,0.1971292970335584,0.00012277591036787423,1920.0,5760.0,0.0,0.03125,0.03125,9.987580457193862e-05,0.0
90300.0,25.083333333333332,0.01203,0.2714362783017983,0.0,0.2714362783017983,0.06534307820840993,0.1970067462082495,2.352993253790997,-7.531752999057062e-13,61,0.1970067462082495,0.0001225508253089725,1920.0,5760.0,0.0,0.03125,0.03125,9.972262074314306e-05,0.0
90360.0,25.1,0.01203,0.27123965715932963,0.0,0.27123965715932963,0.06531497892620634,0.1968844199018524,2.3531155800973944,-7.531752999057062e-13,61,0.1968844199018524,0.00012232630639714582,1920.0,5760.0,0.0,0.03125,0.03125,9.955133624141452e-05,0.0
90420.0,25.116666666666667,0.01203,0.27104341514871455,0.0,0.27104341514871455,0.0652869516429571,0.19676231754200826,2.3532376824572383,-7.531752999057062e-13,61,0.19676231754200826,0.00012210235984387425,1920.0,5760.0,0.0,0.03125,0.03125,9.938786775919232e-05,0.0
90480.0,25.133333333333333,0.01203,0.27084755122254506,0.0,0.27084755122254506,0.06525899672149527,0.1966404385525896,2.353359561446657,-7.531752999057062e-13,61,0.1966404385525896,0.00012187898941884281,1920.0,5760.0,0.0,0.03125,0.03125,9.92177773111998e-05,0.0
90540.0,25.15,0.01203,0.2706520643370454,0.0,0.2706520643370454,0.06523111437056868,0.1965187823552286,2.353481217644018,-7.531752999057062e-13,61,0.1965187823552286,0.0001216561973610954,1920.0,5760.0,0.0,0.03125,0.03125,9.905876539450983e-05,0.0
90600.0,25.166666666666668,0.01203,0.2704569534520615,0.0,0.2704569534520615,0.06520330469381051,0.19639734837033707,2.3536026516289095,-7.531752999057062e-13,61,0.19639734837033707,0.00012143398489163765,1920.0,5760.0,0.0,0.03125,0.03125,9.88668965689887e-05,0.0
90660.0,25.183333333333334,0.01203,0.2702622175310426,0.0,0.2702622175310426,0.06517556772037117,0.19627613601781313,2.3537238639814335,-7.531752999057062e-13,61,0.19627613601781313,0.0001212123525239156,1920.0,5760.0,0.0,0.03125,0.03125,9.869671441647608e-05,0.0
90720.0,25.2,0.01203,0.27006785554102797,0.0,0.27006785554102797,0.0651479034250222,0.19615514471755066,2.353844855281696,-7.531752999057062e-13,61,0.19615514471755066,0.00012099130026258789,1920.0,5760.0,0.0,0.03125,0.03125,9.85185844040943e-05,0.0
90780.0,25.216666666666665,0.01203,0.2698738664526329,0.0,0.2698738664526329,0.0651203117418642,0.1960343738898143,2.3539656261094324,-7.531752999057062e-13,61,0.1960343738898143,0.00012077082773641395,1920.0,5760.0,0.0,0.03125,0.03125,9.83514660348088e-05,0.0
90840.0,25.233333333333334,0.01203,0.26968024924003364,0.0,0.26968024924003364,0.06509279257397307,0.1959138229555242,2.3540861770437225,-7.531752999057062e-13,61,0.1959138229555242,0.00012055093429026432,1920.0,5760.0,0.0,0.03125,0.03125,9.817140440760161e-05,0.0
90900.0,25.25,0.01203,0.2694870028809525,0.0,0.2694870028809525,0.06506534580036744,0.19579349133647359,2.3542065086627733,-7.531752999057062e-13,61,0.19579349133647359,0.00012033161905069608,1920.0,5760.0,0.0,0.03125,0.03125,9.799362262258879e-05,0.0
90960.0,25.266666666666666,0.01203,0.2692941263566439,0.0,0.2692941263566439,0.0650379712811547,0.19567337845549954,2.354326621543747,-7.531752999057062e-13,61,0.19567337845549954,0.00012011288097382963,1920.0,5760.0,0.0,0.03125,0.03125,9.78120045704277e-05,0.0
91020.0,25.283333333333335,0.01203,0.26910161865188065,0.0,0.26910161865188065,0.06501066886140498,0.19555348373661863,2.354446516262628,-7.531752999057062e-13,61,0.19555348373661863,0.00011989471888104604,1920.0,5760.0,0.0,0.03125,0.03125,9.7613767238613e-05,0.0
91080.0,25.3,0.01203,0.26890947875493826,0.0,0.26890947875493826,0.06498343837411648,0.1954338066051324,2.354566193394114,-7.531752999057062e-13,61,0.1954338066051324,0.00011967713148607848,1920.0,5760.0,0.0,0.03125,0.03125,9.744195286473027e-05,0.0
91140.0,25.316666666666666,0.01203,0.2687177056575818,0.0,0.2687177056575818,0.06495627964251931,0.19531434648771656,2.35468565351153,-7.531752999057062e-13,61,0.19531434648771656,0.00011946011741589696,1920.0,5760.0,0.0,0.03125,0.03125,9.726390011107498e-05,0.0
91200.0,25.333333333333332,0.01203,0.26852629835505226,0.0,0.26852629835505226,0.06492919248188811,0.19519510281248975,2.354804897186757,-7.531752999057062e-13,61,0.19519510281248975,0.00011924367522704001,1920.0,5760.0,0.0,0.03125,0.03125,9.709204731926412e-05,0.0
91260.0,25.35,0.01203,0.2683352558460509,0.0,0.2683352558460509,0.06490217670098515,0.19507607500907131,2.3549239249901754,-7.531752999057062e-13,61,0.19507607500907131,0.00011902780341853512,1920.0,5760.0,0.0,0.03125,0.03125,9.690066654062295e-05,0.0
91320.0,25.366666666666667,0.01203,0.26814457713272627,0.0,0.26814457713272627,0.06487523210322073,0.19495726250862896,2.3550427374906175,-7.531752999057062e-13,61,0.19495726250862896,0.00011881250044223783,1920.0,5760.0,0.0,0.03125,0.03125,9.671976704297511e-05,0.0
91380.0,25.383333333333333,0.01203,0.2679542612206606,0.0,0.2679542612206606,0.06484835848759625,0.19483866474391792,2.3551613352553287,-7.531752999057062e-13,61,0.19483866474391792,0.0001185977647111864,1920.0,5760.0,0.0,0.03125,0.03125,9.653249347440877e-05,0.0
91440.0,25.4,0.01203,0.2677643071188539,0.0,0.2677643071188539,0.06482155564947546,0.1947202811493118,2.355279718849935,-7.531752999057062e-13,61,0.1947202811493118,0.0001183835946064151,1920.0,5760.0,0.0,0.03125,0.03125,9.634876251126399e-05,0.0
91500.0,25.416666666666668,0.01203,0.26757471383971354,0.0,0.26757471383971354,0.06479482338122161,0.194602111160829,2.3553978888384175,-7.531752999057062e-13,61,0.194602111160829,0.0001181699884825539,1920.0,5760.0,0.0,0.03125,0.03125,9.616809279193656e-05,0.0
91560.0,25.433333333333334,0.01203,0.26738548039903776,0.0,0.26738548039903776,0.06476816147272678,0.1944841542161566,2.35551584578309,-7.531752999057062e-13,61,0.1944841542161566,0.00011795694467246502,1920.0,5760.0,0.0,0.03125,0.03125,9.597923883048986e-05,0.0
91620.0,25.45,0.01203,0.2671966058160029,0.0,0.2671966058160029,0.0647415697118545,0.19436640975466563,2.355633590244581,-7.531752999057062e-13,61,0.19436640975466563,0.0001177444614911087,1920.0,5760.0,0.0,0.03125,0.03125,9.579549186524827e-05,0.0
91680.0,25.466666666666665,0.01203,0.2670080891131496,0.0,0.2670080891131496,0.06471504788481273,0.19424887721742698,2.3557511227818195,-7.531752999057062e-13,61,0.19424887721742698,0.000117532537238789,1920.0,5760.0,0.0,0.03125,0.03125,9.560751124313858e-05,0.0
91740.0,25.483333333333334,0.01203,0.2668199293163682,0.0,0.2668199293163682,0.0646885957764688,0.19413155604722285,2.355868443952023,-7.536193891155563e-13,61,0.19413155604722285,0.00011732117020389012,1920.0,5760.0,0.0,0.03125,0.03125,9.543439769124442e-05,0.0
91800.0,25.5,0.01203,0.26663212545488824,0.0,0.26663212545488824,0.06466221317061781,0.19401444568855813,2.3559855543106885,-7.531752999057062e-13,61,0.19401444568855813,0.00011711035866519742,1920.0,5760.0,0.0,0.03125,0.03125,9.524270428946938e-05,0.0
91860.0,25.516666666666666,0.01203,0.2664446765612629,0.0,0.2664446765612629,0.0646358998502117,0.19389754558766376,2.3561024544115825,-7.536193891155563e-13,61,0.19389754558766376,0.00011690010089387866,1920.0,5760.0,0.0,0.03125,0.03125,9.50646912006272e-05,0.0
91920.0,25.533333333333335,0.01203,0.2662575816713535,0.0,0.2662575816713535,0.06460965559755592,0.19378085519250887,2.3562191448067376,-7.531752999057062e-13,61,0.19378085519250887,0.00011669039515517718,1920.0,5760.0,0.0,0.03125,0.03125,9.486904334717358e-05,0.0
91980.0,25.55,0.01203,0.2660708398243208,0.0,0.2660708398243208,0.0645834801944787,0.1936643739527988,2.3563356260464476,-7.531752999057062e-13,61,0.1936643739527988,0.00011648123970986921,1920.0,5760.0,0.0,0.03125,0.03125,9.469532322104859e-05,0.0
92040.0,25.566666666666666,0.01203,0.26588445006260886,0.0,0.26588445006260886,0.06455737342247773,0.19354810131998387,2.3564518986792633,-7.527312106958561e-13,61,0.19354810131998387,0.00011627263281552436,1920.0,5760.0,0.0,0.03125,0.03125,9.4513321878853e-05,0.0
92100.0,25.583333333333332,0.01203,0.26569841143193174,0.0,0.26569841143193174,0.06453133506284751,0.19343203674725618,2.3565679632519907,-7.531752999057062e-13,61,0.19343203674725618,0.00011606457272759234,1920.0,5760.0,0.0,0.03125,0.03125,9.433202916089408e-05,0.0
92160.0,25.6,0.01203,0.2655127229812613,0.0,0.2655127229812613,0.06450536489678983,0.19331617968955603,2.356683820309691,-7.527312106958561e-13,61,0.19331617968955603,0.00011585705770035404,1920.0,5760.0,0.0,0.03125,0.03125,9.413936825963549e-05,0.0
92220.0,25.616666666666667,0.01203,0.26532738376281495,0.0,0.26532738376281495,0.0644794627055103,0.19320052960356804,2.356799470395679,-7.527312106958561e-13,61,0.19320052960356804,0.00011565008598774343,1920.0,5760.0,0.0,0.03125,0.03125,9.395173322542843e-05,0.0
92280.0,25.633333333333333,0.01203,0.2651423928320381,0.0,0.2651423928320381,0.06445362827030353,0.19308508594772425,2.356914914051523,-7.522871214860061e-13,61,0.19308508594772425,0.00011544365584407371,1920.0,5760.0,0.0,0.03125,0.03125,9.376120648303255e-05,0.0
92340.0,25.65,0.01203,0.26495774924759863,0.0,0.26495774924759863,0.06442786137262686,0.19296984818219934,2.357030151817048,-7.527312106958561e-13,61,0.19296984818219934,0.00011523776552466796,1920.0,5760.0,0.0,0.03125,0.03125,9.357391162941525e-05,0.0
92400.0,25.666666666666668,0.01203,0.2647734520713676,0.0,0.2647734520713676,0.0644021617941663,0.19285481576891284,2.357145184230334,-7.527312106958561e-13,61,0.19285481576891284,0.00011503241328641732,1920.0,5760.0,0.0,0.03125,0.03125,9.340594555781795e-05,0.0
92460.0,25.683333333333334,0.01203,0.2645895003684089,0.0,0.2645895003684089,0.06437652931689376,0.19273998817152457,2.3572600118277225,-7.527312106958561e-13,61,0.19273998817152457,0.0001148275973882697,1920.0,5760.0,0.0,0.03125,0.03125,9.319712698404909e-05,0.0
92520.0,25.7,0.01203,0.2644058932069676,0.0,0.2644058932069676,0.06435096372311806,0.19262536485543325,2.357374635143814,-7.522871214860061e-13,61,0.19262536485543325,0.00011462331609166378,1920.0,5760.0,0.0,0.03125,0.03125,9.301637057781849e-05,0.0
92580.0,25.716666666666665,0.01203,0.2642226296584524,0.0,0.2642226296584524,0.06432546479553021,0.19251094528777213,2.357489054711475,-7.527312106958561e-13,61,0.19251094528777213,0.00011441956766091158,1920.0,5760.0,0.0,0.03125,0.03125,9.282806376141826e-05,0.0
92640.0,25.733333333333334,0.01203,0.264039708797432,0.0,0.264039708797432,0.06430003231724302,0.19239672893740883,2.3576032710618384,-7.527312106958561e-13,61,0.19239672893740883,0.00011421635036353326,1920.0,5760.0,0.0,0.03125,0.03125,9.264787172188694e-05,0.0
92700.0,25.75,0.01203,0.26385712970161046,0.0,0.26385712970161046,0.06427466607182684,0.19228271527493834,2.357717284724309,-7.522871214860061e-13,61,0.19228271527493834,0.00011401366247056493,1920.0,5760.0,0.0,0.03125,0.03125,9.245101174564715e-05,0.0
92760.0,25.766666666666666,0.01203,0.26367489145182715,0.0,0.26367489145182715,0.06424936584334087,0.19216890377268137,2.357831096226566,-7.527312106958561e-13,61,0.19216890377268137,0.00011381150225681753,1920.0,5760.0,0.0,0.03125,0.03125,9.227252876459094e-05,0.0
92820.0,25.783333333333335,0.01203,0.2634929931320331,0.0,0.2634929931320331,0.06422413141636124,0.19205529390467996,2.357944706094567,-7.527312106958561e-13,61,0.19205529390467996,0.00011360986800111858,1920.0,5760.0,0.0,0.03125,0.03125,9.20824861173566e-05,0.0
92880.0,25.8,0.01203,0.26331143382928823,0.0,0.26331143382928823,0.06419896257600582,0.19194188514669422,2.3580581148525535,-7.522871214860061e-13,61,0.19194188514669422,0.00011340875798652284,1920.0,5760.0,0.0,0.03125,0.03125,9.189893805004913e-05,0.0
92940.0,25.816666666666666,0.01203,0.26313021263374015,0.0,0.26313021263374015,0.06417385910795664,0.19182867697619319,2.358171323023054,-7.527312106958561e-13,61,0.19182867697619319,0.00011320817050049854,1920.0,5760.0,0.0,0.03125,0.03125,9.170568986741049e-05,0.0
93000.0,25.833333333333332,0.01203,0.2629493286386195,0.0,0.2629493286386195,0.06414882079847954,0.19171566887235836,2.3582843311268893,-7.522871214860061e-13,61,0.19171566887235836,0.00011300810383509476,1920.0,5760.0,0.0,0.03125,0.03125,9.151012182686183e-05,0.0
93060.0,25.85,0.01203,0.2627687809402226,0.0,0.2627687809402226,0.06412384743444159,0.19160286031607116,2.358397139683176,-7.522871214860061e-13,61,0.19160286031607116,0.00011280855628709233,1920.0,5760.0,0.0,0.03125,0.03125,9.133418482873343e-05,0.0
93120.0,25.866666666666667,0.01203,0.26258856863789964,0.0,0.26258856863789964,0.06409893880332722,0.19149025078991297,2.3585097492093343,-7.527312106958561e-13,61,0.19149025078991297,0.00011260952615813398,1920.0,5760.0,0.0,0.03125,0.03125,9.114884856986931e-05,0.0
93180.0,25.883333333333333,0.01203,0.26240869083404755,0.0,0.26240869083404755,0.06407409469325179,0.1913778397781586,2.3586221602210893,-7.51843032276156e-13,61,0.1913778397781586,0.00011241101175484492,1920.0,5760.0,0.0,0.03125,0.03125,9.095893696619768e-05,0.0
93240.0,25.9,0.01203,0.2622291466340899,0.0,0.2622291466340899,0.0640493148929743,0.19126562676676928,2.3587343732324784,-7.522871214860061e-13,61,0.19126562676676928,0.00011221301138893715,1920.0,5760.0,0.0,0.03125,0.03125,9.076968452161175e-05,0.0
93300.0,25.916666666666668,0.01203,0.2620499351464715,0.0,0.2620499351464715,0.06402459919190834,0.19115361124339195,2.3588463887558557,-7.522871214860061e-13,61,0.19115361124339195,0.00011201552337730286,1920.0,5760.0,0.0,0.03125,0.03125,9.058037850084737e-05,0.0
93360.0,25.933333333333334,0.01203,0.2618710554826444,0.0,0.2618710554826444,0.06399994738013189,0.19104179269735003,2.3589582073018978,-7.51843032276156e-13,61,0.19104179269735003,0.00011181854604209857,1920.0,5760.0,0.0,0.03125,0.03125,9.03885525777612e-05,0.0
93420.0,25.95,0.01203,0.26169250675705324,0.0,0.26169250675705324,0.06397535924839612,0.19093017061963957,2.3590698293796084,-7.51843032276156e-13,61,0.19093017061963957,0.00011162207771081783,1920.0,5760.0,0.0,0.03125,0.03125,9.020289763012491e-05,0.0
93480.0,25.966666666666665,0.01203,0.2615142880871271,0.0,0.2615142880871271,0.06395083458813314,0.19081874450292327,2.359181255496325,-7.513989430663059e-13,61,0.19081874450292327,0.00011142611671635807,1920.0,5760.0,0.0,0.03125,0.03125,9.001752128932991e-05,0.0
93540.0,25.983333333333334,0.01203,0.2613363985932672,0.0,0.2613363985932672,0.06392637319146252,0.19070751384152623,2.359292486157722,-7.513989430663059e-13,61,0.19070751384152623,0.00011123066139707719,1920.0,5760.0,0.0,0.03125,0.03125,8.984136851145868e-05,0.0
93600.0,26.0,0.01203,0.2611588373988323,0.0,0.2611588373988323,0.06390197485119772,0.190596478131429,2.3594035218678187,-7.522871214860061e-13,61,0.190596478131429,0.00011103571009684619,1920.0,5760.0,0.0,0.03125,0.03125,8.963800695287392e-05,0.0
93660.0,26.016666666666666,0.01203,0.2609816036301281,0.0,0.2609816036301281,0.06387763936085088,0.19048563687026412,2.3595143631289837,-7.51843032276156e-13,61,0.19048563687026412,0.00011084126116509064,1920.0,5760.0,0.0,0.03125,0.03125,8.944127144426533e-05,0.0
93720.0,26.033333333333335,0.01203,0.2608046964163997,0.0,0.2608046964163997,0.0638533665146376,0.19037498955730725,2.3596250104419405,-7.522871214860061e-13,61,0.19037498955730725,0.00011064731295683372,1920.0,5760.0,0.0,0.03125,0.03125,8.925481580437491e-05,0.0
93780.0,26.05,0.01203,0.2606281148898138,0.0,0.2606281148898138,0.06382915610748109,0.19026453569347465,2.359735464305773,-7.522871214860061e-13,61,0.19026453569347465,0.0001104538638327274,1920.0,5760.0,0.0,0.03125,0.03125,8.908041061422189e-05,0.0
93840.0,26.066666666666666,0.01203,0.2604518581854506,0.0,0.2604518581854506,0.06380500793501519,0.1901542747813155,2.3598457252179323,-7.51843032276156e-13,61,0.1901542747813155,0.00011026091215908362,1920.0,5760.0,0.0,0.03125,0.03125,8.888507087349699e-05,0.0
93900.0,26.083333333333332,0.01203,0.26027592544129013,0.0,0.26027592544129013,0.06378092179358744,0.19004420632500774,2.3599557936742404,-7.51843032276156e-13,61,0.19004420632500774,0.00011006845630789841,1920.0,5760.0,0.0,0.03125,0.03125,8.86881116634667e-05,0.0
93960.0,26.1,0.01203,0.2601003157982044,0.0,0.2601003157982044,0.06375689748026166,0.18993432983035086,2.3600656701688973,-7.513989430663059e-13,61,0.18993432983035086,0.000109876494656872,1920.0,5760.0,0.0,0.03125,0.03125,8.85075083828211e-05,0.0
94020.0,26.116666666666667,0.01203,0.2599250283999434,0.0,0.2599250283999434,0.06373293479281977,0.18982464480476152,2.3601753551944866,-7.51843032276156e-13,61,0.18982464480476152,0.00010968502558942922,1920.0,5760.0,0.0,0.03125,0.03125,8.831787490360597e-05,0.0
94080.0,26.133333333333333,0.01203,0.25975006239312326,0.0,0.25975006239312326,0.06370903352976345,0.1897151507572671,2.3602848492419812,-7.513989430663059e-13,61,0.1897151507572671,0.0001094940474947325,1920.0,5760.0,0.0,0.03125,0.03125,8.812175992285772e-05,0.0
94140.0,26.15,0.01203,0.25957541692721586,0.0,0.25957541692721586,0.06368519349031553,0.18960584719849918,2.360394152800749,-7.51843032276156e-13,61,0.18960584719849918,0.00010930355876769317,1920.0,5760.0,0.0,0.03125,0.03125,8.793838075958288e-05,0.0
94200.0,26.166666666666668,0.01203,0.25940109115453763,0.0,0.25940109115453763,0.06366141447442095,0.18949673364069003,2.360503266358558,-7.51843032276156e-13,61,0.18949673364069003,0.00010911355780898169,1920.0,5760.0,0.0,0.03125,0.03125,8.774870692004556e-05,0.0
94260.0,26.183333333333334,0.01203,0.2592270842302381,0.0,0.2592270842302381,0.0636376962827473,0.18938780959766535,2.360612190401583,-7.513989430663059e-13,61,0.18938780959766535,0.00010892404302503273,1920.0,5760.0,0.0,0.03125,0.03125,8.755019306404396e-05,0.0
94320.0,26.2,0.01203,0.25905339531228816,0.0,0.25905339531228816,0.0636140387166854,0.18927907458483723,2.360720925414411,-7.513989430663059e-13,61,0.18927907458483723,0.00010873501282805152,1920.0,5760.0,0.0,0.03125,0.03125,8.736329942996212e-05,0.0
94380.0,26.216666666666665,0.01203,0.2588800235614713,0.0,0.2588800235614713,0.0635904415783493,0.18917052811920138,2.360829471880047,-7.513989430663059e-13,61,0.18917052811920138,0.00010854646563601343,1920.0,5760.0,0.0,0.03125,0.03125,8.71816441638751e-05,0.0
94440.0,26.233333333333334,0.01203,0.2587069681413692,0.0,0.2587069681413692,0.06356690467057634,0.18906216971932857,2.3609378302799198,-7.513989430663059e-13,61,0.18906216971932857,0.00010835839987266652,1920.0,5760.0,0.0,0.03125,0.03125,8.700348654673065e-05,0.0
94500.0,26.25,0.01203,0.25853422821835303,0.0,0.25853422821835303,0.06354342779692684,0.18895399890536121,2.361046001093887,-7.513989430663059e-13,61,0.18895399890536121,0.0001081708139675297,1920.0,5760.0,0.0,0.03125,0.03125,8.679761369607722e-05,0.0
94560.0,26.266666666666666,0.01203,0.25836180296157163,0.0,0.25836180296157163,0.06352001076168366,0.18884601519900526,2.361153984800243,-7.513989430663059e-13,61,0.18884601519900526,0.00010798370635588895,1920.0,5760.0,0.0,0.03125,0.03125,8.662072418589594e-05,0.0
94620.0,26.283333333333335,0.01203,0.2581896915429403,0.0,0.2581896915429403,0.06349665336985155,0.1887382181235269,2.3612617818757218,-7.509548538564559e-13,61,0.1887382181235269,0.00010779707547879383,1920.0,5760.0,0.0,0.03125,0.03125,8.64196328762322e-05,0.0
94680.0,26.3,0.01203,0.2580178931371304,0.0,0.2580178931371304,0.06347335542715624,0.1886306072037436,2.361369392795505,-7.513989430663059e-13,61,0.1886306072037436,0.00010761091978305199,1920.0,5760.0,0.0,0.03125,0.03125,8.623462001944508e-05,0.0
94740.0,26.316666666666666,0.01203,0.2578464069215588,0.0,0.2578464069215588,0.06345011674004375,0.18852318196602239,2.361476818033226,-7.513989430663059e-13,61,0.18852318196602239,0.00010742523772122031,1920.0,5760.0,0.0,0.03125,0.03125,8.605375879419359e-05,0.0
94800.0,26.333333333333332,0.01203,0.25767523207637677,0.0,0.25767523207637677,0.06342693711567907,0.1884159419382709,2.361584058060978,-7.509548538564559e-13,61,0.1884159419382709,0.00010724002775160051,1920.0,5760.0,0.0,0.03125,0.03125,8.585325009986904e-05,0.0
94860.0,26.35,0.01203,0.257504367784458,0.0,0.257504367784458,0.06340381636194511,0.18830888664993273,2.361691113349316,-7.509548538564559e-13,61,0.18830888664993273,0.00010705528833822539,1920.0,5760.0,0.0,0.03125,0.03125,8.566535086499548e-05,0.0
94920.0,26.366666666666667,0.01203,0.25733381323139076,0.0,0.25733381323139076,0.06338075428744129,0.18820201563198186,2.361797984367267,-7.509548538564559e-13,61,0.18820201563198186,0.0001068710179508529,1920.0,5760.0,0.0,0.03125,0.03125,8.549076252658137e-05,0.0
94980.0,26.383333333333333,0.01203,0.2571635676054643,0.0,0.2571635676054643,0.06335775070148213,0.18809532841691695,2.361904671582332,-7.509548538564559e-13,61,0.18809532841691695,0.00010668721506495242,1920.0,5760.0,0.0,0.03125,0.03125,8.529732741048455e-05,0.0
95040.0,26.4,0.01203,0.2569936300976601,0.0,0.2569936300976601,0.06333480541409589,0.1879888245387552,2.3620111754604936,-7.509548538564559e-13,61,0.1879888245387552,0.00010650387816169441,1920.0,5760.0,0.0,0.03125,0.03125,8.511344250174038e-05,0.0
95100.0,26.416666666666668,0.01203,0.25682399990164057,0.0,0.25682399990164057,0.06331191823602253,0.18788250353302743,2.3621174964662215,-7.509548538564559e-13,61,0.18788250353302743,0.00010632100572793808,1920.0,5760.0,0.0,0.03125,0.03125,8.492137975245276e-05,0.0
95160.0,26.433333333333334,0.01203,0.2566546762137388,0.0,0.2566546762137388,0.06328908897871273,0.18777636493677036,2.362223635062478,-7.513989430663059e-13,61,0.18777636493677036,0.00010613859625621605,1920.0,5760.0,0.0,0.03125,0.03125,8.472347207492739e-05,0.0
95220.0,26.45,0.01203,0.2564856582329476,0.0,0.2564856582329476,0.06326631745432526,0.18767040828852624,2.3623295917107225,-7.509548538564559e-13,61,0.18767040828852624,0.00010595664824472416,1920.0,5760.0,0.0,0.03125,0.03125,8.452866846830845e-05,0.0
95280.0,26.466666666666665,0.01203,0.2563169451609093,0.0,0.2563169451609093,0.0632436034757258,0.18756463312832908,2.36243536687092,-7.509548538564559e-13,61,0.18756463312832908,0.00010577516019730304,1920.0,5760.0,0.0,0.03125,0.03125,8.435352138410753e-05,0.0
95340.0,26.483333333333334,0.01203,0.256148536201906,0.0,0.256148536201906,0.06322094685648484,0.18745903899770547,2.3625409610015433,-7.509548538564559e-13,61,0.18745903899770547,0.00010559413062342647,1920.0,5760.0,0.0,0.03125,0.03125,8.41535414158313e-05,0.0
95400.0,26.5,0.01203,0.2559804305628492,0.0,0.2559804305628492,0.06319834741087552,0.1873536254396673,2.3626463745595814,-7.509548538564559e-13,61,0.1873536254396673,0.00010541355803818398,1920.0,5760.0,0.0,0.03125,0.03125,8.396962155439723e-05,0.0
95460.0,26.516666666666666,0.012029967407407409,0.2558126271485009,0.0,0.2558126271485009,0.06317582199224145,0.18724839186189782,2.362751608137351,-7.509548538564559e-13,61,0.18724839186189782,0.00010523357776971749,1920.0,5760.0,0.0,0.03125,0.03125,8.377956318418838e-05,0.0
95520.0,26.533333333333335,0.012029872592592594,0.2556451236937065,0.0,0.2556451236937065,0.06315339988639855,0.1871433370725308,2.3628566629267183,-7.509548538564559e-13,61,0.1871433370725308,0.00010505478936707183,1920.0,5760.0,0.0,0.03125,0.03125,8.345886141426618e-05,0.0
95580.0,26.55,0.01202972,0.2554779177564033,0.0,0.2554779177564033,0.06313108486264253,0.1870384597047237,2.3629615402945254,-7.505107646466058e-13,61,0.1870384597047237,0.00010487736780724493,1920.0,5760.0,0.0,0.03125,0.03125,8.310049149497058e-05,0.0
95640.0,26.566666666666666,0.012029514074074073,0.25531100703209675,0.0,0.25531100703209675,0.0631088758381587,0.18693375842684037,2.363066241572409,-7.505107646466058e-13,61,0.18693375842684037,0.00010470127788344927,1920.0,5760.0,0.0,0.03125,0.03125,8.27419367660646e-05,0.0
95700.0,26.583333333333332,0.012029259259259259,0.2551443893526256,0.0,0.2551443893526256,0.06308677015571686,0.18682923196403928,2.3631707680352103,-7.500666754367558e-13,61,0.18682923196403928,0.00010452646280117551,1920.0,5760.0,0.0,0.03125,0.03125,8.239257423501518e-05,0.0
95760.0,26.6,0.012028960000000002,0.2549780626849525,0.0,0.2549780626849525,0.06306476440189139,0.18672487910673147,2.363275120892518,-7.505107646466058e-13,61,0.18672487910673147,0.00010435285730781725,1920.0,5760.0,0.0,0.03125,0.03125,8.20340232290881e-05,0.0
95820.0,26.616666666666667,0.012028620740740742,0.25481202512997964,0.0,0.25481202512997964,0.06304285473937112,0.18662069871484008,2.363379301284409,-7.505107646466058e-13,61,0.18662069871484008,0.00010418039189124722,1920.0,5760.0,0.0,0.03125,0.03125,8.169399097388594e-05,0.0
95880.0,26.633333333333333,0.012028245925925926,0.25464627492138403,0.0,0.25464627492138403,0.06302103707250113,0.18651668972018204,2.3634833102790673,-7.505107646466058e-13,61,0.18651668972018204,0.0001040089946582076,1920.0,5760.0,0.0,0.03125,0.03125,8.137557141378592e-05,0.0
95940.0,26.65,0.01202784,0.2544808104244778,0.0,0.2544808104244778,0.06299930714055327,0.18641285112785752,2.363587148871392,-7.505107646466058e-13,61,0.18641285112785752,0.00010383859232452124,1920.0,5760.0,0.0,0.03125,0.03125,8.107959347721701e-05,0.0
96000.0,26.666666666666668,0.012027407407407407,0.2543156301350864,0.0,0.2543156301350864,0.06297766057488367,0.1863091820170635,2.363690817982186,-7.500666754367558e-13,61,0.1863091820170635,0.00010366911079399506,1920.0,5760.0,0.0,0.03125,0.03125,8.075384500060348e-05,0.0
96060.0,26.683333333333334,0.012026952592592592,0.2541507326784416,0.0,0.2541507326784416,0.06295609293618208,0.18620568154154113,2.363794318457708,-7.505107646466058e-13,61,0.18620568154154113,0.00010350047552227306,1920.0,5760.0,0.0,0.03125,0.03125,8.049485483740486e-05,0.0
96120.0,26.7,0.01202648,0.25398611680809613,0.0,0.25398611680809613,0.06293459973991881,0.18610234892978303,2.3638976510694665,-7.505107646466058e-13,61,0.18610234892978303,0.00010333261175820522,1920.0,5760.0,0.0,0.03125,0.03125,8.023003891840928e-05,0.0
96180.0,26.716666666666665,0.012025994074074075,0.25382178140485184,0.0,0.25382178140485184,0.06291317647438964,0.18599918348507247,2.3640008165141775,-7.500666754367558e-13,61,0.18599918348507247,0.0001031654447108454,1920.0,5760.0,0.0,0.03125,0.03125,7.996137976959708e-05,0.0
96240.0,26.733333333333334,0.012025499259259258,0.25365772547569626,0.0,0.25365772547569626,0.06289181861390698,0.1858961845854036,2.3641038154138463,-7.500666754367558e-13,61,0.1858961845854036,0.00010299889966899788,1920.0,5760.0,0.0,0.03125,0.03125,7.973370311598886e-05,0.0
96300.0,26.75,0.012025000000000001,0.25349394815275683,0.0,0.25349394815275683,0.06287052162868992,0.18579335168331412,2.3642066483159354,-7.505107646466058e-13,61,0.18579335168331412,0.00010283290208928249,1920.0,5760.0,0.0,0.03125,0.03125,7.951299582999192e-05,0.0
96360.0,26.766666666666666,0.01202450074074074,0.25333044869226273,0.0,0.25333044869226273,0.0628492809924403,0.18569068430565164,2.364309315693598,-7.500666754367558e-13,61,0.18569068430565164,0.00010266737766265046,1920.0,5760.0,0.0,0.03125,0.03125,7.930714946399937e-05,0.0
96420.0,26.783333333333335,0.012024005925925927,0.25316722647351686,0.0,0.25316722647351686,0.06282809218825457,0.18558818205328573,2.364411817945964,-7.500666754367558e-13,61,0.18558818205328573,0.0001025022523657551,1920.0,5760.0,0.0,0.03125,0.03125,7.910959792178651e-05,0.0
96480.0,26.8,0.01202352,0.25300428099787187,0.0,0.25300428099787187,0.06280695071331391,0.18548584460078446,2.3645141553984654,-7.500666754367558e-13,61,0.18548584460078446,0.00010233745250148171,1920.0,5760.0,0.0,0.03125,0.03125,7.89398818020452e-05,0.0
96540.0,26.816666666666666,0.012023047407407408,0.2528416118877201,0.0,0.2528416118877201,0.06278585208266019,0.1853836716960528,2.364616328303197,-7.500666754367558e-13,61,0.1853836716960528,0.00010217290473157088,1920.0,5760.0,0.0,0.03125,0.03125,7.877797966369763e-05,0.0
96600.0,26.833333333333332,0.012022592592592593,0.2526792188854746,0.0,0.2526792188854746,0.06276479183227707,0.1852816631599491,2.3647183368393003,-7.505107646466058e-13,61,0.1852816631599491,0.00010200853610341755,1920.0,5760.0,0.0,0.03125,0.03125,7.863478401497285e-05,0.0
96660.0,26.85,0.01202216,0.2525171018525743,0.0,0.2525171018525743,0.06274376552163657,0.18517981888587684,2.3648201811133727,-7.505107646466058e-13,61,0.18517981888587684,0.00010184427407253639,1920.0,5760.0,0.0,0.03125,0.03125,7.850289844275367e-05,0.0
96720.0,26.866666666666667,0.012021754074074072,0.2523552607684653,0.0,0.2523552607684653,0.06272276873582887,0.185078138839355,2.3649218611598943,-7.505107646466058e-13,61,0.185078138839355,0.00010168004652178596,1920.0,5760.0,0.0,0.03125,0.03125,7.839506533412533e-05,0.0
96780.0,26.883333333333333,0.012021379259259259,0.2521936957296099,0.0,0.2521936957296099,0.06270179708736477,0.18497662305757695,2.3650233769416724,-7.505107646466058e-13,61,0.18497662305757695,0.00010151578177816948,1920.0,5760.0,0.0,0.03125,0.03125,7.829836089702302e-05,0.0
96840.0,26.9,0.012021039999999998,0.25203240694847284,0.0,0.25203240694847284,0.06268084621771837,0.18487527164894876,2.3651247283503003,-7.509548538564559e-13,61,0.18487527164894876,0.00010135140862782189,1920.0,5760.0,0.0,0.03125,0.03125,7.82059567323349e-05,0.0
96900.0,26.916666666666668,0.012020740740740742,0.25187139475251713,0.0,0.25187139475251713,0.06265991179866282,0.18477408479261945,2.36522591520663,-7.500666754367558e-13,61,0.18477408479261945,0.00010118685632965934,1920.0,5760.0,0.0,0.03125,0.03125,7.813596992673127e-05,0.0
96960.0,26.933333333333334,0.012020485925925925,0.25171065958319805,0.0,0.25171065958319805,0.06263898953343977,0.18467306273799114,2.3653269372612584,-7.500666754367558e-13,61,0.18467306273799114,0.00010102205462805102,1920.0,5760.0,0.0,0.03125,0.03125,7.808784724935672e-05,0.0
97020.0,26.95,0.01202028,0.25155020199494627,0.0,0.25155020199494627,0.06261807515779481,0.18457220580422629,2.365427794195023,-7.505107646466058e-13,61,0.18457220580422629,0.000100856933764798,1920.0,5760.0,0.0,0.03125,0.03125,7.804833836861424e-05,0.0
97080.0,26.966666666666665,0.012020127407407407,0.251390022654151,0.0,0.251390022654151,0.06259716444090538,0.18447151437973563,2.365528485619514,-7.505107646466058e-13,61,0.18447151437973563,0.00010069142449064523,1920.0,5760.0,0.0,0.03125,0.03125,7.801431298965111e-05,0.0
97140.0,26.983333333333334,0.012020032592592591,0.25123012233813374,0.0,0.25123012233813374,0.06257625318622087,0.1843709889216591,2.36562901107759,-7.505107646466058e-13,61,0.1843709889216591,0.00010052545807650197,1920.0,5760.0,0.0,0.03125,0.03125,7.801352233059211e-05,0.0
97200.0,27.0,0.01202,0.2510705019341182,0.0,0.2510705019341182,0.06255533723223229,0.18427062995533453,2.3657293700439146,-7.505107646466058e-13,61,0.18427062995533453,0.000100358966324509,1920.0,5760.0,0.0,0.03125,0.03125,7.803403834287311e-05,0.0
97260.0,27.016666666666666,0.01202,0.25091116213872233,0.0,0.25091116213872233,0.06253442955947498,0.18417043793851048,2.3658295620607386,-7.509548538564559e-13,61,0.18417043793851048,0.00010019201682398439,1920.0,5760.0,0.0,0.03125,0.03125,7.803040090198122e-05,0.0
97320.0,27.033333333333335,0.01202,0.2507521025244932,0.0,0.2507521025244932,0.06251355888254376,0.18407041276452418,2.3659295872347252,-7.505107646466058e-13,61,0.18407041276452418,0.00010002517398654103,1920.0,5760.0,0.0,0.03125,0.03125,7.790580740800965e-05,0.0
97380.0,27.05,0.01202,0.2505933223760954,0.0,0.2505933223760954,0.06249273166563475,0.18397055410683275,2.3660294458924165,-7.505107646466058e-13,61,0.18397055410683275,9.985865769131111e-05,1920.0,5760.0,0.0,0.03125,0.03125,7.777924367202334e-05,0.0
97440.0,27.066666666666666,0.01202,0.2504348209805088,0.0,0.2504348209805088,0.06247195039610744,0.1838708616072009,2.3661291383920484,-7.505107646466058e-13,61,0.1838708616072009,9.969249963195627e-05,1920.0,5760.0,0.0,0.03125,0.03125,7.760913592563175e-05,0.0
97500.0,27.083333333333332,0.01202,0.2502765976270259,0.0,0.2502765976270259,0.06245121637538375,0.18377133489296676,2.3662286651062825,-7.505107646466058e-13,61,0.18377133489296676,9.952671423408989e-05,1920.0,5760.0,0.0,0.03125,0.03125,7.740410925524654e-05,0.0
97560.0,27.1,0.01202,0.2501186516072376,0.0,0.2501186516072376,0.0624305303645561,0.18367197358347453,2.3663280264157747,-7.505107646466058e-13,61,0.18367197358347453,9.936130949206087e-05,1920.0,5760.0,0.0,0.03125,0.03125,7.720043666322346e-05,0.0
97620.0,27.116666666666667,0.01202,0.24996098221502927,0.0,0.24996098221502927,0.06240989283159176,0.18357277729326837,2.3664272227059815,-7.500666754367558e-13,61,0.18357277729326837,9.919629020677674e-05,1920.0,5760.0,0.0,0.03125,0.03125,7.703019864909641e-05,0.0
97680.0,27.133333333333333,0.01202,0.24980358874656783,0.0,0.24980358874656783,0.06238930406804082,0.18347374563391144,2.3665262543653376,-7.509548538564559e-13,61,0.18347374563391144,9.903165935629291e-05,1920.0,5760.0,0.0,0.03125,0.03125,7.685398564850638e-05,0.0
97740.0,27.15,0.01202,0.24964647050029523,0.0,0.24964647050029523,0.06236876425154997,0.18337487821512874,2.3666251217841205,-7.505107646466058e-13,61,0.18337487821512874,9.88674187831737e-05,1920.0,5760.0,0.0,0.03125,0.03125,7.667711387404536e-05,0.0
97800.0,27.166666666666668,0.01202,0.24948962677691877,0.0,0.24948962677691877,0.06234827348236836,0.18327617464555027,2.3667238253536986,-7.509548538564559e-13,61,0.18327617464555027,9.870356957826039e-05,1920.0,5760.0,0.0,0.03125,0.03125,7.649816477012202e-05,0.0
97860.0,27.183333333333334,0.01202,0.2493330568794036,0.0,0.2493330568794036,0.06232783180606556,0.18317763453323888,2.3668223654660103,-7.505107646466058e-13,61,0.18317763453323888,9.854011231174297e-05,1920.0,5760.0,0.0,0.03125,0.03125,7.632054375828826e-05,0.0
97920.0,27.2,0.01202,0.2491767601129629,0.0,0.2491767601129629,0.06230743922837693,0.1830792574860583,2.366920742513191,-7.505107646466058e-13,61,0.1830792574860583,9.837704718039238e-05,1920.0,5760.0,0.0,0.03125,0.03125,7.614126147136342e-05,0.0
97980.0,27.216666666666665,0.01202,0.24902073578504966,0.0,0.24902073578504966,0.06228709572529174,0.18298104311195273,2.3670189568872964,-7.505107646466058e-13,61,0.18298104311195273,9.821437410561501e-05,1920.0,5760.0,0.0,0.03125,0.03125,7.596245790095633e-05,0.0
98040.0,27.233333333333334,0.01202,0.2488649832053481,0.0,0.2488649832053481,0.062266801250130975,0.18288299101915179,2.3671170089800975,-7.505107646466058e-13,61,0.18288299101915179,9.805209280111819e-05,1920.0,5760.0,0.0,0.03125,0.03125,7.577982456636291e-05,0.0
98100.0,27.25,0.01202,0.24870950168576475,0.0,0.24870950168576475,0.06224655573864471,0.1827851008163309,2.3672148991829185,-7.505107646466058e-13,61,0.1827851008163309,9.789020282100238e-05,1920.0,5760.0,0.0,0.03125,0.03125,7.559513934352153e-05,0.0
98160.0,27.266666666666666,0.01202,0.24855429054042116,0.0,0.24855429054042116,0.06222635911277059,0.1826873721127359,2.367312627886513,-7.509548538564559e-13,61,0.1826873721127359,9.772870359478664e-05,1920.0,5760.0,0.0,0.03125,0.03125,7.541416193893988e-05,0.0
98220.0,27.283333333333335,0.01202,0.24839934908564423,0.0,0.24839934908564423,0.06220621128345675,0.18258980451828236,2.3674101954809665,-7.509548538564559e-13,61,0.18258980451828236,9.75675944534723e-05,1920.0,5760.0,0.0,0.03125,0.03125,7.52353495462745e-05,0.0
98280.0,27.3,0.01202,0.2482446766399573,0.0,0.2482446766399573,0.062186112152818974,0.18249239764363331,2.367507602355616,-7.505107646466058e-13,61,0.18249239764363331,9.740687464928453e-05,1920.0,5760.0,0.0,0.03125,0.03125,7.504823744565165e-05,0.0
98340.0,27.316666666666666,0.01202,0.24809027252407423,0.0,0.24809027252407423,0.0621660616158141,0.1823951511002623,2.3676048488989867,-7.509548538564559e-13,61,0.1823951511002623,9.724654337086651e-05,1920.0,5760.0,0.0,0.03125,0.03125,7.486021023128464e-05,0.0
98400.0,27.333333333333332,0.01202,0.24793613606088824,0.0,0.24793613606088824,0.0621460595615544,0.18229806450050734,2.367701935498742,-7.505107646466058e-13,61,0.18229806450050734,9.708659975514569e-05,1920.0,5760.0,0.0,0.03125,0.03125,7.468052097765127e-05,0.0
98460.0,27.35,0.01202,0.2477822665754653,0.0,0.2477822665754653,0.06212610587435319,0.18220113745761082,2.3677988625416386,-7.505107646466058e-13,61,0.18220113745761082,9.69270428967005e-05,1920.0,5760.0,0.0,0.03125,0.03125,7.45039972514662e-05,0.0
98520.0,27.366666666666667,0.01202,0.24762866339503545,0.0,0.24762866339503545,0.06210620043456424,0.18210436958575543,2.3678956304134937,-7.505107646466058e-13,61,0.18210436958575543,9.676787185525632e-05,1920.0,5760.0,0.0,0.03125,0.03125,7.432156699346487e-05,0.0
98580.0,27.383333333333333,0.01202,0.2474753258489838,0.0,0.2474753258489838,0.062086343119263386,0.1820077605000937,2.3679922394991553,-7.509548538564559e-13,61,0.1820077605000937,9.660908566173035e-05,1920.0,5760.0,0.0,0.03125,0.03125,7.41344958158458e-05,0.0
98640.0,27.4,0.01202,0.24732225326884383,0.0,0.24732225326884383,0.06206653380280521,0.18191130981677045,2.3680886901824785,-7.509548538564559e-13,61,0.18191130981677045,9.645068332315778e-05,1920.0,5760.0,0.0,0.03125,0.03125,7.395803671079933e-05,0.0
98700.0,27.416666666666668,0.01202,0.24716944498828772,0.0,0.24716944498828772,0.06204677235728274,0.18181501715294374,2.368184982846305,-7.509548538564559e-13,61,0.18181501715294374,9.629266382673377e-05,1920.0,5760.0,0.0,0.03125,0.03125,7.376969988064643e-05,0.0
98760.0,27.433333333333334,0.01202,0.24701690034311977,0.0,0.24701690034311977,0.06202705865290897,0.18171888212680087,2.3682811178724483,-7.505107646466058e-13,61,0.18171888212680087,9.613502614316305e-05,1920.0,5760.0,0.0,0.03125,0.03125,7.359392786049881e-05,0.0
98820.0,27.45,0.01202,0.24686461867126586,0.0,0.24686461867126586,0.0620073925583356,0.18162290435757156,2.368377095641678,-7.505107646466058e-13,61,0.18162290435757156,9.597776922944424e-05,1920.0,5760.0,0.0,0.03125,0.03125,7.340497420410021e-05,0.0
98880.0,27.466666666666665,0.01202,0.24671259931276865,0.0,0.24671259931276865,0.061987773940921406,0.18152708346553997,2.368472916533709,-7.509548538564559e-13,61,0.18152708346553997,9.582089203121017e-05,1920.0,5760.0,0.0,0.03125,0.03125,7.3242341940242e-05,0.0
98940.0,27.483333333333334,0.01202,0.2465608416097766,0.0,0.2465608416097766,0.06196820266695867,0.18143141907205582,2.3685685809271937,-7.505107646466058e-13,61,0.18143141907205582,9.5664393484697e-05,1920.0,5760.0,0.0,0.03125,0.03125,7.304918186763074e-05,0.0
99000.0,27.5,0.01202,0.24640934490653768,0.0,0.24640934490653768,0.06194867860186633,0.18133591079953743,2.368664089199712,-7.505107646466058e-13,61,0.18133591079953743,9.550827251841447e-05,1920.0,5760.0,0.0,0.03125,0.03125,7.287448547508271e-05,0.0
99060.0,27.516666666666666,0.01202,0.2462581085493914,0.0,0.2462581085493914,0.061929201610354125,0.18124055827148264,2.3687594417277666,-7.505107646466058e-13,61,0.18124055827148264,9.535252805457133e-05,1920.0,5760.0,0.0,0.03125,0.03125,7.268989453274475e-05,0.0
99120.0,27.533333333333335,0.01202,0.246107131886759,0.0,0.246107131886759,0.06190977155656444,0.18114536111247212,2.368854638886777,-7.505107646466058e-13,61,0.18114536111247212,9.519715901029196e-05,1920.0,5760.0,0.0,0.03125,0.03125,7.251223410189053e-05,0.0
99180.0,27.55,0.01202,0.24595641426913886,0.0,0.24595641426913886,0.061890388304193175,0.18105031894817356,2.3689496810510757,-7.505107646466058e-13,61,0.18105031894817356,9.504216429866518e-05,1920.0,5760.0,0.0,0.03125,0.03125,7.232237485360584e-05,0.0
99240.0,27.566666666666666,0.01202,0.2458059550490957,0.0,0.2458059550490957,0.06187105171659547,0.18095543140534412,2.3690445685939054,-7.500666754367558e-13,61,0.18095543140534412,9.488754282964627e-05,1920.0,5760.0,0.0,0.03125,0.03125,7.214845784893405e-05,0.0
99300.0,27.583333333333332,0.01202,0.24565575358125333,0.0,0.24565575358125333,0.0618517616568768,0.18086069811183356,2.3691393018874165,-7.496225862269057e-13,61,0.18086069811183356,9.473329351084103e-05,1920.0,5760.0,0.0,0.03125,0.03125,7.196444415808725e-05,0.0
99360.0,27.6,0.01202,0.2455058092222885,0.0,0.2455058092222885,0.06183251798797228,0.18076611869658527,2.3692338813026645,-7.500666754367558e-13,61,0.18076611869658527,9.45794152481848e-05,1920.0,5760.0,0.0,0.03125,0.03125,7.178131304362222e-05,0.0
99420.0,27.616666666666667,0.01202,0.24535612133092136,0.0,0.24535612133092136,0.06181332057271633,0.18067169278963868,2.369328307209611,-7.500666754367558e-13,61,0.18067169278963868,9.442590694653806e-05,1920.0,5760.0,0.0,0.03125,0.03125,7.16082476272814e-05,0.0
99480.0,27.633333333333333,0.01202,0.24520668926790884,0.0,0.24520668926790884,0.061794169273902876,0.18057742002212873,2.369422579977121,-7.500666754367558e-13,61,0.18057742002212873,9.427276751020297e-05,1920.0,5760.0,0.0,0.03125,0.03125,7.143051746814204e-05,0.0
99540.0,27.65,0.01202,0.2450575123960358,0.0,0.2450575123960358,0.0617750639543395,0.18048330002628518,2.3695166999729644,-7.500666754367558e-13,61,0.18048330002628518,9.41199958433772e-05,1920.0,5760.0,0.0,0.03125,0.03125,7.124814282897476e-05,0.0
99600.0,27.666666666666668,0.01202,0.2449085900801085,0.0,0.2449085900801085,0.061756004476893625,0.18038933243543467,2.369610667563815,-7.500666754367558e-13,61,0.18038933243543467,9.396759085055833e-05,1920.0,5760.0,0.0,0.03125,0.03125,7.106591633450836e-05,0.0
99660.0,27.683333333333334,0.01202,0.2447599216869472,0.0,0.2447599216869472,0.06173699070453439,0.18029551688399761,2.369704483115252,-7.505107646466058e-13,61,0.18029551688399761,9.381555143689183e-05,1920.0,5760.0,0.0,0.03125,0.03125,7.089853358362664e-05,0.0
99720.0,27.7,0.01202,0.24461150658537695,0.0,0.24461150658537695,0.06171802250036895,0.18020185300748937,2.3697981469917604,-7.500666754367558e-13,61,0.18020185300748937,9.366387650848297e-05,1920.0,5760.0,0.0,0.03125,0.03125,7.071107489734796e-05,0.0
99780.0,27.716666666666665,0.01202,0.24446334414622178,0.0,0.24446334414622178,0.06169909972767509,0.18010834044251683,2.369891659556733,-7.496225862269057e-13,61,0.18010834044251683,9.351256497267239e-05,1920.0,5760.0,0.0,0.03125,0.03125,7.053664346663741e-05,0.0
99840.0,27.733333333333334,0.01202,0.24431543374229592,0.0,0.24431543374229592,0.061680222249929945,0.18001497882677853,2.3699850211724716,-7.496225862269057e-13,61,0.18001497882677853,9.336161573828148e-05,1920.0,5760.0,0.0,0.03125,0.03125,7.035233105697948e-05,0.0
99900.0,27.75,0.01202,0.2441677747483969,0.0,0.2441677747483969,0.06166138993083553,0.1799217677990628,2.3700782322001874,-7.496225862269057e-13,61,0.1799217677990628,9.321102771582665e-05,1920.0,5760.0,0.0,0.03125,0.03125,7.017268781917701e-05,0.0
99960.0,27.766666666666666,0.01202,0.24402036654129824,0.0,0.24402036654129824,0.061642602634341515,0.179828706999245,2.370171293000005,-7.496225862269057e-13,61,0.179828706999245,9.306079981771325e-05,1920.0,5760.0,0.0,0.03125,0.03125,6.999047477201177e-05,0.0
100020.0,27.783333333333335,0.01202,0.2438732084997418,0.0,0.2438732084997418,0.06162386022466549,0.17973579606828635,2.3702642039309634,-7.500666754367558e-13,61,0.17973579606828635,9.291093095840819e-05,1920.0,5760.0,0.0,0.03125,0.03125,6.981413484789005e-05,0.0
100080.0,27.8,0.01202,0.24372630000443035,0.0,0.24372630000443035,0.06160516256631092,0.1796430346482322,2.370356965351018,-7.496225862269057e-13,61,0.1796430346482322,9.276142005458957e-05,1920.0,5760.0,0.0,0.03125,0.03125,6.964186413055248e-05,0.0
100140.0,27.816666666666666,0.01202,0.24357964043802027,0.0,0.24357964043802027,0.06158650952408338,0.1795504223822069,2.3704495776170433,-7.496225862269057e-13,61,0.1795504223822069,9.26122660252859e-05,1920.0,5760.0,0.0,0.03125,0.03125,6.94576277474351e-05,0.0
100200.0,27.833333333333332,0.01202,0.24343322918511456,0.0,0.24343322918511456,0.06156790096310489,0.17945795891441463,2.3705420410848355,-7.496225862269057e-13,61,0.17945795891441463,9.246346779199661e-05,1920.0,5760.0,0.0,0.03125,0.03125,6.92852875911742e-05,0.0
100260.0,27.85,0.01202,0.24328706563225458,0.0,0.24328706563225458,0.06154933674882693,0.17936564389013623,2.370634356109114,-7.496225862269057e-13,61,0.17936564389013623,9.231502427880196e-05,1920.0,5760.0,0.0,0.03125,0.03125,6.910355827305794e-05,0.0
100320.0,27.866666666666667,0.01202,0.24314114916791413,0.0,0.24314114916791413,0.061530816747041785,0.17927347695572382,2.3707265230435266,-7.496225862269057e-13,61,0.17927347695572382,9.216693441245882e-05,1920.0,5760.0,0.0,0.03125,0.03125,6.893031664984048e-05,0.0
100380.0,27.883333333333333,0.01202,0.24299547918249073,0.0,0.24299547918249073,0.0615123408238929,0.17918145775860111,2.370818542240649,-7.496225862269057e-13,61,0.17918145775860111,9.201919712248842e-05,1920.0,5760.0,0.0,0.03125,0.03125,6.875005906145774e-05,0.0
100440.0,27.9,0.01202,0.24285005506829963,0.0,0.24285005506829963,0.061493908845884036,0.17908958594726013,2.3709104140519903,-7.491784970170556e-13,61,0.17908958594726013,9.187181134125411e-05,1920.0,5760.0,0.0,0.03125,0.03125,6.857696112278264e-05,0.0
100500.0,27.916666666666668,0.01202,0.24270487621956632,0.0,0.24270487621956632,0.06147552067988759,0.1789978611712559,2.3710021388279943,-7.496225862269057e-13,61,0.1789978611712559,9.172477600403027e-05,1920.0,5760.0,0.0,0.03125,0.03125,6.840457349499022e-05,0.0
100560.0,27.933333333333334,0.01202,0.24255994203241932,0.0,0.24255994203241932,0.06145717619315195,0.17890628308120718,2.3710937169180433,-7.491784970170556e-13,61,0.17890628308120718,9.15780900490665e-05,1920.0,5760.0,0.0,0.03125,0.03125,6.822684047712935e-05,0.0
100620.0,27.95,0.01202,0.24241525190488272,0.0,0.24241525190488272,0.061438875253307816,0.17881485132878944,2.371185148670461,-7.496225862269057e-13,61,0.17881485132878944,9.143175241763994e-05,1920.0,5760.0,0.0,0.03125,0.03125,6.804856007444844e-05,0.0
100680.0,27.966666666666665,0.01202,0.24227080523686972,0.0,0.24227080523686972,0.06142061772837439,0.1787235655667351,2.3712764344325152,-7.496225862269057e-13,61,0.1787235655667351,9.128576205410648e-05,1920.0,5760.0,0.0,0.03125,0.03125,6.787168160206892e-05,0.0
100740.0,27.983333333333334,0.01202,0.2421266014301753,0.0,0.2421266014301753,0.06140240348676439,0.17863242544882937,2.3713675745504212,-7.491784970170556e-13,61,0.17863242544882937,9.114011790594577e-05,1920.0,5760.0,0.0,0.03125,0.03125,6.770370194424469e-05,0.0
100800.0,28.0,0.01202,0.2419826398884689,0.0,0.2419826398884689,0.06138423239728873,0.17854143062990577,2.371458569369345,-7.491784970170556e-13,61,0.17854143062990577,9.099481892379988e-05,1920.0,5760.0,0.0,0.03125,0.03125,6.752700890060816e-05,0.0
100860.0,28.016666666666666,0.01202,0.24183892001728763,0.0,0.24183892001728763,0.06136610432916063,0.17845058076584416,2.3715494192334066,-7.491784970170556e-13,61,0.17845058076584416,9.084986406150595e-05,1920.0,5760.0,0.0,0.03125,0.03125,6.735052267961957e-05,0.0
100920.0,28.033333333333335,0.01202,0.24169544122403003,0.0,0.24169544122403003,0.06134801915199914,0.17835987551356805,2.371640124485683,-7.487344078072056e-13,61,0.17835987551356805,9.07052522761304e-05,1920.0,5760.0,0.0,0.03125,0.03125,6.7168557759627e-05,0.0
100980.0,28.05,0.01202,0.24155220291794804,0.0,0.24155220291794804,0.061329976735832695,0.1782693145310399,2.371730685468211,-7.487344078072056e-13,61,0.1782693145310399,9.056098252799505e-05,1920.0,5760.0,0.0,0.03125,0.03125,6.700471693825358e-05,0.0
101040.0,28.066666666666666,0.01202,0.24140920451014092,0.0,0.24140920451014092,0.06131197695110137,0.17817889747725957,2.3718211025219915,-7.487344078072056e-13,61,0.17817889747725957,9.041705378070016e-05,1920.0,5760.0,0.0,0.03125,0.03125,6.682897534575672e-05,0.0
101100.0,28.083333333333332,0.01202,0.2412664454135477,0.0,0.2412664454135477,0.06129401966865986,0.17808862401225795,2.3719113759869925,-7.491784970170556e-13,61,0.17808862401225795,9.027346500114643e-05,1920.0,5760.0,0.0,0.03125,0.03125,6.66495103396666e-05,0.0
101160.0,28.1,0.01202,0.2411239250429406,0.0,0.2411239250429406,0.06127610475977934,0.177998493797099,2.372001506202152,-7.487344078072056e-13,61,0.177998493797099,9.013021515955259e-05,1920.0,5760.0,0.0,0.03125,0.03125,6.64784528845254e-05,0.0
101220.0,28.116666666666667,0.01202,0.24098164281491877,0.0,0.24098164281491877,0.06125823209614946,0.17790850649386944,2.3720914935053816,-7.487344078072056e-13,61,0.17790850649386944,8.998730322947257e-05,1920.0,5760.0,0.0,0.03125,0.03125,6.630411102627964e-05,0.0
101280.0,28.133333333333333,0.01202,0.24083959814790104,0.0,0.24083959814790104,0.061240401549879635,0.17781866176568156,2.3721813382335695,-7.487344078072056e-13,61,0.17781866176568156,8.984472818780814e-05,1920.0,5760.0,0.0,0.03125,0.03125,6.613247743479187e-05,0.0
101340.0,28.15,0.01202,0.2406977904621183,0.0,0.2406977904621183,0.06122261299350076,0.17772895927666674,2.3722710407225844,-7.487344078072056e-13,61,0.17772895927666674,8.9702489014819e-05,1920.0,5760.0,0.0,0.03125,0.03125,6.595830369555988e-05,0.0
101400.0,28.166666666666668,0.01202,0.24055621917960895,0.0,0.24055621917960895,0.06120486629996601,0.17763939869197237,2.3723606013072787,-7.487344078072056e-13,61,0.17763939869197237,8.956058469413686e-05,1920.0,5760.0,0.0,0.03125,0.03125,6.57928368864397e-05,0.0
101460.0,28.183333333333334,0.01202,0.24041488372421,0.0,0.24041488372421,0.06118716134265178,0.17754997967776007,2.3724500203214913,-7.482903185973555e-13,61,0.17754997967776007,8.941901421276762e-05,1920.0,5760.0,0.0,0.03125,0.03125,6.56176329463898e-05,0.0
101520.0,28.2,0.01202,0.24027378352155138,0.0,0.24027378352155138,0.06116949799535853,0.17746070190119861,2.3725392980980526,-7.487344078072056e-13,61,0.17746070190119861,8.927777656110292e-05,1920.0,5760.0,0.0,0.03125,0.03125,6.54476019642898e-05,0.0
101580.0,28.216666666666665,0.01202,0.24013291799904984,0.0,0.24013291799904984,0.06115187613231119,0.17737156503046642,2.3726284349687856,-7.478462293875054e-13,61,0.17737156503046642,8.913687073292171e-05,1920.0,5760.0,0.0,0.03125,0.03125,6.52745506647849e-05,0.0
101640.0,28.233333333333334,0.01202,0.23999228658590044,0.0,0.23999228658590044,0.06113429562815959,0.17728256873474096,2.372717431264511,-7.478462293875054e-13,61,0.17728256873474096,8.899629572539491e-05,1920.0,5760.0,0.0,0.03125,0.03125,6.509484006470254e-05,0.0
101700.0,28.25,0.01202,0.23985188871307317,0.0,0.23985188871307317,0.06111675635797872,0.17719371268420175,2.37280628731505,-7.478462293875054e-13,61,0.17719371268420175,8.885605053908754e-05,1920.0,5760.0,0.0,0.03125,0.03125,6.493454652950554e-05,0.0
101760.0,28.266666666666666,0.01202,0.23971172381330197,0.0,0.23971172381330197,0.06109925819726863,0.17710499655002349,2.372895003449228,-7.482903185973555e-13,61,0.17710499655002349,8.871613417796185e-05,1920.0,5760.0,0.0,0.03125,0.03125,6.475245569369611e-05,0.0
101820.0,28.283333333333335,0.01202,0.2395717913210832,0.0,0.2395717913210832,0.061081801021954735,0.1770164200043743,2.3729835799948775,-7.478462293875054e-13,61,0.1770164200043743,8.85765456493743e-05,1920.0,5760.0,0.0,0.03125,0.03125,6.458334615332428e-05,0.0
101880.0,28.3,0.01202,0.23943209067266477,0.0,0.23943209067266477,0.06106438470838735,0.17692798272040997,2.3730720172788415,-7.482903185973555e-13,61,0.17692798272040997,8.843728396407805e-05,1920.0,5760.0,0.0,0.03125,0.03125,6.441398854797499e-05,0.0
101940.0,28.316666666666666,0.01202,0.23929262130604284,0.0,0.23929262130604284,0.06104700913334168,0.17683968437227426,2.373160315626978,-7.478462293875054e-13,61,0.17683968437227426,8.82983481362192e-05,1920.0,5760.0,0.0,0.03125,0.03125,6.425048401465841e-05,0.0
102000.0,28.333333333333332,0.01202,0.2391533826609527,0.0,0.2391533826609527,0.06102967417401734,0.17675152463509067,2.373248475364161,-7.478462293875054e-13,61,0.17675152463509067,8.815973718333526e-05,1920.0,5760.0,0.0,0.03125,0.03125,6.407927216548445e-05,0.0
102060.0,28.35,0.01202,0.23901437417886512,0.0,0.23901437417886512,0.061012379708037925,0.17666350318496402,2.3733364968142876,-7.482903185973555e-13,61,0.17666350318496402,8.80214501263529e-05,1920.0,5760.0,0.0,0.03125,0.03125,6.390325786970168e-05,0.0
102120.0,28.366666666666667,0.01202,0.2388755953029767,0.0,0.2388755953029767,0.06099512561345068,0.176575619698975,2.373424380300277,-7.478462293875054e-13,61,0.176575619698975,8.788348598958186e-05,1920.0,5760.0,0.0,0.03125,0.03125,6.372820744703535e-05,0.0
102180.0,28.383333333333333,0.01202,0.23873704547820768,0.0,0.23873704547820768,0.06097791176872563,0.17648787385517417,2.3735121261440777,-7.478462293875054e-13,61,0.17648787385517417,8.77458438007142e-05,1920.0,5760.0,0.0,0.03125,0.03125,6.356696324780279e-05,0.0
102240.0,28.4,0.01202,0.23859872415119118,0.0,0.23859872415119118,0.06096073805275511,0.17640026533258368,2.3735997346666684,-7.478462293875054e-13,61,0.17640026533258368,8.760852259081377e-05,1920.0,5760.0,0.0,0.03125,0.03125,6.339399124451482e-05,0.0
102300.0,28.416666666666668,0.01202,0.23846063077026974,0.0,0.23846063077026974,0.06094360434485311,0.1763127938111892,2.3736872061880625,-7.482903185973555e-13,61,0.1763127938111892,8.747152139431866e-05,1920.0,5760.0,0.0,0.03125,0.03125,6.322130868325276e-05,0.0
102360.0,28.433333333333334,0.01202,0.23832276478548867,0.0,0.23832276478548867,0.060926510524754326,0.17622545897194014,2.3737745410273114,-7.482903185973555e-13,61,0.17622545897194014,8.733483924902698e-05,1920.0,5760.0,0.0,0.03125,0.03125,6.304957658347091e-05,0.0
102420.0,28.45,0.01202,0.238185125648588,0.0,0.238185125648588,0.06090945647261331,0.17613826049674422,2.3738617395025075,-7.482903185973555e-13,61,0.17613826049674422,8.719847519609687e-05,1920.0,5760.0,0.0,0.03125,0.03125,6.289601296187488e-05,0.0
102480.0,28.466666666666665,0.01202,0.23804771281299902,0.0,0.23804771281299902,0.060892442069003884,0.17605119806846403,2.3739488019307875,-7.482903185973555e-13,61,0.17605119806846403,8.706242828003469e-05,1920.0,5760.0,0.0,0.03125,0.03125,6.271949737818561e-05,0.0
102540.0,28.483333333333334,0.01202,0.2379105257338359,0.0,0.2379105257338359,0.06087546719491795,0.1759642713709152,2.374035728628336,-7.487344078072056e-13,61,0.1759642713709152,8.692669754869158e-05,1920.0,5760.0,0.0,0.03125,0.03125,6.255459043713569e-05,0.0
102600.0,28.5,0.01202,0.23777356386788984,0.0,0.23777356386788984,0.060858531731764504,0.1758774800888623,2.3741225199103893,-7.482903185973555e-13,61,0.1758774800888623,8.679128205325405e-05,1920.0,5760.0,0.0,0.03125,0.03125,6.238200499524728e-05,0.0
102660.0,28.516666666666666,0.01202,0.23763682667362396,0.0,0.23763682667362396,0.06084163556136863,0.17579082390801384,2.3742091760912376,-7.482903185973555e-13,61,0.17579082390801384,8.665618084823655e-05,1920.0,5760.0,0.0,0.03125,0.03125,6.22157547594192e-05,0.0
102720.0,28.533333333333335,0.01202,0.23750031361116647,0.0,0.23750031361116647,0.0608247785659708,0.17570430251502267,2.374295697484229,-7.478462293875054e-13,61,0.17570430251502267,8.65213929914722e-05,1920.0,5760.0,0.0,0.03125,0.03125,6.204940393695233e-05,0.0
102780.0,28.55,0.01202,0.23736402414230412,0.0,0.23736402414230412,0.060807960628225306,0.1756179155974783,2.3743820844017733,-7.482903185973555e-13,61,0.1756179155974783,8.638691754410718e-05,1920.0,5760.0,0.0,0.03125,0.03125,6.188940983139354e-05,0.0
102840.0,28.566666666666666,0.01202,0.23722795773047628,0.0,0.23722795773047628,0.06079118163119932,0.17553166284390767,2.374468337155344,-7.482903185973555e-13,61,0.17553166284390767,8.625275357058843e-05,1920.0,5760.0,0.0,0.03125,0.03125,6.17177869220923e-05,0.0
102900.0,28.583333333333332,0.01202,0.23709211384077,0.0,0.23709211384077,0.06077444145837208,0.17544554394376927,2.3745544560554825,-7.478462293875054e-13,61,0.17544554394376927,8.611890013865614e-05,1920.0,5760.0,0.0,0.03125,0.03125,6.154512698686259e-05,0.0
102960.0,28.6,0.01202,0.23695649193991275,0.0,0.23695649193991275,0.06075773999363317,0.17535955858745003,2.374640441411802,-7.478462293875054e-13,61,0.17535955858745003,8.59853563193357e-05,1920.0,5760.0,0.0,0.03125,0.03125,6.13865182056898e-05,0.0
103020.0,28.616666666666667,0.01202,0.23682109149626654,0.0,0.23682109149626654,0.06074107712128172,0.17527370646626297,2.374726293532989,-7.478462293875054e-13,61,0.17527370646626297,8.585212118692675e-05,1920.0,5760.0,0.0,0.03125,0.03125,6.121450321037501e-05,0.0
103080.0,28.633333333333333,0.01202,0.2366859119798225,0.0,0.2366859119798225,0.060724452726025065,0.17518798727244425,2.374812012726808,-7.474021401776554e-13,61,0.17518798727244425,8.571919381899381e-05,1920.0,5760.0,0.0,0.03125,0.03125,6.104967376192789e-05,0.0
103140.0,28.65,0.01202,0.23655095286219358,0.0,0.23655095286219358,0.06070786669297758,0.17510240069914787,2.3748975993001045,-7.474021401776554e-13,61,0.17510240069914787,8.558657329635804e-05,1920.0,5760.0,0.0,0.03125,0.03125,6.088781286894142e-05,0.0
103200.0,28.666666666666668,0.01202,0.23641621361661108,0.0,0.23641621361661108,0.0606913189076592,0.17501694644044458,2.3749830535588075,-7.478462293875054e-13,61,0.17501694644044458,8.545425870308467e-05,1920.0,5760.0,0.0,0.03125,0.03125,6.072218315100564e-05,0.0
103260.0,28.683333333333334,0.01202,0.23628169371791646,0.0,0.23628169371791646,0.060674809255994534,0.17493162419131825,2.375068375807934,-7.478462293875054e-13,61,0.17493162419131825,8.532224912647418e-05,1920.0,5760.0,0.0,0.03125,0.03125,6.0556010035056236e-05,0.0
103320.0,28.7,0.01202,0.2361473926425562,0.0,0.2361473926425562,0.06065833762431139,0.1748464336476613,2.375153566351591,-7.474021401776554e-13,61,0.1748464336476613,8.519054365705441e-05,1920.0,5760.0,0.0,0.03125,0.03125,6.03953505632841e-05,0.0
103380.0,28.716666666666665,0.01202,0.23601330986857605,0.0,0.23601330986857605,0.060641903899339294,0.17476137450627277,2.3752386254929796,-7.474021401776554e-13,61,0.17476137450627277,8.50591413885663e-05,1920.0,5760.0,0.0,0.03125,0.03125,6.0235285714418746e-05,0.0
103440.0,28.733333333333334,0.01202,0.23587944487561513,0.0,0.23587944487561513,0.060625507968208446,0.1746764464648549,2.3753235535343977,-7.474021401776554e-13,61,0.1746764464648549,8.492804141795602e-05,1920.0,5760.0,0.0,0.03125,0.03125,6.0071118101602074e-05,0.0
103500.0,28.75,0.01202,0.2357457971449004,0.0,0.2357457971449004,0.06060914971844835,0.1745916492220093,2.375408350777243,-7.474021401776554e-13,61,0.1745916492220093,8.47972428453635e-05,1920.0,5760.0,0.0,0.03125,0.03125,5.991213820151445e-05,0.0
103560.0,28.766666666666666,0.01202,0.23561236615923992,0.0,0.23561236615923992,0.06059282903798631,0.17450698247723528,2.3754930175220172,-7.474021401776554e-13,61,0.17450698247723528,8.466674477411255e-05,1920.0,5760.0,0.0,0.03125,0.03125,5.973998962545761e-05,0.0
103620.0,28.783333333333335,0.01202,0.23547915140301806,0.0,0.23547915140301806,0.060576545815146224,0.1744224459309249,2.375577554068328,-7.469580509678053e-13,61,0.1744224459309249,8.453654631069859e-05,1920.0,5760.0,0.0,0.03125,0.03125,5.958131178783169e-05,0.0
103680.0,28.8,0.01202,0.23534615236218928,0.0,0.23534615236218928,0.06056029993864739,0.17433803928435998,2.3756619607148926,-7.474021401776554e-13,61,0.17433803928435998,8.440664656478037e-05,1920.0,5760.0,0.0,0.03125,0.03125,5.9415830876938716e-05,0.0
103740.0,28.816666666666666,0.01202,0.23521336852427271,0.0,0.23521336852427271,0.060544091297602805,0.1742537622397111,2.3757462377595417,-7.469580509678053e-13,61,0.1742537622397111,8.427704464916653e-05,1920.0,5760.0,0.0,0.03125,0.03125,5.924903229909329e-05,0.0
103800.0,28.833333333333332,0.01202,0.23508079937834614,0.0,0.23508079937834614,0.060527919781517905,0.1741696145000311,2.3758303854992215,-7.469580509678053e-13,61,0.1741696145000311,8.414773967980694e-05,1920.0,5760.0,0.0,0.03125,0.03125,5.909556553826107e-05,0.0
103860.0,28.85,0.01202,0.23494844441504042,0.0,0.23494844441504042,0.06051178528028949,0.17408559576925522,2.3759144042299973,-7.474021401776554e-13,61,0.17408559576925522,8.401873077578028e-05,1920.0,5760.0,0.0,0.03125,0.03125,5.893261705545921e-05,0.0
103920.0,28.866666666666667,0.01202,0.23481630312653412,0.0,0.23481630312653412,0.060495687684203894,0.1740017057521959,2.3759982942470566,-7.474021401776554e-13,61,0.1740017057521959,8.389001705928324e-05,1920.0,5760.0,0.0,0.03125,0.03125,5.87672567803257e-05,0.0
103980.0,28.883333333333333,0.01202,0.2346843750065472,0.0,0.2346843750065472,0.060479626883935836,0.17391794415454087,2.376082055844712,-7.469580509678053e-13,61,0.17391794415454087,8.376159765562059e-05,1920.0,5760.0,0.0,0.03125,0.03125,5.8598410839132703e-05,0.0
104040.0,28.9,0.01202,0.234552659550336,0.0,0.234552659550336,0.060463602770547006,0.17383431068284735,2.3761656893164056,-7.469580509678053e-13,61,0.17383431068284735,8.363347169319132e-05,1920.0,5760.0,0.0,0.03125,0.03125,5.844588616858236e-05,0.0
104100.0,28.916666666666668,0.01202,0.23442115625468776,0.0,0.23442115625468776,0.060447615235484836,0.17375080504454393,2.376249194954709,-7.469580509678053e-13,61,0.17375080504454393,8.35056383034821e-05,1920.0,5760.0,0.0,0.03125,0.03125,5.828887516798948e-05,0.0
104160.0,28.933333333333334,0.01202,0.23428986461791457,0.0,0.23428986461791457,0.0604316641705807,0.17366742694792275,2.37633257305133,-7.469580509678053e-13,61,0.17366742694792275,8.337809662105153e-05,1920.0,5760.0,0.0,0.03125,0.03125,5.8137415233421014e-05,0.0
104220.0,28.95,0.01202,0.23415878413984834,0.0,0.23415878413984834,0.06041574946804883,0.17358417610213936,2.3764158238971134,-7.469580509678053e-13,61,0.17358417610213936,8.325084578352147e-05,1920.0,5760.0,0.0,0.03125,0.03125,5.796497271437442e-05,0.0
104280.0,28.966666666666665,0.01202,0.23402791432183448,0.0,0.23402791432183448,0.06039987102048491,0.17350105221720732,2.376498947782045,-7.474021401776554e-13,61,0.17350105221720732,8.312388493156575e-05,1920.0,5760.0,0.0,0.03125,0.03125,5.7812877948000285e-05,0.0
104340.0,28.983333333333334,0.01202,0.23389725466672678,0.0,0.23389725466672678,0.06038402872086451,0.17341805500399937,2.376581944995254,-7.465139617579553e-13,61,0.17341805500399937,8.299721320889735e-05,1920.0,5760.0,0.0,0.03125,0.03125,5.76475894211433e-05,0.0
104400.0,29.0,0.01202,0.23376680467888303,0.0,0.23376680467888303,0.060368222462541775,0.17333518417423674,2.3766648158250163,-7.469580509678053e-13,61,0.17333518417423674,8.287082976225994e-05,1920.0,5760.0,0.0,0.03125,0.03125,5.7486182595827826e-05,0.0
104460.0,29.016666666666666,0.012019967407407406,0.23363656362739132,0.0,0.23363656362739132,0.060352466315574956,0.17325243933078346,2.37674756066847,-7.465139617579553e-13,61,0.17325243933078346,8.274484345351987e-05,1920.0,5760.0,0.0,0.03125,0.03125,5.732695296339623e-05,0.0
104520.0,29.033333333333335,0.012019872592592594,0.23350652987156398,0.0,0.23350652987156398,0.0603367839474222,0.17316981959634095,2.3768301804029126,-7.460698725481052e-13,61,0.17316981959634095,8.261973444264956e-05,1920.0,5760.0,0.0,0.03125,0.03125,5.7071648658893176e-05,0.0
104580.0,29.05,0.01201972,0.23337670163179067,0.0,0.23337670163179067,0.060321177973426406,0.1730873239559783,2.376912676043275,-7.465139617579553e-13,61,0.1730873239559783,8.249564036265979e-05,1920.0,5760.0,0.0,0.03125,0.03125,5.677516223512639e-05,0.0
104640.0,29.066666666666666,0.012019514074074072,0.23324707723386104,0.0,0.23324707723386104,0.060305647328181444,0.1730049514244901,2.3769950485747633,-7.465139617579553e-13,61,0.1730049514244901,8.237253148827737e-05,1920.0,5760.0,0.0,0.03125,0.03125,5.648644215724986e-05,0.0
104700.0,29.083333333333332,0.012019259259259259,0.23311765510811194,0.0,0.23311765510811194,0.06029018979057734,0.17292270106252647,2.377077298936727,-7.465139617579553e-13,61,0.17292270106252647,8.225036196369332e-05,1920.0,5760.0,0.0,0.03125,0.03125,5.61917425433904e-05,0.0
104760.0,29.1,0.01201896,0.2329884337885927,0.0,0.2329884337885927,0.06027480259230398,0.17284057198277156,2.377159428016481,-7.469580509678053e-13,61,0.17284057198277156,8.212907975455822e-05,1920.0,5760.0,0.0,0.03125,0.03125,5.592191846882173e-05,0.0
104820.0,29.116666666666667,0.01201862074074074,0.2328594119122489,0.0,0.2328594119122489,0.06025948266096265,0.17275856335302273,2.37724143664623,-7.469580509678053e-13,61,0.17275856335302273,8.200862974899592e-05,1920.0,5760.0,0.0,0.03125,0.03125,5.5643255392616474e-05,0.0
104880.0,29.133333333333333,0.012018245925925925,0.23273058821812115,0.0,0.23273058821812115,0.060244226739903074,0.1726766743978969,2.3773233256013557,-7.469580509678053e-13,61,0.1726766743978969,8.188895512590943e-05,1920.0,5760.0,0.0,0.03125,0.03125,5.538588908358447e-05,0.0
104940.0,29.15,0.01201784,0.23260196154655993,0.0,0.23260196154655993,0.06022903145524056,0.17259490439982708,2.3774050955994253,-7.474021401776554e-13,61,0.17259490439982708,8.176999806964957e-05,1920.0,5760.0,0.0,0.03125,0.03125,5.513951751202566e-05,0.0
105000.0,29.166666666666668,0.012017407407407407,0.23247353083845373,0.0,0.23247353083845373,0.0602138933566977,0.17251325269964232,2.3774867472996104,-7.469580509678053e-13,61,0.17251325269964232,8.165170018502236e-05,1920.0,5760.0,0.0,0.03125,0.03125,5.489682229337345e-05,0.0
105060.0,29.183333333333334,0.01201695259259259,0.23234529513447058,0.0,0.23234529513447058,0.060198808944106945,0.17243171869688528,2.3775682813023673,-7.474021401776554e-13,61,0.17243171869688528,8.153400275678956e-05,1920.0,5760.0,0.0,0.03125,0.03125,5.467746183086283e-05,0.0
105120.0,29.2,0.01201648,0.23221725357430906,0.0,0.23221725357430906,0.06018377468545532,0.17235030184996425,2.3776496981492885,-7.469580509678053e-13,61,0.17235030184996425,8.1416846921127e-05,1920.0,5760.0,0.0,0.03125,0.03125,5.446419803341334e-05,0.0
105180.0,29.216666666666665,0.012015994074074075,0.23208940539596168,0.0,0.23208940539596168,0.060168787029647515,0.17226900167618037,2.3777309983230723,-7.469580509678053e-13,61,0.17226900167618037,8.13001737838893e-05,1920.0,5760.0,0.0,0.03125,0.03125,5.4261856799874804e-05,0.0
105240.0,29.233333333333334,0.012015499259259259,0.2319617499349868,0.0,0.2319617499349868,0.060153842415817796,0.17218781775167574,2.3778121822475775,-7.465139617579553e-13,61,0.17218781775167574,8.118392450508722e-05,1920.0,5760.0,0.0,0.03125,0.03125,5.406803683619346e-05,0.0
105300.0,29.25,0.012015000000000001,0.2318342866237874,0.0,0.2318342866237874,0.06013893728030205,0.1721067497113145,2.3778932502879386,-7.465139617579553e-13,61,0.1721067497113145,8.106804036103848e-05,1920.0,5760.0,0.0,0.03125,0.03125,5.3900231567896385e-05,0.0
105360.0,29.266666666666666,0.01201450074074074,0.2317070149908978,0.0,0.2317070149908978,0.06012406806197441,0.17202579724852315,2.37797420275073,-7.465139617579553e-13,61,0.17202579724852315,8.095246279129595e-05,1920.0,5760.0,0.0,0.03125,0.03125,5.3724256395102994e-05,0.0
105420.0,29.283333333333335,0.012014005925925927,0.23157993466027604,0.0,0.23157993466027604,0.06010923120641158,0.1719449601150885,2.378055039884165,-7.460698725481052e-13,61,0.1719449601150885,8.0837133434926e-05,1920.0,5760.0,0.0,0.03125,0.03125,5.358109666734159e-05,0.0
105480.0,29.3,0.01201352,0.23145304535060116,0.0,0.23145304535060116,0.06009442316919815,0.171864238120929,2.3781357618783243,-7.465139617579553e-13,61,0.171864238120929,8.072199415919627e-05,1920.0,5760.0,0.0,0.03125,0.03125,5.343117004749536e-05,0.0
105540.0,29.316666666666666,0.012013047407407407,0.2313263468745709,0.0,0.2313263468745709,0.060079640418590916,0.17178363113384684,2.378216368865407,-7.456257833382551e-13,61,0.17178363113384684,8.060698708275316e-05,1920.0,5760.0,0.0,0.03125,0.03125,5.330492222604421e-05,0.0
105600.0,29.333333333333332,0.012012592592592592,0.2311998391382069,0.0,0.2311998391382069,0.06006487943769858,0.17170313907925183,2.378296860920002,-7.460698725481052e-13,61,0.17170313907925183,8.049205459477544e-05,1920.0,5760.0,0.0,0.03125,0.03125,5.318579080600886e-05,0.0
105660.0,29.35,0.012012160000000001,0.2310735221401626,0.0,0.2310735221401626,0.06005013672628795,0.17162276193988055,2.378377238059373,-7.460698725481052e-13,61,0.17162276193988055,8.037713937114374e-05,1920.0,5760.0,0.0,0.03125,0.03125,5.307643867563561e-05,0.0
105720.0,29.366666666666667,0.012011754074074076,0.23094739597101982,0.0,0.23094739597101982,0.06003540880230163,0.171542499755492,2.3784575002437616,-7.460698725481052e-13,61,0.171542499755492,8.026218438841038e-05,1920.0,5760.0,0.0,0.03125,0.03125,5.29891299959979e-05,0.0
105780.0,29.383333333333333,0.01201137925925926,0.2308214608125986,0.0,0.2308214608125986,0.060020692203148755,0.17146235262255596,2.3785376473766977,-7.460698725481052e-13,61,0.17146235262255596,8.014713293613415e-05,1920.0,5760.0,0.0,0.03125,0.03125,5.290267756948049e-05,0.0
105840.0,29.4,0.012011040000000002,0.2306957169372595,0.0,0.2306957169372595,0.06000598348681753,0.17138232069392753,2.3786176793053255,-7.469580509678053e-13,61,0.17138232069392753,8.00319286280253e-05,1920.0,5760.0,0.0,0.03125,0.03125,5.2829286536326206e-05,0.0
105900.0,29.416666666666668,0.012010740740740742,0.23057016470720387,0.0,0.23057016470720387,0.05999127923284522,0.17130240417851558,2.378697595820738,-7.465139617579553e-13,61,0.17130240417851558,7.991651541221714e-05,1920.0,5760.0,0.0,0.03125,0.03125,5.276377579500621e-05,0.0
105960.0,29.433333333333334,0.012010485925925928,0.23044480457376942,0.0,0.23044480457376942,0.05997657604317554,0.1712226033409344,2.378777396658319,-7.465139617579553e-13,61,0.1712226033409344,7.980083758093027e-05,1920.0,5760.0,0.0,0.03125,0.03125,5.271867141965346e-05,0.0
106020.0,29.45,0.012010280000000002,0.2303196370767236,0.0,0.2303196370767236,0.05996187054292514,0.17114291850115457,2.378857081498099,-7.465139617579553e-13,61,0.17114291850115457,7.968483977972596e-05,1920.0,5760.0,0.0,0.03125,0.03125,5.267821045650777e-05,0.0
106080.0,29.466666666666665,0.012010127407407409,0.230194662843551,0.0,0.230194662843551,0.05994715938107803,0.17106335003413808,2.3789366499651154,-7.460698725481052e-13,61,0.17106335003413808,7.956846701650383e-05,1920.0,5760.0,0.0,0.03125,0.03125,5.265893874324891e-05,0.0
106140.0,29.483333333333334,0.012010032592592593,0.23006988258873382,0.0,0.23006988258873382,0.05993243923112172,0.17098389836946762,2.379016101629786,-7.460698725481052e-13,61,0.17098389836946762,7.945166467037035e-05,1920.0,5760.0,0.0,0.03125,0.03125,5.2639573038184824e-05,0.0
106200.0,29.5,0.012010000000000002,0.2299452971130257,0.0,0.2299452971130257,0.05991770679163752,0.17090456399096704,2.3790954360082863,-7.465139617579553e-13,61,0.17090456399096704,7.933437850047298e-05,1920.0,5760.0,0.0,0.03125,0.03125,5.263998884485938e-05,0.0
106260.0,29.516666666666666,0.012010000000000002,0.22982090706872227,0.0,0.22982090706872227,0.05990297304499448,0.17082534732737603,2.3791746526718778,-7.460698725481052e-13,61,0.17082534732737603,7.92166635912418e-05,1920.0,5760.0,0.0,0.03125,0.03125,5.2637931236764877e-05,0.0
106320.0,29.533333333333335,0.012010000000000002,0.22969671222998578,0.0,0.22969671222998578,0.05988826135763627,0.17074624835322993,2.379253751646024,-7.460698725481052e-13,61,0.17074624835322993,7.909897414609252e-05,1920.0,5760.0,0.0,0.03125,0.03125,5.254288005138377e-05,0.0
106380.0,29.55,0.012010000000000002,0.22957271214564057,0.0,0.22957271214564057,0.05987357662508477,0.17066726686854106,2.379332733130713,-7.460698725481052e-13,61,0.17066726686854106,7.898148468870976e-05,1920.0,5760.0,0.0,0.03125,0.03125,5.241883658122861e-05,0.0
106440.0,29.566666666666666,0.012010000000000002,0.229448906365848,0.0,0.229448906365848,0.05985892069606697,0.17058840264956276,2.379411597349691,-7.460698725481052e-13,61,0.17058840264956276,7.886421897833283e-05,1920.0,5760.0,0.0,0.03125,0.03125,5.228378978265134e-05,0.0
106500.0,29.583333333333332,0.012010000000000002,0.22932529444210625,0.0,0.22932529444210625,0.05984429453828467,0.1705096554618248,2.3794903445374294,-7.456257833382551e-13,61,0.1705096554618248,7.874718773821803e-05,1920.0,5760.0,0.0,0.03125,0.03125,5.2153724267695616e-05,0.0
106560.0,29.6,0.012010000000000002,0.22920187592724123,0.0,0.22920187592724123,0.05982969872325969,0.1704310250648845,2.3795689749343696,-7.456257833382551e-13,61,0.1704310250648845,7.863039694010767e-05,1920.0,5760.0,0.0,0.03125,0.03125,5.2007451928485694e-05,0.0
106620.0,29.616666666666667,0.012010000000000002,0.22907865037540331,0.0,0.22907865037540331,0.05981513360925934,0.17035251121466322,2.379647488784591,-7.456257833382551e-13,61,0.17035251121466322,7.851385022119312e-05,1920.0,5760.0,0.0,0.03125,0.03125,5.187606060752825e-05,0.0
106680.0,29.633333333333333,0.012010000000000002,0.22895561734206368,0.0,0.22895561734206368,0.05980059942685611,0.17027411366476866,2.3797258863344855,-7.456257833382551e-13,61,0.17027411366476866,7.839754989471332e-05,1920.0,5760.0,0.0,0.03125,0.03125,5.1732532033759597e-05,0.0
106740.0,29.65,0.012010000000000002,0.22883277638400776,0.0,0.22883277638400776,0.05978609632445953,0.1701958321673163,2.379804167831938,-7.451816941284051e-13,61,0.1701958321673163,7.828149745273152e-05,1920.0,5760.0,0.0,0.03125,0.03125,5.158813433574267e-05,0.0
106800.0,29.666666666666668,0.012010000000000002,0.22871012705933183,0.0,0.22871012705933183,0.059771624394779586,0.17011766647347104,2.3798823335257833,-7.456257833382551e-13,61,0.17011766647347104,7.816569384524613e-05,1920.0,5760.0,0.0,0.03125,0.03125,5.143969345258763e-05,0.0
106860.0,29.683333333333334,0.012010000000000002,0.22858766892743831,0.0,0.22858766892743831,0.059757183691234034,0.1700396163338231,2.3799603836654306,-7.460698725481052e-13,61,0.1700396163338231,7.805013964754105e-05,1920.0,5760.0,0.0,0.03125,0.03125,5.129647770723308e-05,0.0
106920.0,29.7,0.012010000000000002,0.2284654015490308,0.0,0.2284654015490308,0.05974277423864019,0.169961681498657,2.380038318500597,-7.460698725481052e-13,61,0.169961681498657,7.793483516645936e-05,1920.0,5760.0,0.0,0.03125,0.03125,5.115235892771938e-05,0.0
106980.0,29.716666666666665,0.012010000000000002,0.22834332448610817,0.0,0.22834332448610817,0.05972839604046269,0.1698838617181461,2.380116138281108,-7.456257833382551e-13,61,0.1698838617181461,7.781978051100036e-05,1920.0,5760.0,0.0,0.03125,0.03125,5.101105044012132e-05,0.0
107040.0,29.733333333333334,0.012010000000000002,0.2282214373019637,0.0,0.2282214373019637,0.05971404908389009,0.16980615674250527,2.380193843256749,-7.456257833382551e-13,61,0.16980615674250527,7.770497564094031e-05,1920.0,5760.0,0.0,0.03125,0.03125,5.0863365427061485e-05,0.0
107100.0,29.75,0.012010000000000002,0.22809973956117663,0.0,0.22809973956117663,0.059699733343484836,0.16972856632210406,2.38027143367715,-7.456257833382551e-13,61,0.16972856632210406,7.759042040131486e-05,1920.0,5760.0,0.0,0.03125,0.03125,5.072824752146343e-05,0.0
107160.0,29.766666666666666,0.012010000000000002,0.2279782308296094,0.0,0.2279782308296094,0.059685448783871144,0.16965109020755648,2.3803489097916977,-7.456257833382551e-13,61,0.16965109020755648,7.747611454751485e-05,1920.0,5760.0,0.0,0.03125,0.03125,5.057922801526668e-05,0.0
107220.0,29.783333333333335,0.012010000000000002,0.22785691067440195,0.0,0.22785691067440195,0.059671195361751236,0.16957372814979238,2.3804262718494615,-7.460698725481052e-13,61,0.16957372814979238,7.736205776392667e-05,1920.0,5760.0,0.0,0.03125,0.03125,5.0435946592049706e-05,0.0
107280.0,29.8,0.012010000000000002,0.2277357786639697,0.0,0.2277357786639697,0.05965697302744558,0.16949647990011457,2.38050352009914,-7.456257833382551e-13,61,0.16949647990011457,7.724824967804026e-05,1920.0,5760.0,0.0,0.03125,0.03125,5.030030176822791e-05,0.0
107340.0,29.816666666666666,0.012010000000000002,0.22761483436799643,0.0,0.22761483436799643,0.05964278172608566,0.16941934521024332,2.380580654789011,-7.451816941284051e-13,61,0.16941934521024332,7.713468987129954e-05,1920.0,5760.0,0.0,0.03125,0.03125,5.0157050206757305e-05,0.0
107400.0,29.833333333333332,0.012010000000000002,0.22749407735743082,0.0,0.22749407735743082,0.05962862139855136,0.16934232383235556,2.3806576761668987,-7.456257833382551e-13,61,0.16934232383235556,7.702137788756806e-05,1920.0,5760.0,0.0,0.03125,0.03125,5.000224314162627e-05,0.0
107460.0,29.85,0.012010000000000002,0.22737350720448224,0.0,0.22737350720448224,0.05961449198221517,0.16926541551911561,2.3807345844801384,-7.456257833382551e-13,61,0.16926541551911561,7.690831323981058e-05,1920.0,5760.0,0.0,0.03125,0.03125,4.986753632044038e-05,0.0
107520.0,29.866666666666667,0.012010000000000002,0.22725312348261495,0.0,0.22725312348261495,0.05960039341154028,0.16918862002370053,2.3808113799755537,-7.456257833382551e-13,61,0.16918862002370053,7.679549541543449e-05,1920.0,5760.0,0.0,0.03125,0.03125,4.9717164548205585e-05,0.0
107580.0,29.883333333333333,0.012010000000000002,0.22713292576654628,0.0,0.22713292576654628,0.059586325618565514,0.1691119370998199,2.380888062899434,-7.456257833382551e-13,61,0.1691119370998199,7.668292388059615e-05,1920.0,5760.0,0.0,0.03125,0.03125,4.9575286534950395e-05,0.0
107640.0,29.9,0.012010000000000002,0.22701291363223997,0.0,0.22701291363223997,0.05957228853330185,0.16903536650173634,2.380964633497518,-7.451816941284051e-13,61,0.16903536650173634,7.657059808371079e-05,1920.0,5760.0,0.0,0.03125,0.03125,4.9438132226036716e-05,0.0
107700.0,29.916666666666668,0.012010000000000002,0.2268930866569024,0.0,0.2268930866569024,0.05955828208405876,0.16895890798427787,2.3810410920149763,-7.456257833382551e-13,61,0.16895890798427787,7.645851745833048e-05,1920.0,5760.0,0.0,0.03125,0.03125,4.929569570030474e-05,0.0
107760.0,29.933333333333334,0.012010000000000002,0.22677344441897826,0.0,0.22677344441897826,0.059544306197716154,0.16888256130285234,2.3811174386964016,-7.460698725481052e-13,61,0.16888256130285234,7.634668142552751e-05,1920.0,5760.0,0.0,0.03125,0.03125,4.9158327862824197e-05,0.0
107820.0,29.95,0.012010000000000002,0.22665398649814628,0.0,0.22665398649814628,0.0595303607999509,0.16880632621345656,2.3811936737857975,-7.456257833382551e-13,61,0.16880632621345656,7.623508939587924e-05,1920.0,5760.0,0.0,0.03125,0.03125,4.9010071790055075e-05,0.0
107880.0,29.966666666666665,0.012010000000000002,0.22653471247531493,0.0,0.22653471247531493,0.0595164458154277,0.16873020247268544,2.3812697975265684,-7.460698725481052e-13,61,0.16873020247268544,7.612374077113207e-05,1920.0,5760.0,0.0,0.03125,0.03125,4.886936854081881e-05,0.0
107940.0,29.983333333333334,0.012010000000000002,0.22641562193261788,0.0,0.22641562193261788,0.05950256116796042,0.16865418983774003,2.381345810161514,-7.460698725481052e-13,61,0.16865418983774003,7.60126349456044e-05,1920.0,5760.0,0.0,0.03125,0.03125,4.8734584664098444e-05,0.0
108000.0,30.0,0.012010000000000002,0.22629671445341012,0.0,0.22629671445341012,0.05948870678064921,0.1685782880664323,2.381421711932821,-7.465139617579553e-13,61,0.1685782880664323,7.590177130737615e-05,1920.0,5760.0,0.0,0.03125,0.03125,4.858469989487377e-05,0.0
108060.0,30.016666666666666,0.012010000000000002,0.22617798962226307,0.0,0.22617798962226307,0.0594748825759976,0.16850249691719316,2.3814975030820604,-7.460698725481052e-13,61,0.16850249691719316,7.579114923930278e-05,1920.0,5760.0,0.0,0.03125,0.03125,4.8443770631287445e-05,0.0
108120.0,30.033333333333335,0.012010000000000002,0.2260594470249605,0.0,0.2260594470249605,0.059461088476013294,0.1684268161490733,2.3815731838501804,-7.460698725481052e-13,61,0.1684268161490733,7.56807681198846e-05,1920.0,5760.0,0.0,0.03125,0.03125,4.8305784962390775e-05,0.0
108180.0,30.05,0.012010000000000002,0.22594108624849502,0.0,0.22594108624849502,0.05944732440229463,0.16835124552174918,2.3816487544775042,-7.465139617579553e-13,61,0.16835124552174918,7.557062732401177e-05,1920.0,5760.0,0.0,0.03125,0.03125,4.817240260688984e-05,0.0
108240.0,30.066666666666666,0.012010000000000002,0.22582290688106255,0.0,0.22582290688106255,0.05943359027610544,0.16827578479552557,2.381724215203728,-7.465139617579553e-13,61,0.16827578479552557,7.546072622360905e-05,1920.0,5760.0,0.0,0.03125,0.03125,4.802354126769973e-05,0.0
108300.0,30.083333333333332,0.012010000000000002,0.2257049085120591,0.0,0.2257049085120591,0.059419886018440546,0.16820043373133786,2.381799566267916,-7.460698725481052e-13,61,0.16820043373133786,7.535106418819628e-05,1920.0,5760.0,0.0,0.03125,0.03125,4.7884786821628065e-05,0.0
108360.0,30.1,0.012010000000000002,0.2255870907320766,0.0,0.2255870907320766,0.05940621155008212,0.16812519209075236,2.3818748079085017,-7.456257833382551e-13,61,0.16812519209075236,7.524164058537121e-05,1920.0,5760.0,0.0,0.03125,0.03125,4.7753647288125804e-05,0.0
108420.0,30.116666666666667,0.012010000000000002,0.22546945313289768,0.0,0.22546945313289768,0.059392566791649094,0.16805005963597103,2.381949940363283,-7.460698725481052e-13,61,0.16805005963597103,7.513245478123676e-05,1920.0,5760.0,0.0,0.03125,0.03125,4.7615289223397914e-05,0.0
108480.0,30.133333333333333,0.012010000000000002,0.22535199530749245,0.0,0.22535199530749245,0.05937895166364129,0.1679750361298304,2.3820249638694238,-7.456257833382551e-13,61,0.1679750361298304,7.502350614076903e-05,1920.0,5760.0,0.0,0.03125,0.03125,4.747900933456512e-05,0.0
108540.0,30.15,0.012010000000000002,0.22523471685001434,0.0,0.22523471685001434,0.059365366086477106,0.16790012133580215,2.382099878663452,-7.456257833382551e-13,61,0.16790012133580215,7.491479402814672e-05,1920.0,5760.0,0.0,0.03125,0.03125,4.734113710629982e-05,0.0
108600.0,30.166666666666668,0.012010000000000002,0.2251176173557955,0.0,0.2251176173557955,0.05935180998052708,0.16782531501799544,2.382174684981259,-7.456257833382551e-13,61,0.16782531501799544,7.480631780703472e-05,1920.0,5760.0,0.0,0.03125,0.03125,4.720568487855157e-05,0.0
108660.0,30.183333333333334,0.012010000000000002,0.22500069642134285,0.0,0.22500069642134285,0.05933828326614403,0.16775061694115448,2.3822493830580997,-7.456257833382551e-13,61,0.16775061694115448,7.469807684083805e-05,1920.0,5760.0,0.0,0.03125,0.03125,4.70596176903722e-05,0.0
108720.0,30.2,0.012010000000000002,0.22488395364433442,0.0,0.22488395364433442,0.05932478586368927,0.16767602687066177,2.382323973128593,-7.451816941284051e-13,61,0.16767602687066177,7.459007049292805e-05,1920.0,5760.0,0.0,0.03125,0.03125,4.692570609615053e-05,0.0
108780.0,30.216666666666665,0.012010000000000002,0.2247673886236145,0.0,0.2247673886236145,0.059311317693555916,0.16760154457253504,2.3823984554267197,-7.451816941284051e-13,61,0.16760154457253504,7.44822981268372e-05,1920.0,5760.0,0.0,0.03125,0.03125,4.6787633895539925e-05,0.0
108840.0,30.233333333333334,0.012010000000000002,0.22465100095919033,0.0,0.22465100095919033,0.059297878676189644,0.16752716981342847,2.3824728301858262,-7.451816941284051e-13,61,0.16752716981342847,7.437475910643855e-05,1920.0,5760.0,0.0,0.03125,0.03125,4.6661170311102094e-05,0.0
108900.0,30.25,0.012010000000000002,0.22453479025222733,0.0,0.22453479025222733,0.05928446873210729,0.16745290236063246,2.3825470976386223,-7.451816941284051e-13,61,0.16745290236063246,7.426745279610026e-05,1920.0,5760.0,0.0,0.03125,0.03125,4.65146351559669e-05,0.0
108960.0,30.266666666666666,0.012010000000000002,0.2244187561050457,0.0,0.2244187561050457,0.059271087781913465,0.16737874198207164,2.382621258017183,-7.451816941284051e-13,61,0.16737874198207164,7.41603785608271e-05,1920.0,5760.0,0.0,0.03125,0.03125,4.6373438170477025e-05,0.0
109020.0,30.283333333333335,0.012010000000000002,0.22430289812111598,0.0,0.22430289812111598,0.059257735746315085,0.16730468844630542,2.3826953115529492,-7.451816941284051e-13,61,0.16730468844630542,7.405353576638368e-05,1920.0,5760.0,0.0,0.03125,0.03125,4.625183541537072e-05,0.0
109080.0,30.3,0.012010000000000002,0.2241872159050553,0.0,0.2241872159050553,0.05924441254613464,0.16723074152252582,2.3827692584767286,-7.451816941284051e-13,61,0.16723074152252582,7.39469237794083e-05,1920.0,5760.0,0.0,0.03125,0.03125,4.611888046465169e-05,0.0
109140.0,30.316666666666666,0.012010000000000002,0.2240717090626228,0.0,0.2240717090626228,0.05923111810232222,0.16715690098055822,2.382843099018696,-7.456257833382551e-13,61,0.16715690098055822,7.384054196751122e-05,1920.0,5760.0,0.0,0.03125,0.03125,4.598207319575791e-05,0.0
109200.0,30.333333333333332,0.012010000000000002,0.22395637720071682,0.0,0.22395637720071682,0.0592178523359661,0.16708316659085912,2.3829168334083954,-7.451816941284051e-13,61,0.16708316659085912,7.373438969936477e-05,1920.0,5760.0,0.0,0.03125,0.03125,4.583934711980552e-05,0.0
109260.0,30.35,0.012010000000000002,0.22384121992737047,0.0,0.22384121992737047,0.05920461516830181,0.16700953812451447,2.38299046187474,-7.451816941284051e-13,61,0.16700953812451447,7.362846634478434e-05,1920.0,5760.0,0.0,0.03125,0.03125,4.57008748932779e-05,0.0
109320.0,30.366666666666667,0.012010000000000002,0.2237262368517468,0.0,0.2237262368517468,0.05919140652072141,0.1669360153532396,2.383063984646015,-7.451816941284051e-13,61,0.1669360153532396,7.352277127479897e-05,1920.0,5760.0,0.0,0.03125,0.03125,4.557574744413243e-05,0.0
109380.0,30.383333333333333,0.012010000000000002,0.22361142758413638,0.0,0.22361142758413638,0.059178226314780646,0.16686259804937764,2.3831374019498766,-7.456257833382551e-13,61,0.16686259804937764,7.341730386171868e-05,1920.0,5760.0,0.0,0.03125,0.03125,4.544461474432361e-05,0.0
109440.0,30.4,0.012010000000000002,0.22349679173595172,0.0,0.22349679173595172,0.059165074472206106,0.16678928598589887,2.3832107140133556,-7.451816941284051e-13,61,0.16678928598589887,7.331206347919089e-05,1920.0,5760.0,0.0,0.03125,0.03125,4.530633781501885e-05,0.0
109500.0,30.416666666666668,0.012010000000000002,0.22338232891972432,0.0,0.22338232891972432,0.059151950914901594,0.16671607893639664,2.383283921062858,-7.451816941284051e-13,61,0.16671607893639664,7.320704950225384e-05,1920.0,5760.0,0.0,0.03125,0.03125,4.5181471479353226e-05,0.0
109560.0,30.433333333333334,0.012010000000000002,0.223268038749102,0.0,0.223268038749102,0.05913885556495344,0.16664297667508915,2.3833570233241654,-7.451816941284051e-13,61,0.16664297667508915,7.310226130738459e-05,1920.0,5760.0,0.0,0.03125,0.03125,4.50433099798322e-05,0.0
109620.0,30.45,0.012010000000000002,0.22315392083884264,0.0,0.22315392083884264,0.05912578834463559,0.16656997897681666,2.383430021022438,-7.451816941284051e-13,61,0.16656997897681666,7.29976982725398e-05,1920.0,5760.0,0.0,0.03125,0.03125,4.4907502635586244e-05,0.0
109680.0,30.466666666666665,0.012010000000000002,0.22303997480481214,0.0,0.22303997480481214,0.05911274917641447,0.1664970856170395,2.3835029143822153,-7.451816941284051e-13,61,0.1664970856170395,7.289335977719574e-05,1920.0,5760.0,0.0,0.03125,0.03125,4.478379800880031e-05,0.0
109740.0,30.483333333333334,0.012010000000000002,0.22292620026397852,0.0,0.22292620026397852,0.05909973798295283,0.16642429637183723,2.3835757036274177,-7.44737604918555e-13,61,0.16642429637183723,7.27892452023831e-05,1920.0,5760.0,0.0,0.03125,0.03125,4.464916933956567e-05,0.0
109800.0,30.5,0.012010000000000002,0.22281259683441174,0.0,0.22281259683441174,0.059086754687113364,0.16635161101790671,2.3836483889813485,-7.44737604918555e-13,61,0.16635161101790671,7.2685353930716e-05,1920.0,5760.0,0.0,0.03125,0.03125,4.451146272695793e-05,0.0
109860.0,30.516666666666666,0.012010000000000002,0.22269916413527685,0.0,0.22269916413527685,0.05907379921196228,0.16627902933256,2.383720970666695,-7.451816941284051e-13,61,0.16627902933256,7.258168534642134e-05,1920.0,5760.0,0.0,0.03125,0.03125,4.438090833943521e-05,0.0
109920.0,30.533333333333335,0.012010000000000002,0.2225859017868299,0.0,0.2225859017868299,0.05906087148077225,0.16620655109372445,2.3837934489055304,-7.451816941284051e-13,61,0.16620655109372445,7.247823883536501e-05,1920.0,5760.0,0.0,0.03125,0.03125,4.425599274387489e-05,0.0
109980.0,30.55,0.012010000000000002,0.22247280941041658,0.0,0.22247280941041658,0.059047971417024704,0.1661341760799397,2.3838658239193156,-7.44737604918555e-13,61,0.1661341760799397,7.237501378507249e-05,1920.0,5760.0,0.0,0.03125,0.03125,4.4125155619054984e-05,0.0
110040.0,30.566666666666666,0.012010000000000002,0.22235988662846726,0.0,0.22235988662846726,0.05903509894441278,0.16606190407035515,2.3839380959289005,-7.442935157087049e-13,61,0.16606190407035515,7.227200958475003e-05,1920.0,5760.0,0.0,0.03125,0.03125,4.39891761140164e-05,0.0
110100.0,30.583333333333332,0.012010000000000002,0.22224713306449284,0.0,0.22224713306449284,0.05902225398684303,0.16598973484472945,2.384010265154526,-7.442935157087049e-13,61,0.16598973484472945,7.216922562530282e-05,1920.0,5760.0,0.0,0.03125,0.03125,4.3864135732254435e-05,0.0
110160.0,30.6,0.012010000000000002,0.2221345483430811,0.0,0.2221345483430811,0.05900943646843758,0.16591766818343043,2.3840823318158253,-7.442935157087049e-13,61,0.16591766818343043,7.206666129935182e-05,1920.0,5760.0,0.0,0.03125,0.03125,4.372695659609867e-05,0.0
110220.0,30.616666666666667,0.012010000000000002,0.22202213208989438,0.0,0.22202213208989438,0.05899664631353579,0.16584570386742906,2.3841542961318267,-7.438494264988549e-13,61,0.16584570386742906,7.196431600124612e-05,1920.0,5760.0,0.0,0.03125,0.03125,4.3604447352283585e-05,0.0
110280.0,30.633333333333333,0.012010000000000002,0.2219098839316635,0.0,0.2219098839316635,0.058983883446695556,0.165773841678302,2.3842261583209536,-7.442935157087049e-13,61,0.165773841678302,7.186218912707828e-05,1920.0,5760.0,0.0,0.03125,0.03125,4.347399928638501e-05,0.0
110340.0,30.65,0.012010000000000002,0.22179780349618639,0.0,0.22179780349618639,0.05897114779269512,0.16570208139822729,2.3842979186010282,-7.442935157087049e-13,61,0.16570208139822729,7.176028007469388e-05,1920.0,5760.0,0.0,0.03125,0.03125,4.333692911786362e-05,0.0
110400.0,30.666666666666668,0.012010000000000002,0.22168589041232328,0.0,0.22168589041232328,0.05895843927653366,0.16563042280998383,2.384369577189272,-7.442935157087049e-13,61,0.16563042280998383,7.165858824370213e-05,1920.0,5760.0,0.0,0.03125,0.03125,4.321888697929933e-05,0.0
110460.0,30.683333333333334,0.012010000000000002,0.2215741443099924,0.0,0.2215741443099924,0.058945757823432705,0.16555886569694828,2.3844411343023073,-7.442935157087049e-13,61,0.16555886569694828,7.155711303548584e-05,1920.0,5760.0,0.0,0.03125,0.03125,4.3084351730015145e-05,0.0
110520.0,30.7,0.012010000000000002,0.22146256482016835,0.0,0.22146256482016835,0.05893310335883705,0.165487409843095,2.3845125901561603,-7.442935157087049e-13,61,0.165487409843095,7.145585385320616e-05,1920.0,5760.0,0.0,0.03125,0.03125,4.295701630707933e-05,0.0
110580.0,30.716666666666665,0.012010000000000002,0.22135115157487734,0.0,0.22135115157487734,0.05892047580841531,0.16541605503299328,2.3845839449662622,-7.442935157087049e-13,61,0.16541605503299328,7.135481010181332e-05,1920.0,5760.0,0.0,0.03125,0.03125,4.28293353237165e-05,0.0
110640.0,30.733333333333334,0.012010000000000002,0.22123990420719175,0.0,0.22123990420719175,0.05890787509806061,0.1653448010518055,2.3846551989474505,-7.438494264988549e-13,61,0.1653448010518055,7.125398118804847e-05,1920.0,5760.0,0.0,0.03125,0.03125,4.270976852722282e-05,0.0
110700.0,30.75,0.012010000000000002,0.2211288223512311,0.0,0.2211288223512311,0.05889530115389123,0.16527364768528469,2.384726352313971,-7.442935157087049e-13,61,0.16527364768528469,7.115336652045038e-05,1920.0,5760.0,0.0,0.03125,0.03125,4.257726441824402e-05,0.0
110760.0,30.766666666666666,0.012010000000000002,0.22101790564215254,0.0,0.22101790564215254,0.058882753902251006,0.16520259471977566,2.3847974052794805,-7.438494264988549e-13,61,0.16520259471977566,7.10529655093596e-05,1920.0,5760.0,0.0,0.03125,0.03125,4.245417518274758e-05,0.0
110820.0,30.783333333333335,0.012010000000000002,0.22090715371615371,0.0,0.22090715371615371,0.05887023326970978,0.16513164194220847,2.3848683580570476,-7.438494264988549e-13,61,0.16513164194220847,7.095277756692045e-05,1920.0,5760.0,0.0,0.03125,0.03125,4.2331561739572655e-05,0.0
110880.0,30.8,0.012010000000000002,0.22079656621046315,0.0,0.22079656621046315,0.058857739183063695,0.16506078914010155,2.3849392108591547,-7.434053372890048e-13,61,0.16506078914010155,7.085280210708586e-05,1920.0,5760.0,0.0,0.03125,0.03125,4.220374099449926e-05,0.0
110940.0,30.816666666666666,0.012010000000000002,0.22068614276334184,0.0,0.22068614276334184,0.05884527156933526,0.16499003610155616,2.3850099638977005,-7.434053372890048e-13,61,0.16499003610155616,7.075303854561709e-05,1920.0,5760.0,0.0,0.03125,0.03125,4.207489526077133e-05,0.0
111000.0,30.833333333333332,0.012010000000000002,0.22057588301407555,0.0,0.22057588301407555,0.05883283035577352,0.16491938261525604,2.3850806173840007,-7.429612480791548e-13,61,0.16491938261525604,7.065348630008629e-05,1920.0,5760.0,0.0,0.03125,0.03125,4.194594514550789e-05,0.0
111060.0,30.85,0.012010000000000002,0.22046578660297445,0.0,0.22046578660297445,0.05882041546985416,0.16484882847046603,2.3851511715287907,-7.429612480791548e-13,61,0.16484882847046603,7.05541447898769e-05,1920.0,5760.0,0.0,0.03125,0.03125,4.181474987789294e-05,0.0
111120.0,30.866666666666667,0.012010000000000002,0.22035585317136772,0.0,0.22035585317136772,0.05880802683927966,0.1647783734570302,2.385221626542227,-7.425171588693047e-13,61,0.1647783734570302,7.045501343618451e-05,1920.0,5760.0,0.0,0.03125,0.03125,4.1700195676864676e-05,0.0
111180.0,30.883333333333333,0.012010000000000002,0.22024608236160143,0.0,0.22024608236160143,0.05879566439197908,0.16470801736536786,2.385291982633889,-7.429612480791548e-13,61,0.16470801736536786,7.035609166201606e-05,1920.0,5760.0,0.0,0.03125,0.03125,4.157784263119562e-05,0.0
111240.0,30.9,0.012010000000000002,0.22013647381703333,0.0,0.22013647381703333,0.058783328056107975,0.1646377599864757,2.385362240012781,-7.429612480791548e-13,61,0.1646377599864757,7.025737889219029e-05,1920.0,5760.0,0.0,0.03125,0.03125,4.145791038586181e-05,0.0
111300.0,30.916666666666668,0.012010000000000002,0.22002702718203115,0.0,0.22002702718203115,0.058771017760048304,0.16456760111192248,2.3854323988873345,-7.429612480791548e-13,61,0.16456760111192248,7.015887455333576e-05,1920.0,5760.0,0.0,0.03125,0.03125,4.132971848019016e-05,0.0
111360.0,30.933333333333334,0.012010000000000002,0.21991774210196818,0.0,0.21991774210196818,0.058758733432408464,0.16449754053384855,2.385502459465408,-7.429612480791548e-13,61,0.16449754053384855,7.006057807389057e-05,1920.0,5760.0,0.0,0.03125,0.03125,4.120434777529376e-05,0.0
111420.0,30.95,0.012010000000000002,0.21980861822322062,0.0,0.21980861822322062,0.05874647500202262,0.16442757804496447,2.385572421954292,-7.429612480791548e-13,61,0.16442757804496447,6.996248888410036e-05,1920.0,5760.0,0.0,0.03125,0.03125,4.1082722619069567e-05,0.0
111480.0,30.966666666666665,0.012010000000000002,0.219699655193162,0.0,0.219699655193162,0.05873424239795083,0.16435771343854869,2.3856422865607083,-7.429612480791548e-13,61,0.16435771343854869,6.986460641601619e-05,1920.0,5760.0,0.0,0.03125,0.03125,4.095799382291634e-05,0.0
111540.0,30.983333333333334,0.012010000000000002,0.21959085266016432,0.0,0.21959085266016432,0.058722035549478614,0.164287946508445,2.3857120534908116,-7.434053372890048e-13,61,0.164287946508445,6.97669301034926e-05,1920.0,5760.0,0.0,0.03125,0.03125,4.084390382850821e-05,0.0
111600.0,31.0,0.012010000000000002,0.21948221027358863,0.0,0.21948221027358863,0.05870985438611658,0.1642182770490628,2.3857817229501936,-7.434053372890048e-13,61,0.1642182770490628,6.966945938218554e-05,1920.0,5760.0,0.0,0.03125,0.03125,4.071793273631818e-05,0.0
111660.0,31.016666666666666,0.012010000000000002,0.21937372768378732,0.0,0.21937372768378732,0.0586976988376003,0.16414870485537353,2.3858512951438833,-7.429612480791548e-13,61,0.16414870485537353,6.957219368954877e-05,1920.0,5760.0,0.0,0.03125,0.03125,4.059282388190148e-05,0.0
111720.0,31.033333333333335,0.012010000000000002,0.21926540454209714,0.0,0.21926540454209714,0.058685568833889576,0.16407922972290861,2.385920770276348,-7.429612480791548e-13,61,0.16407922972290861,6.94751324648315e-05,1920.0,5760.0,0.0,0.03125,0.03125,4.04693411910086e-05,0.0
111780.0,31.05,0.012010000000000002,0.21915724050083601,0.0,0.21915724050083601,0.058673464305168385,0.16400985144775937,2.385990148551497,-7.434053372890048e-13,61,0.16400985144775937,6.937827514907594e-05,1920.0,5760.0,0.0,0.03125,0.03125,4.034373730430289e-05,0.0
111840.0,31.066666666666666,0.012010000000000002,0.2190492352133031,0.0,0.2190492352133031,0.058661385181844126,0.16394056982657432,2.386059430172682,-7.438494264988549e-13,61,0.16394056982657432,6.928162118511237e-05,1920.0,5760.0,0.0,0.03125,0.03125,4.022722521954627e-05,0.0
111900.0,31.083333333333332,0.012010000000000002,0.21894138833377064,0.0,0.21894138833377064,0.05864933139454744,0.16387138465655718,2.3861286153426993,-7.434053372890048e-13,61,0.16387138465655718,6.918517001755683e-05,1920.0,5760.0,0.0,0.03125,0.03125,4.010815628090428e-05,0.0
111960.0,31.1,0.012010000000000002,0.21883369951748458,0.0,0.21883369951748458,0.0586373028741316,0.16380229573546431,2.386197704263792,-7.438494264988549e-13,61,0.16380229573546431,6.908892109280686e-05,1920.0,5760.0,0.0,0.03125,0.03125,3.998118505846503e-05,0.0
112020.0,31.116666666666667,0.012010000000000002,0.21872616842065937,0.0,0.21872616842065937,0.05862529955167213,0.16373330286160528,2.3862666971376507,-7.438494264988549e-13,61,0.16373330286160528,6.899287385903901e-05,1920.0,5760.0,0.0,0.03125,0.03125,3.9872669280751744e-05,0.0
112080.0,31.133333333333333,0.012010000000000002,0.21861879470047382,0.0,0.21861879470047382,0.0586133213584662,0.16366440583383873,2.3863355941654167,-7.442935157087049e-13,61,0.16366440583383873,6.889702776620222e-05,1920.0,5760.0,0.0,0.03125,0.03125,3.974509209652964e-05,0.0
112140.0,31.15,0.012010000000000002,0.2185115780150713,0.0,0.2185115780150713,0.058601368226032145,0.1635956044515729,2.386404395547683,-7.442935157087049e-13,61,0.1635956044515729,6.880138226601663e-05,1920.0,5760.0,0.0,0.03125,0.03125,3.963007804098059e-05,0.0
112200.0,31.166666666666668,0.012010000000000002,0.2184045180235528,0.0,0.2184045180235528,0.05858944008610883,0.1635268985147609,2.3864731014844947,-7.442935157087049e-13,61,0.1635268985147609,6.870593681196732e-05,1920.0,5760.0,0.0,0.03125,0.03125,3.9512831344719394e-05,0.0
112260.0,31.183333333333334,0.012010000000000002,0.2182976143859748,0.0,0.2182976143859748,0.058577536870655256,0.1634582878239019,2.386541712175354,-7.438494264988549e-13,61,0.1634582878239019,6.861069085930025e-05,1920.0,5760.0,0.0,0.03125,0.03125,3.939075529522175e-05,0.0
112320.0,31.2,0.012010000000000002,0.21819086676334767,0.0,0.21819086676334767,0.05856565851184992,0.1633897721800368,2.386610227819219,-7.438494264988549e-13,61,0.1633897721800368,6.851564386501904e-05,1920.0,5760.0,0.0,0.03125,0.03125,3.926804014025683e-05,0.0
112380.0,31.216666666666665,0.012010000000000002,0.21808427481763037,0.0,0.21808427481763037,0.058553804942090226,0.16332135138474904,2.386678648614507,-7.438494264988549e-13,61,0.16332135138474904,6.842079528787922e-05,1920.0,5760.0,0.0,0.03125,0.03125,3.915191628069563e-05,0.0
112440.0,31.233333333333334,0.012010000000000002,0.21797783821172784,0.0,0.21797783821172784,0.05854197609399184,0.16325302524016047,2.3867469747590953,-7.442935157087049e-13,61,0.16325302524016047,6.832614458838331e-05,1920.0,5760.0,0.0,0.03125,0.03125,3.903420875732444e-05,0.0
112500.0,31.25,0.012010000000000002,0.2178715566094882,0.0,0.2178715566094882,0.05853017190038835,0.1631847935489319,2.386815206450324,-7.442935157087049e-13,61,0.1631847935489319,6.823169122877745e-05,1920.0,5760.0,0.0,0.03125,0.03125,3.89195294317601e-05,0.0
112560.0,31.266666666666666,0.012010000000000002,0.2177654296756998,0.0,0.2177654296756998,0.058518392294330285,0.16311665611425885,2.386883343884997,-7.438494264988549e-13,61,0.16311665611425885,6.813743467304575e-05,1920.0,5760.0,0.0,0.03125,0.03125,3.880219099966643e-05,0.0
112620.0,31.283333333333335,0.012010000000000002,0.21765945707608744,0.0,0.21765945707608744,0.05850663720908488,0.1630486127398721,2.386951387259384,-7.438494264988549e-13,61,0.1630486127398721,6.804337438690528e-05,1920.0,5760.0,0.0,0.03125,0.03125,3.868146232467797e-05,0.0
112680.0,31.3,0.012010000000000002,0.21755363847730816,0.0,0.21755363847730816,0.05849490657813508,0.1629806632300341,2.387019336769222,-7.438494264988549e-13,61,0.1629806632300341,6.794950983780126e-05,1920.0,5760.0,0.0,0.03125,0.03125,3.856022781583335e-05,0.0
112740.0,31.316666666666666,0.012010000000000002,0.21744797354695103,0.0,0.21744797354695103,0.05848320033517924,0.16291280738953937,2.387087192609717,-7.438494264988549e-13,61,0.16291280738953937,6.785584049490219e-05,1920.0,5760.0,0.0,0.03125,0.03125,3.8451137465606886e-05,0.0
112800.0,31.333333333333332,0.012010000000000002,0.2173424619535319,0.0,0.2173424619535319,0.05847151841413023,0.16284504502370994,2.387154954975546,-7.438494264988549e-13,61,0.16284504502370994,6.776236582909483e-05,1920.0,5760.0,0.0,0.03125,0.03125,3.833543528696654e-05,0.0
112860.0,31.35,0.012010000000000002,0.21723710336649013,0.0,0.21723710336649013,0.058459860749114995,0.16277737593839747,2.387222624060859,-7.434053372890048e-13,61,0.16277737593839747,6.766908531297906e-05,1920.0,5760.0,0.0,0.03125,0.03125,3.82253359960979e-05,0.0
112920.0,31.366666666666667,0.012010000000000002,0.21713189745618613,0.0,0.21713189745618613,0.05844822727447372,0.16270979993997667,2.38729020005928,-7.434053372890048e-13,61,0.16270979993997667,6.757599842086174e-05,1920.0,5760.0,0.0,0.03125,0.03125,3.810352942217023e-05,0.0
112980.0,31.383333333333333,0.012010000000000002,0.21702684389389798,0.0,0.21702684389389798,0.058436617924759356,0.16264231683534816,2.3873576831639087,-7.429612480791548e-13,61,0.16264231683534816,6.748310462875354e-05,1920.0,5760.0,0.0,0.03125,0.03125,3.798694818734521e-05,0.0
113040.0,31.4,0.012010000000000002,0.21692194235181964,0.0,0.21692194235181964,0.05842503263473679,0.16257492643193341,2.3874250735673233,-7.429612480791548e-13,61,0.16257492643193341,6.739040341436168e-05,1920.0,5760.0,0.0,0.03125,0.03125,3.786744816734873e-05,0.0
113100.0,31.416666666666668,0.012010000000000002,0.21681719250305564,0.0,0.21681719250305564,0.05841347133938233,0.1625076285376763,2.3874923714615806,-7.429612480791548e-13,61,0.1625076285376763,6.729789425708573e-05,1920.0,5760.0,0.0,0.03125,0.03125,3.7753521958694354e-05,0.0
113160.0,31.433333333333334,0.012010000000000002,0.2167125940216197,0.0,0.2167125940216197,0.05840193397388297,0.16244042296103847,2.3875595770382185,-7.429612480791548e-13,61,0.16244042296103847,6.720557663801185e-05,1920.0,5760.0,0.0,0.03125,0.03125,3.764561057882119e-05,0.0
113220.0,31.45,0.012010000000000002,0.21660814658243088,0.0,0.21660814658243088,0.05839042047363568,0.16237330951099857,2.3876266904882586,-7.425171588693047e-13,61,0.16237330951099857,6.711345003990808e-05,1920.0,5760.0,0.0,0.03125,0.03125,3.753799995249693e-05,0.0
113280.0,31.466666666666665,0.012010000000000002,0.21650384986130983,0.0,0.21650384986130983,0.058378930774246746,0.1623062879970513,2.3876937120022057,-7.429612480791548e-13,61,0.1623062879970513,6.702151394721852e-05,1920.0,5760.0,0.0,0.03125,0.03125,3.741551636189351e-05,0.0
113340.0,31.483333333333334,0.012010000000000002,0.21639970353497912,0.0,0.21639970353497912,0.058367464811531204,0.16223935822920535,2.387760641770052,-7.425171588693047e-13,61,0.16223935822920535,6.69297678460571e-05,1920.0,5760.0,0.0,0.03125,0.03125,3.7300115885582535e-05,0.0
113400.0,31.5,0.012010000000000002,0.21629570728105585,0.0,0.21629570728105585,0.05835602252151198,0.1621725200179815,2.387827479981276,-7.420730696594546e-13,61,0.1621725200179815,6.683821122420341e-05,1920.0,5760.0,0.0,0.03125,0.03125,3.719414608084024e-05,0.0
113460.0,31.516666666666666,0.012010000000000002,0.21619186077805128,0.0,0.21619186077805128,0.05834460384041947,0.1621057731744101,2.387894226824847,-7.425171588693047e-13,61,0.1621057731744101,6.674684357109689e-05,1920.0,5760.0,0.0,0.03125,0.03125,3.707725472509413e-05,0.0
113520.0,31.533333333333335,0.012010000000000002,0.21608816370536713,0.0,0.21608816370536713,0.05833320870469047,0.16203911751003253,2.387960882489225,-7.425171588693047e-13,61,0.16203911751003253,6.665566437783147e-05,1920.0,5760.0,0.0,0.03125,0.03125,3.696195701221547e-05,0.0
113580.0,31.55,0.012010000000000002,0.2159846157432925,0.0,0.2159846157432925,0.05832183705096788,0.16197255283689524,2.388027447162362,-7.425171588693047e-13,61,0.16197255283689524,6.656467313714938e-05,1920.0,5760.0,0.0,0.03125,0.03125,3.685543666003857e-05,0.0
113640.0,31.566666666666666,0.012010000000000002,0.21588121657300138,0.0,0.21588121657300138,0.05831048881609973,0.1619060789675519,2.388093921031705,-7.429612480791548e-13,61,0.1619060789675519,6.64738693434368e-05,1920.0,5760.0,0.0,0.03125,0.03125,3.673932298935729e-05,0.0
113700.0,31.583333333333332,0.012010000000000002,0.2157779658765487,0.0,0.2157779658765487,0.058299163937138604,0.16183969571505957,2.388160304284198,-7.425171588693047e-13,61,0.16183969571505957,6.638325249271707e-05,1920.0,5760.0,0.0,0.03125,0.03125,3.663051831220298e-05,0.0
113760.0,31.6,0.012010000000000002,0.21567486333686847,0.0,0.21567486333686847,0.05828786235134105,0.16177340289297634,2.3882265971062804,-7.429612480791548e-13,61,0.16177340289297634,6.629282208264604e-05,1920.0,5760.0,0.0,0.03125,0.03125,3.651986170461863e-05,0.0
113820.0,31.616666666666667,0.012010000000000002,0.21557190863777062,0.0,0.21557190863777062,0.058276583996166725,0.161707200315364,2.3882927996838927,-7.429612480791548e-13,61,0.161707200315364,6.620257761250684e-05,1920.0,5760.0,0.0,0.03125,0.03125,3.6415415397732856e-05,0.0
113880.0,31.633333333333333,0.012010000000000002,0.21546910146393797,0.0,0.21546910146393797,0.058265328809277844,0.1616410877967811,2.388358912202476,-7.425171588693047e-13,61,0.1616410877967811,6.611251858320366e-05,1920.0,5760.0,0.0,0.03125,0.03125,3.630104182569629e-05,0.0
113940.0,31.65,0.012010000000000002,0.21536644150092257,0.0,0.21536644150092257,0.0582540967285383,0.16157506515228381,2.3884249348469733,-7.425171588693047e-13,61,0.16157506515228381,6.602264449725626e-05,1920.0,5760.0,0.0,0.03125,0.03125,3.6189376191254284e-05,0.0
114000.0,31.666666666666668,0.012010000000000002,0.21526392843514397,0.0,0.21526392843514397,0.058242887692013155,0.1615091321974249,2.388490867801832,-7.425171588693047e-13,61,0.1615091321974249,6.593295485879459e-05,1920.0,5760.0,0.0,0.03125,0.03125,3.6074508873756366e-05,0.0
114060.0,31.683333333333334,0.012010000000000002,0.21516156195388578,0.0,0.21516156195388578,0.05823170163796783,0.1614432887482515,2.3885567112510055,-7.429612480791548e-13,61,0.1614432887482515,6.584344917355345e-05,1920.0,5760.0,0.0,0.03125,0.03125,3.596923710553606e-05,0.0
114120.0,31.7,0.012010000000000002,0.21505934174529256,0.0,0.21505934174529256,0.058220538504867504,0.16137753462130247,2.388622465377954,-7.429612480791548e-13,61,0.16137753462130247,6.575412694886702e-05,1920.0,5760.0,0.0,0.03125,0.03125,3.586155532334937e-05,0.0
114180.0,31.716666666666665,0.012010000000000002,0.2149572674983674,0.0,0.2149572674983674,0.058209398231376386,0.16131186963360886,2.3886881303656478,-7.434053372890048e-13,61,0.16131186963360886,6.566498769366228e-05,1920.0,5760.0,0.0,0.03125,0.03125,3.574279202466792e-05,0.0
114240.0,31.733333333333334,0.012010000000000002,0.21485533890296893,0.0,0.21485533890296893,0.05819828075635694,0.16124629360269047,2.388753706396566,-7.434053372890048e-13,61,0.16124629360269047,6.557603091845514e-05,1920.0,5760.0,0.0,0.03125,0.03125,3.564183945656357e-05,0.0
114300.0,31.75,0.012010000000000002,0.21475355564980822,0.0,0.21475355564980822,0.05818718601886934,0.16118080634655516,2.3888191936527012,-7.434053372890048e-13,61,0.16118080634655516,6.548725613534371e-05,1920.0,5760.0,0.0,0.03125,0.03125,3.552636201926991e-05,0.0
114360.0,31.766666666666666,0.012010000000000002,0.21465191743044637,0.0,0.21465191743044637,0.058176113958170725,0.16111540768369698,2.3888845923155593,-7.434053372890048e-13,61,0.16111540768369698,6.539866285800331e-05,1920.0,5760.0,0.0,0.03125,0.03125,3.5420559995303814e-05,0.0
114420.0,31.783333333333335,0.012010000000000002,0.21455042393729123,0.0,0.21455042393729123,0.05816506451371445,0.1610500974330955,2.388949902566161,-7.434053372890048e-13,61,0.1610500974330955,6.531025060168045e-05,1920.0,5760.0,0.0,0.03125,0.03125,3.530682573460916e-05,0.0
114480.0,31.8,0.012010000000000002,0.21444907486359518,0.0,0.21444907486359518,0.058154037625149445,0.16098487541421222,2.389015124585044,-7.434053372890048e-13,61,0.16098487541421222,6.522201888318807e-05,1920.0,5760.0,0.0,0.03125,0.03125,3.520431177975853e-05,0.0
114540.0,31.816666666666666,0.012010000000000002,0.21434786990345156,0.0,0.21434786990345156,0.05814303323231949,0.16091974144699098,2.3890802585522652,-7.434053372890048e-13,61,0.16091974144699098,6.51339672208988e-05,1920.0,5760.0,0.0,0.03125,0.03125,3.51014518479184e-05,0.0
114600.0,31.833333333333332,0.012010000000000002,0.21424680875179264,0.0,0.21424680875179264,0.05813205127526264,0.16085469535185645,2.3891453046474,-7.434053372890048e-13,61,0.16085469535185645,6.50460951347414e-05,1920.0,5760.0,0.0,0.03125,0.03125,3.499157302739808e-05,0.0
114660.0,31.85,0.012010000000000002,0.21414589110438637,0.0,0.21414589110438637,0.05812109169421032,0.16078973694971072,2.389210263049546,-7.429612480791548e-13,61,0.16078973694971072,6.495840214619302e-05,1920.0,5760.0,0.0,0.03125,0.03125,3.488080356253875e-05,0.0
114720.0,31.866666666666667,0.012010000000000002,0.2140451166578336,0.0,0.2140451166578336,0.05811015442958687,0.16072486606193243,2.3892751339373244,-7.429612480791548e-13,61,0.16072486606193243,6.487088777827508e-05,1920.0,5760.0,0.0,0.03125,0.03125,3.477895035609358e-05,0.0
114780.0,31.883333333333333,0.012010000000000002,0.21394448510956557,0.0,0.21394448510956557,0.058099239422008724,0.16066008251037672,2.38933991748888,-7.429612480791548e-13,61,0.16066008251037672,6.478355155554811e-05,1920.0,5760.0,0.0,0.03125,0.03125,3.466820252679843e-05,0.0
114840.0,31.9,0.012010000000000002,0.21384399615784114,0.0,0.21384399615784114,0.058088346612283716,0.16059538611737262,2.3894046138818843,-7.429612480791548e-13,61,0.16059538611737262,6.469639300410481e-05,1920.0,5760.0,0.0,0.03125,0.03125,3.456056177690231e-05,0.0
114900.0,31.916666666666668,0.012010000000000002,0.21374364950174385,0.0,0.21374364950174385,0.05807747594141052,0.16053077670572127,2.3894692232935357,-7.429612480791548e-13,61,0.16053077670572127,6.46094116515657e-05,1920.0,5760.0,0.0,0.03125,0.03125,3.4459066146081434e-05,0.0
114960.0,31.933333333333334,0.012010000000000002,0.21364344484117911,0.0,0.21364344484117911,0.058066627350577875,0.16046625409869392,2.3895337459005628,-7.429612480791548e-13,61,0.16046625409869392,6.452260702707406e-05,1920.0,5760.0,0.0,0.03125,0.03125,3.435267900813358e-05,0.0
115020.0,31.95,0.012010000000000002,0.21354338187687233,0.0,0.21354338187687233,0.05805580078116388,0.1604018181200328,2.389598181879224,-7.429612480791548e-13,61,0.1604018181200328,6.443597866128847e-05,1920.0,5760.0,0.0,0.03125,0.03125,3.4245627073268645e-05,0.0
115080.0,31.966666666666665,0.012010000000000002,0.21344346031036476,0.0,0.21344346031036476,0.05804499617473549,0.1603374685939464,2.3896625314053104,-7.429612480791548e-13,61,0.1603374685939464,6.43495260863802e-05,1920.0,5760.0,0.0,0.03125,0.03125,3.4138428209629035e-05,0.0
115140.0,31.983333333333334,0.012010000000000002,0.21334367984401137,0.0,0.21334367984401137,0.05803421347304751,0.16027320534511078,2.3897267946541465,-7.425171588693047e-13,61,0.16027320534511078,6.426324883602628e-05,1920.0,5760.0,0.0,0.03125,0.03125,3.404161533071632e-05,0.0
115200.0,32.0,0.012010000000000002,0.21324404018097962,0.0,0.21324404018097962,0.05802345261804223,0.16020902819866506,2.389790971800592,-7.425171588693047e-13,61,0.16020902819866506,6.417714644540209e-05,1920.0,5760.0,0.0,0.03125,0.03125,3.393230380637317e-05,0.0
115260.0,32.016666666666666,0.012010000000000002,0.21314454102524477,0.0,0.21314454102524477,0.05801271355184871,0.16014493698021412,2.389855063019043,-7.425171588693047e-13,61,0.16014493698021412,6.40912184511805e-05,1920.0,5760.0,0.0,0.03125,0.03125,3.382761853261159e-05,0.0
115320.0,32.03333333333333,0.012010000000000002,0.21304518208158804,0.0,0.21304518208158804,0.058001996216781836,0.16008093151582228,2.389919068483435,-7.425171588693047e-13,61,0.16008093151582228,6.400546439152299e-05,1920.0,5760.0,0.0,0.03125,0.03125,3.3729901208359656e-05,0.0
115380.0,32.05,0.012010000000000002,0.21294596305559385,0.0,0.21294596305559385,0.057991300555342074,0.1600170116320163,2.3899829883672408,-7.429612480791548e-13,61,0.1600170116320163,6.391988380607578e-05,1920.0,5760.0,0.0,0.03125,0.03125,3.362000628477349e-05,0.0
115440.0,32.06666666666667,0.012010000000000002,0.21284688365364748,0.0,0.21284688365364748,0.05798062651021438,0.15995317715578097,2.390046822843477,-7.420730696594546e-13,61,0.15995317715578097,6.383447623596371e-05,1920.0,5760.0,0.0,0.03125,0.03125,3.3511834613873996e-05,0.0
115500.0,32.083333333333336,0.012010000000000002,0.2127479435829322,0.0,0.2127479435829322,0.05796997402426784,0.15988942791455704,2.3901105720847005,-7.425171588693047e-13,61,0.15988942791455704,6.37492412237847e-05,1920.0,5760.0,0.0,0.03125,0.03125,3.341494787387692e-05,0.0
115560.0,32.1,0.012010000000000002,0.21264914255142658,0.0,0.21264914255142658,0.05795934304055486,0.1598257637362433,2.390174236263014,-7.425171588693047e-13,61,0.1598257637362433,6.366417831360564e-05,1920.0,5760.0,0.0,0.03125,0.03125,3.331561616649298e-05,0.0
115620.0,32.11666666666667,0.012010000000000002,0.21255048026790072,0.0,0.21255048026790072,0.0579487335023106,0.15976218444919252,2.390237815550065,-7.420730696594546e-13,61,0.15976218444919252,6.357928705095571e-05,1920.0,5760.0,0.0,0.03125,0.03125,3.321080211407051e-05,0.0
115680.0,32.13333333333333,0.012010000000000002,0.212451956441917,0.0,0.212451956441917,0.05793814535295214,0.1596986898822093,2.390301310117048,-7.425171588693047e-13,61,0.1596986898822093,6.349456698282323e-05,1920.0,5760.0,0.0,0.03125,0.03125,3.310646200714963e-05,0.0
115740.0,32.15,0.012010000000000002,0.21235357078382416,0.0,0.21235357078382416,0.057927578536078,0.1596352798645518,2.3903647201347056,-7.425171588693047e-13,61,0.1596352798645518,6.341001765764738e-05,1920.0,5760.0,0.0,0.03125,0.03125,3.300592679786312e-05,0.0
115800.0,32.166666666666664,0.012010000000000002,0.21225532300475627,0.0,0.21225532300475627,0.05791703299546736,0.15957195422592682,2.390428045773331,-7.420730696594546e-13,61,0.15957195422592682,6.332563862531437e-05,1920.0,5760.0,0.0,0.03125,0.03125,3.290789862727185e-05,0.0
115860.0,32.18333333333333,0.012010000000000002,0.21215721281662953,0.0,0.21215721281662953,0.05790650867507955,0.15950871279648957,2.390491287202768,-7.420730696594546e-13,61,0.15950871279648957,6.324142943715359e-05,1920.0,5760.0,0.0,0.03125,0.03125,3.2806279260312544e-05,0.0
115920.0,32.2,0.012010000000000002,0.2120592399321395,0.0,0.2120592399321395,0.0578960055190532,0.15944555540684374,2.3905544445924143,-7.416289804496046e-13,61,0.15944555540684374,6.315738964592993e-05,1920.0,5760.0,0.0,0.03125,0.03125,3.270646003478664e-05,0.0
115980.0,32.21666666666667,0.012010000000000002,0.21196140406475947,0.0,0.21196140406475947,0.057885523471705815,0.15938248188803775,2.39061751811122,-7.420730696594546e-13,61,0.15938248188803775,6.307351880584081e-05,1920.0,5760.0,0.0,0.03125,0.03125,3.260345249135797e-05,0.0
116040.0,32.233333333333334,0.012010000000000002,0.2118637049287377,0.0,0.2118637049287377,0.05787506247753299,0.1593194920715654,2.3906805079276925,-7.420730696594546e-13,61,0.1593194920715654,6.298981647250866e-05,1920.0,5760.0,0.0,0.03125,0.03125,3.25031212708889e-05,0.0
116100.0,32.25,0.012010000000000002,0.21176614223909473,0.0,0.21176614223909473,0.0578646224812076,0.15925658578936222,2.3907434142098953,-7.420730696594546e-13,61,0.15925658578936222,6.290628220297782e-05,1920.0,5760.0,0.0,0.03125,0.03125,3.2406480438576226e-05,0.0
116160.0,32.266666666666666,0.012010000000000002,0.21166871571162077,0.0,0.21166871571162077,0.05785420342757942,0.15919376287380674,2.3908062371254513,-7.416289804496046e-13,61,0.15919376287380674,6.282291555570791e-05,1920.0,5760.0,0.0,0.03125,0.03125,3.2297809245510486e-05,0.0
116220.0,32.28333333333333,0.012010000000000002,0.2115714250628714,0.0,0.2115714250628714,0.05784380526167451,0.15913102315771605,2.3908689768415416,-7.420730696594546e-13,61,0.15913102315771605,6.273971609057022e-05,1920.0,5760.0,0.0,0.03125,0.03125,3.2203365338679824e-05,0.0
116280.0,32.3,0.012010000000000002,0.21147427001016925,0.0,0.21147427001016925,0.05783342792869428,0.15906836647434733,2.3909316335249104,-7.420730696594546e-13,61,0.15906836647434733,6.265668336884024e-05,1920.0,5760.0,0.0,0.03125,0.03125,3.210832643976623e-05,0.0
116340.0,32.31666666666667,0.012010000000000002,0.21137725027159818,0.0,0.21137725027159818,0.057823071374015156,0.15900579265739412,2.3909942073418637,-7.420730696594546e-13,61,0.15900579265739412,6.25738169531953e-05,1920.0,5760.0,0.0,0.03125,0.03125,3.19995374079327e-05,0.0
116400.0,32.333333333333336,0.012010000000000002,0.21128036556600202,0.0,0.21128036556600202,0.05781273554318787,0.15894330154098632,2.3910566984582715,-7.420730696594546e-13,61,0.15894330154098632,6.249111640770732e-05,1920.0,5760.0,0.0,0.03125,0.03125,3.1905783138969635e-05,0.0
116460.0,32.35,0.012010000000000002,0.21118361561297988,0.0,0.21118361561297988,0.05780242038193653,0.15888089295968874,2.3911191070395694,-7.416289804496046e-13,61,0.15888089295968874,6.240858129783871e-05,1920.0,5760.0,0.0,0.03125,0.03125,3.1809357415980655e-05,0.0
116520.0,32.36666666666667,0.012010000000000002,0.21108700013288836,0.0,0.21108700013288836,0.05779212583615833,0.15881856674849834,2.3911814332507597,-7.416289804496046e-13,61,0.15881856674849834,6.232621119043645e-05,1920.0,5760.0,0.0,0.03125,0.03125,3.170430135974495e-05,0.0
116580.0,32.38333333333333,0.012010000000000002,0.21099051884683484,0.0,0.21099051884683484,0.057781851851923006,0.1587563227428447,2.3912436772564134,-7.416289804496046e-13,61,0.1587563227428447,6.224400565372915e-05,1920.0,5760.0,0.0,0.03125,0.03125,3.161048289742788e-05,0.0
116640.0,32.4,0.012010000000000002,0.21089417147667705,0.0,0.21089417147667705,0.0577715983754717,0.1586941607785872,2.3913058392206707,-7.420730696594546e-13,61,0.1586941607785872,6.216196425731916e-05,1920.0,5760.0,0.0,0.03125,0.03125,3.151544652724515e-05,0.0
116700.0,32.416666666666664,0.012010000000000002,0.21079795774501822,0.0,0.21079795774501822,0.05776136535321683,0.1586320806920153,2.391367919307243,-7.416289804496046e-13,61,0.1586320806920153,6.208008657218e-05,1920.0,5760.0,0.0,0.03125,0.03125,3.142385258467598e-05,0.0
116760.0,32.43333333333333,0.012010000000000002,0.21070187737520943,0.0,0.21070187737520943,0.05775115273174129,0.15857008231984468,2.391429917679414,-7.411848912397545e-13,61,0.15857008231984468,6.19983721706496e-05,1920.0,5760.0,0.0,0.03125,0.03125,3.1318350770584305e-05,0.0
116820.0,32.45,0.012010000000000002,0.21060593009134324,0.0,0.21060593009134324,0.05774096045779782,0.15850816549921817,2.3914918345000404,-7.411848912397545e-13,61,0.15850816549921817,6.191682062642622e-05,1920.0,5760.0,0.0,0.03125,0.03125,3.12202559637645e-05,0.0
116880.0,32.46666666666667,0.012010000000000002,0.21051011561824962,0.0,0.21051011561824962,0.05773078847830837,0.15844633006770364,2.391553669931555,-7.411848912397545e-13,61,0.15844633006770364,6.183543151456374e-05,1920.0,5760.0,0.0,0.03125,0.03125,3.112488405976101e-05,0.0
116940.0,32.483333333333334,0.012010000000000002,0.21041443368150056,0.0,0.21041443368150056,0.057720636740363485,0.15838457586329238,2.3916154241359666,-7.407408020299044e-13,61,0.15838457586329238,6.175420441146543e-05,1920.0,5760.0,0.0,0.03125,0.03125,3.103076614114741e-05,0.0
117000.0,32.5,0.012010000000000002,0.21031888400740145,0.0,0.21031888400740145,0.057710505191221666,0.1583229027243971,2.3916770972748616,-7.411848912397545e-13,61,0.1583229027243971,6.167313889488049e-05,1920.0,5760.0,0.0,0.03125,0.03125,3.09254456623388e-05,0.0
117060.0,32.516666666666666,0.012010000000000002,0.21022346632298833,0.0,0.21022346632298833,0.057700393778308885,0.15826131048985353,2.3917386895094053,-7.411848912397545e-13,61,0.15826131048985353,6.159223454389872e-05,1920.0,5760.0,0.0,0.03125,0.03125,3.084092523014728e-05,0.0
117120.0,32.53333333333333,0.012010000000000002,0.21012818035603165,0.0,0.21012818035603165,0.05769030244921777,0.1581997989989145,2.3918002010003443,-7.411848912397545e-13,61,0.1581997989989145,6.151149093894507e-05,1920.0,5760.0,0.0,0.03125,0.03125,3.074265284874262e-05,0.0
117180.0,32.55,0.012010000000000002,0.2100330258350283,0.0,0.2100330258350283,0.05768023115170727,0.1581383680912529,2.391861631908006,-7.411848912397545e-13,61,0.1581383680912529,6.143090766177431e-05,1920.0,5760.0,0.0,0.03125,0.03125,3.0643433902538036e-05,0.0
117240.0,32.56666666666667,0.012010000000000002,0.2099380024891992,0.0,0.2099380024891992,0.05767017983370186,0.15807701760695753,2.3919229823923014,-7.407408020299044e-13,61,0.15807701760695753,6.135048429546849e-05,1920.0,5760.0,0.0,0.03125,0.03125,3.0551280192700706e-05,0.0
117300.0,32.583333333333336,0.012010000000000002,0.20984311004849218,0.0,0.20984311004849218,0.05766014844329086,0.15801574738653337,2.3919842526127257,-7.407408020299044e-13,61,0.15801574738653337,6.127022042443015e-05,1920.0,5760.0,0.0,0.03125,0.03125,3.0454001823282465e-05,0.0
117360.0,32.6,0.012010000000000002,0.20974834824357402,0.0,0.20974834824357402,0.05765013692872802,0.15795455727089858,2.39204544272836,-7.411848912397545e-13,61,0.15795455727089858,6.119011563437656e-05,1920.0,5760.0,0.0,0.03125,0.03125,3.0363934989043488e-05,0.0
117420.0,32.61666666666667,0.012010000000000002,0.2096537168058299,0.0,0.2096537168058299,0.05764014523843072,0.15789344710138659,2.3921065528978724,-7.407408020299044e-13,61,0.15789344710138659,6.111016951233924e-05,1920.0,5760.0,0.0,0.03125,0.03125,3.027236065191915e-05,0.0
117480.0,32.63333333333333,0.012010000000000002,0.20955921546736314,0.0,0.20955921546736314,0.05763017332097979,0.15783241671973994,2.392167583279519,-7.407408020299044e-13,61,0.15783241671973994,6.103038164665338e-05,1920.0,5760.0,0.0,0.03125,0.03125,3.0174166877359773e-05,0.0
117540.0,32.65,0.012010000000000002,0.20946484396098988,0.0,0.20946484396098988,0.05762022112511832,0.15777146596811287,2.392228534031146,-7.407408020299044e-13,61,0.15777146596811287,6.0950751626957225e-05,1920.0,5760.0,0.0,0.03125,0.03125,3.0080095258292814e-05,0.0
117600.0,32.666666666666664,0.012010000000000002,0.20937060202023838,0.0,0.20937060202023838,0.05761028859975147,0.15771059468906862,2.39228940531019,-7.411848912397545e-13,61,0.15771059468906862,6.08712790441858e-05,1920.0,5760.0,0.0,0.03125,0.03125,2.9984681181572672e-05,0.0
117660.0,32.68333333333333,0.012010000000000002,0.20927648937934776,0.0,0.20927648937934776,0.05760037569394577,0.1576498027255782,2.392350197273681,-7.407408020299044e-13,61,0.1576498027255782,6.0791963490566344e-05,1920.0,5760.0,0.0,0.03125,0.03125,2.9900063963333614e-05,0.0
117720.0,32.7,0.012010000000000002,0.20918250577326128,0.0,0.20918250577326128,0.057590482356928624,0.15758908992101855,2.3924109100782407,-7.407408020299044e-13,61,0.15758908992101855,6.071280455961408e-05,1920.0,5760.0,0.0,0.03125,0.03125,2.9803799498593044e-05,0.0
117780.0,32.71666666666667,0.012010000000000002,0.20908865093763096,0.0,0.20908865093763096,0.05758060853808746,0.15752845611917246,2.3924715438800868,-7.407408020299044e-13,61,0.15752845611917246,6.063380184612654e-05,1920.0,5760.0,0.0,0.03125,0.03125,2.9708229150933547e-05,0.0
117840.0,32.733333333333334,0.012010000000000002,0.20899492460880784,0.0,0.20899492460880784,0.05757075418696937,0.1574679011642261,2.392532098835033,-7.407408020299044e-13,61,0.1574679011642261,6.055495494617929e-05,1920.0,5760.0,0.0,0.03125,0.03125,2.9619837454623157e-05,0.0
117900.0,32.75,0.012010000000000002,0.20890132652384671,0.0,0.20890132652384671,0.057560919253280565,0.15740742490076942,2.39259257509849,-7.402967128200544e-13,61,0.15740742490076942,6.047626345712189e-05,1920.0,5760.0,0.0,0.03125,0.03125,2.9529323338574944e-05,0.0
117960.0,32.766666666666666,0.012010000000000002,0.20880785642049893,0.0,0.20880785642049893,0.057551103686885735,0.1573470271737921,2.3926529728254677,-7.398526236102043e-13,61,0.1573470271737921,6.039772697757364e-05,1920.0,5760.0,0.0,0.03125,0.03125,2.9438648111269447e-05,0.0
118020.0,32.78333333333333,0.012010000000000002,0.20871451403721158,0.0,0.20871451403721158,0.057541307437807374,0.15728670782868437,2.392713292170575,-7.407408020299044e-13,61,0.15728670782868437,6.031934510741569e-05,1920.0,5760.0,0.0,0.03125,0.03125,2.933929274524429e-05,0.0
118080.0,32.8,0.012010000000000002,0.20862129911312616,0.0,0.20862129911312616,0.057531530456225125,0.15722646671123636,2.3927735332880227,-7.407408020299044e-13,61,0.15722646671123636,6.0241117447791e-05,1920.0,5760.0,0.0,0.03125,0.03125,2.925451353271182e-05,0.0
118140.0,32.81666666666667,0.012010000000000002,0.20852821138807434,0.0,0.20852821138807434,0.057521772692475485,0.15716630366763562,2.392833696331624,-7.402967128200544e-13,61,0.15716630366763562,6.016304360109647e-05,1920.0,5760.0,0.0,0.03125,0.03125,2.9159459176401874e-05,0.0
118200.0,32.833333333333336,0.012010000000000002,0.2084352506025795,0.0,0.2084352506025795,0.05751203409705126,0.15710621854446477,2.392893781454795,-7.398526236102043e-13,61,0.15710621854446477,6.008512317098059e-05,1920.0,5760.0,0.0,0.03125,0.03125,2.9070717815070158e-05,0.0
118260.0,32.85,0.012010000000000002,0.2083424164978488,0.0,0.2083424164978488,0.057502314620600715,0.1570462111887021,2.392953788810557,-7.407408020299044e-13,61,0.1570462111887021,6.0007355762335895e-05,1920.0,5760.0,0.0,0.03125,0.03125,2.8979666982991483e-05,0.0
118320.0,32.86666666666667,0.012010000000000002,0.2082497088157782,0.0,0.2082497088157782,0.057492614213927165,0.15698628144772117,2.3930137185515385,-7.402967128200544e-13,61,0.15698628144772117,5.9929740981297914e-05,1920.0,5760.0,0.0,0.03125,0.03125,2.8888153901682253e-05,0.0
118380.0,32.88333333333333,0.012010000000000002,0.2081571272989416,0.0,0.2081571272989416,0.05748293282798806,0.15692642916928579,2.3930735708299737,-7.402967128200544e-13,61,0.15692642916928579,5.985227843523892e-05,1920.0,5760.0,0.0,0.03125,0.03125,2.8801999910359255e-05,0.0
118440.0,32.9,0.012010000000000002,0.20806467169059806,0.0,0.20806467169059806,0.057473270413895175,0.15686665420155305,2.3931333457977066,-7.402967128200544e-13,61,0.15686665420155305,5.977496773276292e-05,1920.0,5760.0,0.0,0.03125,0.03125,2.871643933683635e-05,0.0
118500.0,32.916666666666664,0.012010000000000002,0.20797234173468077,0.0,0.20797234173468077,0.05746362692291361,0.1568069563930692,2.3931930436061903,-7.402967128200544e-13,61,0.1568069563930692,5.9697808483701734e-05,1920.0,5760.0,0.0,0.03125,0.03125,2.8621284850311527e-05,0.0
118560.0,32.93333333333333,0.012010000000000002,0.20788013717580306,0.0,0.20788013717580306,0.057454002306460944,0.15674733559277046,2.3932526644064893,-7.398526236102043e-13,61,0.15674733559277046,5.962080029911078e-05,1920.0,5760.0,0.0,0.03125,0.03125,2.8538118035844703e-05,0.0
118620.0,32.95,0.012010000000000002,0.20778805775924789,0.0,0.20778805775924789,0.05744439651610709,0.15668779164997887,2.3933122083492804,-7.407408020299044e-13,61,0.15668779164997887,5.9543942791264385e-05,1920.0,5760.0,0.0,0.03125,0.03125,2.8440198625989417e-05,0.0
118680.0,32.96666666666667,0.012010000000000002,0.20769610323097434,0.0,0.20769610323097434,0.05743480950357353,0.1566283244144054,2.393371675584854,-7.402967128200544e-13,61,0.1566283244144054,5.946723557365228e-05,1920.0,5760.0,0.0,0.03125,0.03125,2.8356979868108024e-05,0.0
118740.0,32.983333333333334,0.012010000000000002,0.2076042733376072,0.0,0.2076042733376072,0.05742524122073331,0.15656893373614467,2.393431066263115,-7.398526236102043e-13,61,0.15656893373614467,5.9390678260973054e-05,1920.0,5760.0,0.0,0.03125,0.03125,2.8262247943022214e-05,0.0
118800.0,33.0,0.012010000000000002,0.2075125678264422,0.0,0.2075125678264422,0.057415691619609494,0.15650961946567513,2.393490380533584,-7.407408020299044e-13,61,0.15650961946567513,5.931427046913082e-05,1920.0,5760.0,0.0,0.03125,0.03125,2.8181900582953575e-05,0.0
118860.0,33.016666666666666,0.012010000000000002,0.2074209864454375,0.0,0.2074209864454375,0.05740616065237539,0.15645038145386012,2.3935496185453995,-7.402967128200544e-13,61,0.15645038145386012,5.92380118152322e-05,1920.0,5760.0,0.0,0.03125,0.03125,2.8098015258779155e-05,0.0
118920.0,33.03333333333333,0.012010000000000002,0.20732952894321682,0.0,0.20732952894321682,0.05739664827135373,0.15639121955194257,2.393608780447317,-7.402967128200544e-13,61,0.15639121955194257,5.9161901917580935e-05,1920.0,5760.0,0.0,0.03125,0.03125,2.8003437439280917e-05,0.0
118980.0,33.05,0.012010000000000002,0.20723819506906324,0.0,0.20723819506906324,0.05738715442901632,0.15633213361154685,2.3936678663877125,-7.407408020299044e-13,61,0.15633213361154685,5.9085940395671274e-05,1920.0,5760.0,0.0,0.03125,0.03125,2.7912419801928872e-05,0.0
119040.0,33.06666666666667,0.012010000000000002,0.20714698457292022,0.0,0.20714698457292022,0.05737767907798318,0.1562731234846768,2.3937268765145827,-7.402967128200544e-13,61,0.1562731234846768,5.901012687018715e-05,1920.0,5760.0,0.0,0.03125,0.03125,2.782436855588471e-05,0.0
119100.0,33.083333333333336,0.012010000000000002,0.20705589720538764,0.0,0.20705589720538764,0.057368222171022144,0.15621418902371376,2.3937858109755457,-7.402967128200544e-13,61,0.15621418902371376,5.8934460962997253e-05,1920.0,5760.0,0.0,0.03125,0.03125,2.7741498293933084e-05,0.0
119160.0,33.1,0.012010000000000002,0.20696493271771896,0.0,0.20696493271771896,0.05735878366104863,0.15615533008141683,2.3938446699178426,-7.402967128200544e-13,61,0.15615533008141683,5.885894229714888e-05,1920.0,5760.0,0.0,0.03125,0.03125,2.76589034685521e-05,0.0
119220.0,33.11666666666667,0.012010000000000002,0.20687409086182326,0.0,0.20687409086182326,0.05734936350112456,0.15609654651091992,2.3939034534883397,-7.402967128200544e-13,61,0.15609654651091992,5.8783570496864365e-05,1920.0,5760.0,0.0,0.03125,0.03125,2.756692193104424e-05,0.0
119280.0,33.13333333333333,0.012010000000000002,0.20678337139025676,0.0,0.20678337139025676,0.05733996164445815,0.15603783816573266,2.393962161833527,-7.398526236102043e-13,61,0.15603783816573266,5.870834518753754e-05,1920.0,5760.0,0.0,0.03125,0.03125,2.7481969865535512e-05,0.0
119340.0,33.15,0.012010000000000002,0.20669277405622793,0.0,0.20669277405622793,0.05733057804440331,0.15597920489973655,2.394020795099523,-7.402967128200544e-13,61,0.15597920489973655,5.863326599572962e-05,1920.0,5760.0,0.0,0.03125,0.03125,2.739078298435662e-05,0.0
119400.0,33.166666666666664,0.012010000000000002,0.20660229861358903,0.0,0.20660229861358903,0.057321212654459414,0.15592064656718752,2.394079353432072,-7.402967128200544e-13,61,0.15592064656718752,5.855833254916349e-05,1920.0,5760.0,0.0,0.03125,0.03125,2.731071207235236e-05,0.0
119460.0,33.18333333333333,0.012010000000000002,0.20651194481683763,0.0,0.20651194481683763,0.05731186542827016,0.15586216302271083,2.3941378369765487,-7.402967128200544e-13,61,0.15586216302271083,5.8483544476721246e-05,1920.0,5760.0,0.0,0.03125,0.03125,2.722573175374402e-05,0.0
119520.0,33.2,0.012010000000000002,0.2064217124211145,0.0,0.2064217124211145,0.057302536319623336,0.1558037541213026,2.394196245877957,-7.402967128200544e-13,61,0.1558037541213026,5.840890140843909e-05,1920.0,5760.0,0.0,0.03125,0.03125,2.7142509793333817e-05,0.0
119580.0,33.21666666666667,0.012010000000000002,0.2063316011821992,0.0,0.2063316011821992,0.05729322528245079,0.15574541971832678,2.3942545802809327,-7.402967128200544e-13,61,0.15574541971832678,5.833440297550281e-05,1920.0,5760.0,0.0,0.03125,0.03125,2.7058968388522685e-05,0.0
119640.0,33.233333333333334,0.012010000000000002,0.20624161085651174,0.0,0.20624161085651174,0.057283932270827086,0.15568715966951693,2.394312840329743,-7.398526236102043e-13,61,0.15568715966951693,5.826004881024432e-05,1920.0,5760.0,0.0,0.03125,0.03125,2.6967719646943116e-05,0.0
119700.0,33.25,0.012010000000000002,0.2061517412011075,0.0,0.2061517412011075,0.057274657238969386,0.155628973830971,2.394371026168289,-7.398526236102043e-13,61,0.155628973830971,5.818583854613736e-05,1920.0,5760.0,0.0,0.03125,0.03125,2.688699406082e-05,0.0
119760.0,33.266666666666666,0.012010000000000002,0.20606199197367417,0.0,0.20606199197367417,0.057265400141237,0.15557086205915255,2.3944291379401066,-7.407408020299044e-13,61,0.15557086205915255,5.8111771817793914e-05,1920.0,5760.0,0.0,0.03125,0.03125,2.6808660859266624e-05,0.0
119820.0,33.28333333333333,0.012010000000000002,0.205972362932536,0.0,0.205972362932536,0.0572561609321309,0.15551282421089188,2.3944871757883677,-7.402967128200544e-13,61,0.15551282421089188,5.803784826095767e-05,1920.0,5760.0,0.0,0.03125,0.03125,2.6714113432440353e-05,0.0
119880.0,33.3,0.012010000000000002,0.20588285383664426,0.0,0.20588285383664426,0.05724693956629291,0.15545486014337948,2.39454513985588,-7.402967128200544e-13,61,0.15545486014337948,5.796406751250288e-05,1920.0,5760.0,0.0,0.03125,0.03125,2.6634993901481197e-05,0.0
119940.0,33.31666666666667,0.012010000000000002,0.20579346444557908,0.0,0.20579346444557908,0.05723773599850522,0.155396969714169,2.3946030302850905,-7.402967128200544e-13,61,0.155396969714169,5.789042921043015e-05,1920.0,5760.0,0.0,0.03125,0.03125,2.655286742992734e-05,0.0
120000.0,33.333333333333336,0.012010000000000002,0.20570419451954858,0.0,0.20570419451954858,0.05722855018369052,0.15533915278117527,2.394660847218084,-7.402967128200544e-13,61,0.15533915278117527,5.78169329938587e-05,1920.0,5760.0,0.0,0.03125,0.03125,2.647240108057792e-05,0.0
120060.0,33.35,0.012010000000000002,0.20561504381938325,0.0,0.20561504381938325,0.057219382076910755,0.15528140920267233,2.3947185907965873,-7.402967128200544e-13,61,0.15528140920267233,5.774357850302672e-05,1920.0,5760.0,0.0,0.03125,0.03125,2.6387285455031483e-05,0.0
120120.0,33.36666666666667,0.012010000000000002,0.20552601210653634,0.0,0.20552601210653634,0.05721023163336667,0.15522373883729287,2.3947762611619665,-7.402967128200544e-13,61,0.15522373883729287,5.7670365379285904e-05,1920.0,5760.0,0.0,0.03125,0.03125,2.6303955774633454e-05,0.0
120180.0,33.38333333333333,0.012010000000000002,0.2054370991430834,0.0,0.2054370991430834,0.05720109880839783,0.15516614154402797,2.3948338584552316,-7.402967128200544e-13,61,0.15516614154402797,5.759729326509621e-05,1920.0,5760.0,0.0,0.03125,0.03125,2.621938394434937e-05,0.0
120240.0,33.4,0.012010000000000002,0.2053483046917163,0.0,0.2053483046917163,0.05719198355748174,0.15510861718222443,2.3948913828170357,-7.398526236102043e-13,61,0.15510861718222443,5.752436180402209e-05,1920.0,5760.0,0.0,0.03125,0.03125,2.6133467555981262e-05,0.0
120300.0,33.416666666666664,0.012010000000000002,0.20525962851574342,0.0,0.20525962851574342,0.05718288583623335,0.15505116561158322,2.3949488343876766,-7.398526236102043e-13,61,0.15505116561158322,5.745157064073097e-05,1920.0,5760.0,0.0,0.03125,0.03125,2.606144057343723e-05,0.0
120360.0,33.43333333333333,0.012010000000000002,0.20517107037908985,0.0,0.20517107037908985,0.057173805600404436,0.15499378669216243,2.3950062133070977,-7.398526236102043e-13,61,0.15499378669216243,5.737891942098634e-05,1920.0,5760.0,0.0,0.03125,0.03125,2.597150728502366e-05,0.0
120420.0,33.45,0.012010000000000002,0.20508263004629199,0.0,0.20508263004629199,0.05716474280588379,0.15493648028437107,2.3950635197148893,-7.394085344003543e-13,61,0.15493648028437107,5.7306407791644416e-05,1920.0,5760.0,0.0,0.03125,0.03125,2.590033411588525e-05,0.0
120480.0,33.46666666666667,0.012010000000000002,0.20499430728249501,0.0,0.20499430728249501,0.05715569740869586,0.15487924624896984,2.39512075375029,-7.398526236102043e-13,61,0.15487924624896984,5.7234035400651236e-05,1920.0,5760.0,0.0,0.03125,0.03125,2.5814437703151925e-05,0.0
120540.0,33.483333333333334,0.012010000000000002,0.20490610185345684,0.0,0.20490610185345684,0.05714666936500049,0.15482208444707318,2.3951779155521873,-7.394085344003543e-13,61,0.15482208444707318,5.716180189703942e-05,1920.0,5760.0,0.0,0.03125,0.03125,2.573278586403067e-05,0.0
120600.0,33.5,0.012010000000000002,0.20481801352553985,0.0,0.20481801352553985,0.05713765863109317,0.15476499474014224,2.395235005259118,-7.394085344003543e-13,61,0.15476499474014224,5.708970693092139e-05,1920.0,5760.0,0.0,0.03125,0.03125,2.5649366612158886e-05,0.0
120660.0,33.516666666666666,0.012010000000000002,0.20473004206571155,0.0,0.20473004206571155,0.057128665163403466,0.15470797698998878,2.3952920230092714,-7.398526236102043e-13,61,0.15470797698998878,5.7017750153487e-05,1920.0,5760.0,0.0,0.03125,0.03125,2.5574495175936367e-05,0.0
120720.0,33.53333333333333,0.012010000000000002,0.20464218724154207,0.0,0.20464218724154207,0.05711968891849488,0.15465103105877176,2.3953489689404885,-7.394085344003543e-13,61,0.15465103105877176,5.694593121700151e-05,1920.0,5760.0,0.0,0.03125,0.03125,2.5493930585205633e-05,0.0
120780.0,33.55,0.012010000000000002,0.2045544488212047,0.0,0.2045544488212047,0.057110729853065104,0.15459415680899696,2.395405843190263,-7.398526236102043e-13,61,0.15459415680899696,5.687424977479832e-05,1920.0,5760.0,0.0,0.03125,0.03125,2.5417775243285444e-05,0.0
120840.0,33.56666666666667,0.012010000000000002,0.20446682657347054,0.0,0.20446682657347054,0.05710178792394463,0.1545373541035159,2.3954626458957446,-7.394085344003543e-13,61,0.1545373541035159,5.6802705481277464e-05,1920.0,5760.0,0.0,0.03125,0.03125,2.5336484790230843e-05,0.0
120900.0,33.583333333333336,0.012010000000000002,0.2043793202677074,0.0,0.2043793202677074,0.057092863088096295,0.15448062280552385,2.3955193771937364,-7.394085344003543e-13,61,0.15448062280552385,5.673129799190167e-05,1920.0,5760.0,0.0,0.03125,0.03125,2.525502225180299e-05,0.0
120960.0,33.6,0.012010000000000002,0.2042919296738799,0.0,0.2042919296738799,0.057083955302615674,0.1544239627785606,2.3955760372206996,-7.398526236102043e-13,61,0.1544239627785606,5.6660026963190845e-05,1920.0,5760.0,0.0,0.03125,0.03125,2.517298116468279e-05,0.0
121020.0,33.61666666666667,0.012010000000000002,0.2042046545625468,0.0,0.2042046545625468,0.05707506452472976,0.15436737388650792,2.3956326261127523,-7.394085344003543e-13,61,0.15436737388650792,5.65888920527202e-05,1920.0,5760.0,0.0,0.03125,0.03125,2.5090227017957684e-05,0.0
121080.0,33.63333333333333,0.012010000000000002,0.20411749470485752,0.0,0.20411749470485752,0.05706619071179651,0.154310855993589,2.3956891440056713,-7.394085344003543e-13,61,0.154310855993589,5.6517892919116184e-05,1920.0,5760.0,0.0,0.03125,0.03125,2.5012837683276264e-05,0.0
121140.0,33.65,0.012010000000000002,0.20403044987255164,0.0,0.20403044987255164,0.05705733382130521,0.1542544089643669,2.3957455910348933,-7.398526236102043e-13,61,0.1542544089643669,5.644702922205159e-05,1920.0,5760.0,0.0,0.03125,0.03125,2.4934814778176018e-05,0.0
121200.0,33.666666666666664,0.012010000000000002,0.20394351983795606,0.0,0.20394351983795606,0.0570484938108749,0.15419803266374485,2.3958019673355153,-7.398526236102043e-13,61,0.15419803266374485,5.637630062224178e-05,1920.0,5760.0,0.0,0.03125,0.03125,2.4864577204806183e-05,0.0
121260.0,33.68333333333333,0.012010000000000002,0.20385670437398667,0.0,0.20385670437398667,0.05703967063825463,0.15414172695696335,2.395858273042297,-7.398526236102043e-13,61,0.15414172695696335,5.630570678144326e-05,1920.0,5760.0,0.0,0.03125,0.03125,2.478276789013666e-05,0.0
121320.0,33.7,0.012010000000000002,0.20377000325414119,0.0,0.20377000325414119,0.057030864261322874,0.15408549170960092,2.395914508289659,-7.398526236102043e-13,61,0.15408549170960092,5.623524736244709e-05,1920.0,5760.0,0.0,0.03125,0.03125,2.4694869739389786e-05,0.0
121380.0,33.71666666666667,0.012010000000000002,0.2036834162525011,0.0,0.2036834162525011,0.057022074638086874,0.15402932678757164,2.3959706732116883,-7.398526236102043e-13,61,0.15402932678757164,5.6164922029075594e-05,1920.0,5760.0,0.0,0.03125,0.03125,2.4628192141425145e-05,0.0
121440.0,33.733333333333334,0.012010000000000002,0.20359694314372792,0.0,0.20359694314372792,0.05701330172668232,0.15397323205712554,2.3960267679421343,-7.398526236102043e-13,61,0.15397323205712554,5.609473044618263e-05,1920.0,5760.0,0.0,0.03125,0.03125,2.4548936057488634e-05,0.0
121500.0,33.75,0.012010000000000002,0.20351058370306263,0.0,0.20351058370306263,0.057004545485373,0.15391720738484596,2.396082792614414,-7.398526236102043e-13,61,0.15391720738484596,5.602467227964392e-05,1920.0,5760.0,0.0,0.03125,0.03125,2.4468060987676816e-05,0.0
121560.0,33.766666666666666,0.012010000000000002,0.20342433770632407,0.0,0.20342433770632407,0.05699580587255002,0.15386125263764955,2.3961387473616105,-7.398526236102043e-13,61,0.15386125263764955,5.595474719635647e-05,1920.0,5760.0,0.0,0.03125,0.03125,2.4394831820838098e-05,0.0
121620.0,33.78333333333333,0.012010000000000002,0.2033382049299057,0.0,0.2033382049299057,0.056987082846731554,0.15380536768278535,2.3961946323164747,-7.398526236102043e-13,61,0.15380536768278535,5.588495486423616e-05,1920.0,5760.0,0.0,0.03125,0.03125,2.4317087946346082e-05,0.0
121680.0,33.8,0.012010000000000002,0.20325218515077464,0.0,0.20325218515077464,0.05697837636656264,0.1537495523878333,2.396250447611427,-7.398526236102043e-13,61,0.1537495523878333,5.58152949522114e-05,1920.0,5760.0,0.0,0.03125,0.03125,2.4243696603828e-05,0.0
121740.0,33.81666666666667,0.012010000000000002,0.20316627814647004,0.0,0.20316627814647004,0.05696968639081399,0.153693806620703,2.396306193378557,-7.394085344003543e-13,61,0.153693806620703,5.57457671302207e-05,1920.0,5760.0,0.0,0.03125,0.03125,2.416315675781493e-05,0.0
121800.0,33.833333333333336,0.012010000000000002,0.20308048369509954,0.0,0.20308048369509954,0.05696101287838242,0.15363813024963405,2.3963618697496263,-7.394085344003543e-13,61,0.15363813024963405,5.567637106921002e-05,1920.0,5760.0,0.0,0.03125,0.03125,2.4092361492578556e-05,0.0
121860.0,33.85,0.012010000000000002,0.20299480157534228,0.0,0.20299480157534228,0.05695235578828996,0.15358252314319276,2.3964174768560675,-7.394085344003543e-13,61,0.15358252314319276,5.5607106441127374e-05,1920.0,5760.0,0.0,0.03125,0.03125,2.4012754253392507e-05,0.0
121920.0,33.86666666666667,0.012010000000000002,0.20290923156644103,0.0,0.20290923156644103,0.05694371507968316,0.15352698517027424,2.3964730148289863,-7.394085344003543e-13,61,0.15352698517027424,5.5537972918920836e-05,1920.0,5760.0,0.0,0.03125,0.03125,2.3932668826353727e-05,0.0
121980.0,33.88333333333333,0.012010000000000002,0.20282377344820493,0.0,0.20282377344820493,0.05693509071255449,0.1534715162000916,2.3965284837991683,-7.398526236102043e-13,61,0.1534715162000916,5.5468970181908455e-05,1920.0,4535.0,0.0,0.03125,0.03125,0.002355010367216071,0.0
122040.0,33.9,0.012010000000000002,0.20273842700100492,0.0,0.20273842700100492,0.056926482644550816,0.15341611610219788,2.3965838838970615,-7.402967128200544e-13,61,0.15341611610219788,5.540009789320873e-05,1920.0,3840.0,0.0,0.03125,0.03125,0.0023511581605542746,0.0
122100.0,33.916666666666664,0.012010000000000002,0.20265319200577403,0.0,0.20265319200577403,0.0569178908364003,0.15336078474646295,2.396639215252796,-7.407408020299044e-13,61,0.15336078474646295,5.533135573472765e-05,1920.0,3840.0,0.0,0.03125,0.03125,0.002345092583441266,0.0
122160.0,33.93333333333333,0.012010000000000002,0.20256806824400425,0.0,0.20256806824400425,0.05690931524761531,0.15330552200307768,2.3966944779961805,-7.416289804496046e-13,61,0.15330552200307768,5.526274338463211e-05,1920.0,3840.0,0.0,0.03125,0.03125,0.002338994498086198,0.0
122220.0,33.95,0.012010000000000002,0.20248305549774448,0.0,0.20248305549774448,0.05690075583793015,0.1532503277425569,2.3967496722567008,-7.420730696594546e-13,61,0.1532503277425569,5.519426052030511e-05,1920.0,3840.0,0.0,0.03125,0.03125,0.0023329677858239307,0.0
122280.0,33.96666666666667,0.012010000000000002,0.20239815354960214,0.0,0.20239815354960214,0.05689221256722011,0.153195201835736,2.3968047981635214,-7.425171588693047e-13,61,0.153195201835736,5.512590682047047e-05,1920.0,3840.0,0.0,0.03125,0.03125,0.0023269321906844572,0.0
122340.0,33.983333333333334,0.012010000000000002,0.2023133621827372,0.0,0.2023133621827372,0.05688368539548822,0.15314014415377072,2.3968598558454866,-7.425171588693047e-13,61,0.15314014415377072,5.505768196491192e-05,1920.0,3840.0,0.0,0.03125,0.03125,0.0023209145351571576,0.0
122400.0,34.0,0.012010000000000002,0.2022286811808624,0.0,0.2022286811808624,0.05687517428286098,0.15308515456813584,2.396914845431121,-7.429612480791548e-13,61,0.15308515456813584,5.498958563441496e-05,1920.0,3840.0,0.0,0.03125,0.03125,0.0023149079223390785,0.0
122460.0,34.016666666666666,0.012010000000000002,0.20214411032824123,0.0,0.20214411032824123,0.05686667918958691,0.15303023295062437,2.3969697670486316,-7.438494264988549e-13,61,0.15303023295062437,5.49216175107475e-05,1920.0,3840.0,0.0,0.03125,0.03125,0.0023089508117706665,0.0
122520.0,34.03333333333333,0.012010000000000002,0.20205964940968668,0.0,0.20205964940968668,0.05685820007603563,0.15297537917334725,2.397024620825908,-7.442935157087049e-13,61,0.15297537917334725,5.485377727664538e-05,1920.0,3840.0,0.0,0.03125,0.03125,0.0023029670420999563,0.0
122580.0,34.05,0.012010000000000002,0.2019752982105591,0.0,0.2019752982105591,0.05684973690269698,0.15292059310873096,2.3970794068905237,-7.451816941284051e-13,61,0.15292059310873096,5.478606461581176e-05,1920.0,3840.0,0.0,0.03125,0.03125,0.002296994403375467,0.0
122640.0,34.06666666666667,0.012010000000000002,0.20189105651676492,0.0,0.20189105651676492,0.05684128963018083,0.15286587462951773,2.3971341253697367,-7.451816941284051e-13,61,0.15286587462951773,5.4718479212909026e-05,1920.0,3840.0,0.0,0.03125,0.03125,0.0022910763193622922,0.0
122700.0,34.083333333333336,0.012010000000000002,0.2018069241147537,0.0,0.2018069241147537,0.05683285821921604,0.1528112236087636,2.3971887763904904,-7.456257833382551e-13,61,0.1528112236087636,5.4651020753553575e-05,1920.0,3840.0,0.0,0.03125,0.03125,0.0022851347243637355,0.0
122760.0,34.1,0.012010000000000002,0.20172290079151858,0.0,0.20172290079151858,0.056824442630650306,0.152756639919839,2.3972433600794147,-7.460698725481052e-13,61,0.152756639919839,5.458368892431495e-05,1920.0,3840.0,0.0,0.03125,0.03125,0.0022792314254222964,0.0
122820.0,34.11666666666667,0.012010000000000002,0.20163898633459187,0.0,0.20163898633459187,0.0568160428254501,0.15270212343642567,2.3972978765628277,-7.465139617579553e-13,61,0.15270212343642567,5.4516483412709274e-05,1920.0,3840.0,0.0,0.03125,0.03125,0.002273324999487481,0.0
122880.0,34.13333333333333,0.012010000000000002,0.20155518053204713,0.0,0.20155518053204713,0.056807658764699356,0.1526476740325182,2.397352325966735,-7.465139617579553e-13,61,0.1526476740325182,5.4449403907198466e-05,1920.0,3840.0,0.0,0.03125,0.03125,0.0022674643261094305,0.0
122940.0,34.15,0.012010000000000002,0.2014714831724938,0.0,0.2014714831724938,0.05679929040959968,0.15259329158242027,2.3974067084168325,-7.469580509678053e-13,61,0.15259329158242027,5.438245009718565e-05,1920.0,3840.0,0.0,0.03125,0.03125,0.0022615615823079914,0.0
123000.0,34.166666666666664,0.012010000000000002,0.20138789404507784,0.0,0.20138789404507784,0.05679093772146987,0.1525389759607469,2.3974610240385053,-7.478462293875054e-13,61,0.1525389759607469,5.431562167300902e-05,1920.0,3840.0,0.0,0.03125,0.03125,0.0022557103886359942,0.0
123060.0,34.18333333333333,0.012010000000000002,0.20130441293947848,0.0,0.20130441293947848,0.05678260066174518,0.15248472704242064,2.397515272956831,-7.478462293875054e-13,61,0.15248472704242064,5.424891832594386e-05,1920.0,3840.0,0.0,0.03125,0.03125,0.0022498875486231906,0.0
123120.0,34.2,0.012010000000000002,0.20122103964590832,0.0,0.20122103964590832,0.05677427919197742,0.15243054470267173,2.3975694552965794,-7.487344078072056e-13,61,0.15243054470267173,5.4182339748194974e-05,1920.0,3840.0,0.0,0.03125,0.03125,0.002244077592511628,0.0
123180.0,34.21666666666667,0.012010000000000002,0.20113777395510976,0.0,0.20113777395510976,0.056765973273833814,0.15237642881703864,2.3976235711822125,-7.487344078072056e-13,61,0.15237642881703864,5.4115885632894325e-05,1920.0,3840.0,0.0,0.03125,0.03125,0.0022382652859302033,0.0
123240.0,34.233333333333334,0.012010000000000002,0.20105461565835528,0.0,0.20105461565835528,0.05675768286909746,0.15232237926136383,2.3976776207378867,-7.491784970170556e-13,61,0.15232237926136383,5.404955567409977e-05,1920.0,3840.0,0.0,0.03125,0.03125,0.00223248205341306,0.0
123300.0,34.25,0.012010000000000002,0.2009715645474447,0.0,0.2009715645474447,0.05674940793966614,0.15226839591179656,2.3977316040874537,-7.496225862269057e-13,61,0.15226839591179656,5.398334956678814e-05,1920.0,3840.0,0.0,0.03125,0.03125,0.002226700271300228,0.0
123360.0,34.266666666666666,0.012010000000000002,0.2008886204147036,0.0,0.2008886204147036,0.0567411484475523,0.15221447864478943,2.3977855213544603,-7.500666754367558e-13,61,0.15221447864478943,5.39172670068555e-05,1920.0,3840.0,0.0,0.03125,0.03125,0.002220949934315067,0.0
123420.0,34.28333333333333,0.012010000000000002,0.2008057830529818,0.0,0.2008057830529818,0.05673290435488286,0.1521606273370976,2.3978393726621516,-7.505107646466058e-13,61,0.1521606273370976,5.38513076911122e-05,1920.0,3840.0,0.0,0.03125,0.03125,0.0022151757508750416,0.0
123480.0,34.3,0.012010000000000002,0.20072305225565218,0.0,0.20072305225565218,0.056724675623898047,0.15210684186578013,2.397893158133469,-7.509548538564559e-13,61,0.15210684186578013,5.3785471317278216e-05,1920.0,3840.0,0.0,0.03125,0.03125,0.0022094621979278587,0.0
123540.0,34.31666666666667,0.012010000000000002,0.20064042781660857,0.0,0.20064042781660857,0.05671646221695194,0.15205312210819544,2.397946877891053,-7.513989430663059e-13,61,0.15205312210819544,5.37197575839843e-05,1920.0,3840.0,0.0,0.03125,0.03125,0.0022037346294612754,0.0
123600.0,34.333333333333336,0.012010000000000002,0.2005579095302642,0.0,0.2005579095302642,0.0567082640965115,0.15199946794200442,2.3980005320572437,-7.51843032276156e-13,61,0.15199946794200442,5.36541661907633e-05,1920.0,3840.0,0.0,0.03125,0.03125,0.002198049677477643,0.0
123660.0,34.35,0.012010000000000002,0.20047549719155053,0.0,0.20047549719155053,0.056700081225155956,0.15194587924516603,2.398054120754082,-7.51843032276156e-13,61,0.15194587924516603,5.358869683805189e-05,1920.0,3840.0,0.0,0.03125,0.03125,0.0021923217450328754,0.0
123720.0,34.36666666666667,0.012010000000000002,0.20039319059591493,0.0,0.20039319059591493,0.05669191356557742,0.15189235589593833,2.3981076441033093,-7.522871214860061e-13,61,0.15189235589593833,5.3523349227184174e-05,1920.0,3840.0,0.0,0.03125,0.03125,0.00218663957137715,0.0
123780.0,34.38333333333333,0.012010000000000002,0.20031098953932025,0.0,0.20031098953932025,0.05668376108057902,0.15183889777287732,2.3981611022263696,-7.527312106958561e-13,61,0.15183889777287732,5.345812306038949e-05,1920.0,3840.0,0.0,0.03125,0.03125,0.002180982761487288,0.0
123840.0,34.4,0.012010000000000002,0.2002288938182415,0.0,0.2002288938182415,0.05667562373307593,0.15178550475483626,2.39821449524441,-7.531752999057062e-13,61,0.15178550475483626,5.3393018040789716e-05,1920.0,3840.0,0.0,0.03125,0.03125,0.002175371218085528,0.0
123900.0,34.416666666666664,0.012010000000000002,0.2001469032296661,0.0,0.2001469032296661,0.0566675014860941,0.15173217672096348,2.3982678232782826,-7.536193891155563e-13,61,0.15173217672096348,5.3328033872394915e-05,1920.0,3840.0,0.0,0.03125,0.03125,0.002169721539184346,0.0
123960.0,34.43333333333333,0.012010000000000002,0.20006501757109113,0.0,0.20006501757109113,0.056659394302770054,0.1516789135507029,2.3983210864485427,-7.540634783254063e-13,61,0.1516789135507029,5.326317026010312e-05,1920.0,3840.0,0.0,0.03125,0.03125,0.0021640991045294923,0.0
124020.0,34.45,0.012010000000000002,0.19998323664052242,0.0,0.19998323664052242,0.05665130214635068,0.15162571512379278,2.3983742848754526,-7.545075675352564e-13,61,0.15162571512379278,5.3198426909692873e-05,1920.0,3840.0,0.0,0.03125,0.03125,0.00215851341296179,0.0
124080.0,34.46666666666667,0.012010000000000002,0.19990156023647299,0.0,0.19990156023647299,0.05664322498019257,0.15157258132026447,2.3984274186789802,-7.549516567451064e-13,61,0.15157258132026447,5.313380352782339e-05,1920.0,3840.0,0.0,0.03125,0.03125,0.00215290179677943,0.0
124140.0,34.483333333333334,0.012010000000000002,0.19981998815796054,0.0,0.19981998815796054,0.05663516276776215,0.1515195120204418,2.3984804879788024,-7.553957459549565e-13,61,0.1515195120204418,5.3069299822030894e-05,1920.0,3840.0,0.0,0.03125,0.03125,0.002147328820657954,0.0
124200.0,34.5,0.012010000000000002,0.19973852020450694,0.0,0.19973852020450694,0.05662711547263442,0.15146650710494072,2.398533492894303,-7.558398351648066e-13,61,0.15146650710494072,5.3004915500723336e-05,1920.0,3840.0,0.0,0.03125,0.03125,0.0021418070000103133,0.0
124260.0,34.516666666666666,0.012009967407407408,0.1996571560280764,0.0,0.1996571560280764,0.056619092813168084,0.15141356638257247,2.3985864336166713,-7.558398351648066e-13,61,0.15141356638257247,5.294072236800782e-05,1920.0,3840.0,0.0,0.03125,0.03125,0.0021362332182851274,0.0
124320.0,34.53333333333333,0.012009872592592594,0.1995758947108976,0.0,0.1995758947108976,0.056611110376463665,0.15136068934782757,2.398639310651416,-7.562839243746566e-13,61,0.15136068934782757,5.2877034744376906e-05,1920.0,3840.0,0.0,0.03125,0.03125,0.0021252551279137117,0.0
124380.0,34.55,0.012009720000000002,0.19949473524689687,0.0,0.19949473524689687,0.0566031695066771,0.1513078754077356,2.3986921245915074,-7.567280135845067e-13,61,0.1513078754077356,5.281394009134616e-05,1920.0,3840.0,0.0,0.03125,0.03125,0.0021129959191952055,0.0
124440.0,34.56666666666667,0.012009514074074074,0.1994136766944938,0.0,0.1994136766944938,0.05659526935648772,0.15125512399004035,2.3987448760092027,-7.567280135845067e-13,61,0.15125512399004035,5.275141769513624e-05,1920.0,3840.0,0.0,0.03125,0.03125,0.00210077940956363,0.0
124500.0,34.583333333333336,0.012009259259259261,0.1993327181761773,0.0,0.1993327181761773,0.056587408416396236,0.15120243455262766,2.398797565446615,-7.571721027943568e-13,61,0.15120243455262766,5.268943741223152e-05,1920.0,3840.0,0.0,0.03125,0.03125,0.0020889375937465414,0.0
124560.0,34.6,0.012008960000000003,0.19925185887809171,0.0,0.19925185887809171,0.05657958486690575,0.15114980658706173,2.3988501934121804,-7.576161920042068e-13,61,0.15114980658706173,5.262796556561069e-05,1920.0,3840.0,0.0,0.03125,0.03125,0.002077464801082035,0.0
124620.0,34.61666666666667,0.012008620740740742,0.19917109804963368,0.0,0.19917109804963368,0.05657179671680248,0.1510972396203352,2.3989027603789066,-7.580602812140569e-13,61,0.1510972396203352,5.256696672598962e-05,1920.0,3840.0,0.0,0.03125,0.03125,0.0020665251580560796,0.0
124680.0,34.63333333333333,0.012008245925925927,0.19909043500305607,0.0,0.19909043500305607,0.05656404187065737,0.15104473321584796,2.3989552667833935,-7.585043704239069e-13,61,0.15104473321584796,5.250640448692028e-05,1920.0,3840.0,0.0,0.03125,0.03125,0.002056084593837162,0.0
124740.0,34.65,0.012007840000000002,0.19900986911308263,0.0,0.19900986911308263,0.05655631816634837,0.15099228697398095,2.39900771302526,-7.58948459633757e-13,61,0.15099228697398095,5.2446241866333045e-05,1920.0,3840.0,0.0,0.03125,0.03125,0.0020462251111863354,0.0
124800.0,34.666666666666664,0.012007407407407408,0.19892939981652732,0.0,0.19892939981652732,0.05654862339783847,0.15093990053244227,2.3990600994667983,-7.593925488436071e-13,61,0.15093990053244227,5.2386441538495785e-05,1920.0,3840.0,0.0,0.03125,0.03125,0.0020368926756022853,0.0
124860.0,34.68333333333333,0.012006952592592593,0.19884902661192314,0.0,0.19884902661192314,0.05654095532991972,0.1508875735664633,2.399112426432777,-7.598366380534571e-13,61,0.1508875735664633,5.2326965978561816e-05,1920.0,3840.0,0.0,0.03125,0.03125,0.0020281323469664935,0.0
124920.0,34.7,0.01200648,0.19876874905915537,0.0,0.19876874905915537,0.05653331170823795,0.15083530578890494,2.399164694210335,-7.598366380534571e-13,61,0.15083530578890494,5.2267777557877134e-05,1920.0,3840.0,0.0,0.03125,0.03125,0.0020199519853136482,0.0
124980.0,34.71666666666667,0.012005994074074076,0.19868856677909824,0.0,0.19868856677909824,0.05652569026637878,0.15078309695029485,2.3992169030489445,-7.602807272633072e-13,61,0.15078309695029485,5.2208838609660656e-05,1920.0,3840.0,0.0,0.03125,0.03125,0.0020123593854957738,0.0
125040.0,34.733333333333334,0.01200549925925926,0.19860847945326005,0.0,0.19860847945326005,0.05651808873103864,0.15073094683881866,2.3992690531604204,-7.607248164731573e-13,61,0.15073094683881866,5.215011147592655e-05,1920.0,3840.0,0.0,0.03125,0.03125,0.0020053671876217767,0.0
125100.0,34.75,0.012005000000000002,0.19852848682343233,0.0,0.19852848682343233,0.0565105048259002,0.15067885528027583,2.3993211447189626,-7.611689056830073e-13,61,0.15067885528027583,5.209155854206042e-05,1920.0,3840.0,0.0,0.03125,0.03125,0.0019989148393845337,0.0
125160.0,34.766666666666666,0.01200450074074074,0.19844858869133583,0.0,0.19844858869133583,0.05650293627460429,0.15062682213801273,2.3993731778612255,-7.616129948928574e-13,61,0.15062682213801273,5.203314226300298e-05,1920.0,3840.0,0.0,0.03125,0.03125,0.0019930265543804198,0.0
125220.0,34.78333333333333,0.012004005925925926,0.19836878491827437,0.0,0.19836878491827437,0.05649538080307505,0.15057484731282847,2.399425152686409,-7.620570841027074e-13,61,0.15057484731282847,5.197482518358961e-05,1920.0,3840.0,0.0,0.03125,0.03125,0.00198775801968553,0.0
125280.0,34.8,0.01200352,0.19828907542479518,0.0,0.19828907542479518,0.056487836141373156,0.15052293074287318,2.399477069256364,-7.629452625224076e-13,61,0.15052293074287318,5.191656995474577e-05,1920.0,3840.0,0.0,0.03125,0.03125,0.0019830608272111525,0.0
125340.0,34.81666666666667,0.01200304740740741,0.19820946019033323,0.0,0.19820946019033323,0.05648030002519661,0.1504710724035262,2.3995289275957106,-7.629452625224076e-13,61,0.1504710724035262,5.1858339346691633e-05,1920.0,3840.0,0.0,0.03125,0.03125,0.001978913558514594,0.0
125400.0,34.833333333333336,0.012002592592592592,0.19812993925288103,0.0,0.19812993925288103,0.05647277019711645,0.15041927230726565,2.3995807276919705,-7.638334409421077e-13,61,0.15041927230726565,5.180009625997779e-05,1920.0,3840.0,0.0,0.03125,0.03125,0.001975361478866225,0.0
125460.0,34.85,0.012002160000000001,0.19805051270863588,0.0,0.19805051270863588,0.056465244407608736,0.15036753050353038,2.3996324694957054,-7.638334409421077e-13,61,0.15036753050353038,5.174180373493212e-05,1920.0,3840.0,0.0,0.03125,0.03125,0.0019723569754523823,0.0
125520.0,34.86666666666667,0.012001754074074075,0.19797118071165926,0.0,0.19797118071165926,0.056457720415929946,0.1503158470785699,2.399684152920665,-7.647216193618078e-13,61,0.1503158470785699,5.16834249599528e-05,1920.0,3840.0,0.0,0.03125,0.03125,0.001969954986342413,0.0
125580.0,34.88333333333333,0.01200137925925926,0.19789194347352804,0.0,0.19789194347352804,0.05645019599086936,0.15026422215529056,2.399735777843944,-7.651657085716579e-13,61,0.15026422215529056,5.162492327895532e-05,1920.0,3840.0,0.0,0.03125,0.03125,0.0019680797665797473,0.0
125640.0,34.9,0.01200104,0.19781280126298906,0.0,0.19781280126298906,0.05644266891140567,0.1502126558930918,2.399787344106142,-7.66053886991358e-13,61,0.1502126558930918,5.156626219822201e-05,1920.0,3840.0,0.0,0.03125,0.03125,0.0019667813315720067,0.0
125700.0,34.916666666666664,0.01200074074074074,0.19773375440560842,0.0,0.19773375440560842,0.05643513696728757,0.1501611484876986,2.399838851511535,-7.66053886991358e-13,61,0.1501611484876986,5.1507405392835044e-05,1920.0,3840.0,0.0,0.03125,0.03125,0.001966031333692469,0.0
125760.0,34.93333333333333,0.012000485925925926,0.19765480328341628,0.0,0.19765480328341628,0.05642759795955456,0.15010970017098535,2.3998902998282476,-7.669420654110581e-13,61,0.15010970017098535,5.144831671282858e-05,1920.0,3840.0,0.0,0.03125,0.03125,0.00196615485682128,0.0
125820.0,34.95,0.01200028,0.19757594833455056,0.0,0.19757594833455056,0.056420049701010305,0.15005831121079571,2.3999416887884366,-7.673861546209082e-13,61,0.15005831121079571,5.1388960189178476e-05,1920.0,3840.0,0.0,0.03125,0.03125,0.0019670170535550833,0.0
125880.0,34.96666666666667,0.012000127407407407,0.19749719005289412,0.0,0.19749719005289412,0.05641249001665854,0.15000698191075554,2.3999930180884763,-7.678302438307583e-13,61,0.15000698191075554,5.1329300039711876e-05,1920.0,3840.0,0.0,0.03125,0.03125,0.001968438747640135,0.0
125940.0,34.983333333333334,0.012000032592592594,0.19741852898770795,0.0,0.19741852898770795,0.05640491674410964,0.14995571261008023,2.4000442873891514,-7.682743330406083e-13,61,0.14995571261008023,5.126930067500468e-05,1920.0,3840.0,0.0,0.03125,0.03125,0.001970395326972247,0.0
126000.0,35.0,0.012,0.1973399657432588,0.0,0.1973399657432588,0.05639732773396398,0.14990450368337532,2.400095496315856,-7.687184222504584e-13,61,0.14990450368337532,5.12089267043253e-05,1920.0,3840.0,0.0,0.03125,0.03125,0.0019728712892822507,0.0
126060.0,35.016666666666666,0.012,0.19726150083068872,0.0,0.19726150083068872,0.056389730708071996,0.14985335546829748,2.400146644530933,-7.691625114603085e-13,61,0.14985335546829748,5.1148215077129316e-05,1920.0,3840.0,0.0,0.03125,0.03125,0.0019729251806359493,0.0
126120.0,35.03333333333333,0.012,0.19718313420698727,0.0,0.19718313420698727,0.056382141224940584,0.1498022680027884,2.400197731996442,-7.691625114603085e-13,61,0.1498022680027884,5.10874655090762e-05,1920.0,3840.0,0.0,0.03125,0.03125,0.0019703940927487335,0.0
126180.0,35.05,0.012,0.1971048656865608,0.0,0.1971048656865608,0.056374562210746965,0.14975124121226832,2.400248758786961,-7.704947790898586e-13,61,0.14975124121226832,5.102679051923598e-05,1920.0,3840.0,0.0,0.03125,0.03125,0.001966400988768506,0.0
126240.0,35.06666666666667,0.012,0.19702669508427118,0.0,0.19702669508427118,0.056366994750256735,0.14970027500812091,2.4002997249911084,-7.704947790898586e-13,61,0.14970027500812091,5.096620414739904e-05,1920.0,3840.0,0.0,0.03125,0.03125,0.0019619925068930268,0.0
126300.0,35.083333333333336,0.012,0.1969486222154404,0.0,0.1969486222154404,0.05635943941577431,0.1496493692954148,2.400350630703814,-7.709388682997087e-13,61,0.1496493692954148,5.090571270569934e-05,1920.0,3840.0,0.0,0.03125,0.03125,0.0019573695591666887,0.0
126360.0,35.1,0.012,0.19687064689584338,0.0,0.19687064689584338,0.05635189655214354,0.14959852397565634,2.400401476023572,-7.713829575095588e-13,61,0.14959852397565634,5.084531975802469e-05,1920.0,3840.0,0.0,0.03125,0.03125,0.0019526890538991357,0.0
126420.0,35.11666666666667,0.012,0.19679276894170797,0.0,0.19679276894170797,0.056344366382565146,0.14954773894812481,2.4004522610511034,-7.713829575095588e-13,61,0.14954773894812481,5.078502753116476e-05,1920.0,3840.0,0.0,0.03125,0.03125,0.0019479051305302507,0.0
126480.0,35.13333333333333,0.012,0.1967149881697156,0.0,0.1967149881697156,0.05633684905765297,0.14949701411062674,2.400502985888601,-7.722711359292589e-13,61,0.14949701411062674,5.072483749741666e-05,1920.0,3840.0,0.0,0.03125,0.03125,0.0019430870235113754,0.0
126540.0,35.15,0.012,0.19663730439699514,0.0,0.19663730439699514,0.05632934468139697,0.1494463493599642,2.4005536506392633,-7.722711359292589e-13,61,0.1494463493599642,5.0664750662325615e-05,1920.0,3840.0,0.0,0.03125,0.03125,0.001938235601558939,0.0
126600.0,35.166666666666664,0.012,0.19655971744112924,0.0,0.19655971744112924,0.05632185332619943,0.14939574459223987,2.400604255406987,-7.72715225139109e-13,61,0.14939574459223987,5.060476772369459e-05,1920.0,3840.0,0.0,0.03125,0.03125,0.0019333778451231544,0.0
126660.0,35.18333333333333,0.012,0.19648222712014612,0.0,0.19648222712014612,0.05631437504217522,0.1493451997030729,2.4006548002961536,-7.73159314348959e-13,61,0.1493451997030729,5.0544889166638284e-05,1920.0,3840.0,0.0,0.03125,0.03125,0.0019284878966481464,0.0
126720.0,35.2,0.012,0.19640483325252167,0.0,0.19640483325252167,0.05630690986320219,0.14929471458774873,2.4007052854114774,-7.736034035588091e-13,61,0.14929471458774873,5.0485115323824893e-05,1920.0,3840.0,0.0,0.03125,0.03125,0.0019235940533179217,0.0
126780.0,35.21666666666667,0.012,0.19632753565717598,0.0,0.19632753565717598,0.0562994578110187,0.14924428914133278,2.4007557108578927,-7.744915819785092e-13,61,0.14924428914133278,5.042544641543816e-05,1920.0,3840.0,0.0,0.03125,0.03125,0.0019187010093250929,0.0
126840.0,35.233333333333334,0.012,0.19625033415347332,0.0,0.19625033415347332,0.05629201889809085,0.14919392325875605,2.4008060767404693,-7.744915819785092e-13,61,0.14919392325875605,5.036588257667232e-05,1920.0,3840.0,0.0,0.03125,0.03125,0.0019138164960089854,0.0
126900.0,35.25,0.012,0.196173228561222,0.0,0.196173228561222,0.05628459312967299,0.14914361683487806,2.4008563831643466,-7.753797603982093e-13,61,0.14914361683487806,5.0306423877227964e-05,1920.0,3840.0,0.0,0.03125,0.03125,0.0019089718498758517,0.0
126960.0,35.266666666666666,0.012,0.1960962187006715,0.0,0.1960962187006715,0.056277180505325965,0.14909336976454227,2.400906630234682,-7.753797603982093e-13,61,0.14909336976454227,5.024707033548402e-05,1920.0,3840.0,0.0,0.03125,0.03125,0.0019040852403348506,0.0
127020.0,35.28333333333333,0.012,0.19601930439251003,0.0,0.19601930439251003,0.056269781020054116,0.14904318194261282,2.400956818056611,-7.758238496080594e-13,61,0.14904318194261282,5.018782192903421e-05,1920.0,3840.0,0.0,0.03125,0.03125,0.0018992070346877553,0.0
127080.0,35.3,0.012,0.19594248545786458,0.0,0.19594248545786458,0.05626239466517442,0.14899305326400988,2.401006946735214,-7.758238496080594e-13,61,0.14899305326400988,5.012867860264831e-05,1920.0,3840.0,0.0,0.03125,0.03125,0.00189435134599016,0.0
127140.0,35.31666666666667,0.012,0.19586576171830178,0.0,0.19586576171830178,0.05625502142899048,0.148942983623735,2.4010570163754883,-7.767120280277595e-13,61,0.148942983623735,5.006964027440742e-05,1920.0,3840.0,0.0,0.03125,0.03125,0.0018894835972356441,0.0
127200.0,35.333333333333336,0.012,0.19578913299582273,0.0,0.19578913299582273,0.05624766129732099,0.14889297291689435,2.401107027082329,-7.767120280277595e-13,61,0.14889297291689435,5.001070684048285e-05,1920.0,3840.0,0.0,0.03125,0.03125,0.001884627501258486,0.0
127260.0,35.35,0.012,0.19571259911286318,0.0,0.19571259911286318,0.05624031425392061,0.14884302103871486,2.401156978960508,-7.767120280277595e-13,61,0.14884302103871486,4.995187817891339e-05,1920.0,3840.0,0.0,0.03125,0.03125,0.001879805943520404,0.0
127320.0,35.36666666666667,0.012,0.19563615989229288,0.0,0.19563615989229288,0.05623298028081693,0.1487931278845616,2.4012068721146607,-7.776002064474596e-13,61,0.1487931278845616,4.9893154152623044e-05,1920.0,3840.0,0.0,0.03125,0.03125,0.0018749384010069826,0.0
127380.0,35.38333333333333,0.012,0.19555981515741447,0.0,0.19555981515741447,0.056225659358585166,0.14874329334994957,2.4012567066492725,-7.776002064474596e-13,61,0.14874329334994957,4.983453461185434e-05,1920.0,3840.0,0.0,0.03125,0.03125,0.0018701056504011242,0.0
127440.0,35.4,0.012,0.19548356473196166,0.0,0.19548356473196166,0.0562183514665719,0.1486935173305532,2.4013064826686685,-7.780442956573097e-13,61,0.1486935173305532,4.97760193961582e-05,1920.0,3840.0,0.0,0.03125,0.03125,0.0018652875829485512,0.0
127500.0,35.416666666666664,0.012,0.1954074084400946,0.0,0.1954074084400946,0.05621105658307996,0.14864379972221664,2.4013562002770046,-7.784883848671598e-13,61,0.14864379972221664,4.9717608336016894e-05,1920.0,3840.0,0.0,0.03125,0.03125,0.001860486534990175,0.0
127560.0,35.43333333333333,0.012,0.19533134610640662,0.0,0.19533134610640662,0.056203774685521776,0.14859414042096208,2.401405859578259,-7.789324740770098e-13,61,0.14859414042096208,4.9659301254196895e-05,1920.0,3840.0,0.0,0.03125,0.03125,0.001855685361374511,0.0
127620.0,35.45,0.012,0.1952553775559163,0.0,0.1952553775559163,0.05619650575054849,0.1485445393229948,2.4014554606762255,-7.793765632868599e-13,61,0.1485445393229948,4.960109796687256e-05,1920.0,3840.0,0.0,0.03125,0.03125,0.0018509184777675005,0.0
127680.0,35.46666666666667,0.012,0.19517950261406702,0.0,0.19517950261406702,0.05618924975415706,0.1484949963247099,2.4015050036745103,-7.7982065249671e-13,61,0.1484949963247099,4.954299828456831e-05,1920.0,3840.0,0.0,0.03125,0.03125,0.0018461402959702305,0.0
127740.0,35.483333333333334,0.012,0.19510372110672738,0.0,0.19510372110672738,0.05618200667178246,0.14844551132269684,2.401554488676523,-7.7982065249671e-13,61,0.14844551132269684,4.9485002012955827e-05,1920.0,3840.0,0.0,0.03125,0.03125,0.0018413899328031005,0.0
127800.0,35.5,0.012,0.19502803286019027,0.0,0.19502803286019027,0.05617477647837524,0.1483960842137428,2.401603915785477,-7.8026474170656e-13,61,0.1483960842137428,4.942710895352705e-05,1920.0,3840.0,0.0,0.03125,0.03125,0.0018366288609765432,0.0
127860.0,35.516666666666666,0.012,0.19495243770117052,0.0,0.19495243770117052,0.05616755914846798,0.14834671489483828,2.401653285104381,-7.807088309164101e-13,61,0.14834671489483828,4.936931890417284e-05,1920.0,3840.0,0.0,0.03125,0.03125,0.0018318812579937616,0.0
127920.0,35.53333333333333,0.012,0.19487693545680151,0.0,0.19487693545680151,0.05616035465623275,0.14829740326317814,2.401702596736041,-7.807088309164101e-13,61,0.14829740326317814,4.931163165967637e-05,1920.0,3840.0,0.0,0.03125,0.03125,0.001827184469200805,0.0
127980.0,35.55,0.012,0.19480152595463973,0.0,0.19480152595463973,0.05615316297553003,0.1482481492161656,2.401751850783053,-7.811529201262601e-13,61,0.1482481492161656,4.925404701213585e-05,1920.0,3840.0,0.0,0.03125,0.03125,0.001822429750179744,0.0
128040.0,35.56666666666667,0.012,0.19472620902265897,0.0,0.19472620902265897,0.0561459840799519,0.148198952651414,2.401801047347804,-7.815970093361102e-13,61,0.148198952651414,4.919656475133462e-05,1920.0,3840.0,0.0,0.03125,0.03125,0.0018177558348973308,0.0
128100.0,35.583333333333336,0.012,0.19465098448924684,0.0,0.19465098448924684,0.056138817942858715,0.14814981346674821,2.401850186532469,-7.824851877558103e-13,61,0.14814981346674821,4.913918466505919e-05,1920.0,3840.0,0.0,0.03125,0.03125,0.0018130589787169272,0.0
128160.0,35.6,0.012,0.19457585218321197,0.0,0.19457585218321197,0.05613166453741174,0.14810073156020875,2.4018992684390086,-7.824851877558103e-13,61,0.14810073156020875,4.908190653937567e-05,1920.0,3840.0,0.0,0.03125,0.03125,0.0018083725692115817,0.0
128220.0,35.61666666666667,0.012,0.1945008119337757,0.0,0.1945008119337757,0.056124523836601985,0.1480517068300495,2.4019482931691676,-7.829292769656604e-13,61,0.1480517068300495,4.902473015887472e-05,1920.0,3840.0,0.0,0.03125,0.03125,0.0018036765971153079,0.0
128280.0,35.63333333333333,0.012,0.19442586357056946,0.0,0.19442586357056946,0.05611739581327402,0.14800273917474224,2.4019972608244746,-7.829292769656604e-13,61,0.14800273917474224,4.896765530688256e-05,1920.0,3840.0,0.0,0.03125,0.03125,0.0017990421573062863,0.0
128340.0,35.65,0.012,0.19435100692364254,0.0,0.19435100692364254,0.056110280440149124,0.1479538284929761,2.4020461715062402,-7.833733661755105e-13,61,0.1479538284929761,4.891068176564821e-05,1920.0,3840.0,0.0,0.03125,0.03125,0.0017943801666833318,0.0
128400.0,35.666666666666664,0.012,0.19427624182345288,0.0,0.19427624182345288,0.056103177689843846,0.1479049746836595,2.402095025315557,-7.833733661755105e-13,61,0.1479049746836595,4.885380931651169e-05,1920.0,3840.0,0.0,0.03125,0.03125,0.001789724284742896,0.0
128460.0,35.68333333333333,0.012,0.19420156810086506,0.0,0.19420156810086506,0.05609608753488745,0.1478561776459189,2.4021438223532967,-7.842615445952106e-13,61,0.1478561776459189,4.8797037740044495e-05,1920.0,3840.0,0.0,0.03125,0.03125,0.0017850919820500332,0.0
128520.0,35.7,0.012,0.19412698558715769,0.0,0.19412698558715769,0.056089009947737516,0.1478074372791024,2.402192562720113,-7.842615445952106e-13,61,0.1478074372791024,4.8740366816185334e-05,1920.0,3840.0,0.0,0.03125,0.03125,0.0017805087455453445,0.0
128580.0,35.71666666666667,0.012,0.1940524941140142,0.0,0.1940524941140142,0.056081944900792866,0.1477587534827777,2.4022412465164376,-7.847056338050606e-13,61,0.1477587534827777,4.8683796324350205e-05,1920.0,3840.0,0.0,0.03125,0.03125,0.001775889971932166,0.0
128640.0,35.733333333333334,0.012,0.19397809351352224,0.0,0.19397809351352224,0.05607489236640626,0.14771012615673385,2.402289873842481,-7.847056338050606e-13,61,0.14771012615673385,4.8627326043537865e-05,1920.0,3840.0,0.0,0.03125,0.03125,0.0017713119001530372,0.0
128700.0,35.75,0.012,0.19390378361817834,0.0,0.19390378361817834,0.05606785231689468,0.14766155520098093,2.4023384447982337,-7.851497230149107e-13,61,0.14766155520098093,4.8570955752420075e-05,1920.0,3840.0,0.0,0.03125,0.03125,0.0017667364640264523,0.0
128760.0,35.766666666666666,0.012,0.1938295642608801,0.0,0.1938295642608801,0.056060824724549554,0.14761304051575103,2.4023869594834633,-7.855938122247608e-13,61,0.14761304051575103,4.8514685229424183e-05,1920.0,3840.0,0.0,0.03125,0.03125,0.001762159377767204,0.0
128820.0,35.78333333333333,0.012,0.1937554352749285,0.0,0.1937554352749285,0.05605380956164506,0.14756458200149805,2.402435417997716,-7.855938122247608e-13,61,0.14756458200149805,4.845851425280828e-05,1920.0,3840.0,0.0,0.03125,0.03125,0.0017575946001835117,0.0
128880.0,35.8,0.012,0.19368139649402763,0.0,0.19368139649402763,0.056046806800445936,0.14751617955889676,2.4024838204403167,-7.864819906444609e-13,61,0.14751617955889676,4.840244260072235e-05,1920.0,3840.0,0.0,0.03125,0.03125,0.0017530599365308639,0.0
128940.0,35.81666666666667,0.012,0.193607447752277,0.0,0.193607447752277,0.05603981641321506,0.14746783308884537,2.402532166910368,-7.864819906444609e-13,61,0.14746783308884537,4.834647005127278e-05,1920.0,3840.0,0.0,0.03125,0.03125,0.0017485104805044047,0.0
129000.0,35.833333333333336,0.012,0.1935335888841811,0.0,0.1935335888841811,0.05603283837221901,0.14741954249246209,2.4025804575067506,-7.86926079854311e-13,61,0.14741954249246209,4.8290596382572734e-05,1920.0,3840.0,0.0,0.03125,0.03125,0.0017440101862480773,0.0
129060.0,35.85,0.012,0.19345981972463977,0.0,0.19345981972463977,0.05602587264973453,0.147371307671089,2.4026286923281233,-7.87370169064161e-13,61,0.147371307671089,4.823482137279221e-05,1920.0,3840.0,0.0,0.03125,0.03125,0.001739495371853446,0.0
129120.0,35.86666666666667,0.012,0.19338614010894775,0.0,0.19338614010894775,0.056018919218052944,0.14732312852628868,2.4026768714729236,-7.87370169064161e-13,61,0.14732312852628868,4.817914480019988e-05,1920.0,3840.0,0.0,0.03125,0.03125,0.0017350128673924259,0.0
129180.0,35.88333333333333,0.012,0.19331254987279908,0.0,0.19331254987279908,0.05601197804948569,0.14727500495984489,2.402724995039367,-7.878142582740111e-13,61,0.14727500495984489,4.8123566443204055e-05,1920.0,3840.0,0.0,0.03125,0.03125,0.0017305080023673073,0.0
129240.0,35.9,0.012,0.19323904885227827,0.0,0.19323904885227827,0.0560050491163679,0.14722693687376406,2.4027730631254474,-7.882583474838611e-13,61,0.14722693687376406,4.806808608038875e-05,1920.0,3840.0,0.0,0.03125,0.03125,0.0017260368240406708,0.0
129300.0,35.916666666666664,0.012,0.1931656368838665,0.0,0.1931656368838665,0.055998132391062556,0.14717892417027328,2.402821075828938,-7.882583474838611e-13,61,0.14717892417027328,4.801270349054357e-05,1920.0,3840.0,0.0,0.03125,0.03125,0.001721575531247979,0.0
129360.0,35.93333333333333,0.012,0.19309231380443612,0.0,0.19309231380443612,0.05599122784596409,0.14713096675182033,2.402869033247391,-7.887024366937112e-13,61,0.14713096675182033,4.795741845269649e-05,1920.0,3840.0,0.0,0.03125,0.03125,0.0017171053115207157,0.0
129420.0,35.95,0.012,0.19301907945124808,0.0,0.19301907945124808,0.05598433545350133,0.14708306452107392,2.402916935478137,-7.887024366937112e-13,61,0.14708306452107392,4.79022307461384e-05,1920.0,3840.0,0.0,0.03125,0.03125,0.0017126794841748193,0.0
129480.0,35.96666666666667,0.012,0.1929459336619577,0.0,0.1929459336619577,0.05597745518614064,0.14703521738092307,2.4029647826182874,-7.895906151134113e-13,61,0.14703521738092307,4.784714015044846e-05,1920.0,3840.0,0.0,0.03125,0.03125,0.0017082406520533232,0.0
129540.0,35.983333333333334,0.012,0.1928728762746032,0.0,0.1928728762746032,0.055970587016388455,0.14698742523447697,2.403012574764733,-7.895906151134113e-13,61,0.14698742523447697,4.77921464455153e-05,1920.0,3840.0,0.0,0.03125,0.03125,0.0017038414959418126,0.0
129600.0,36.0,0.012,0.19279990712761605,0.0,0.19279990712761605,0.0559637309167936,0.14693968798506515,2.4030603120141447,-7.900347043232614e-13,61,0.14693968798506515,4.773724941155947e-05,1920.0,3840.0,0.0,0.03125,0.03125,0.0016994300923764724,0.0
129660.0,36.016666666666666,0.012,0.19272702605981115,0.0,0.19272702605981115,0.05595688685994966,0.14689200553623583,2.403107994462974,-7.900347043232614e-13,61,0.14689200553623583,4.7682448829148715e-05,1920.0,3840.0,0.0,0.03125,0.03125,0.0016950533836906677,0.0
129720.0,36.03333333333333,0.012,0.1926542329103887,0.0,0.1926542329103887,0.055950054818496874,0.1468443777917563,2.4031556222074535,-7.900347043232614e-13,61,0.1468443777917563,4.76277444792179e-05,1920.0,3840.0,0.0,0.03125,0.03125,0.00169063947387995,0.0
129780.0,36.05,0.012,0.19258152751893448,0.0,0.19258152751893448,0.05594323476512407,0.14679680465561273,2.4032031953435964,-7.904787935331115e-13,61,0.14679680465561273,4.757313614308111e-05,1920.0,3840.0,0.0,0.03125,0.03125,0.0016862840823181902,0.0
129840.0,36.06666666666667,0.012,0.1925089097254147,0.0,0.1925089097254147,0.055936426672570295,0.1467492860320101,2.403250713967199,-7.904787935331115e-13,61,0.1467492860320101,4.751862360245037e-05,1920.0,3840.0,0.0,0.03125,0.03125,0.0016819100504792638,0.0
129900.0,36.083333333333336,0.012,0.19243637937018176,0.0,0.19243637937018176,0.05592963051362628,0.14670182182537045,2.4032981781738383,-7.909228827429615e-13,61,0.14670182182537045,4.7464206639442575e-05,1920.0,3840.0,0.0,0.03125,0.03125,0.0016775707532014664,0.0
129960.0,36.1,0.012,0.1923639362939628,0.0,0.1923639362939628,0.05592284626113606,0.14665441194033332,2.4033455880588748,-7.918110611626616e-13,61,0.14665441194033332,4.740988503659711e-05,1920.0,3840.0,0.0,0.03125,0.03125,0.0016732349714536129,0.0
130020.0,36.11666666666667,0.012,0.1922915803378718,0.0,0.1922915803378718,0.055916073887997825,0.146607056281756,2.4033929437174515,-7.922551503725117e-13,61,0.146607056281756,4.735565857688118e-05,1920.0,3840.0,0.0,0.03125,0.03125,0.0016689065657437983,0.0
130080.0,36.13333333333333,0.012,0.1922193113433954,0.0,0.1922193113433954,0.055909313367165744,0.1465597547547121,2.403440245244495,-7.926992395823618e-13,61,0.1465597547547121,4.7301527043704144e-05,1920.0,3840.0,0.0,0.03125,0.03125,0.0016646024582198714,0.0
130140.0,36.15,0.012,0.19214712915240145,0.0,0.19214712915240145,0.05590256467165017,0.14651250726449094,2.4034874927347163,-7.926992395823618e-13,61,0.14651250726449094,4.7247490220923435e-05,1920.0,3840.0,0.0,0.03125,0.03125,0.0016603161316061663,0.0
130200.0,36.166666666666664,0.012,0.1920750336071324,0.0,0.1920750336071324,0.05589582777451956,0.14646531371659774,2.403534686282609,-7.931433287922118e-13,61,0.14646531371659774,4.719354789285349e-05,1920.0,3840.0,0.0,0.03125,0.03125,0.0016560056409850382,0.0
130260.0,36.18333333333333,0.012,0.1920030245502062,0.0,0.1920030245502062,0.055889102648900575,0.14641817401675303,2.4035818259824535,-7.931433287922118e-13,61,0.14641817401675303,4.713969984427524e-05,1920.0,3840.0,0.0,0.03125,0.03125,0.001651716131018354,0.0
130320.0,36.2,0.012,0.19193110182461642,0.0,0.19193110182461642,0.05588238926797946,0.14637108807089239,2.403628911928314,-7.931433287922118e-13,61,0.14637108807089239,4.7085945860438686e-05,1920.0,3840.0,0.0,0.03125,0.03125,0.001647469499799005,0.0
130380.0,36.21666666666667,0.012,0.19185926527372738,0.0,0.19185926527372738,0.055875687605002465,0.14632405578516486,2.403675944214041,-7.94031507211912e-13,61,0.14632405578516486,4.703228572707499e-05,1920.0,3840.0,0.0,0.03125,0.03125,0.0016431747856817684,0.0
130440.0,36.233333333333334,0.012,0.1917875147412783,0.0,0.1917875147412783,0.055868997633276546,0.1462770770659342,2.4037229229332713,-7.94475596421762e-13,61,0.1462770770659342,4.6978719230394524e-05,1920.0,3840.0,0.0,0.03125,0.03125,0.0016389294567329639,0.0
130500.0,36.25,0.012,0.19171585007137595,0.0,0.19171585007137595,0.05586231932617023,0.1462301518197767,2.4037698481794285,-7.94475596421762e-13,61,0.1462301518197767,4.692524615710087e-05,1920.0,3840.0,0.0,0.03125,0.03125,0.0016347261419783854,0.0
130560.0,36.266666666666666,0.012,0.19164427110850119,0.0,0.19164427110850119,0.055855652657113564,0.14618327995348196,2.403816720045723,-7.949196856316121e-13,61,0.14618327995348196,4.687186629438676e-05,1920.0,3840.0,0.0,0.03125,0.03125,0.001630511931959772,0.0
130620.0,36.28333333333333,0.012,0.19157277769749897,0.0,0.19157277769749897,0.05584899759959963,0.1461364613740518,2.403863538625153,-7.953637748414621e-13,61,0.1461364613740518,4.681857942994557e-05,1920.0,3840.0,0.0,0.03125,0.03125,0.0016262790679447202,0.0
130680.0,36.3,0.012,0.19150136968358766,0.0,0.19150136968358766,0.05584235412718384,0.1460896959886993,2.4039103040105045,-7.958078640513122e-13,61,0.1460896959886993,4.6765385351970864e-05,1920.0,3840.0,0.0,0.03125,0.03125,0.001622086919403944,0.0
130740.0,36.31666666666667,0.012,0.19143004691234558,0.0,0.19143004691234558,0.0558357222134856,0.14604298370484997,2.4039570162943535,-7.962519532611623e-13,61,0.14604298370484997,4.6712283849161436e-05,1920.0,3840.0,0.0,0.03125,0.03125,0.0016178751439780885,0.0
130800.0,36.333333333333336,0.012,0.19135880922972415,0.0,0.19135880922972415,0.055829101832187325,0.14599632443013863,2.404003675569064,-7.971401316808624e-13,61,0.14599632443013863,4.665927471072517e-05,1920.0,3840.0,0.0,0.03125,0.03125,0.0016137013118098361,0.0
130860.0,36.35,0.012,0.19128765648203194,0.0,0.19128765648203194,0.05582249295703599,0.14594971807241225,2.4040502819267906,-7.971401316808624e-13,61,0.14594971807241225,4.6606357726378387e-05,1920.0,3840.0,0.0,0.03125,0.03125,0.001609521119731848,0.0
130920.0,36.36666666666667,0.012,0.19121658851594797,0.0,0.19121658851594797,0.0558158955618428,0.14590316453972552,2.404096835459477,-7.971401316808624e-13,61,0.14590316453972552,4.655353268635509e-05,1920.0,3840.0,0.0,0.03125,0.03125,0.0016053862436963193,0.0
130980.0,36.38333333333333,0.012,0.19114560517850757,0.0,0.19114560517850757,0.05580930962048338,0.14585666374034398,2.4041433362588585,-7.975842208907125e-13,61,0.14585666374034398,4.650079938140066e-05,1920.0,3840.0,0.0,0.03125,0.03125,0.0016012401787656983,0.0
131040.0,36.4,0.012,0.1910747063171133,0.0,0.1910747063171133,0.055802735106898586,0.1458102155827407,2.4041897844164613,-7.980283101005625e-13,61,0.1458102155827407,4.644815760278329e-05,1920.0,3840.0,0.0,0.03125,0.03125,0.0015970926559765303,0.0
131100.0,36.416666666666664,0.012,0.1910038917795222,0.0,0.1910038917795222,0.055796171995093805,0.14576381997559812,2.4042361800236036,-7.980283101005625e-13,61,0.14576381997559812,4.639560714228626e-05,1920.0,3840.0,0.0,0.03125,0.03125,0.0015929421476626117,0.0
131160.0,36.43333333333333,0.012,0.19093316141385663,0.0,0.19093316141385663,0.055789620259140436,0.14571747682780542,2.404282523171396,-7.984723993104126e-13,61,0.14571747682780542,4.63431477922175e-05,1920.0,3840.0,0.0,0.03125,0.03125,0.0015888249820063909,0.0
131220.0,36.45,0.012,0.19086251506859211,0.0,0.19086251506859211,0.055783079873174525,0.1456711860484597,2.404328813950741,-7.989164885202626e-13,61,0.1456711860484597,4.629077934540682e-05,1920.0,3840.0,0.0,0.03125,0.03125,0.0015847357367033959,0.0
131280.0,36.46666666666667,0.012,0.1907919525925656,0.0,0.1907919525925656,0.05577655081139834,0.1456249475468642,2.404375052452336,-7.993605777301127e-13,61,0.1456249475468642,4.623850159520692e-05,1920.0,3840.0,0.0,0.03125,0.03125,0.0015806504492800063,0.0
131340.0,36.483333333333334,0.012,0.19072147383496682,0.0,0.19072147383496682,0.05577003304807944,0.14557876123252853,2.4044212387666715,-7.998046669399628e-13,61,0.14557876123252853,4.6186314335498414e-05,1920.0,3840.0,0.0,0.03125,0.03125,0.0015765649877559974,0.0
131400.0,36.5,0.012,0.19065107864534375,0.0,0.19065107864534375,0.055763526557551346,0.14553262701516748,2.404467372984032,-8.002487561498128e-13,61,0.14553262701516748,4.613421736068425e-05,1920.0,3840.0,0.0,0.03125,0.03125,0.001572502348869987,0.0
131460.0,36.516666666666666,0.012,0.19058076687359637,0.0,0.19058076687359637,0.05575703131421348,0.14548654480470147,2.4045134551944978,-8.006928453596629e-13,61,0.14548654480470147,4.608221046569759e-05,1920.0,3840.0,0.0,0.03125,0.03125,0.0015684264112082501,0.0
131520.0,36.53333333333333,0.012,0.19051053836997905,0.0,0.19051053836997905,0.05575054729253104,0.14544051451125492,2.404559485487944,-8.01136934569513e-13,61,0.14544051451125492,4.6030293445995684e-05,1920.0,3840.0,0.0,0.03125,0.03125,0.0015643953787165062,0.0
131580.0,36.55,0.012,0.19044039298509846,0.0,0.19044039298509846,0.05574407446703549,0.14539453604515729,2.4046054639540415,-8.01136934569513e-13,61,0.14539453604515729,4.597846609756627e-05,1920.0,3840.0,0.0,0.03125,0.03125,0.001560362371845587,0.0
131640.0,36.56666666666667,0.012,0.190370330569911,0.0,0.190370330569911,0.05573761281232396,0.14534860931694002,2.4046513906822584,-8.01581023779363e-13,61,0.14534860931694002,4.592672821692317e-05,1920.0,3840.0,0.0,0.03125,0.03125,0.0015563187014438758,0.0
131700.0,36.583333333333336,0.012,0.19030035097572595,0.0,0.19030035097572595,0.05573116230306,0.14530273423733844,2.4046972657618597,-8.01581023779363e-13,61,0.14530273423733844,4.587507960111e-05,1920.0,3840.0,0.0,0.03125,0.03125,0.0015523048620300739,0.0
131760.0,36.6,0.012,0.19023045405419722,0.0,0.19023045405419722,0.05572472291397285,0.14525691071729047,2.4047430892819075,-8.020251129892131e-13,61,0.14525691071729047,4.582352004769762e-05,1920.0,3840.0,0.0,0.03125,0.03125,0.001548264645229432,0.0
131820.0,36.61666666666667,0.012,0.19016063965733312,0.0,0.19016063965733312,0.05571829461985829,0.1452111386679354,2.4047888613312622,-8.020251129892131e-13,61,0.1452111386679354,4.577204935478658e-05,1920.0,3840.0,0.0,0.03125,0.03125,0.0015443205614561087,0.0
131880.0,36.63333333333333,0.012,0.19009090763748274,0.0,0.19009090763748274,0.05571187739557763,0.14516541800061378,2.4048345819985832,-8.029132914089132e-13,61,0.14516541800061378,4.572066732100487e-05,1920.0,3840.0,0.0,0.03125,0.03125,0.0015403087676905958,0.0
131940.0,36.65,0.012,0.19002125784734705,0.0,0.19002125784734705,0.05570547121605865,0.14511974862686816,2.4048802513723286,-8.029132914089132e-13,61,0.14511974862686816,4.566937374550872e-05,1920.0,3840.0,0.0,0.03125,0.03125,0.0015363567491601417,0.0
132000.0,36.666666666666664,0.012,0.18995169013996774,0.0,0.18995169013996774,0.0556990760562947,0.14507413045843998,2.4049258695407567,-8.029132914089132e-13,61,0.14507413045843998,4.56181684279839e-05,1920.0,3840.0,0.0,0.03125,0.03125,0.0015323544027345736,0.0
132060.0,36.68333333333333,0.012,0.18988220436873343,0.0,0.18988220436873343,0.05569269189134538,0.1450285634072712,2.4049714365919255,-8.033573806187633e-13,61,0.1450285634072712,4.556705116864159e-05,1920.0,3840.0,0.0,0.03125,0.03125,0.0015284393829470431,0.0
132120.0,36.7,0.012,0.18981280038737544,0.0,0.18981280038737544,0.055686318696336085,0.14498304738550263,2.4050169526136935,-8.038014698286133e-13,61,0.14498304738550263,4.5516021768222833e-05,1920.0,3840.0,0.0,0.03125,0.03125,0.0015244922004031573,0.0
132180.0,36.71666666666667,0.012,0.1897434780499649,0.0,0.1897434780499649,0.055679956446457984,0.14493758230547416,2.4050624176937214,-8.042455590384634e-13,61,0.14493758230547416,4.546508002799244e-05,1920.0,3840.0,0.0,0.03125,0.03125,0.0015205377809630726,0.0
132240.0,36.733333333333334,0.012,0.18967423721091903,0.0,0.18967423721091903,0.05567360511696815,0.14489216807972394,2.405107831919471,-8.046896482483135e-13,61,0.14489216807972394,4.541422574974504e-05,1920.0,3840.0,0.0,0.03125,0.03125,0.0015165978248517713,0.0
132300.0,36.75,0.012,0.18960507772498938,0.0,0.18960507772498938,0.05566726468318905,0.14484680462098787,2.405153195378207,-8.051337374581635e-13,61,0.14484680462098787,4.5363458735798275e-05,1920.0,3840.0,0.0,0.03125,0.03125,0.0015127197983438243,0.0
132360.0,36.766666666666666,0.012,0.18953599944727267,0.0,0.18953599944727267,0.05566093512050923,0.14480149184219898,2.405198508156996,-8.046896482483135e-13,61,0.14480149184219898,4.531277878899666e-05,1920.0,3840.0,0.0,0.03125,0.03125,0.001508819673447713,0.0
132420.0,36.78333333333333,0.012,0.1894670022331999,0.0,0.1894670022331999,0.05565461640438216,0.1447562296564856,2.4052437703427088,-8.055778266680136e-13,61,0.1447562296564856,4.526218571270865e-05,1920.0,3840.0,0.0,0.03125,0.03125,0.0015049404673171422,0.0
132480.0,36.8,0.012,0.18939808593854107,0.0,0.18939808593854107,0.05564830851032741,0.14471101797717453,2.40528898202202,-8.055778266680136e-13,61,0.14471101797717453,4.521167931082607e-05,1920.0,3840.0,0.0,0.03125,0.03125,0.001501035181650699,0.0
132540.0,36.81666666666667,0.012,0.18932925041940354,0.0,0.18932925041940354,0.05564201141392942,0.14466585671778634,2.4053341432814075,-8.060219158778636e-13,61,0.14466585671778634,4.516125938776518e-05,1920.0,3840.0,0.0,0.03125,0.03125,0.0014971518212155096,0.0
132600.0,36.833333333333336,0.012,0.1892604955322258,0.0,0.1892604955322258,0.0556357250908378,0.14462074579203785,2.405379254207156,-8.060219158778636e-13,61,0.14462074579203785,4.51109257484625e-05,1920.0,3840.0,0.0,0.03125,0.03125,0.0014933246461439423,0.0
132660.0,36.85,0.012,0.18919182113378719,0.0,0.18919182113378719,0.05562944951676768,0.14457568511383892,2.4054243148853547,-8.060219158778636e-13,61,0.14457568511383892,4.5060678198378145e-05,1920.0,3840.0,0.0,0.03125,0.03125,0.001489476441920985,0.0
132720.0,36.86666666666667,0.012,0.1891232270811959,0.0,0.1891232270811959,0.05562318466749867,0.14453067459729504,2.4054693254018984,-8.064660050877137e-13,61,0.14453067459729504,4.50105165434903e-05,1920.0,3840.0,0.0,0.03125,0.03125,0.00148562811650705,0.0
132780.0,36.88333333333333,0.012,0.18905471323189438,0.0,0.18905471323189438,0.055616930518875965,0.14448571415670455,2.4055142858424885,-8.069100942975638e-13,61,0.14448571415670455,4.496044059029852e-05,1920.0,3840.0,0.0,0.03125,0.03125,0.0014817895202892818,0.0
132840.0,36.9,0.012,0.1889862794436577,0.0,0.1889862794436577,0.055610687046808875,0.1444408037065586,2.4055591962926344,-8.069100942975638e-13,61,0.1444408037065586,4.491045014582071e-05,1920.0,3840.0,0.0,0.03125,0.03125,0.0014779369401952875,0.0
132900.0,36.916666666666664,0.012,0.18891792557458742,0.0,0.18891792557458742,0.055604454227271644,0.1443959431615405,2.4056040568376518,-8.073541835074138e-13,61,0.1443959431615405,4.4860545017591294e-05,1920.0,3840.0,0.0,0.03125,0.03125,0.001474163212306504,0.0
132960.0,36.93333333333333,0.012,0.18884965148312144,0.0,0.18884965148312144,0.05559823203630292,0.14435113243652684,2.4056488675626655,-8.073541835074138e-13,61,0.14435113243652684,4.481072501366327e-05,1920.0,3840.0,0.0,0.03125,0.03125,0.0014703636537423035,0.0
133020.0,36.95,0.012,0.18878145702802196,0.0,0.18878145702802196,0.05559202045000586,0.14430637144658387,2.405693628552608,-8.077982727172639e-13,61,0.14430637144658387,4.4760989942603286e-05,1920.0,3840.0,0.0,0.03125,0.03125,0.001466572433108988,0.0
133080.0,36.96666666666667,0.012,0.18871334206837836,0.0,0.18871334206837836,0.05558581944454786,0.14426166010696995,2.4057383398922214,-8.08242361927114e-13,61,0.14426166010696995,4.471133961349376e-05,1920.0,3840.0,0.0,0.03125,0.03125,0.001462783459172829,0.0
133140.0,36.983333333333334,0.012,0.1886453064636115,0.0,0.1886453064636115,0.055579628996160355,0.14421699833313376,2.4057830016660575,-8.08686451136964e-13,61,0.14421699833313376,4.4661773835929734e-05,1920.0,3840.0,0.0,0.03125,0.03125,0.001459018139940924,0.0
133200.0,37.0,0.012,0.18857735007346366,0.0,0.18857735007346366,0.05557344908113876,0.14417238604071342,2.4058276139584773,-8.091305403468141e-13,61,0.14417238604071342,4.461229242001933e-05,1920.0,3840.0,0.0,0.03125,0.03125,0.0014552706917497808,0.0
133260.0,37.016666666666666,0.012,0.18850947275800528,0.0,0.18850947275800528,0.055567279675842234,0.1441278231455368,2.4058721768536535,-8.095746295566641e-13,61,0.1441278231455368,4.4562895176381444e-05,1920.0,3840.0,0.0,0.03125,0.03125,0.0014514930009295476,0.0
133320.0,37.03333333333333,0.012,0.18844167437763026,0.0,0.18844167437763026,0.05556112075669401,0.1440833095636204,2.4059166904355695,-8.100187187665142e-13,61,0.1440833095636204,4.4513581916145836e-05,1920.0,3840.0,0.0,0.03125,0.03125,0.0014477752841925188,0.0
133380.0,37.05,0.012,0.18837395479305302,0.0,0.18837395479305302,0.05555497230018029,0.14403884521116908,2.4059611547880206,-8.100187187665142e-13,61,0.14403884521116908,4.446435245094929e-05,1920.0,3840.0,0.0,0.03125,0.03125,0.0014440353904927438,0.0
133440.0,37.06666666666667,0.012,0.18830631386531554,0.0,0.18830631386531554,0.05554883428285118,0.14399443000457587,2.4060055699946137,-8.104628079763643e-13,61,0.14399443000457587,4.441520659293837e-05,1920.0,3840.0,0.0,0.03125,0.03125,0.001440329623310695,0.0
133500.0,37.083333333333336,0.012,0.18823875145577834,0.0,0.18823875145577834,0.05554270668131954,0.1439500638604208,2.4060499361387686,-8.104628079763643e-13,61,0.1439500638604208,4.436614415476534e-05,1920.0,3840.0,0.0,0.03125,0.03125,0.0014366193987212857,0.0
133560.0,37.1,0.012,0.18817126742611956,0.0,0.18817126742611956,0.055536589472261776,0.14390574669547093,2.4060942533037184,-8.104628079763643e-13,61,0.14390574669547093,4.431716494958708e-05,1920.0,3840.0,0.0,0.03125,0.03125,0.0014329322459230678,0.0
133620.0,37.11666666666667,0.012,0.1881038616383434,0.0,0.1881038616383434,0.05553048263241712,0.14386147842667932,2.4061385215725095,-8.109068971862143e-13,61,0.14386147842667932,4.426826879106649e-05,1920.0,3840.0,0.0,0.03125,0.03125,0.0014292439883898263,0.0
133680.0,37.13333333333333,0.012,0.1880365339547692,0.0,0.1880365339547692,0.055524386138587324,0.14381725897118583,2.406182741028003,-8.113509863960644e-13,61,0.14381725897118583,4.421945549336674e-05,1920.0,3840.0,0.0,0.03125,0.03125,0.0014255685490809392,0.0
133740.0,37.15,0.012,0.1879692842380311,0.0,0.1879692842380311,0.05551829996763702,0.14377308824631432,2.406226911752874,-8.117950756059145e-13,61,0.14377308824631432,4.4170724871155e-05,1920.0,3840.0,0.0,0.03125,0.03125,0.001421895711749539,0.0
133800.0,37.166666666666664,0.012,0.1879021123510874,0.0,0.1879021123510874,0.055512224096493035,0.1437289661695744,2.4062710338296136,-8.117950756059145e-13,61,0.1437289661695744,4.4122076739597514e-05,1920.0,3840.0,0.0,0.03125,0.03125,0.0014182215289290645,0.0
133860.0,37.18333333333333,0.012,0.1878350181572078,0.0,0.1878350181572078,0.05550615850214502,0.14368489265865997,2.406315107340528,-8.122391648157645e-13,61,0.14368489265865997,4.4073510914359576e-05,1920.0,3840.0,0.0,0.03125,0.03125,0.0014145892203237358,0.0
133920.0,37.2,0.012,0.18776800151997478,0.0,0.18776800151997478,0.0555001031616443,0.14364086763144798,2.4063591323677396,-8.122391648157645e-13,61,0.14364086763144798,4.402502721160483e-05,1920.0,3840.0,0.0,0.03125,0.03125,0.0014109537039012695,0.0
133980.0,37.21666666666667,0.012,0.1877010623032921,0.0,0.1877010623032921,0.05549405805210428,0.14359689100599995,2.4064031089931874,-8.122391648157645e-13,61,0.14359689100599995,4.397662544799279e-05,1920.0,3840.0,0.0,0.03125,0.03125,0.0014073015386649329,0.0
134040.0,37.233333333333334,0.012,0.18763420037137232,0.0,0.18763420037137232,0.05548802315070012,0.14355296270055873,2.406447037298628,-8.126832540256146e-13,61,0.14355296270055873,4.3928305440679324e-05,1920.0,3840.0,0.0,0.03125,0.03125,0.001403670329028552,0.0
134100.0,37.25,0.012,0.18756741558873813,0.0,0.18756741558873813,0.05548199843466898,0.14350908263355136,2.4064909173656357,-8.126832540256146e-13,61,0.14350908263355136,4.388006700731275e-05,1920.0,3840.0,0.0,0.03125,0.03125,0.0014000643202631904,0.0
134160.0,37.266666666666666,0.012,0.18750070782023062,0.0,0.18750070782023062,0.05547598388130922,0.14346525072358476,2.4065347492756017,-8.131273432354647e-13,61,0.14346525072358476,4.38319099660355e-05,1920.0,3840.0,0.0,0.03125,0.03125,0.0013964835577202615,0.0
134220.0,37.28333333333333,0.012,0.1874340769309973,0.0,0.1874340769309973,0.05546997946798054,0.14342146688944915,2.4065785331097374,-8.131273432354647e-13,61,0.14342146688944915,4.378383413547929e-05,1920.0,3840.0,0.0,0.03125,0.03125,0.0013928986551002497,0.0
134280.0,37.3,0.012,0.18736752278649332,0.0,0.18736752278649332,0.05546398517210378,0.14337773105011403,2.406622268949072,-8.140155216551648e-13,61,0.14337773105011403,4.3735839334768145e-05,1920.0,3840.0,0.0,0.03125,0.03125,0.0013893156148962027,0.0
134340.0,37.31666666666667,0.012,0.18730104525248878,0.0,0.18730104525248878,0.0554580009711609,0.14333404312473041,2.4066659568744555,-8.140155216551648e-13,61,0.14333404312473041,4.368792538351265e-05,1920.0,3840.0,0.0,0.03125,0.03125,0.001385707827242755,0.0
134400.0,37.333333333333336,0.012,0.1872346441950584,0.0,0.1872346441950584,0.05545202684269478,0.14329040303262833,2.4067095969665573,-8.140155216551648e-13,61,0.14329040303262833,4.3640092101812304e-05,1920.0,3840.0,0.0,0.03125,0.03125,0.0013821692875016606,0.0
134460.0,37.35,0.012,0.18716831948058274,0.0,0.18716831948058274,0.05544606276430869,0.14324681069331766,2.4067531893058676,-8.144596108650148e-13,61,0.14324681069331766,4.3592339310251546e-05,1920.0,3840.0,0.0,0.03125,0.03125,0.0013785963046860996,0.0
134520.0,37.36666666666667,0.012,0.1871020709757522,0.0,0.1871020709757522,0.05544010871366648,0.14320326602648759,2.4067967339726977,-8.144596108650148e-13,61,0.14320326602648759,4.354466682990025e-05,1920.0,3840.0,0.0,0.03125,0.03125,0.0013750666181616862,0.0
134580.0,37.38333333333333,0.012,0.1870358985475614,0.0,0.1870358985475614,0.05543416466849251,0.14315976895200483,2.40684023104718,-8.149037000748649e-13,61,0.14315976895200483,4.349707448231085e-05,1920.0,3840.0,0.0,0.03125,0.03125,0.0013715308691253857,0.0
134640.0,37.4,0.012,0.18696980206330865,0.0,0.18696980206330865,0.05542823060657104,0.14311631938991512,2.4068836806092695,-8.15347789284715e-13,61,0.14311631938991512,4.344956208951768e-05,1920.0,3840.0,0.0,0.03125,0.03125,0.0013680014259135048,0.0
134700.0,37.416666666666664,0.012,0.18690378139059594,0.0,0.18690378139059594,0.055422306505746456,0.14307291726044064,2.4069270827387435,-8.15791878494565e-13,61,0.14307291726044064,4.340212947403606e-05,1920.0,3840.0,0.0,0.03125,0.03125,0.00136446902724,0.0
134760.0,37.43333333333333,0.012,0.18683783639733126,0.0,0.18683783639733126,0.055416392343922864,0.1430295624839815,2.406970437515202,-8.162359677044151e-13,61,0.1430295624839815,4.335477645886073e-05,1920.0,3840.0,0.0,0.03125,0.03125,0.0013609705435981656,0.0
134820.0,37.45,0.012,0.18677196695172224,0.0,0.18677196695172224,0.0554104880990643,0.14298625498111403,2.4070137450180695,-8.162359677044151e-13,61,0.14298625498111403,4.3307502867463664e-05,1920.0,3840.0,0.0,0.03125,0.03125,0.0013574843253447906,0.0
134880.0,37.46666666666667,0.012,0.1867061729222755,0.0,0.1867061729222755,0.055404593749194035,0.14294299467258983,2.4070570053265934,-8.166800569142652e-13,61,0.14294299467258983,4.326030852379372e-05,1920.0,3840.0,0.0,0.03125,0.03125,0.001353989232118757,0.0
134940.0,37.483333333333334,0.012,0.18664045417780392,0.0,0.18664045417780392,0.055398709272394576,0.14289978147933727,2.4071002185198456,-8.171241461241152e-13,61,0.14289978147933727,4.321319325227545e-05,1920.0,3840.0,0.0,0.03125,0.03125,0.0013505366716076712,0.0
135000.0,37.5,0.012,0.18657481058741585,0.0,0.18657481058741585,0.055392834646807665,0.14285661532245916,2.4071433846767234,-8.171241461241152e-13,61,0.14285661532245916,4.3166156877806115e-05,1920.0,3840.0,0.0,0.03125,0.03125,0.0013470518942352398,0.0
135060.0,37.516666666666666,0.012,0.18650924202051972,0.0,0.18650924202051972,0.055386969850634286,0.14281349612323319,2.4071865038759492,-8.175682353339653e-13,61,0.14281349612323319,4.3119199225756414e-05,1920.0,3840.0,0.0,0.03125,0.03125,0.0013435782391847165,0.0
135120.0,37.53333333333333,0.012,0.18644374834681948,0.0,0.18644374834681948,0.055381114862133804,0.14277042380311097,2.4072295761960714,-8.175682353339653e-13,61,0.14277042380311097,4.3072320121967126e-05,1920.0,3840.0,0.0,0.03125,0.03125,0.001340138116103529,0.0
135180.0,37.55,0.012,0.186378329436321,0.0,0.186378329436321,0.05537526965962426,0.14272739828371786,2.407272601715464,-8.180123245438153e-13,61,0.14272739828371786,4.302551939274919e-05,1920.0,3840.0,0.0,0.03125,0.03125,0.0013366852219698815,0.0
135240.0,37.56666666666667,0.012,0.18631298515932324,0.0,0.18631298515932324,0.0553694342214824,0.14268441948685306,2.407315580512329,-8.180123245438153e-13,61,0.14268441948685306,4.297879686488284e-05,1920.0,3840.0,0.0,0.03125,0.03125,0.0013332748203853518,0.0
135300.0,37.583333333333336,0.012,0.18624771538641965,0.0,0.18624771538641965,0.05536360852614319,0.14264148733448673,2.4073585126646946,-8.184564137536654e-13,61,0.14264148733448673,4.2932152365613434e-05,1920.0,3840.0,0.0,0.03125,0.03125,0.0013298462413439513,0.0
135360.0,37.6,0.012,0.18618251998850036,0.0,0.18618251998850036,0.05535779255209962,0.14259860174876385,2.407401398250417,-8.189005029635155e-13,61,0.14259860174876385,4.288558572265324e-05,1920.0,3840.0,0.0,0.03125,0.03125,0.001326439499945454,0.0
135420.0,37.61666666666667,0.012,0.18611739883674938,0.0,0.18611739883674938,0.05535198627790264,0.1425557626519995,2.4074442373471814,-8.189005029635155e-13,61,0.1425557626519995,4.2839096764179264e-05,1920.0,3840.0,0.0,0.03125,0.03125,0.0013230535559431813,0.0
135480.0,37.63333333333333,0.012,0.18605235180264304,0.0,0.18605235180264304,0.05534618968216096,0.14251296996668056,2.4074870300325,-8.189005029635155e-13,61,0.14251296996668056,4.2792685318829856e-05,1920.0,3840.0,0.0,0.03125,0.03125,0.0013196425722723454,0.0
135540.0,37.65,0.012,0.18598737875794824,0.0,0.18598737875794824,0.055340402743541156,0.14247022361546455,2.407529776383716,-8.193445921733655e-13,61,0.14247022361546455,4.274635121570596e-05,1920.0,3840.0,0.0,0.03125,0.03125,0.0013162629762526782,0.0
135600.0,37.666666666666664,0.012,0.1859224795747257,0.0,0.1859224795747257,0.055334625440766734,0.14242752352117977,2.407572476478,-8.197886813832156e-13,61,0.14242752352117977,4.2700094284368644e-05,1920.0,3840.0,0.0,0.03125,0.03125,0.0013128741888130226,0.0
135660.0,37.68333333333333,0.012,0.18585765412532643,0.0,0.18585765412532643,0.05532885775261897,0.14238486960682467,2.407615130392355,-8.202327705930657e-13,61,0.14238486960682467,4.26539143548375e-05,1920.0,3840.0,0.0,0.03125,0.03125,0.001309502050856983,0.0
135720.0,37.7,0.012,0.18579290228239032,0.0,0.18579290228239032,0.05532309965793604,0.14234226179556714,2.4076577382036124,-8.202327705930657e-13,61,0.14234226179556714,4.2607811257589996e-05,1920.0,3840.0,0.0,0.03125,0.03125,0.0013061486681005777,0.0
135780.0,37.71666666666667,0.012,0.18572822391884514,0.0,0.18572822391884514,0.05531735113561298,0.14229970001074313,2.407700299988436,-8.206768598029157e-13,61,0.14229970001074313,4.256178482355918e-05,1920.0,3840.0,0.0,0.03125,0.03125,0.0013027928570323876,0.0
135840.0,37.733333333333334,0.012,0.1856636189079083,0.0,0.1856636189079083,0.05531161216460156,0.1422571841758587,2.4077428158233203,-8.206768598029157e-13,61,0.1422571841758587,4.2515834884133136e-05,1920.0,3840.0,0.0,0.03125,0.03125,0.0012994622888765097,0.0
135900.0,37.75,0.012,0.18559908712308543,0.0,0.18559908712308543,0.0553058827239105,0.14221471421458712,2.4077852857845916,-8.211209490127658e-13,61,0.14221471421458712,4.246996127115389e-05,1920.0,3840.0,0.0,0.03125,0.03125,0.0012961339359956665,0.0
135960.0,37.766666666666666,0.012,0.18553462843816731,0.0,0.18553462843816731,0.05530016279260454,0.14217229005077006,2.4078277099484087,-8.211209490127658e-13,61,0.14217229005077006,4.2424163816914494e-05,1920.0,3840.0,0.0,0.03125,0.03125,0.0012928030360800044,0.0
136020.0,37.78333333333333,0.012,0.18547024272723028,0.0,0.18547024272723028,0.05529445234980464,0.14212991160841557,2.4078700883907627,-8.215650382226158e-13,61,0.14212991160841557,4.237844235415924e-05,1920.0,3840.0,0.0,0.03125,0.03125,0.0012894900051416353,0.0
136080.0,37.8,0.012,0.18540592986463406,0.0,0.18540592986463406,0.05528875137468822,0.14208757881169948,2.4079124211874787,-8.215650382226158e-13,61,0.14208757881169948,4.233279671608205e-05,1920.0,3840.0,0.0,0.03125,0.03125,0.0012861657095701088,0.0
136140.0,37.81666666666667,0.012,0.18534168972502765,0.0,0.18534168972502765,0.05528305984648841,0.14204529158496285,2.407954708414215,-8.220091274324659e-13,61,0.14204529158496285,4.228722673632392e-05,1920.0,3840.0,0.0,0.03125,0.03125,0.0012828754061936082,0.0
136200.0,37.833333333333336,0.012,0.18527752218333873,0.0,0.18527752218333873,0.05527737774449406,0.14200304985271342,2.407996950146464,-8.22453216642316e-13,61,0.14200304985271342,4.224173224897361e-05,1920.0,3840.0,0.0,0.03125,0.03125,0.001279585934301658,0.0
136260.0,37.85,0.012,0.18521342711477998,0.0,0.18521342711477998,0.05527170504804953,0.1419608535396244,2.4080391464595525,-8.22897305852166e-13,61,0.1419608535396244,4.219631308856531e-05,1920.0,3840.0,0.0,0.03125,0.03125,0.0012763362751737522,0.0
136320.0,37.86666666666667,0.012,0.1851494043948425,0.0,0.1851494043948425,0.055266041736554895,0.1419187025705344,2.4080812974286427,-8.22453216642316e-13,61,0.1419187025705344,4.215096909007592e-05,1920.0,3840.0,0.0,0.03125,0.03125,0.0012730357521292448,0.0
136380.0,37.88333333333333,0.012,0.18508545389930284,0.0,0.18508545389930284,0.05526038778946518,0.1418765968704449,2.4081234031287315,-8.233413950620161e-13,61,0.1418765968704449,4.210570008892526e-05,1920.0,3840.0,0.0,0.03125,0.03125,0.0012698098265013125,0.0
136440.0,37.9,0.012,0.18502157550421583,0.0,0.18502157550421583,0.05525474318629056,0.14183453636452378,2.4081654636346523,-8.237854842718662e-13,61,0.14183453636452378,4.206050592097612e-05,1920.0,3840.0,0.0,0.03125,0.03125,0.0012665364388408256,0.0
136500.0,37.916666666666664,0.012,0.18495776908591544,0.0,0.18495776908591544,0.0552491079065962,0.141792520978101,2.408207479021075,-8.242295734817162e-13,61,0.141792520978101,4.201538642252933e-05,1920.0,3840.0,0.0,0.03125,0.03125,0.0012633061839739585,0.0
136560.0,37.93333333333333,0.012,0.18489403452101522,0.0,0.18489403452101522,0.05524348193000206,0.14175055063667036,2.408249449362505,-8.242295734817162e-13,61,0.14175055063667036,4.197034143032516e-05,1920.0,3840.0,0.0,0.03125,0.03125,0.0012600726649117848,0.0
136620.0,37.95,0.012,0.1848303716864033,0.0,0.1848303716864033,0.05523786523618244,0.14170862526588873,2.408291374733287,-8.242295734817162e-13,61,0.14170862526588873,4.1925370781541215e-05,1920.0,3840.0,0.0,0.03125,0.03125,0.0012568529953313305,0.0
136680.0,37.96666666666667,0.012,0.18476678045925043,0.0,0.18476678045925043,0.05523225780486633,0.1416667447915746,2.4083332552076007,-8.246736626915663e-13,61,0.1416667447915746,4.188047431379153e-05,1920.0,3840.0,0.0,0.03125,0.03125,0.001253628832203825,0.0
136740.0,37.983333333333334,0.012,0.18470326071700083,0.0,0.18470326071700083,0.05522665961583686,0.14162490913970918,2.4083750908594657,-8.251177519014163e-13,61,0.14162490913970918,4.1835651865123744e-05,1920.0,3840.0,0.0,0.03125,0.03125,0.0012504283238341947,0.0
136800.0,38.0,0.012,0.1846398123373742,0.0,0.1846398123373742,0.055221070648931135,0.14158311823643518,2.4084168817627396,-8.251177519014163e-13,61,0.14158311823643518,4.179090327401939e-05,1920.0,3840.0,0.0,0.03125,0.03125,0.0012471944712553256,0.0
136860.0,38.016666666666666,0.012,0.18457643519836586,0.0,0.18457643519836586,0.05521549088404048,0.14154137200805525,2.408458627991119,-8.255618411112664e-13,61,0.14154137200805525,4.1746228379393206e-05,1920.0,3840.0,0.0,0.03125,0.03125,0.0012440174026971704,0.0
136920.0,38.03333333333333,0.012,0.18451312917824292,0.0,0.18451312917824292,0.055209920301109695,0.14149967038103478,2.4085003296181395,-8.255618411112664e-13,61,0.14149967038103478,4.170162702058842e-05,1920.0,3840.0,0.0,0.03125,0.03125,0.0012408371865024004,0.0
136980.0,38.05,0.012,0.18444989415554935,0.0,0.18444989415554935,0.05520435888013728,0.14145801328199697,2.408541986717177,-8.260059303211165e-13,61,0.14145801328199697,4.165709903737914e-05,1920.0,3840.0,0.0,0.03125,0.03125,0.0012376364547776793,0.0
137040.0,38.06666666666667,0.012,0.1843867300091007,0.0,0.1843867300091007,0.05519880660117513,0.14141640063772679,2.408583599361447,-8.260059303211165e-13,61,0.14141640063772679,4.161264426996834e-05,1920.0,3840.0,0.0,0.03125,0.03125,0.0012344921272240063,0.0
137100.0,38.083333333333336,0.012,0.18432363661798293,0.0,0.18432363661798293,0.05519326344432865,0.1413748323751672,2.408625167624006,-8.264500195309665e-13,61,0.1413748323751672,4.156826255898352e-05,1920.0,3840.0,0.0,0.03125,0.03125,0.0012313520130638892,0.0
137160.0,38.1,0.012,0.18426061386155473,0.0,0.18426061386155473,0.05518772938975597,0.14133330842142172,2.4086666915777517,-8.264500195309665e-13,61,0.14133330842142172,4.1523953745479445e-05,1920.0,3840.0,0.0,0.03125,0.03125,0.001228190644746768,0.0
137220.0,38.11666666666667,0.012,0.1841976616194441,0.0,0.1841976616194441,0.05518220441766839,0.1412918287037505,2.4087081712954226,-8.268941087408166e-13,61,0.1412918287037505,4.1479717670935734e-05,1920.0,3840.0,0.0,0.03125,0.03125,0.0012250558104086077,0.0
137280.0,38.13333333333333,0.012,0.18413477977154696,0.0,0.18413477977154696,0.05517668850833003,0.14125039314957322,2.4087496068495997,-8.268941087408166e-13,61,0.14125039314957322,4.1435554177252535e-05,1920.0,3840.0,0.0,0.03125,0.03125,0.0012219002119535634,0.0
137340.0,38.15,0.012,0.18407196819803298,0.0,0.18407196819803298,0.05517118164205756,0.14120900168646602,2.4087909983127065,-8.273381979506667e-13,61,0.14120900168646602,4.139146310675296e-05,1920.0,3840.0,0.0,0.03125,0.03125,0.0012187901120529337,0.0
137400.0,38.166666666666664,0.012,0.18400922677933654,0.0,0.18400922677933654,0.05516568379921996,0.14116765424216351,2.4088323457570087,-8.277822871605167e-13,61,0.14116765424216351,4.134744430218168e-05,1920.0,3840.0,0.0,0.03125,0.03125,0.001215686251207505,0.0
137460.0,38.18333333333333,0.012,0.18394655539615962,0.0,0.18394655539615962,0.05516019496023896,0.14112635074455634,2.4088736492546152,-8.282263763703668e-13,61,0.14112635074455634,4.1303497606700596e-05,1920.0,3840.0,0.0,0.03125,0.03125,0.0012125638121449434,0.0
137520.0,38.2,0.012,0.18388395392947182,0.0,0.18388395392947182,0.05515471510558803,0.1410850911216925,2.4089149088774793,-8.282263763703668e-13,61,0.1410850911216925,4.12596228638899e-05,1920.0,3840.0,0.0,0.03125,0.03125,0.001209484478487745,0.0
137580.0,38.21666666666667,0.012,0.18382142226050804,0.0,0.18382142226050804,0.0551492442157926,0.1410438753017746,2.408956124697397,-8.282263763703668e-13,61,0.1410438753017746,4.1215819917747125e-05,1920.0,3840.0,0.0,0.03125,0.03125,0.0012063913042990788,0.0
137640.0,38.233333333333334,0.012,0.18375896027076594,0.0,0.18375896027076594,0.05514378227143027,0.14100270321316155,2.40899729678601,-8.286704655802168e-13,61,0.14100270321316155,4.117208861268383e-05,1920.0,3840.0,0.0,0.03125,0.03125,0.0012033137110158507,0.0
137700.0,38.25,0.012,0.18369656784201344,0.0,0.18369656784201344,0.05513832925313002,0.14096157478436763,2.409038425214803,-8.291145547900669e-13,61,0.14096157478436763,4.1128428793525836e-05,1920.0,3840.0,0.0,0.03125,0.03125,0.00120022542906186,0.0
137760.0,38.266666666666666,0.012,0.1836342448562785,0.0,0.1836342448562785,0.05513288514157245,0.1409204899440621,2.4090795100551086,-8.291145547900669e-13,61,0.1409204899440621,4.108484030551284e-05,1920.0,3840.0,0.0,0.03125,0.03125,0.0011971651389507448,0.0
137820.0,38.28333333333333,0.012,0.18357199119585207,0.0,0.18357199119585207,0.055127449917489545,0.14087944862106738,2.409120551378103,-8.29558643999917e-13,61,0.14087944862106738,4.1041322994294846e-05,1920.0,3840.0,0.0,0.03125,0.03125,0.0011941019490120347,0.0
137880.0,38.3,0.012,0.18350980674328843,0.0,0.18350980674328843,0.05512202356166438,0.1408384507443613,2.409161549254809,-8.29558643999917e-13,61,0.1408384507443613,4.0997876705931946e-05,1920.0,3840.0,0.0,0.03125,0.03125,0.0011910752813208024,0.0
137940.0,38.31666666666667,0.012,0.1834476913814031,0.0,0.1834476913814031,0.055116606054931114,0.14079749624307414,2.4092025037560956,-8.30002733209767e-13,61,0.14079749624307414,4.095450128689455e-05,1920.0,3840.0,0.0,0.03125,0.03125,0.0011880405983252574,0.0
138000.0,38.333333333333336,0.012,0.1833856449932715,0.0,0.1833856449932715,0.05511119737817494,0.1407565850464899,2.40924341495268,-8.30002733209767e-13,61,0.1407565850464899,4.0911196584058793e-05,1920.0,3840.0,0.0,0.03125,0.03125,0.0011849926164147614,0.0
138060.0,38.35,0.012,0.18332366746222975,0.0,0.18332366746222975,0.0551057975123314,0.14071571708404507,2.4092842829151246,-8.30002733209767e-13,61,0.14071571708404507,4.08679624447083e-05,1920.0,3840.0,0.0,0.03125,0.03125,0.0011819502515599324,0.0
138120.0,38.36666666666667,0.012,0.1832617586718758,0.0,0.1832617586718758,0.05510040643838699,0.14067489228532803,2.4093251077138413,-8.304468224196171e-13,61,0.14067489228532803,4.082479871653258e-05,1920.0,3840.0,0.0,0.03125,0.03125,0.0011789557990807885,0.0
138180.0,38.38333333333333,0.012,0.18319991850606368,0.0,0.18319991850606368,0.05509502413737852,0.14063411058008016,2.409365889419089,-8.308909116294672e-13,61,0.14063411058008016,4.078170524762283e-05,1920.0,3840.0,0.0,0.03125,0.03125,0.001175931623160256,0.0
138240.0,38.4,0.012,0.1831381468489062,0.0,0.1831381468489062,0.05508965059039284,0.14059337189819363,2.4094066281009754,-8.308909116294672e-13,61,0.14059337189819363,4.073868188647566e-05,1920.0,3840.0,0.0,0.03125,0.03125,0.0011729231166853814,0.0
138300.0,38.416666666666664,0.012,0.18307644358477354,0.0,0.18307644358477354,0.05508428577856728,0.14055267616971145,2.4094473238294576,-8.308909116294672e-13,61,0.14055267616971145,4.069572848198805e-05,1920.0,3840.0,0.0,0.03125,0.03125,0.001169936064744685,0.0
138360.0,38.43333333333333,0.012,0.18301480859829278,0.0,0.18301480859829278,0.055078929683088924,0.14051202332482793,2.409487976674341,-8.308909116294672e-13,61,0.14051202332482793,4.06528448834563e-05,1920.0,3840.0,0.0,0.03125,0.03125,0.0011669566561161614,0.0
138420.0,38.45,0.012,0.18295324177434688,0.0,0.18295324177434688,0.05507358228519442,0.14047141329388682,2.4095285867052816,-8.313350008393172e-13,61,0.14047141329388682,4.061003094057688e-05,1920.0,3840.0,0.0,0.03125,0.03125,0.0011639894923559347,0.0
138480.0,38.46666666666667,0.012,0.18289174299807248,0.0,0.18289174299807248,0.055068243566170565,0.14043084600738318,2.409569153991785,-8.317790900491673e-13,61,0.14043084600738318,4.0567286503444016e-05,1920.0,3840.0,0.0,0.03125,0.03125,0.0011610313536748059,0.0
138540.0,38.483333333333334,0.012,0.18283031215486314,0.0,0.18283031215486314,0.055062913507353345,0.14039032139596042,2.4096096786032075,-8.317790900491673e-13,61,0.14039032139596042,4.052461142254778e-05,1920.0,3840.0,0.0,0.03125,0.03125,0.0011580472057535964,0.0
138600.0,38.5,0.012,0.18276894913036584,0.0,0.18276894913036584,0.055057592090127984,0.14034983939041154,2.409650160608756,-8.322231792590173e-13,61,0.14034983939041154,4.0482005548774036e-05,1920.0,3840.0,0.0,0.03125,0.03125,0.0011550756151601184,0.0
138660.0,38.516666666666666,0.012,0.18270765381048057,0.0,0.18270765381048057,0.05505227929592927,0.14030939992167754,2.4096906000774894,-8.331113576787175e-13,61,0.14030939992167754,4.043946873340339e-05,1920.0,3840.0,0.0,0.03125,0.03125,0.0011521610280410396,0.0
138720.0,38.53333333333333,0.012,0.18264642608135906,0.0,0.18264642608135906,0.05504697510624075,0.14026900292084932,2.4097309970783174,-8.331113576787175e-13,61,0.14026900292084932,4.039700082810823e-05,1920.0,3840.0,0.0,0.03125,0.03125,0.0011492100960573822,0.0
138780.0,38.55,0.012,0.18258526582940537,0.0,0.18258526582940537,0.055041679502594816,0.14022864831916423,2.4097713516800026,-8.331113576787175e-13,61,0.14022864831916423,4.035460168495332e-05,1920.0,3840.0,0.0,0.03125,0.03125,0.0011463075905876067,0.0
138840.0,38.56666666666667,0.012,0.18252417294127476,0.0,0.18252417294127476,0.055036392466572916,0.1401883360480076,2.409811663951159,-8.335554468885675e-13,61,0.1401883360480076,4.0312271156394284e-05,1920.0,3840.0,0.0,0.03125,0.03125,0.0011433558076283973,0.0
138900.0,38.583333333333336,0.012,0.182463147303873,0.0,0.182463147303873,0.055031113979804716,0.14014806603891206,2.409851933960254,-8.335554468885675e-13,61,0.14014806603891206,4.027000909527528e-05,1920.0,3840.0,0.0,0.03125,0.03125,0.0011404509655268819,0.0
138960.0,38.6,0.012,0.18240218880435566,0.0,0.18240218880435566,0.05502584402396853,0.14010783822355696,2.409892161775609,-8.339995360984176e-13,61,0.14010783822355696,4.0227815354829104e-05,1920.0,3840.0,0.0,0.03125,0.03125,0.00113755383847894,0.0
139020.0,38.61666666666667,0.012,0.18234129733012616,0.0,0.18234129733012616,0.055020582580791115,0.1400676525337681,2.4099323474653978,-8.339995360984176e-13,61,0.1400676525337681,4.018568978867528e-05,1920.0,3840.0,0.0,0.03125,0.03125,0.0011346694326309368,0.0
139080.0,38.63333333333333,0.012,0.18228047276883738,0.0,0.18228047276883738,0.05501532963204694,0.1400275089015171,2.4099724910976486,-8.339995360984176e-13,61,0.1400275089015171,4.0143632250819575e-05,1920.0,3840.0,0.0,0.03125,0.03125,0.0011317749662878912,0.0
139140.0,38.65,0.012,0.18221971500839135,0.0,0.18221971500839135,0.055010085159558936,0.13998740725892114,2.410012592740244,-8.344436253082677e-13,61,0.13998740725892114,4.0101642595652634e-05,1920.0,3840.0,0.0,0.03125,0.03125,0.0011289005031661459,0.0
139200.0,38.666666666666664,0.012,0.18215902393693562,0.0,0.18215902393693562,0.05500484914519768,0.13994734753824298,2.410052652460922,-8.348877145181177e-13,61,0.13994734753824298,4.005972067794644e-05,1920.0,3840.0,0.0,0.03125,0.03125,0.001126035758288583,0.0
139260.0,38.68333333333333,0.012,0.18209839944286413,0.0,0.18209839944286413,0.054999621570881216,0.13990732967189004,2.4100926703272747,-8.348877145181177e-13,61,0.13990732967189004,4.0017866352857855e-05,1920.0,3840.0,0.0,0.03125,0.03125,0.0011231465779954894,0.0
139320.0,38.7,0.012,0.18203784141481677,0.0,0.18203784141481677,0.05499440241857572,0.13986735359241387,2.4101326464067507,-8.353318037279678e-13,61,0.13986735359241387,3.997607947592311e-05,1920.0,3840.0,0.0,0.03125,0.03125,0.001120299991294035,0.0
139380.0,38.71666666666667,0.012,0.18197734974167815,0.0,0.18197734974167815,0.05498919167029422,0.13982741923251063,2.4101725807666536,-8.357758929378178e-13,61,0.13982741923251063,3.993435990305817e-05,1920.0,3840.0,0.0,0.03125,0.03125,0.0011174522837227071,0.0
139440.0,38.733333333333334,0.012,0.18191692431257847,0.0,0.18191692431257847,0.054983989308097315,0.13978752652501988,2.4102124734741444,-8.357758929378178e-13,61,0.13978752652501988,3.9892707490560125e-05,1920.0,3840.0,0.0,0.03125,0.03125,0.0011145969399356582,0.0
139500.0,38.75,0.012,0.18185656501689051,0.0,0.18185656501689051,0.054978795314092804,0.13974767540292451,2.4102523245962395,-8.357758929378178e-13,61,0.13974767540292451,3.9851122095100504e-05,1920.0,3840.0,0.0,0.03125,0.03125,0.0011117447304141344,0.0
139560.0,38.766666666666666,0.012,0.18179627174423058,0.0,0.18179627174423058,0.05497360967043509,0.13970786579935054,2.410292134199813,-8.362199821476679e-13,61,0.13970786579935054,3.980960357372927e-05,1920.0,3840.0,0.0,0.03125,0.03125,0.0011089466724102542,0.0
139620.0,38.78333333333333,0.012,0.18173604438445765,0.0,0.18173604438445765,0.05496843235932579,0.13966809764756635,2.410331902351597,-8.362199821476679e-13,61,0.13966809764756635,3.976815178387124e-05,1920.0,3840.0,0.0,0.03125,0.03125,0.0011061274185374403,0.0
139680.0,38.8,0.012,0.18167588282767239,0.0,0.18167588282767239,0.05496326336301309,0.13962837088098282,2.4103716291181807,-8.362199821476679e-13,61,0.13962837088098282,3.972676658332429e-05,1920.0,3840.0,0.0,0.03125,0.03125,0.0011033115921100056,0.0
139740.0,38.81666666666667,0.012,0.18161578696421535,0.0,0.18161578696421535,0.05495810266379155,0.13958868543315225,2.410411314566011,-8.36664071357518e-13,61,0.13958868543315225,3.968544783026114e-05,1920.0,3840.0,0.0,0.03125,0.03125,0.0011005129018737,0.0
139800.0,38.833333333333336,0.012,0.18155575668466917,0.0,0.18155575668466917,0.05495295024400249,0.13954904123776893,2.4104509587613943,-8.36664071357518e-13,61,0.13954904123776893,3.964419538322495e-05,1920.0,3840.0,0.0,0.03125,0.03125,0.0010977123119275275,0.0
139860.0,38.85,0.012,0.18149579187985676,0.0,0.18149579187985676,0.054947806086033175,0.13950943822866751,2.4104905617704953,-8.37108160567368e-13,61,0.13950943822866751,3.960300910112933e-05,1920.0,3840.0,0.0,0.03125,0.03125,0.0010949078067322298,0.0
139920.0,38.86666666666667,0.012,0.1814358924408388,0.0,0.1814358924408388,0.05494267017231703,0.13946987633982416,2.4105301236593384,-8.37108160567368e-13,61,0.13946987633982416,3.956188884325909e-05,1920.0,3840.0,0.0,0.03125,0.03125,0.0010921358580895245,0.0
139980.0,38.88333333333333,0.012,0.18137605825891553,0.0,0.18137605825891553,0.05493754248533374,0.13943035550535438,2.410569644493808,-8.375522497772181e-13,61,0.13943035550535438,3.952083446926517e-05,1920.0,3840.0,0.0,0.03125,0.03125,0.001089384640080255,0.0
140040.0,38.9,0.012,0.18131628922562468,0.0,0.18131628922562468,0.05493242300760846,0.13939087565951505,2.410609124339647,-8.375522497772181e-13,61,0.13939087565951505,3.947984583916802e-05,1920.0,3840.0,0.0,0.03125,0.03125,0.0010865806043903353,0.0
140100.0,38.916666666666664,0.012,0.1812565852327411,0.0,0.1812565852327411,0.05492731172171245,0.13935143673670158,2.4106485632624604,-8.379963389870682e-13,61,0.13935143673670158,3.943892281335372e-05,1920.0,3840.0,0.0,0.03125,0.03125,0.0010838343777504048,0.0
140160.0,38.93333333333333,0.012,0.18119694617227644,0.0,0.18119694617227644,0.054922208610262105,0.1393120386714487,2.410687961327713,-8.384404281969182e-13,61,0.1393120386714487,3.9398065252571566e-05,1920.0,3840.0,0.0,0.03125,0.03125,0.0010810868094404502,0.0
140220.0,38.95,0.012,0.18113737193647844,0.0,0.18113737193647844,0.05491711365591945,0.13927268139843055,2.4107273186007308,-8.384404281969182e-13,61,0.13927268139843055,3.935727301793745e-05,1920.0,3840.0,0.0,0.03125,0.03125,0.0010783406690538266,0.0
140280.0,38.96666666666667,0.012,0.18107786241783003,0.0,0.18107786241783003,0.054912026841391993,0.13923336485245955,2.4107666351467016,-8.384404281969182e-13,61,0.13923336485245955,3.9316545970928326e-05,1920.0,3840.0,0.0,0.03125,0.03125,0.001075611491075865,0.0
140340.0,38.983333333333334,0.012,0.18101841750904923,0.0,0.18101841750904923,0.05490694814943194,0.13919408896848612,2.410805911030675,-8.384404281969182e-13,61,0.13919408896848612,3.927588397338348e-05,1920.0,3840.0,0.0,0.03125,0.03125,0.0010728828107517108,0.0
140400.0,39.0,0.012,0.18095903710308806,0.0,0.18095903710308806,0.05490187756283694,0.1391548536815983,2.4108451463175626,-8.388845174067683e-13,61,0.1391548536815983,3.923528688750318e-05,1920.0,3840.0,0.0,0.03125,0.03125,0.0010701473820568927,0.0
140460.0,39.016666666666666,0.012,0.1808997210931319,0.0,0.1808997210931319,0.05489681506444927,0.13911565892702224,2.4108843410721383,-8.393286066166183e-13,61,0.13911565892702224,3.9194754575845876e-05,1920.0,3840.0,0.0,0.03125,0.03125,0.0010674401776406828,0.0
140520.0,39.03333333333333,0.012,0.180840469372599,0.0,0.180840469372599,0.05489176063715582,0.1390765046401206,2.4109234953590395,-8.397726958264684e-13,61,0.1390765046401206,3.915428690133035e-05,1920.0,3840.0,0.0,0.03125,0.03125,0.0010647428560761536,0.0
140580.0,39.05,0.012,0.18078128183514014,0.0,0.18078128183514014,0.054886714263888525,0.1390373907563932,2.4109626092427665,-8.402167850363185e-13,61,0.1390373907563932,3.911388372723048e-05,1920.0,3840.0,0.0,0.03125,0.03125,0.0010620233583458498,0.0
140640.0,39.06666666666667,0.012,0.18072215837463734,0.0,0.18072215837463734,0.054881675927623184,0.13899831721147565,2.411001682787684,-8.402167850363185e-13,61,0.13899831721147565,3.907354491717796e-05,1920.0,3840.0,0.0,0.03125,0.03125,0.0010593346654209192,0.0
140700.0,39.083333333333336,0.012,0.18066309888520393,0.0,0.18066309888520393,0.054876645611380545,0.13895928394114046,2.411040716058019,-8.402167850363185e-13,61,0.13895928394114046,3.903327033516008e-05,1920.0,3840.0,0.0,0.03125,0.03125,0.0010566529599084688,0.0
140760.0,39.1,0.012,0.18060410326118354,0.0,0.18060410326118354,0.05487162329822519,0.13892029088129487,2.4110797091178644,-8.406608742461685e-13,61,0.13892029088129487,3.899305984551619e-05,1920.0,3840.0,0.0,0.03125,0.03125,0.0010539882177485614,0.0
140820.0,39.11666666666667,0.012,0.18054517139714923,0.0,0.18054517139714923,0.05486660897126558,0.13888133796798136,2.4111186620311775,-8.411049634560186e-13,61,0.13888133796798136,3.8952913312940686e-05,1920.0,3840.0,0.0,0.03125,0.03125,0.0010512984812133279,0.0
140880.0,39.13333333333333,0.012,0.18048630318790387,0.0,0.18048630318790387,0.05486160261365465,0.13884242513737888,2.41115757486178,-8.406608742461685e-13,61,0.13884242513737888,3.8912830602478096e-05,1920.0,3840.0,0.0,0.03125,0.03125,0.001048657864325829,0.0
140940.0,39.15,0.012,0.18042749852847825,0.0,0.18042749852847825,0.05485660420858849,0.13880355232579922,2.4111964476733596,-8.411049634560186e-13,61,0.13880355232579922,3.887281157952528e-05,1920.0,3840.0,0.0,0.03125,0.03125,0.001045980639805883,0.0
141000.0,39.166666666666664,0.012,0.18036875731413193,0.0,0.18036875731413193,0.0548516137393073,0.1387647194696893,2.4112352805294694,-8.411049634560186e-13,61,0.1387647194696893,3.8832856109828045e-05,1920.0,3840.0,0.0,0.03125,0.03125,0.0010433200013940805,0.0
141060.0,39.18333333333333,0.012,0.18031007944035066,0.0,0.18031007944035066,0.05484663118909467,0.13872592650562954,2.4112740734935287,-8.415490526658687e-13,61,0.13872592650562954,3.87929640594801e-05,1920.0,3840.0,0.0,0.03125,0.03125,0.0010406792517380695,0.0
141120.0,39.2,0.012,0.18025146480284795,0.0,0.18025146480284795,0.054841656541277456,0.1386871733703343,2.4113128266288237,-8.419931418757187e-13,61,0.1386871733703343,3.875313529492532e-05,1920.0,3840.0,0.0,0.03125,0.03125,0.0010380360764933672,0.0
141180.0,39.21666666666667,0.012,0.18019291329756265,0.0,0.18019291329756265,0.05483668977922606,0.13864846000065126,2.4113515399985066,-8.419931418757187e-13,61,0.13864846000065126,3.871336968295154e-05,1920.0,3840.0,0.0,0.03125,0.03125,0.0010354315029561499,0.0
141240.0,39.233333333333334,0.012,0.18013442482066,0.0,0.18013442482066,0.05483173088635351,0.13860978633356025,2.411390213665597,-8.424372310855688e-13,61,0.13860978633356025,3.867366709069316e-05,1920.0,3840.0,0.0,0.03125,0.03125,0.0010328022790932567,0.0
141300.0,39.25,0.012,0.18007599926852935,0.0,0.18007599926852935,0.05482677984611647,0.13857115230617442,2.411428847692983,-8.424372310855688e-13,61,0.13857115230617442,3.86340273856295e-05,1920.0,3840.0,0.0,0.03125,0.03125,0.0010301905919190535,0.0
141360.0,39.266666666666666,0.012,0.18001763653778505,0.0,0.18001763653778505,0.05482183664201393,0.13853255785573854,2.4114674421434183,-8.428813202954188e-13,61,0.13853255785573854,3.859445043558233e-05,1920.0,3840.0,0.0,0.03125,0.03125,0.00102759916950979,0.0
141420.0,39.28333333333333,0.012,0.17995933652526452,0.0,0.17995933652526452,0.054816901257587834,0.13849400291962952,2.411505997079527,-8.433254095052689e-13,61,0.13849400291962952,3.855493610871717e-05,1920.0,3840.0,0.0,0.03125,0.03125,0.0010249725922099075,0.0
141480.0,39.3,0.012,0.17990109912802882,0.0,0.17990109912802882,0.05481197367642283,0.13845548743535624,2.4115445125638004,-8.433254095052689e-13,61,0.13845548743535624,3.851548427353856e-05,1920.0,3840.0,0.0,0.03125,0.03125,0.0010224003855735765,0.0
141540.0,39.31666666666667,0.012,0.17984292424336157,0.0,0.17984292424336157,0.05480705388214565,0.13841701134055692,2.411582988658599,-8.43769498715119e-13,61,0.13841701134055692,3.847609479889398e-05,1920.0,3840.0,0.0,0.03125,0.03125,0.0010198126841041572,0.0
141600.0,39.333333333333336,0.012,0.17978481176876798,0.0,0.17978481176876798,0.05480214185842605,0.1383785745730025,2.411621425426153,-8.44213587924969e-13,61,0.1383785745730025,3.843676755396857e-05,1920.0,3840.0,0.0,0.03125,0.03125,0.0010172198172857143,0.0
141660.0,39.35,0.012,0.17972676160197498,0.0,0.17972676160197498,0.054797237588975166,0.1383401770705941,2.4116598229285615,-8.44213587924969e-13,61,0.1383401770705941,3.839750240828599e-05,1920.0,3840.0,0.0,0.03125,0.03125,0.0010146150376229872,0.0
141720.0,39.36666666666667,0.012,0.17966877364092976,0.0,0.17966877364092976,0.05479234105754691,0.13830181877136222,2.411698181227793,-8.446576771348191e-13,61,0.13830181877136222,3.835829923170764e-05,1920.0,3840.0,0.0,0.03125,0.03125,0.0010120610782387584,0.0
141780.0,39.38333333333333,0.012,0.17961084778380063,0.0,0.17961084778380063,0.054787452247936824,0.13826349961346776,2.4117365003856874,-8.446576771348191e-13,61,0.13826349961346776,3.831915789442974e-05,1920.0,3840.0,0.0,0.03125,0.03125,0.0010095332502020491,0.0
141840.0,39.4,0.012,0.17955298392897454,0.0,0.17955298392897454,0.0547825711439822,0.13822521953520048,2.411774780463954,-8.451017663446692e-13,61,0.13822521953520048,3.828007826698618e-05,1920.0,3840.0,0.0,0.03125,0.03125,0.0010069641170536553,0.0
141900.0,39.416666666666664,0.012,0.1794951819750579,0.0,0.1794951819750579,0.05477769772956248,0.13818697847497996,2.4118130215241744,-8.455458555545192e-13,61,0.13818697847497996,3.8241060220241576e-05,1920.0,3840.0,0.0,0.03125,0.03125,0.0010044094575795731,0.0
141960.0,39.43333333333333,0.012,0.17943744182087557,0.0,0.17943744182087557,0.054772831988597996,0.13814877637135445,2.4118512236278,-8.455458555545192e-13,61,0.13814877637135445,3.820210362539701e-05,1920.0,3840.0,0.0,0.03125,0.03125,0.0010018841528506043,0.0
142020.0,39.45,0.012,0.1793797633654703,0.0,0.1793797633654703,0.05476797390505139,0.13811061316300016,2.4118893868361537,-8.459899447643693e-13,61,0.13811061316300016,3.8163208353983853e-05,1920.0,3840.0,0.0,0.03125,0.03125,0.0009993566323145094,0.0
142080.0,39.46666666666667,0.012,0.179322146508102,0.0,0.179322146508102,0.0547631234629257,0.13807248878872208,2.4119275112104317,-8.459899447643693e-13,61,0.13807248878872208,3.812437427786444e-05,1920.0,3840.0,0.0,0.03125,0.03125,0.0009968051918530453,0.0
142140.0,39.483333333333334,0.012,0.1792645911482476,0.0,0.1792645911482476,0.05475828064626589,0.1380344031874527,2.411965596811701,-8.464340339742193e-13,61,0.1380344031874527,3.808560126923262e-05,1920.0,3840.0,0.0,0.03125,0.03125,0.0009943189110437596,0.0
142200.0,39.5,0.012,0.17920709718559974,0.0,0.17920709718559974,0.05475344543915769,0.13799635629825205,2.4120036437009014,-8.464340339742193e-13,61,0.13799635629825205,3.80468892006088e-05,1920.0,3840.0,0.0,0.03125,0.03125,0.000991790031650737,0.0
142260.0,39.516666666666666,0.012,0.1791496645200674,0.0,0.1791496645200674,0.054748617825727715,0.137958348060307,2.4120416519388463,-8.464340339742193e-13,61,0.137958348060307,3.800823794484553e-05,1920.0,3840.0,0.0,0.03125,0.03125,0.0009892958625803362,0.0
142320.0,39.53333333333333,0.012,0.1790922930517738,0.0,0.1790922930517738,0.05474379779014377,0.13792037841293167,2.4120796215862215,-8.468781231840694e-13,61,0.13792037841293167,3.796964737511795e-05,1920.0,3840.0,0.0,0.03125,0.03125,0.0009867765864340376,0.0
142380.0,39.55,0.012,0.17903498268105691,0.0,0.17903498268105691,0.05473898531661372,0.13788244729556645,2.4121175527035863,-8.468781231840694e-13,61,0.13788244729556645,3.7931117364930735e-05,1920.0,3840.0,0.0,0.03125,0.03125,0.0009843069992507088,0.0
142440.0,39.56666666666667,0.012,0.17897773330846858,0.0,0.17897773330846858,0.0547341803893869,0.13784455464777837,2.4121554453513743,-8.473222123939195e-13,61,0.13784455464777837,3.7892647788112074e-05,1920.0,3840.0,0.0,0.03125,0.03125,0.0009818179756543454,0.0
142500.0,39.583333333333336,0.012,0.17892054483477393,0.0,0.17892054483477393,0.05472938299275217,0.13780670040925913,2.412193299589893,-8.473222123939195e-13,61,0.13780670040925913,3.785423851881453e-05,1920.0,3840.0,0.0,0.03125,0.03125,0.0009793665940456067,0.0
142560.0,39.6,0.012,0.17886341716095122,0.0,0.17886341716095122,0.05472459311103946,0.13776888451982722,2.4122311154793246,-8.482103908136196e-13,61,0.13776888451982722,3.781588943151484e-05,1920.0,3840.0,0.0,0.03125,0.03125,0.0009768783366899435,0.0
142620.0,39.61666666666667,0.012,0.1788063501881903,0.0,0.1788063501881903,0.05471981072861849,0.1377311069194261,2.4122688930797254,-8.482103908136196e-13,61,0.1377311069194261,3.777760040101e-05,1920.0,3840.0,0.0,0.03125,0.03125,0.0009744132471214818,0.0
142680.0,39.63333333333333,0.012,0.17874934381789293,0.0,0.17874934381789293,0.054715035829899256,0.13769336754812359,2.4123066324510276,-8.486544800234697e-13,61,0.13769336754812359,3.773937130242074e-05,1920.0,3840.0,0.0,0.03125,0.03125,0.0009719456935678187,0.0
142740.0,39.65,0.012,0.17869239795167177,0.0,0.17869239795167177,0.05471026839933182,0.13765566634611248,2.4123443336530386,-8.486544800234697e-13,61,0.13765566634611248,3.770120201118571e-05,1920.0,3840.0,0.0,0.03125,0.03125,0.000969510793596366,0.0
142800.0,39.666666666666664,0.012,0.17863551249135023,0.0,0.17863551249135023,0.054705508421405626,0.13761800325370907,2.4123819967454416,-8.490985692333197e-13,61,0.13761800325370907,3.766309240306446e-05,1920.0,3840.0,0.0,0.03125,0.03125,0.0009670410759532853,0.0
142860.0,39.68333333333333,0.012,0.17857868733896226,0.0,0.17857868733896226,0.05470075588065051,0.1375803782113548,2.412419621787796,-8.490985692333197e-13,61,0.1375803782113548,3.7625042354133757e-05,1920.0,3840.0,0.0,0.03125,0.03125,0.0009646154729896125,0.0
142920.0,39.7,0.012,0.17852192239675024,0.0,0.17852192239675024,0.054696010761635334,0.13754279115961365,2.4124572088395366,-8.495426584431698e-13,61,0.13754279115961365,3.758705174078848e-05,1920.0,3840.0,0.0,0.03125,0.03125,0.0009621881449634003,0.0
142980.0,39.71666666666667,0.012,0.17846521756716546,0.0,0.17846521756716546,0.05469127304896892,0.13750524203917364,2.4124947579599763,-8.499867476530198e-13,61,0.13750524203917364,3.754912043974006e-05,1920.0,3840.0,0.0,0.03125,0.03125,0.0009597580701137995,0.0
143040.0,39.733333333333334,0.012,0.1784085727528682,0.0,0.1784085727528682,0.054686542727299114,0.13746773079084565,2.412532269208304,-8.499867476530198e-13,61,0.13746773079084565,3.7511248328014314e-05,1920.0,3840.0,0.0,0.03125,0.03125,0.0009573332388788779,0.0
143100.0,39.75,0.012,0.17835198785672654,0.0,0.17835198785672654,0.05468181978131325,0.13743025735556233,2.412569742643587,-8.504308368628699e-13,61,0.13743025735556233,3.7473435282953316e-05,1920.0,3840.0,0.0,0.03125,0.03125,0.000954924212933638,0.0
143160.0,39.766666666666666,0.012,0.17829546278181513,0.0,0.17829546278181513,0.05467710419573762,0.13739282167438008,2.412607178324769,-8.504308368628699e-13,61,0.13739282167438008,3.743568118221061e-05,1920.0,3840.0,0.0,0.03125,0.03125,0.0009525171971224678,0.0
143220.0,39.78333333333333,0.012,0.1782389974314159,0.0,0.1782389974314159,0.05467239595533763,0.1373554236884761,2.4126445763106728,-8.5087492607272e-13,61,0.1373554236884761,3.739798590375448e-05,1920.0,3840.0,0.0,0.03125,0.03125,0.0009501509920741465,0.0
143280.0,39.8,0.012,0.1781825917090166,0.0,0.1781825917090166,0.05466769504491766,0.13731806333915014,2.4126819366599985,-8.5131901528257e-13,61,0.13731806333915014,3.7360349325863003e-05,1920.0,3840.0,0.0,0.03125,0.03125,0.000947736060756554,0.0
143340.0,39.81666666666667,0.012,0.17812624551831102,0.0,0.17812624551831102,0.05466300144932075,0.13728074056782263,2.412719259431326,-8.5131901528257e-13,61,0.13728074056782263,3.7322771327126464e-05,1920.0,3840.0,0.0,0.03125,0.03125,0.0009453551911577568,0.0
143400.0,39.833333333333336,0.012,0.17806995876319745,0.0,0.17806995876319745,0.05465831515342872,0.13724345531603585,2.4127565446831123,-8.517631044924201e-13,61,0.13724345531603585,3.72852517864443e-05,1920.0,3840.0,0.0,0.03125,0.03125,0.0009429605765665521,0.0
143460.0,39.85,0.012,0.17801373134777893,0.0,0.17801373134777893,0.05465363614216173,0.1372062075254529,2.4127937924736953,-8.517631044924201e-13,61,0.1372062075254529,3.724779058302466e-05,1920.0,3840.0,0.0,0.03125,0.03125,0.0009406055285695854,0.0
143520.0,39.86666666666667,0.012,0.1779575631763616,0.0,0.1779575631763616,0.05464896440047863,0.1371689971378562,2.412831002861292,-8.517631044924201e-13,61,0.1371689971378562,3.721038759638419e-05,1920.0,3840.0,0.0,0.03125,0.03125,0.0009382220875221695,0.0
143580.0,39.88333333333333,0.012,0.17790145415345682,0.0,0.17790145415345682,0.05464429991337651,0.1371318240951497,2.412868175903998,-8.522071937022702e-13,61,0.1371318240951497,3.717304270634606e-05,1920.0,3840.0,0.0,0.03125,0.03125,0.0009358772345599361,0.0
143640.0,39.9,0.012,0.17784540418377848,0.0,0.17784540418377848,0.05463964266589056,0.13709468833935648,2.412905311659791,-8.522071937022702e-13,61,0.13709468833935648,3.7135755793040006e-05,1920.0,3840.0,0.0,0.03125,0.03125,0.0009335200770564673,0.0
143700.0,39.916666666666664,0.012,0.17778941317224237,0.0,0.17778941317224237,0.05463499264309415,0.13705758981261934,2.412942410186528,-8.526512829121202e-13,61,0.13705758981261934,3.7098526736900194e-05,1920.0,3840.0,0.0,0.03125,0.03125,0.0009311702254786933,0.0
143760.0,39.93333333333333,0.012,0.1777334810239663,0.0,0.1777334810239663,0.054630349830098617,0.1370205284572006,2.412979471541947,-8.522071937022702e-13,61,0.1370205284572006,3.706135541866602e-05,1920.0,3840.0,0.0,0.03125,0.03125,0.0009288262624651398,0.0
143820.0,39.95,0.012,0.17767760764426938,0.0,0.17767760764426938,0.05462571421205318,0.13698350421548094,2.4130164957836664,-8.526512829121202e-13,61,0.13698350421548094,3.702424171937981e-05,1920.0,3840.0,0.0,0.03125,0.03125,0.0009264909210823847,0.0
143880.0,39.96666666666667,0.012,0.17762179293867197,0.0,0.17762179293867197,0.05462108577414479,0.1369465170299607,2.413053482969187,-8.522071937022702e-13,61,0.1369465170299607,3.6987185520385814e-05,1920.0,3840.0,0.0,0.03125,0.03125,0.0009241705215700789,0.0
143940.0,39.983333333333334,0.012,0.17756603681289368,0.0,0.17756603681289368,0.054616464501598024,0.13690956684325697,2.4130904331558902,-8.526512829121202e-13,61,0.13690956684325697,3.69501867033308e-05,1920.0,3840.0,0.0,0.03125,0.03125,0.0009218498027754646,0.0
144000.0,40.0,0.012,0.17751033917285522,0.0,0.17751033917285522,0.05461185037967503,0.13687265359810655,2.4131273464010405,-8.526512829121202e-13,61,0.13687265359810655,3.691324515016157e-05,1920.0,3840.0,0.0,0.03125,0.03125,0.0009195396043249452,0.0
144060.0,40.016666666666666,0.012,0.1774546999246758,0.0,0.1774546999246758,0.05460724339367524,0.13683577723736323,2.4131642227617838,-8.526512829121202e-13,61,0.13683577723736323,3.687636074312489e-05,1920.0,3840.0,0.0,0.03125,0.03125,0.0009172371527699205,0.0
144120.0,40.03333333333333,0.012,0.1773991189746738,0.0,0.1773991189746738,0.054602643528935645,0.13679893770399823,2.4132010622951485,-8.530953721219703e-13,61,0.13679893770399823,3.683953336476628e-05,1920.0,3840.0,0.0,0.03125,0.03125,0.00091490967712363,0.0
144180.0,40.05,0.012,0.17734359622936577,0.0,0.17734359622936577,0.054598050770830006,0.13676213494110037,2.4132378650580466,-8.526512829121202e-13,61,0.13676213494110037,3.68027628979293e-05,1920.0,3840.0,0.0,0.03125,0.03125,0.0009126230707757173,0.0
144240.0,40.06666666666667,0.012,0.17728813159546505,0.0,0.17728813159546505,0.05459346510476963,0.13672536889187406,2.413274631107272,-8.535394613318203e-13,61,0.13672536889187406,3.676604922575394e-05,1920.0,3840.0,0.0,0.03125,0.03125,0.0009103424045612325,0.0
144300.0,40.083333333333336,0.012,0.1772327249798819,0.0,0.1772327249798819,0.05458888651620239,0.1366886394996424,2.413311360499504,-8.535394613318203e-13,61,0.1366886394996424,3.672939223167701e-05,1920.0,3840.0,0.0,0.03125,0.03125,0.0009080340790218987,0.0
144360.0,40.1,0.012,0.17717737628972582,0.0,0.17717737628972582,0.05458431499061341,0.13665194670784273,2.4133480532913034,-8.535394613318203e-13,61,0.13665194670784273,3.669279179943163e-05,1920.0,3840.0,0.0,0.03125,0.03125,0.0009057566048156229,0.0
144420.0,40.11666666666667,0.012,0.17712208543230104,0.0,0.17712208543230104,0.054579750513524136,0.13661529046002954,2.4133847095391165,-8.535394613318203e-13,61,0.13661529046002954,3.665624781304265e-05,1920.0,3840.0,0.0,0.03125,0.03125,0.0009034754263604048,0.0
144480.0,40.13333333333333,0.012,0.17706685231510735,0.0,0.17706685231510735,0.054575193070492974,0.1365786706998727,2.413421329299273,-8.539835505416704e-13,61,0.1365786706998727,3.6619760156831066e-05,1920.0,3840.0,0.0,0.03125,0.03125,0.0009012251974322011,0.0
144540.0,40.15,0.012,0.17701167684583996,0.0,0.17701167684583996,0.054570642647114705,0.13654208737115722,2.4134579126279885,-8.539835505416704e-13,61,0.13654208737115722,3.658332871540836e-05,1920.0,3840.0,0.0,0.03125,0.03125,0.0008989583323341104,0.0
144600.0,40.166666666666664,0.012,0.17695655893238793,0.0,0.17695655893238793,0.05456609922902053,0.13650554041778323,2.4134944595813623,-8.544276397515205e-13,61,0.13650554041778323,3.654695337368059e-05,1920.0,3840.0,0.0,0.03125,0.03125,0.0008967132358926313,0.0
144660.0,40.18333333333333,0.012,0.1769014984828356,0.0,0.1769014984828356,0.05456156280187809,0.13646902978376607,2.4135309702153793,-8.544276397515205e-13,61,0.13646902978376607,3.651063401684098e-05,1920.0,3840.0,0.0,0.03125,0.03125,0.0008944679676459165,0.0
144720.0,40.2,0.012,0.17684649540546032,0.0,0.17684649540546032,0.05455703335139092,0.1364325554132356,2.41356744458591,-8.544276397515205e-13,61,0.1364325554132356,3.6474370530376574e-05,1920.0,3840.0,0.0,0.03125,0.03125,0.00089221023398642,0.0
144780.0,40.21666666666667,0.012,0.17679154960873344,0.0,0.17679154960873344,0.05455251086329918,0.13639611725043524,2.41360388274871,-8.548717289613705e-13,61,0.13639611725043524,3.64381628000601e-05,1920.0,3840.0,0.0,0.03125,0.03125,0.000889992950445768,0.0
144840.0,40.233333333333334,0.012,0.1767366610013175,0.0,0.1767366610013175,0.05454799532337831,0.1363597152397233,2.413640284759422,-8.548717289613705e-13,61,0.1363597152397233,3.640201071195618e-05,1920.0,3840.0,0.0,0.03125,0.03125,0.0008877517896194358,0.0
144900.0,40.25,0.012,0.17668182949206615,0.0,0.17668182949206615,0.054543486717440415,0.13632334932557064,2.4136766506735743,-8.548717289613705e-13,61,0.13632334932557064,3.636591415241373e-05,1920.0,3840.0,0.0,0.03125,0.03125,0.0008855529401092656,0.0
144960.0,40.266666666666666,0.012,0.1766270549900289,0.0,0.1766270549900289,0.05453898503133256,0.13628701945256214,2.4137129805465825,-8.553158181712206e-13,61,0.13628701945256214,3.6329873008070224e-05,1920.0,3840.0,0.0,0.03125,0.03125,0.0008833140471513103,0.0
145020.0,40.28333333333333,0.012,0.17657233740444375,0.0,0.17657233740444375,0.05453449025093829,0.13625072556539644,2.4137492744337483,-8.548717289613705e-13,61,0.13625072556539644,3.6293887165847736e-05,1920.0,3840.0,0.0,0.03125,0.03125,0.000881100434199131,0.0
145080.0,40.3,0.012,0.1765176766447396,0.0,0.1765176766447396,0.054530002362175874,0.13621446760888334,2.413785532390261,-8.553158181712206e-13,61,0.13621446760888334,3.625795651295421e-05,1920.0,3840.0,0.0,0.03125,0.03125,0.000878888654971396,0.0
145140.0,40.31666666666667,0.012,0.17646307262053523,0.0,0.17646307262053523,0.05452552135099984,0.1361782455279462,2.413821754471198,-8.557599073810707e-13,61,0.1361782455279462,3.622208093688127e-05,1920.0,3840.0,0.0,0.03125,0.03125,0.0008767001672364416,0.0
145200.0,40.333333333333336,0.012,0.17640852524164008,0.0,0.17640852524164008,0.05452104720339937,0.13614205926762055,2.4138579407315235,-8.557599073810707e-13,61,0.13614205926762055,3.618626032540264e-05,1920.0,3840.0,0.0,0.03125,0.03125,0.0008745033724081059,0.0
145260.0,40.35,0.012,0.17635403441805222,0.0,0.17635403441805222,0.05451657990539946,0.13610590877305384,2.41389409122609,-8.557599073810707e-13,61,0.13610590877305384,3.615049456657631e-05,1920.0,3840.0,0.0,0.03125,0.03125,0.0008722986030620055,0.0
145320.0,40.36666666666667,0.012,0.17629960005995898,0.0,0.17629960005995898,0.05451211944305975,0.13606979398950508,2.413930206009639,-8.557599073810707e-13,61,0.13606979398950508,3.6114783548740336e-05,1920.0,3840.0,0.0,0.03125,0.03125,0.0008701173527307793,0.0
145380.0,40.38333333333333,0.012,0.17624522207773238,0.0,0.17624522207773238,0.05450766580247535,0.1360337148623443,2.4139662851367993,-8.562039965909207e-13,61,0.1360337148623443,3.6079127160514626e-05,1920.0,3840.0,0.0,0.03125,0.03125,0.0008679527520360941,0.0
145440.0,40.4,0.012,0.17619090038193683,0.0,0.17619090038193683,0.05450321896977597,0.1359976713370532,2.41400232866209,-8.566480858007708e-13,61,0.1359976713370532,3.604352529079764e-05,1920.0,3840.0,0.0,0.03125,0.03125,0.0008657947653016919,0.0
145500.0,40.416666666666664,0.012,0.17613663488332312,0.0,0.17613663488332312,0.05449877893112637,0.1359616633592245,2.4140383366399187,-8.566480858007708e-13,61,0.1359616633592245,3.600797782876769e-05,1920.0,3840.0,0.0,0.03125,0.03125,0.0008636135622319882,0.0
145560.0,40.43333333333333,0.012,0.17608242549282793,0.0,0.17608242549282793,0.05449434567272582,0.13592569087456038,2.4140743091245827,-8.566480858007708e-13,61,0.13592569087456038,3.597248466388163e-05,1920.0,3840.0,0.0,0.03125,0.03125,0.0008614682273690153,0.0
145620.0,40.45,0.012,0.17602827212157365,0.0,0.17602827212157365,0.05448991918080846,0.1358897538288744,2.4141102461702686,-8.566480858007708e-13,61,0.1358897538288744,3.5937045685872754e-05,1920.0,3840.0,0.0,0.03125,0.03125,0.0008593065460516185,0.0
145680.0,40.46666666666667,0.012,0.17597417468086982,0.0,0.17597417468086982,0.054485499441642715,0.13585385216808948,2.4141461478310533,-8.570921750106208e-13,61,0.13585385216808948,3.5901660784751434e-05,1920.0,3840.0,0.0,0.03125,0.03125,0.0008571500167275654,0.0
145740.0,40.483333333333334,0.012,0.17592013308221072,0.0,0.17592013308221072,0.054481086441531684,0.13581798583823845,2.4141820141609043,-8.570921750106208e-13,61,0.13581798583823845,3.586632985080342e-05,1920.0,3840.0,0.0,0.03125,0.03125,0.0008550096342080787,0.0
145800.0,40.5,0.012,0.17586614723727548,0.0,0.17586614723727548,0.05447668016681236,0.13578215478546365,2.414217845213679,-8.570921750106208e-13,61,0.13578215478546365,3.5831052774590765e-05,1920.0,3840.0,0.0,0.03125,0.03125,0.0008528707789602403,0.0
145860.0,40.516666666666666,0.012,0.17581221705792494,0.0,0.17581221705792494,0.05447228060385651,0.13574635895601664,2.4142536410431257,-8.575362642204709e-13,61,0.13574635895601664,3.579582944694719e-05,1920.0,3840.0,0.0,0.03125,0.03125,0.0008507459942841199,0.0
145920.0,40.53333333333333,0.012,0.17575834245620903,0.0,0.17575834245620903,0.05446788773906946,0.13571059829625742,2.414289401702885,-8.575362642204709e-13,61,0.13571059829625742,3.576065975898175e-05,1920.0,3840.0,0.0,0.03125,0.03125,0.0008486156838785837,0.0
145980.0,40.55,0.012,0.17570452334435877,0.0,0.17570452334435877,0.05446350155889105,0.13567487275265525,2.414325127246487,-8.575362642204709e-13,61,0.13567487275265525,3.57255436020748e-05,1920.0,3840.0,0.0,0.03125,0.03125,0.0008465040436906529,0.0
146040.0,40.56666666666667,0.012,0.17565075963478727,0.0,0.17565075963478727,0.054459122049794494,0.1356391822717871,2.414360817727355,-8.575362642204709e-13,61,0.1356391822717871,3.569048086787983e-05,1920.0,3840.0,0.0,0.03125,0.03125,0.0008443852195891168,0.0
146100.0,40.583333333333336,0.012,0.1755970512400914,0.0,0.1755970512400914,0.054454749198287425,0.13560352680033846,2.4143964731988032,-8.57980353430321e-13,61,0.13560352680033846,3.5655471448319176e-05,1920.0,3840.0,0.0,0.03125,0.03125,0.0008422888984898893,0.0
146160.0,40.6,0.012,0.17554339807304994,0.0,0.17554339807304994,0.05445038299091055,0.13556790628510298,2.414432093714039,-8.57980353430321e-13,61,0.13556790628510298,3.5620515235586625e-05,1920.0,3840.0,0.0,0.03125,0.03125,0.0008401645474555589,0.0
146220.0,40.61666666666667,0.012,0.1754898000466218,0.0,0.1754898000466218,0.05444602341423877,0.1355323206729806,2.4144676793261612,-8.57980353430321e-13,61,0.1355323206729806,3.5585612122145105e-05,1920.0,3840.0,0.0,0.03125,0.03125,0.0008380718598950191,0.0
146280.0,40.63333333333333,0.012,0.1754362570739466,0.0,0.1754362570739466,0.05444167045488001,0.13549676991097942,2.414503230088162,-8.58424442640171e-13,61,0.13549676991097942,3.555076200072595e-05,1920.0,3840.0,0.0,0.03125,0.03125,0.0008359859737433305,0.0
146340.0,40.65,0.012,0.17538276906834835,0.0,0.17538276906834835,0.05443732409947603,0.13546125394621514,2.4145387460529264,-8.58424442640171e-13,61,0.13546125394621514,3.5515964764327754e-05,1920.0,3840.0,0.0,0.03125,0.03125,0.0008339077335424639,0.0
146400.0,40.666666666666664,0.012,0.17532933594332892,0.0,0.17532933594332892,0.0544329843347015,0.13542577272590878,2.4145742272732327,-8.58424442640171e-13,61,0.13542577272590878,3.548122030621636e-05,1920.0,3840.0,0.0,0.03125,0.03125,0.0008318385829204556,0.0
146460.0,40.68333333333333,0.012,0.1752759576125688,0.0,0.1752759576125688,0.054428651147264605,0.13539032619738864,2.4146096738017526,-8.58424442640171e-13,61,0.13539032619738864,3.5446528519923545e-05,1920.0,3840.0,0.0,0.03125,0.03125,0.0008297591716276123,0.0
146520.0,40.7,0.012,0.1752226339899299,0.0,0.1752226339899299,0.05442432452390655,0.13535491430808935,2.4146450856910517,-8.588685318500211e-13,61,0.13535491430808935,3.54118892992476e-05,1920.0,3840.0,0.0,0.03125,0.03125,0.0008277029604655967,0.0
146580.0,40.71666666666667,0.012,0.175169364989453,0.0,0.175169364989453,0.05442000445140158,0.13531953700555097,2.41468046299359,-8.588685318500211e-13,61,0.13531953700555097,3.537730253824891e-05,1920.0,3840.0,0.0,0.03125,0.03125,0.0008256295743788722,0.0
146640.0,40.733333333333334,0.012,0.17511615052535182,0.0,0.17511615052535182,0.054415690916556826,0.13528419423741947,2.414715805761721,-8.593126210598712e-13,61,0.13528419423741947,3.534276813125455e-05,1920.0,3840.0,0.0,0.03125,0.03125,0.0008235716880383521,0.0
146700.0,40.75,0.012,0.17506299051202556,0.0,0.17506299051202556,0.05441138390621218,0.13524888595144655,2.414751114047694,-8.593126210598712e-13,61,0.13524888595144655,3.530828597285179e-05,1920.0,3840.0,0.0,0.03125,0.03125,0.0008215093914438046,0.0
146760.0,40.766666666666666,0.012,0.17500988486404773,0.0,0.17500988486404773,0.054407083407240465,0.13521361209548874,2.4147863879036517,-8.593126210598712e-13,61,0.13521361209548874,3.527385595789282e-05,1920.0,3840.0,0.0,0.03125,0.03125,0.0008194649254715854,0.0
146820.0,40.78333333333333,0.012,0.17495683349616764,0.0,0.17495683349616764,0.054402789406547004,0.13517837261750681,2.414821627381633,-8.597567102697212e-13,61,0.13517837261750681,3.523947798148853e-05,1920.0,3840.0,0.0,0.03125,0.03125,0.0008174269502974458,0.0
146880.0,40.8,0.012,0.17490383632331327,0.0,0.17490383632331327,0.0543985018910696,0.13514316746556748,2.414856832533572,-8.602007994795713e-13,61,0.13514316746556748,3.5205151939013447e-05,1920.0,3840.0,0.0,0.03125,0.03125,0.0008153965344674744,0.0
146940.0,40.81666666666667,0.012,0.17485089326058825,0.0,0.17485089326058825,0.054394220847778604,0.13510799658784142,2.4148920034112984,-8.602007994795713e-13,61,0.13510799658784142,3.517087772609919e-05,1920.0,3840.0,0.0,0.03125,0.03125,0.0008133678435654602,0.0
147000.0,40.833333333333336,0.012,0.1747980042232672,0.0,0.1747980042232672,0.05438994626367674,0.13507285993260237,2.414927140066537,-8.602007994795713e-13,61,0.13507285993260237,3.513665523863867e-05,1920.0,3840.0,0.0,0.03125,0.03125,0.0008113323091547588,0.0
147060.0,40.85,0.012,0.1747451691268075,0.0,0.1747451691268075,0.054385678125798795,0.13503775744822946,2.41496224255091,-8.602007994795713e-13,61,0.13503775744822946,3.510248437278128e-05,1920.0,3840.0,0.0,0.03125,0.03125,0.0008093153245410595,0.0
147120.0,40.86666666666667,0.012,0.17469238788683755,0.0,0.17469238788683755,0.05438141642121204,0.13500268908320442,2.414997310915935,-8.606448886894214e-13,61,0.13500268908320442,3.506836502493693e-05,1920.0,3840.0,0.0,0.03125,0.03125,0.000807279767793946,0.0
147180.0,40.88333333333333,0.012,0.17463966041915957,0.0,0.17463966041915957,0.05437716113701544,0.13496765478611258,2.4150323452130267,-8.606448886894214e-13,61,0.13496765478611258,3.503429709176904e-05,1920.0,3840.0,0.0,0.03125,0.03125,0.0008052897549836925,0.0
147240.0,40.9,0.012,0.1745869866397514,0.0,0.1745869866397514,0.05437291226034029,0.13493265450564224,2.415067345493497,-8.606448886894214e-13,61,0.13493265450564224,3.50002804701996e-05,1920.0,3840.0,0.0,0.03125,0.03125,0.0008032962784607191,0.0
147300.0,40.916666666666664,0.012,0.17453436646476256,0.0,0.17453436646476256,0.05436866977834928,0.13489768819058476,2.4151023118085546,-8.606448886894214e-13,61,0.13489768819058476,3.4966315057404485e-05,1920.0,3840.0,0.0,0.03125,0.03125,0.0008012861202294599,0.0
147360.0,40.93333333333333,0.012,0.17448179981051393,0.0,0.17448179981051393,0.05436443367823758,0.1348627557898337,2.4151372442093053,-8.606448886894214e-13,61,0.1348627557898337,3.493240075081568e-05,1920.0,3840.0,0.0,0.03125,0.03125,0.000799319523375462,0.0
147420.0,40.95,0.012,0.17442928659350437,0.0,0.17442928659350437,0.054360203947231324,0.13482785725238508,2.4151721427467536,-8.610889778992714e-13,61,0.13482785725238508,3.4898537448117894e-05,1920.0,3840.0,0.0,0.03125,0.03125,0.0007973185111601384,0.0
147480.0,40.96666666666667,0.012,0.1743768267304006,0.0,0.1743768267304006,0.054355980572588725,0.13479299252733784,2.415207007471801,-8.610889778992714e-13,61,0.13479299252733784,3.486472504724886e-05,1920.0,3840.0,0.0,0.03125,0.03125,0.0007953395711721882,0.0
147540.0,40.983333333333334,0.012,0.17432442013804275,0.0,0.17432442013804275,0.05435176354159922,0.13475816156389153,2.4152418384352474,-8.606448886894214e-13,61,0.13475816156389153,3.4830963446399995e-05,1920.0,3840.0,0.0,0.03125,0.03125,0.0007933588438152996,0.0
147600.0,41.0,0.012,0.17427206673344275,0.0,0.17427206673344275,0.05434755284158401,0.13472336431134724,2.4152766356877913,-8.615330671091215e-13,61,0.13472336431134724,3.4797252544012475e-05,1920.0,3840.0,0.0,0.03125,0.03125,0.0007913914597696587,0.0
147660.0,41.016666666666666,0.012,0.17421976643377723,0.0,0.17421976643377723,0.05434334845989514,0.13468860071910835,2.41531139928003,-8.615330671091215e-13,61,0.13468860071910835,3.476359223878081e-05,1920.0,3840.0,0.0,0.03125,0.03125,0.0007894349378068032,0.0
147720.0,41.03333333333333,0.012,0.17416751915640216,0.0,0.17416751915640216,0.05433915038391628,0.13465387073667842,2.4153461292624594,-8.619771563189715e-13,61,0.13465387073667842,3.47299824296474e-05,1920.0,3840.0,0.0,0.03125,0.03125,0.0007874698814372336,0.0
147780.0,41.05,0.012,0.17411532481883912,0.0,0.17411532481883912,0.05433495860106199,0.13461917431366247,2.4153808256854754,-8.619771563189715e-13,61,0.13461917431366247,3.4696423015805626e-05,1920.0,3840.0,0.0,0.03125,0.03125,0.0007855236762382751,0.0
147840.0,41.06666666666667,0.012,0.17406318333877926,0.0,0.17406318333877926,0.05433077309877811,0.13458451139976568,2.415415488599372,-8.624212455288216e-13,61,0.13458451139976568,3.4662913896696256e-05,1920.0,3840.0,0.0,0.03125,0.03125,0.0007835560738525032,0.0
147900.0,41.083333333333336,0.012,0.17401109463408454,0.0,0.17401109463408454,0.054326593864541244,0.1345498819447935,2.415450118054344,-8.624212455288216e-13,61,0.1345498819447935,3.462945497201073e-05,1920.0,3840.0,0.0,0.03125,0.03125,0.000781616905445335,0.0
147960.0,41.1,0.012,0.173959058622779,0.0,0.173959058622779,0.05432242088585891,0.13451528589865164,2.4154847141004856,-8.624212455288216e-13,61,0.13451528589865164,3.459604614168423e-05,1920.0,3840.0,0.0,0.03125,0.03125,0.0007796900428087133,0.0
148020.0,41.11666666666667,0.012,0.17390707522306398,0.0,0.17390707522306398,0.05431825415026953,0.13448072321134552,2.4155192767877915,-8.628653347386717e-13,61,0.13448072321134552,3.4562687305901305e-05,1920.0,3840.0,0.0,0.03125,0.03125,0.0007777370751988486,0.0
148080.0,41.13333333333333,0.012,0.1738551443533046,0.0,0.1738551443533046,0.054314093645341836,0.13444619383298045,2.4155538061661566,-8.628653347386717e-13,61,0.13444619383298045,3.452937836509046e-05,1920.0,3840.0,0.0,0.03125,0.03125,0.0007758257390282258,0.0
148140.0,41.15,0.012,0.17380326593203288,0.0,0.17380326593203288,0.05430993935867578,0.13441169771376035,2.4155883022853764,-8.633094239485217e-13,61,0.13441169771376035,3.449611921992703e-05,1920.0,3840.0,0.0,0.03125,0.03125,0.0007738627249557608,0.0
148200.0,41.166666666666664,0.012,0.17375143987795022,0.0,0.17375143987795022,0.0543057912779012,0.13437723480398886,2.4156227651951476,-8.633094239485217e-13,61,0.13437723480398886,3.44629097713298e-05,1920.0,3840.0,0.0,0.03125,0.03125,0.0007719588044298131,0.0
148260.0,41.18333333333333,0.012,0.1736996661099168,0.0,0.1736996661099168,0.05430164939067873,0.13434280505406848,2.415657194945068,-8.633094239485217e-13,61,0.13434280505406848,3.4429749920460764e-05,1920.0,3840.0,0.0,0.03125,0.03125,0.0007700645349108672,0.0
148320.0,41.2,0.012,0.1736479445469697,0.0,0.1736479445469697,0.05429751368469905,0.13430840841449934,2.4156915915846366,-8.637535131583718e-13,61,0.13430840841449934,3.4396639568726254e-05,1920.0,3840.0,0.0,0.03125,0.03125,0.0007681434771952662,0.0
148380.0,41.21666666666667,0.012,0.17359627510830614,0.0,0.17359627510830614,0.05429338414768358,0.13427404483588146,2.4157259551632544,-8.641976023682219e-13,61,0.13427404483588146,3.4363578617773374e-05,1920.0,3840.0,0.0,0.03125,0.03125,0.0007662619516733386,0.0
148440.0,41.233333333333334,0.012,0.1735446577132893,0.0,0.1735446577132893,0.054289260767383336,0.13423971426891199,2.415760285730224,-8.637535131583718e-13,61,0.13423971426891199,3.433056696949294e-05,1920.0,3840.0,0.0,0.03125,0.03125,0.0007643307220157942,0.0
148500.0,41.25,0.012,0.17349309228144755,0.0,0.17349309228144755,0.05428514353157968,0.13420541666438587,2.4157945833347503,-8.637535131583718e-13,61,0.13420541666438587,3.4297604526014134e-05,1920.0,3840.0,0.0,0.03125,0.03125,0.0007624405420534712,0.0
148560.0,41.266666666666666,0.012,0.17344157873246968,0.0,0.17344157873246968,0.05428103242808402,0.13417115197319596,2.41582884802594,-8.637535131583718e-13,61,0.13417115197319596,3.426469118970866e-05,1920.0,3840.0,0.0,0.03125,0.03125,0.0007605612286645387,0.0
148620.0,41.28333333333333,0.012,0.17339011698621642,0.0,0.17339011698621642,0.05427692744473741,0.1341369201463324,2.4158630798528034,-8.641976023682219e-13,61,0.1341369201463324,3.4231826863185274e-05,1920.0,3840.0,0.0,0.03125,0.03125,0.0007586766805832804,0.0
148680.0,41.3,0.012,0.1733387069627062,0.0,0.1733387069627062,0.05427282856941095,0.13410272113488297,2.4158972788642528,-8.641976023682219e-13,61,0.13410272113488297,3.419901144929432e-05,1920.0,3840.0,0.0,0.03125,0.03125,0.0007568023196865962,0.0
148740.0,41.31666666666667,0.012,0.17328734858212422,0.0,0.17328734858212422,0.05426873579000534,0.1340685548900318,2.415931445109104,-8.641976023682219e-13,61,0.1340685548900318,3.4166244851121865e-05,1920.0,3840.0,0.0,0.03125,0.03125,0.0007549392388267013,0.0
148800.0,41.333333333333336,0.012,0.17323604176481328,0.0,0.17323604176481328,0.05426464909445093,0.13403442136305968,2.415965578636076,-8.641976023682219e-13,61,0.13403442136305968,3.4133526971992756e-05,1920.0,3840.0,0.0,0.03125,0.03125,0.0007530715187449437,0.0
148860.0,41.35,0.012,0.1731847864312835,0.0,0.1731847864312835,0.054260568470707454,0.13400032050534372,2.4159996794937912,-8.65085780787922e-13,61,0.13400032050534372,3.410085771546808e-05,1920.0,3840.0,0.0,0.03125,0.03125,0.0007511880389414113,0.0
148920.0,41.36666666666667,0.012,0.17313358250220628,0.0,0.17313358250220628,0.05425649390676463,0.13396625226835862,2.4160337477307765,-8.646416915780719e-13,61,0.13396625226835862,3.406823698534501e-05,1920.0,3840.0,0.0,0.03125,0.03125,0.0007493504700306012,0.0
148980.0,41.38333333333333,0.012,0.17308242989841346,0.0,0.17308242989841346,0.05425242539064097,0.13393221660367272,2.4160677833954622,-8.65085780787922e-13,61,0.13393221660367272,3.403566468565648e-05,1920.0,3840.0,0.0,0.03125,0.03125,0.0007474920916006748,0.0
149040.0,41.4,0.012,0.1730313285408988,0.0,0.1730313285408988,0.054248362910384575,0.13389821346295186,2.416101786536183,-8.646416915780719e-13,61,0.13389821346295186,3.4003140720669065e-05,1920.0,3840.0,0.0,0.03125,0.03125,0.0007456513370909405,0.0
149100.0,41.416666666666664,0.012,0.1729802783508131,0.0,0.1729802783508131,0.05424430645407269,0.13386424279795686,2.416135757201178,-8.65085780787922e-13,61,0.13386424279795686,3.397066499488494e-05,1920.0,3840.0,0.0,0.03125,0.03125,0.0007437964947827037,0.0
149160.0,41.43333333333333,0.012,0.1729292792494745,0.0,0.1729292792494745,0.05424025600981168,0.13383030456054362,2.4161696954385907,-8.65529869997772e-13,61,0.13383030456054362,3.3938237413037376e-05,1920.0,3840.0,0.0,0.03125,0.03125,0.0007419706891373009,0.0
149220.0,41.45,0.012,0.1728783311583563,0.0,0.1728783311583563,0.05423621156573698,0.1337963987026631,2.4162036012964707,-8.659739592076221e-13,61,0.1337963987026631,3.3905857880094926e-05,1920.0,3840.0,0.0,0.03125,0.03125,0.0007401299539098654,0.0
149280.0,41.46666666666667,0.012,0.17282743399909473,0.0,0.17282743399909473,0.05423217311001284,0.13376252517636206,2.416237474822772,-8.659739592076221e-13,61,0.13376252517636206,3.38735263012561e-05,1920.0,3840.0,0.0,0.03125,0.03125,0.0007383063206656865,0.0
149340.0,41.483333333333334,0.012,0.1727765876934768,0.0,0.1727765876934768,0.05422814063083274,0.13372868393377985,2.416271316065354,-8.659739592076221e-13,61,0.13372868393377985,3.384124258195186e-05,1920.0,3840.0,0.0,0.03125,0.03125,0.0007364585262313239,0.0
149400.0,41.5,0.012,0.17272579216345982,0.0,0.17272579216345982,0.05422411411641838,0.133694874927152,2.4163051250719816,-8.664180484174722e-13,61,0.133694874927152,3.3809006627843186e-05,1920.0,3840.0,0.0,0.03125,0.03125,0.000734656135938387,0.0
149460.0,41.516666666666666,0.012,0.17267504733115296,0.0,0.17267504733115296,0.054220093555020756,0.13366109810880697,2.4163389018903265,-8.664180484174722e-13,61,0.13366109810880697,3.37768183448208e-05,1920.0,3840.0,0.0,0.03125,0.03125,0.0007328505251643208,0.0
149520.0,41.53333333333333,0.012,0.17262435311882596,0.0,0.17262435311882596,0.0542160789349191,0.13362735343116777,2.4163726465679654,-8.668621376273222e-13,61,0.13362735343116777,3.3744677639005734e-05,1920.0,3840.0,0.0,0.03125,0.03125,0.0007310384817160147,0.0
149580.0,41.55,0.012,0.1725737094489005,0.0,0.1725737094489005,0.05421207024442135,0.13359364084675088,2.416406359152382,-8.668621376273222e-13,61,0.13359364084675088,3.37125844167463e-05,1920.0,3840.0,0.0,0.03125,0.03125,0.0007292401082601443,0.0
149640.0,41.56666666666667,0.012,0.1725231162439627,0.0,0.1725231162439627,0.05420806747186389,0.13355996030816628,2.4164400396909667,-8.668621376273222e-13,61,0.13355996030816628,3.368053858462096e-05,1920.0,3840.0,0.0,0.03125,0.03125,0.0007274467735914187,0.0
149700.0,41.583333333333336,0.012,0.17247257342675257,0.0,0.17247257342675257,0.054204070605611276,0.13352631176811663,2.416473688231016,-8.673062268371723e-13,61,0.13352631176811663,3.364854004943261e-05,1920.0,3840.0,0.0,0.03125,0.03125,0.0007256230915433506,0.0
149760.0,41.6,0.012,0.17242208092016753,0.0,0.17242208092016753,0.05420007963405674,0.13349269517939827,2.416507304819734,-8.673062268371723e-13,61,0.13349269517939827,3.3616588718213344e-05,1920.0,3840.0,0.0,0.03125,0.03125,0.0007238341331599464,0.0
149820.0,41.61666666666667,0.012,0.17237163864725596,0.0,0.17237163864725596,0.05419609454562131,0.13345911049489986,2.4165408895042324,-8.677503160470224e-13,61,0.13345911049489986,3.358468449822006e-05,1920.0,3840.0,0.0,0.03125,0.03125,0.0007220590606877375,0.0
149880.0,41.63333333333333,0.012,0.17232124653122854,0.0,0.17232124653122854,0.05419211532875465,0.13342555766760297,2.4165744423315294,-8.673062268371723e-13,61,0.13342555766760297,3.355282729693501e-05,1920.0,3840.0,0.0,0.03125,0.03125,0.0007202863057483834,0.0
149940.0,41.65,0.012,0.1722709044954486,0.0,0.1722709044954486,0.05418814197193388,0.13339203665058055,2.4166079633485515,-8.677503160470224e-13,61,0.13339203665058055,3.352101702206627e-05,1920.0,3840.0,0.0,0.03125,0.03125,0.0007185082342076873,0.0
150000.0,41.666666666666664,0.012,0.17222061246343562,0.0,0.17222061246343562,0.054184174463664546,0.13335854739699912,2.416641452602133,-8.677503160470224e-13,61,0.13335854739699912,3.3489253581543876e-05,1920.0,3840.0,0.0,0.03125,0.03125,0.000716727200645085,0.0
150060.0,41.68333333333333,0.012,0.17217037035885802,0.0,0.17217037035885802,0.0541802127924799,0.1333250898601151,2.4166749101390166,-8.681944052568724e-13,61,0.1333250898601151,3.345753688352377e-05,1920.0,3840.0,0.0,0.03125,0.03125,0.000714981404526294,0.0
150120.0,41.7,0.012,0.17212017810554542,0.0,0.17212017810554542,0.05417625694694096,0.13329166399327882,2.4167083360058528,-8.681944052568724e-13,61,0.13329166399327882,3.342586683638253e-05,1920.0,3840.0,0.0,0.03125,0.03125,0.0007132027024300806,0.0
150180.0,41.71666666666667,0.012,0.1720700356274777,0.0,0.1720700356274777,0.05417230691563664,0.1332582697499298,2.4167417302492016,-8.686384944667225e-13,61,0.1332582697499298,3.3394243348721036e-05,1920.0,3840.0,0.0,0.03125,0.03125,0.0007114644636156499,0.0
150240.0,41.733333333333334,0.012,0.17201994284879107,0.0,0.17201994284879107,0.054168362687183294,0.13322490708360046,2.4167750929155307,-8.686384944667225e-13,61,0.13322490708360046,3.336266632935966e-05,1920.0,3840.0,0.0,0.03125,0.03125,0.0007097110137604489,0.0
150300.0,41.75,0.012,0.171969899693766,0.0,0.171969899693766,0.05416442425022511,0.13319157594791306,2.416808424051218,-8.686384944667225e-13,61,0.13319157594791306,3.3331135687340456e-05,1920.0,3840.0,0.0,0.03125,0.03125,0.0007079467924072834,0.0
150360.0,41.766666666666666,0.012,0.17191990608684676,0.0,0.17191990608684676,0.054160491593433474,0.13315827629658092,2.41684172370255,-8.686384944667225e-13,61,0.13315827629658092,3.329965133192643e-05,1920.0,3840.0,0.0,0.03125,0.03125,0.0007062173846874896,0.0
150420.0,41.78333333333333,0.012,0.1718699619526237,0.0,0.1718699619526237,0.05415656470550743,0.13312500808340835,2.416874991915723,-8.686384944667225e-13,61,0.13312500808340835,3.326821317259882e-05,1920.0,3840.0,0.0,0.03125,0.03125,0.000704477577644139,0.0
150480.0,41.8,0.012,0.1718200672158421,0.0,0.1718200672158421,0.054152643575173236,0.13309177126228888,2.4169082287368417,-8.690825836765725e-13,61,0.13309177126228888,3.3236821119059626e-05,1920.0,3840.0,0.0,0.03125,0.03125,0.0007027413952736537,0.0
150540.0,41.81666666666667,0.012,0.17177022180139034,0.0,0.17177022180139034,0.05414872819118431,0.1330585657872076,2.416941434211923,-8.695266728864226e-13,61,0.1330585657872076,3.3205475081227435e-05,1920.0,3840.0,0.0,0.03125,0.03125,0.0007010071830260373,0.0
150600.0,41.833333333333336,0.012,0.17172042563431975,0.0,0.17172042563431975,0.054144818542321595,0.13302539161223823,2.416974608386892,-8.695266728864226e-13,61,0.13302539161223823,3.317417496923968e-05,1920.0,3840.0,0.0,0.03125,0.03125,0.0006993078841821665,0.0
150660.0,41.85,0.012,0.17167067863982574,0.0,0.17167067863982574,0.05414091461739265,0.13299224869154463,2.4170077513075854,-8.699707620962727e-13,61,0.13299224869154463,3.314292069345004e-05,1920.0,3840.0,0.0,0.03125,0.03125,0.0006975747919741591,0.0
150720.0,41.86666666666667,0.012,0.17162098074325527,0.0,0.17162098074325527,0.054137016405232545,0.13295913697937994,2.41704086301975,-8.699707620962727e-13,61,0.13295913697937994,3.311171216442995e-05,1920.0,3840.0,0.0,0.03125,0.03125,0.0006958600541438712,0.0
150780.0,41.88333333333333,0.012,0.1715713318701024,0.0,0.1715713318701024,0.054133123894702956,0.13292605643008695,2.417073943569043,-8.695266728864226e-13,61,0.13292605643008695,3.308054929296624e-05,1920.0,3840.0,0.0,0.03125,0.03125,0.0006941556277931557,0.0
150840.0,41.9,0.012,0.17152173194601633,0.0,0.17152173194601633,0.05412923707469246,0.13289300699809678,2.4171069930010334,-8.695266728864226e-13,61,0.13289300699809678,3.304943199005946e-05,1920.0,3840.0,0.0,0.03125,0.03125,0.0006924429764048655,0.0
150900.0,41.916666666666664,0.012,0.17147218089679322,0.0,0.17147218089679322,0.05412535593411665,0.13285998863792978,2.4171400113612003,-8.699707620962727e-13,61,0.13285998863792978,3.301836016692747e-05,1920.0,3840.0,0.0,0.03125,0.03125,0.0006907282896414712,0.0
150960.0,41.93333333333333,0.012,0.17142267864837296,0.0,0.17142267864837296,0.054121480461917566,0.13282700130419473,2.417172998694935,-8.699707620962727e-13,61,0.13282700130419473,3.2987333734999876e-05,1920.0,3840.0,0.0,0.03125,0.03125,0.000689057582631042,0.0
151020.0,41.95,0.012,0.17137322512685182,0.0,0.17137322512685182,0.05411761064706418,0.13279404495158853,2.417205955047541,-8.704148513061227e-13,61,0.13279404495158853,3.2956352605921153e-05,1920.0,3840.0,0.0,0.03125,0.03125,0.0006873410151920227,0.0
151080.0,41.96666666666667,0.012,0.17132382025846984,0.0,0.17132382025846984,0.0541137464785516,0.1327611195348969,2.417238880464233,-8.699707620962727e-13,61,0.1327611195348969,3.2925416691548434e-05,1920.0,3840.0,0.0,0.03125,0.03125,0.0006856706657881713,0.0
151140.0,41.983333333333334,0.012,0.17127446396961776,0.0,0.17127446396961776,0.054109887945401884,0.13272822500899262,2.417271774990137,-8.704148513061227e-13,61,0.13272822500899262,3.28945259039493e-05,1920.0,3840.0,0.0,0.03125,0.03125,0.0006839852853665816,0.0
151200.0,42.0,0.012,0.17122515618682613,0.0,0.17122515618682613,0.054106035036663204,0.1326953613288372,2.4173046386702923,-8.704148513061227e-13,61,0.1326953613288372,3.286368015540594e-05,1920.0,3840.0,0.0,0.03125,0.03125,0.0006822983927575548,0.0
151260.0,42.016666666666666,0.012,0.17117589683678266,0.0,0.17117589683678266,0.054102187741410145,0.13266252844947854,2.4173374715496507,-8.704148513061227e-13,61,0.13266252844947854,3.283287935840845e-05,1920.0,3840.0,0.0,0.03125,0.03125,0.0006806276785282584,0.0
151320.0,42.03333333333333,0.012,0.17112668584631696,0.0,0.17112668584631696,0.05409834604874374,0.1326297263260529,2.417370273673076,-8.708589405159728e-13,61,0.1326297263260529,3.2802123425659994e-05,1920.0,3840.0,0.0,0.03125,0.03125,0.0006789513546747449,0.0
151380.0,42.05,0.012,0.171077523142402,0.0,0.171077523142402,0.054094509947790824,0.13259695491378273,2.4174030450853463,-8.708589405159728e-13,61,0.13259695491378273,3.277141227007199e-05,1920.0,3840.0,0.0,0.03125,0.03125,0.0006773025121511891,0.0
151440.0,42.06666666666667,0.012,0.1710284086521615,0.0,0.1710284086521615,0.05409067942770468,0.1325642141679778,2.417435785831151,-8.708589405159728e-13,61,0.1325642141679778,3.274074580476497e-05,1920.0,3840.0,0.0,0.03125,0.03125,0.0006756285607767453,0.0
151500.0,42.083333333333336,0.012,0.17097934230286246,0.0,0.17097934230286246,0.054086854477664474,0.1325315040440346,2.4174684959550943,-8.708589405159728e-13,61,0.1325315040440346,3.2710123943069285e-05,1920.0,3840.0,0.0,0.03125,0.03125,0.0006739806027793986,0.0
151560.0,42.1,0.012,0.17093032402191968,0.0,0.17093032402191968,0.054083035086875376,0.13249882449743583,2.417501175501693,-8.713030297258229e-13,61,0.13249882449743583,3.267954659852156e-05,1920.0,3840.0,0.0,0.03125,0.03125,0.0006723216786888246,0.0
151620.0,42.11666666666667,0.012,0.1708813537368853,0.0,0.1708813537368853,0.05407922124456855,0.13246617548375095,2.417533824515378,-8.708589405159728e-13,61,0.13246617548375095,3.264901368486793e-05,1920.0,3840.0,0.0,0.03125,0.03125,0.0006706809800364601,0.0
151680.0,42.13333333333333,0.012,0.17083243137546603,0.0,0.17083243137546603,0.05407541294000067,0.13243355695863462,2.417566443040494,-8.713030297258229e-13,61,0.13243355695863462,3.26185251160597e-05,1920.0,3840.0,0.0,0.03125,0.03125,0.0006690369498662262,0.0
151740.0,42.15,0.012,0.17078355686550833,0.0,0.17078355686550833,0.05407161016245454,0.13240096887782826,2.4175990311213003,-8.713030297258229e-13,61,0.13240096887782826,3.2588080806254354e-05,1920.0,3840.0,0.0,0.03125,0.03125,0.0006674110881289664,0.0
151800.0,42.166666666666664,0.012,0.17073473013499732,0.0,0.17073473013499732,0.054067812901238334,0.13236841119715853,2.41763158880197,-8.713030297258229e-13,61,0.13236841119715853,3.255768066981685e-05,1920.0,3840.0,0.0,0.03125,0.03125,0.0006657671576845817,0.0
151860.0,42.18333333333333,0.012,0.1706859511120702,0.0,0.1706859511120702,0.054064021145686,0.13233588387253706,2.4176641161265913,-8.713030297258229e-13,61,0.13233588387253706,3.252732462131507e-05,1920.0,3840.0,0.0,0.03125,0.03125,0.000664133568690252,0.0
151920.0,42.2,0.012,0.17063721972500318,0.0,0.17063721972500318,0.054060234885157016,0.13230338685996135,2.417696613139167,-8.717471189356729e-13,61,0.13230338685996135,3.249701257552294e-05,1920.0,3840.0,0.0,0.03125,0.03125,0.0006625208454344963,0.0
151980.0,42.21666666666667,0.012,0.17058853590221493,0.0,0.17058853590221493,0.0540564541090361,0.1322709201155137,2.4177290798836144,-8.717471189356729e-13,61,0.1322709201155137,3.2466744447417466e-05,1920.0,3840.0,0.0,0.03125,0.03125,0.0006608875272267273,0.0
152040.0,42.233333333333334,0.012,0.1705398995722653,0.0,0.1705398995722653,0.05405267880673363,0.13223848359536147,2.4177615164037665,-8.717471189356729e-13,61,0.13223848359536147,3.2436520152179e-05,1920.0,3840.0,0.0,0.03125,0.03125,0.0006592719059951393,0.0
152100.0,42.25,0.012,0.17049131066385997,0.0,0.17049131066385997,0.054048908967685085,0.13220607725575595,2.4177939227433716,-8.72191208145523e-13,61,0.13220607725575595,3.240633960519139e-05,1920.0,3840.0,0.0,0.03125,0.03125,0.0006576598529427904,0.0
152160.0,42.266666666666666,0.012,0.1704427691058453,0.0,0.1704427691058453,0.05404514458135127,0.13217370105303405,2.4178262989460935,-8.72191208145523e-13,61,0.13217370105303405,3.237620272203937e-05,1920.0,3840.0,0.0,0.03125,0.03125,0.0006560556336655439,0.0
152220.0,42.28333333333333,0.012,0.1703942748272024,0.0,0.1703942748272024,0.05404138563721825,0.13214135494361537,2.417858645055512,-8.72635297355373e-13,61,0.13214135494361537,3.234610941851101e-05,1920.0,3840.0,0.0,0.03125,0.03125,0.0006544426889746191,0.0
152280.0,42.3,0.012,0.17034582775706414,0.0,0.17034582775706414,0.05403763212479695,0.1321090388840047,2.4178909611151225,-8.72635297355373e-13,61,0.1321090388840047,3.231605961059399e-05,1920.0,3840.0,0.0,0.03125,0.03125,0.000652843620538995,0.0
152340.0,42.31666666666667,0.012,0.17029742782469962,0.0,0.17029742782469962,0.05403388403362354,0.1320767528307899,2.417923247168337,-8.730793865652231e-13,61,0.1320767528307899,3.2286053214476976e-05,1920.0,3840.0,0.0,0.03125,0.03125,0.0006512555426104263,0.0
152400.0,42.333333333333336,0.012,0.17024907495951014,0.0,0.17024907495951014,0.05403014135325901,0.13204449674064342,2.4179555032584834,-8.730793865652231e-13,61,0.13204449674064342,3.225609014654902e-05,1920.0,3840.0,0.0,0.03125,0.03125,0.000649652768422277,0.0
152460.0,42.35,0.012,0.17020076909105053,0.0,0.17020076909105053,0.054026404073289264,0.13201227057031972,2.417987729428807,-8.730793865652231e-13,61,0.13201227057031972,3.222617032339714e-05,1920.0,3840.0,0.0,0.03125,0.03125,0.0006480894060568795,0.0
152520.0,42.36666666666667,0.012,0.17015251014900895,0.0,0.17015251014900895,0.05402267218332518,0.13198007427665798,2.4180199257224686,-8.730793865652231e-13,61,0.13198007427665798,3.2196293661808976e-05,1920.0,3840.0,0.0,0.03125,0.03125,0.0006464819487684023,0.0
152580.0,42.38333333333333,0.012,0.1701042980632087,0.0,0.1701042980632087,0.05401894567300206,0.13194790781657878,2.4180520921825472,-8.739675649849232e-13,61,0.13194790781657878,3.216646007876902e-05,1920.0,3840.0,0.0,0.03125,0.03125,0.0006448991713156332,0.0
152640.0,42.4,0.012,0.17005613276361883,0.0,0.17005613276361883,0.05401522453198015,0.1319157711470875,2.4180842288520386,-8.739675649849232e-13,61,0.1319157711470875,3.213666949145977e-05,1920.0,3840.0,0.0,0.03125,0.03125,0.0006433268736737905,0.0
152700.0,42.416666666666664,0.012,0.17000801418034495,0.0,0.17000801418034495,0.05401150874994414,0.1318836642252701,2.4181163357738558,-8.739675649849232e-13,61,0.1318836642252701,3.2106921817261474e-05,1920.0,3840.0,0.0,0.03125,0.03125,0.0006417687009304884,0.0
152760.0,42.43333333333333,0.012,0.16995994224362806,0.0,0.16995994224362806,0.05400779831660329,0.13185158700829616,2.4181484129908295,-8.739675649849232e-13,61,0.13185158700829616,3.207721697374945e-05,1920.0,3840.0,0.0,0.03125,0.03125,0.0006402086187659775,0.0
152820.0,42.45,0.012,0.16991191688385004,0.0,0.16991191688385004,0.05400409322169155,0.13181953945341746,2.4181804605457082,-8.739675649849232e-13,61,0.13181953945341746,3.204755487869699e-05,1920.0,3840.0,0.0,0.03125,0.03125,0.0006386359914162683,0.0
152880.0,42.46666666666667,0.012,0.16986393803153038,0.0,0.16986393803153038,0.054000393454966815,0.13178752151796713,2.4182124784811583,-8.744116541947733e-13,61,0.13178752151796713,3.201793545007125e-05,1920.0,3840.0,0.0,0.03125,0.03125,0.0006370824343467869,0.0
152940.0,42.483333333333334,0.012,0.16981600561732468,0.0,0.16981600561732468,0.05399669900621175,0.1317555331593609,2.4182444668397642,-8.748557434046234e-13,61,0.1317555331593609,3.198835860603446e-05,1920.0,3840.0,0.0,0.03125,0.03125,0.0006355308798385783,0.0
153000.0,42.5,0.012,0.16976811957202442,0.0,0.16976811957202442,0.053993009865233005,0.131723574335096,2.418276425664029,-8.748557434046234e-13,61,0.131723574335096,3.195882426494462e-05,1920.0,3840.0,0.0,0.03125,0.03125,0.0006339753171074563,0.0
153060.0,42.516666666666666,0.012,0.1697202798265608,0.0,0.1697202798265608,0.053989326021861406,0.13169164500275046,2.418308354996374,-8.752998326144734e-13,61,0.13169164500275046,3.192933234535142e-05,1920.0,3840.0,0.0,0.03125,0.03125,0.000632441025607951,0.0
153120.0,42.53333333333333,0.012,0.16967248631199963,0.0,0.16967248631199963,0.053985647465952205,0.13165974511998452,2.41834025487914,-8.752998326144734e-13,61,0.13165974511998452,3.189988276599898e-05,1920.0,3840.0,0.0,0.03125,0.03125,0.0006308824422085108,0.0
153180.0,42.55,0.012,0.16962473895954014,0.0,0.16962473895954014,0.05398197418738441,0.1316278746445381,2.418372125354586,-8.757439218243235e-13,61,0.1316278746445381,3.1870475445824636e-05,1920.0,3840.0,0.0,0.03125,0.03125,0.0006293567890581838,0.0
153240.0,42.56666666666667,0.012,0.16957703770052188,0.0,0.16957703770052188,0.053978306176061,0.13159603353423413,2.41840396646489,-8.757439218243235e-13,61,0.13159603353423413,3.184111030395648e-05,1920.0,3840.0,0.0,0.03125,0.03125,0.0006278343926902544,0.0
153300.0,42.583333333333336,0.012,0.16952938246641758,0.0,0.16952938246641758,0.05397464342190919,0.13156422174697463,2.4184357782521495,-8.757439218243235e-13,61,0.13156422174697463,3.181178725971561e-05,1920.0,3840.0,0.0,0.03125,0.03125,0.0006262881705489192,0.0
153360.0,42.6,0.012,0.16948177318883204,0.0,0.16948177318883204,0.05397098591487964,0.1315324392407417,2.418467560758382,-8.761880110341735e-13,61,0.1315324392407417,3.178250623261336e-05,1920.0,3840.0,0.0,0.03125,0.03125,0.0006247823475138161,0.0
153420.0,42.61666666666667,0.012,0.16943420979950957,0.0,0.16943420979950957,0.05396733364494723,0.13150068597359924,2.4184993140255244,-8.761880110341735e-13,61,0.13150068597359924,3.17532671423514e-05,1920.0,3840.0,0.0,0.03125,0.03125,0.0006232582965226242,0.0
153480.0,42.63333333333333,0.012,0.16938669223032687,0.0,0.16938669223032687,0.05396368660211014,0.13146896190369042,2.4185310380954332,-8.761880110341735e-13,61,0.13146896190369042,3.1724069908823e-05,1920.0,3840.0,0.0,0.03125,0.03125,0.0006217387062548588,0.0
153540.0,42.65,0.012,0.1693392204132914,0.0,0.1693392204132914,0.05396004477639037,0.13143726698923808,2.4185627330098853,-8.766321002440236e-13,61,0.13143726698923808,3.1694914452108686e-05,1920.0,3840.0,0.0,0.03125,0.03125,0.0006202268278527128,0.0
153600.0,42.666666666666664,0.012,0.1692917942805497,0.0,0.1692917942805497,0.053956408157833646,0.1314056011885456,2.418594398810578,-8.761880110341735e-13,61,0.1314056011885456,3.1665800692479586e-05,1920.0,3840.0,0.0,0.03125,0.03125,0.0006187093185329101,0.0
153660.0,42.68333333333333,0.012,0.16924441376437865,0.0,0.16924441376437865,0.05395277673650904,0.1313739644599949,2.4186260355391282,-8.766321002440236e-13,61,0.1313739644599949,3.163672855039471e-05,1920.0,3840.0,0.0,0.03125,0.03125,0.0006172099770403208,0.0
153720.0,42.7,0.012,0.16919707879718646,0.0,0.16919707879718646,0.05394915050250914,0.13134235676204858,2.4186576432370748,-8.766321002440236e-13,61,0.13134235676204858,3.160769794650044e-05,1920.0,3840.0,0.0,0.03125,0.03125,0.0006157191689681451,0.0
153780.0,42.71666666666667,0.012,0.16914978931151803,0.0,0.16914978931151803,0.05394552944594997,0.1313107780532467,2.4186892219458764,-8.766321002440236e-13,61,0.1313107780532467,3.157870880163199e-05,1920.0,3840.0,0.0,0.03125,0.03125,0.0006142077686382768,0.0
153840.0,42.733333333333334,0.012,0.16910254524004836,0.0,0.16910254524004836,0.053941913556970665,0.1312792282922098,2.4187207717069135,-8.766321002440236e-13,61,0.1312792282922098,3.154976103681014e-05,1920.0,3840.0,0.0,0.03125,0.03125,0.0006127243321853383,0.0
153900.0,42.75,0.012,0.16905534651558313,0.0,0.16905534651558313,0.05393830282573395,0.13124770743763609,2.4187522925614866,-8.770761894538737e-13,61,0.13124770743763609,3.1520854573242137e-05,1920.0,3840.0,0.0,0.03125,0.03125,0.0006112163916532873,0.0
153960.0,42.766666666666666,0.012,0.1690081930710635,0.0,0.1690081930710635,0.05393469724242552,0.13121621544830372,2.418783784550819,-8.770761894538737e-13,61,0.13121621544830372,3.149198933232136e-05,1920.0,3840.0,0.0,0.03125,0.03125,0.0006097550954959756,0.0
154020.0,42.78333333333333,0.012,0.16896108483955807,0.0,0.16896108483955807,0.05393109679725412,0.1311847522830682,2.4188152477160547,-8.770761894538737e-13,61,0.1311847522830682,3.1463165235626024e-05,1920.0,3840.0,0.0,0.03125,0.03125,0.0006082647239288628,0.0
154080.0,42.8,0.012,0.1689140217542683,0.0,0.1689140217542683,0.05392750148045188,0.13115331790086315,2.4188466820982595,-8.770761894538737e-13,61,0.13115331790086315,3.143438220491988e-05,1920.0,3840.0,0.0,0.03125,0.03125,0.000606794024989308,0.0
154140.0,42.81666666666667,0.012,0.16886700374852867,0.0,0.16886700374852867,0.0539239112822736,0.1311219122607008,2.4188780877384217,-8.775202786637237e-13,61,0.1311219122607008,3.140564016215088e-05,1920.0,3840.0,0.0,0.03125,0.03125,0.0006052956773934404,0.0
154200.0,42.833333333333336,0.012,0.16882003075579738,0.0,0.16882003075579738,0.05392032619299725,0.13109053532167136,2.4189094646774514,-8.770761894538737e-13,61,0.13109053532167136,3.137693902944958e-05,1920.0,3840.0,0.0,0.03125,0.03125,0.0006038527802358181,0.0
154260.0,42.85,0.012,0.16877310270967014,0.0,0.16877310270967014,0.053916746202923506,0.13105918704294198,2.4189408129561807,-8.770761894538737e-13,61,0.13105918704294198,3.134827872913095e-05,1920.0,3840.0,0.0,0.03125,0.03125,0.0006023846333154893,0.0
154320.0,42.86666666666667,0.012,0.16872621954387135,0.0,0.16872621954387135,0.0539131713023759,0.1310278673837582,2.4189721326153646,-8.770761894538737e-13,61,0.1310278673837582,3.1319659183692185e-05,1920.0,3840.0,0.0,0.03125,0.03125,0.0006009232055962139,0.0
154380.0,42.88333333333333,0.012,0.16867938119224668,0.0,0.16867938119224668,0.05390960148170075,0.13099657630344225,2.4190034236956803,-8.770761894538737e-13,61,0.13099657630344225,3.129108031581234e-05,1920.0,3840.0,0.0,0.03125,0.03125,0.0005994699066833415,0.0
154440.0,42.9,0.012,0.1686325875887825,0.0,0.1686325875887825,0.05390603673126711,0.13096531376139373,2.4190346862377288,-8.775202786637237e-13,61,0.13096531376139373,3.1262542048353685e-05,1920.0,3840.0,0.0,0.03125,0.03125,0.0005979950270440664,0.0
154500.0,42.916666666666664,0.012,0.16858583866759022,0.0,0.16858583866759022,0.05390247704146642,0.13093407971708937,2.419065920282033,-8.775202786637237e-13,61,0.13093407971708937,3.1234044304357376e-05,1920.0,3840.0,0.0,0.03125,0.03125,0.000596566153552342,0.0
154560.0,42.93333333333333,0.012,0.16853913436290116,0.0,0.16853913436290116,0.05389892240271299,0.13090287413008206,2.41909712586904,-8.779643678735738e-13,61,0.13090287413008206,3.120558700704688e-05,1920.0,3840.0,0.0,0.03125,0.03125,0.0005951218033558148,0.0
154620.0,42.95,0.012,0.1684924746090889,0.0,0.1684924746090889,0.05389537280544338,0.13087169696000223,2.4191283030391197,-8.779643678735738e-13,61,0.13087169696000223,3.117717007982594e-05,1920.0,3840.0,0.0,0.03125,0.03125,0.0005936811027480122,0.0
154680.0,42.96666666666667,0.012,0.1684458593406475,0.0,0.1684458593406475,0.05389182824011655,0.13084054816655602,2.419159451832566,-8.775202786637237e-13,61,0.13084054816655602,3.114879344627643e-05,1920.0,3840.0,0.0,0.03125,0.03125,0.0005922326288212925,0.0
154740.0,42.983333333333334,0.012,0.1683992884921957,0.0,0.1683992884921957,0.05388828869721415,0.13080942770952572,2.419190572289596,-8.779643678735738e-13,61,0.13080942770952572,3.112045703016133e-05,1920.0,3840.0,0.0,0.03125,0.03125,0.00059078981420917,0.0
154800.0,43.0,0.012,0.1683527619984867,0.0,0.1683527619984867,0.053884754167239764,0.13077833554877005,2.4192216644503515,-8.784084570834239e-13,61,0.13077833554877005,3.109216075542128e-05,1920.0,3840.0,0.0,0.03125,0.03125,0.000589357065205931,0.0
154860.0,43.016666666666666,0.012,0.1683062797943961,0.0,0.1683062797943961,0.05388122464071943,0.1307472716442238,2.4192527283548975,-8.784084570834239e-13,61,0.1307472716442238,3.106390454617465e-05,1920.0,3840.0,0.0,0.03125,0.03125,0.0005879445526534911,0.0
154920.0,43.03333333333333,0.012,0.16825984181492676,0.0,0.16825984181492676,0.0538777001082014,0.13071623595589688,2.4192837640432243,-8.784084570834239e-13,61,0.13071623595589688,3.103568832671916e-05,1920.0,3840.0,0.0,0.03125,0.03125,0.0005865178181139285,0.0
154980.0,43.05,0.012,0.16821344799521176,0.0,0.16821344799521176,0.05387418056025569,0.13068522844387523,2.419314771555246,-8.788525462932739e-13,61,0.13068522844387523,3.1007512021527915e-05,1920.0,3840.0,0.0,0.03125,0.03125,0.0005850993599820227,0.0
155040.0,43.06666666666667,0.012,0.16816709827050155,0.0,0.16816709827050155,0.05387066598747489,0.13065424906831977,2.419345750930801,-8.79296635503124e-13,61,0.13065424906831977,3.0979375555251214e-05,1920.0,3840.0,0.0,0.03125,0.03125,0.0005836848673829954,0.0
155100.0,43.083333333333336,0.012,0.1681207925761823,0.0,0.1681207925761823,0.0538671563804733,0.1306232977894669,2.4193767022096537,-8.79296635503124e-13,61,0.1306232977894669,3.0951278852716744e-05,1920.0,3840.0,0.0,0.03125,0.03125,0.0005822780418763843,0.0
155160.0,43.1,0.012,0.168074530847763,0.0,0.168074530847763,0.05386365172988704,0.13059237456762826,2.4194076254314925,-8.79296635503124e-13,61,0.13059237456762826,3.0923221838926455e-05,1920.0,3840.0,0.0,0.03125,0.03125,0.0005808574696243852,0.0
155220.0,43.11666666666667,0.012,0.16802831302086907,0.0,0.16802831302086907,0.05386015202637447,0.13056147936318882,2.4194385206359317,-8.79296635503124e-13,61,0.13056147936318882,3.089520443905801e-05,1920.0,3840.0,0.0,0.03125,0.03125,0.0005794274093717564,0.0
155280.0,43.13333333333333,0.012,0.16798213903126463,0.0,0.16798213903126463,0.05385665726061549,0.1305306121366103,2.41946938786251,-8.79740724712974e-13,61,0.1305306121366103,3.086722657846516e-05,1920.0,3840.0,0.0,0.03125,0.03125,0.0005780479009557684,0.0
155340.0,43.15,0.012,0.16793600881483026,0.0,0.16793600881483026,0.053853167423311685,0.13049977284842787,2.4195002271506927,-8.79296635503124e-13,61,0.13049977284842787,3.083928818267303e-05,1920.0,3840.0,0.0,0.03125,0.03125,0.0005766632158654438,0.0
155400.0,43.166666666666664,0.012,0.16788992230757036,0.0,0.16788992230757036,0.05384968250518657,0.1304689614592501,2.41953103853987,-8.79740724712974e-13,61,0.1304689614592501,3.0811389177382846e-05,1920.0,3840.0,0.0,0.03125,0.03125,0.0005752479625382888,0.0
155460.0,43.18333333333333,0.012,0.16784387944561885,0.0,0.16784387944561885,0.05384620249698523,0.1304381779297614,2.4195618220693587,-8.79740724712974e-13,61,0.1304381779297614,3.0783529488469e-05,1920.0,3840.0,0.0,0.03125,0.03125,0.0005738696966100452,0.0
155520.0,43.2,0.012,0.1677978801652252,0.0,0.1677978801652252,0.05384272738947416,0.13040742222071944,2.4195925777784004,-8.801848139228241e-13,61,0.13040742222071944,3.075570904197732e-05,1920.0,3840.0,0.0,0.03125,0.03125,0.0005724800340122107,0.0
155580.0,43.21666666666667,0.012,0.16775192440277037,0.0,0.16775192440277037,0.05383925717344167,0.13037669429295515,2.4196233057061645,-8.801848139228241e-13,61,0.13037669429295515,3.0727927764127776e-05,1920.0,3840.0,0.0,0.03125,0.03125,0.000571120624293224,0.0
155640.0,43.233333333333334,0.012,0.16770601209475694,0.0,0.16770601209475694,0.05383579183969717,0.1303459941073737,2.4196540058917457,-8.801848139228241e-13,61,0.1303459941073737,3.070018558131143e-05,1920.0,3840.0,0.0,0.03125,0.03125,0.0005697131115457186,0.0
155700.0,43.25,0.012,0.16766014317780173,0.0,0.16766014317780173,0.05383233137907173,0.13031532162495355,2.419684678374166,-8.801848139228241e-13,61,0.13031532162495355,3.067248242008935e-05,1920.0,3840.0,0.0,0.03125,0.03125,0.0005683460282645377,0.0
155760.0,43.266666666666666,0.012,0.16761431758865705,0.0,0.16761431758865705,0.05382887578241773,0.13028467680674616,2.419715323192373,-8.806289031326742e-13,61,0.13028467680674616,3.064481820719618e-05,1920.0,3840.0,0.0,0.03125,0.03125,0.0005669845779606888,0.0
155820.0,43.28333333333333,0.012,0.16756853526418902,0.0,0.16756853526418902,0.05382542504060869,0.1302540596138765,2.4197459403852424,-8.810729923425242e-13,61,0.1302540596138765,3.0617192869535706e-05,1920.0,3840.0,0.0,0.03125,0.03125,0.0005656152906802935,0.0
155880.0,43.3,0.012,0.16752279614138704,0.0,0.16752279614138704,0.05382197914453946,0.1302234700075425,2.4197765299915766,-8.806289031326742e-13,61,0.1302234700075425,3.0589606334180816e-05,1920.0,3840.0,0.0,0.03125,0.03125,0.0005642509327717365,0.0
155940.0,43.31666666666667,0.012,0.16747710015736778,0.0,0.16747710015736778,0.05381853808512609,0.1301929079490139,2.419807092050105,-8.810729923425242e-13,61,0.1301929079490139,3.056205852837574e-05,1920.0,3840.0,0.0,0.03125,0.03125,0.0005629037302968459,0.0
156000.0,43.333333333333336,0.012,0.16743144724935535,0.0,0.16743144724935535,0.0538151018533055,0.1301623733996342,2.4198376265994845,-8.810729923425242e-13,61,0.1301623733996342,3.05345493795324e-05,1920.0,3840.0,0.0,0.03125,0.03125,0.0005615462282893638,0.0
156060.0,43.35,0.012,0.16738583735471207,0.0,0.16738583735471207,0.05381167044003588,0.13013186632081897,2.4198681336782997,-8.810729923425242e-13,61,0.13013186632081897,3.0507078815230927e-05,1920.0,3840.0,0.0,0.03125,0.03125,0.0005601741832233414,0.0
156120.0,43.36666666666667,0.012,0.16734027041091215,0.0,0.16734027041091215,0.053808243836296434,0.13010138667405555,2.419898613325063,-8.810729923425242e-13,61,0.13010138667405555,3.0479646763221478e-05,1920.0,3840.0,0.0,0.03125,0.03125,0.0005588294678070014,0.0
156180.0,43.38333333333333,0.012,0.167294746355548,0.0,0.167294746355548,0.05380482203308706,0.13007093442090392,2.4199290655782146,-8.810729923425242e-13,61,0.13007093442090392,3.0452253151420317e-05,1920.0,3840.0,0.0,0.03125,0.03125,0.0005574744084547279,0.0
156240.0,43.4,0.012,0.16724926512634009,0.0,0.16724926512634009,0.05380140502142882,0.13004050952299606,2.4199594904761224,-8.815170815523743e-13,61,0.13004050952299606,3.0424897907911444e-05,1920.0,3840.0,0.0,0.03125,0.03125,0.0005561349120364466,0.0
156300.0,43.416666666666664,0.012,0.16720382666111885,0.0,0.16720382666111885,0.053797992792363386,0.13001011194203477,2.419989888057083,-8.819611707622244e-13,61,0.13001011194203477,3.0397580960945743e-05,1920.0,3840.0,0.0,0.03125,0.03125,0.0005548154383211575,0.0
156360.0,43.43333333333333,0.012,0.1671584308978441,0.0,0.1671584308978441,0.0537945853369531,0.1299797416397958,2.420020258359322,-8.819611707622244e-13,61,0.1299797416397958,3.0370302238939417e-05,1920.0,3840.0,0.0,0.03125,0.03125,0.000553476906920312,0.0
156420.0,43.45,0.012,0.16711307777459122,0.0,0.16711307777459122,0.053791182646281355,0.12994939857812535,2.4200506014209924,-8.819611707622244e-13,61,0.12994939857812535,3.034306167047556e-05,1920.0,3840.0,0.0,0.03125,0.03125,0.0005521385390885628,0.0
156480.0,43.46666666666667,0.012,0.16706776722955016,0.0,0.16706776722955016,0.05378778471145195,0.12991908271894084,2.4200809172801767,-8.824052599720744e-13,61,0.12991908271894084,3.031585918430281e-05,1920.0,3840.0,0.0,0.03125,0.03125,0.0005507940561998706,0.0
156540.0,43.483333333333334,0.012,0.1670224992010385,0.0,0.1670224992010385,0.05378439152358915,0.12988879402423145,2.420111205974886,-8.824052599720744e-13,61,0.12988879402423145,3.028869470933366e-05,1920.0,3840.0,0.0,0.03125,0.03125,0.0005494814080804513,0.0
156600.0,43.5,0.012,0.16697727362748324,0.0,0.16697727362748324,0.05378100307383809,0.12985853245605683,2.4201414675430604,-8.828493491819245e-13,61,0.12985853245605683,3.0261568174645797e-05,1920.0,3840.0,0.0,0.03125,0.03125,0.0005481551290450821,0.0
156660.0,43.516666666666666,0.012,0.16693209044743662,0.0,0.16693209044743662,0.05377761935336409,0.12982829797654707,2.4201717020225697,-8.828493491819245e-13,61,0.12982829797654707,3.0234479509481162e-05,1920.0,3840.0,0.0,0.03125,0.03125,0.0005468447504091903,0.0
156720.0,43.53333333333333,0.012,0.16688694959956768,0.0,0.16688694959956768,0.053774240353352855,0.12979809054790375,2.420201909451213,-8.828493491819245e-13,61,0.12979809054790375,3.0207428643243703e-05,1920.0,3840.0,0.0,0.03125,0.03125,0.0005455194966756009,0.0
156780.0,43.55,0.012,0.1668418510226573,0.0,0.1668418510226573,0.05377086606501078,0.1297679101323982,2.4202320898667185,-8.832934383917745e-13,61,0.1297679101323982,3.0180415505502352e-05,1920.0,3840.0,0.0,0.03125,0.03125,0.0005442211113159931,0.0
156840.0,43.56666666666667,0.012,0.16679679465561303,0.0,0.16679679465561303,0.05376749647956432,0.12973775669237195,2.420262243306744,-8.837375276016246e-13,61,0.12973775669237195,3.0153440025988137e-05,1920.0,3840.0,0.0,0.03125,0.03125,0.0005428971251906318,0.0
156900.0,43.583333333333336,0.012,0.1667517804374497,0.0,0.1667517804374497,0.05376413158826006,0.12970763019023754,2.420292369808879,-8.832934383917745e-13,61,0.12970763019023754,3.012650213459348e-05,1920.0,3840.0,0.0,0.03125,0.03125,0.0005416061664143502,0.0
156960.0,43.6,0.012,0.16670680830730755,0.0,0.16670680830730755,0.05376077138236519,0.1296775305884759,2.42032246941064,-8.837375276016246e-13,61,0.1296775305884759,3.0099601761373608e-05,1920.0,3840.0,0.0,0.03125,0.03125,0.0005402960745826236,0.0
157020.0,43.61666666666667,0.012,0.16666187820444034,0.0,0.16666187820444034,0.053757415853166644,0.12964745784963932,2.4203525421494767,-8.837375276016246e-13,61,0.12964745784963932,3.0072738836544946e-05,1920.0,3840.0,0.0,0.03125,0.03125,0.000538998350154633,0.0
157080.0,43.63333333333333,0.012,0.16661699006821373,0.0,0.16661699006821373,0.053754064991971565,0.12961741193634865,2.4203825880627674,-8.837375276016246e-13,61,0.12961741193634865,3.0045913290483975e-05,1920.0,3840.0,0.0,0.03125,0.03125,0.0005377054194149045,0.0
157140.0,43.65,0.012,0.1665721438381193,0.0,0.1665721438381193,0.053750718790107226,0.12958739281129508,2.420412607187821,-8.837375276016246e-13,61,0.12958739281129508,3.0019125053728384e-05,1920.0,3840.0,0.0,0.03125,0.03125,0.0005364345430140661,0.0
157200.0,43.666666666666664,0.012,0.16652733945375006,0.0,0.16652733945375006,0.05374737723892082,0.1295574004372379,2.420442599561878,-8.841816168114747e-13,61,0.1295574004372379,2.9992374056976227e-05,1920.0,3840.0,0.0,0.03125,0.03125,0.0005351319033557963,0.0
157260.0,43.68333333333333,0.012,0.16648257685482984,0.0,0.16648257685482984,0.05374404032977927,0.12952743477700657,2.420472565222109,-8.846257060213247e-13,61,0.12952743477700657,2.9965660231084036e-05,1920.0,3840.0,0.0,0.03125,0.03125,0.0005338435698546688,0.0
157320.0,43.7,0.012,0.16643785598118904,0.0,0.16643785598118904,0.053740708054069754,0.12949749579349942,2.420502504205616,-8.846257060213247e-13,61,0.12949749579349942,2.9938983507068298e-05,1920.0,3840.0,0.0,0.03125,0.03125,0.0005325797079842821,0.0
157380.0,43.71666666666667,0.012,0.1663931767727726,0.0,0.1663931767727726,0.05373738040319895,0.1294675834496833,2.420532416549432,-8.846257060213247e-13,61,0.1294675834496833,2.991234381610423e-05,1920.0,3840.0,0.0,0.03125,0.03125,0.0005313010446312175,0.0
157440.0,43.733333333333334,0.012,0.16634853916964654,0.0,0.16634853916964654,0.05373405736859323,0.12943769770859367,2.4205623022905214,-8.846257060213247e-13,61,0.12943769770859367,2.988574108952438e-05,1920.0,3840.0,0.0,0.03125,0.03125,0.0005300238098657891,0.0
157500.0,43.75,0.012,0.16630394311197882,0.0,0.16630394311197882,0.053730738941698976,0.1294078385333347,2.4205921614657804,-8.846257060213247e-13,61,0.1294078385333347,2.9859175258819904e-05,1920.0,3840.0,0.0,0.03125,0.03125,0.000528758968802987,0.0
157560.0,43.766666666666666,0.012,0.16625938854006753,0.0,0.16625938854006753,0.05372742511398209,0.1293780058870791,2.420621994112036,-8.846257060213247e-13,61,0.1293780058870791,2.9832646255639835e-05,1920.0,3840.0,0.0,0.03125,0.03125,0.0005274949149308461,0.0
157620.0,43.78333333333333,0.012,0.16621487539431296,0.0,0.16621487539431296,0.05372411587692791,0.12934819973306697,2.4206518002660475,-8.855138844410249e-13,61,0.12934819973306697,2.9806154011789323e-05,1920.0,3840.0,0.0,0.03125,0.03125,0.0005262159326100953,0.0
157680.0,43.8,0.012,0.16617040361523305,0.0,0.16617040361523305,0.05372081122204159,0.12931842003460772,2.4206815799645067,-8.855138844410249e-13,61,0.12931842003460772,2.9779698459230225e-05,1920.0,3840.0,0.0,0.03125,0.03125,0.0005249506948449684,0.0
157740.0,43.81666666666667,0.012,0.16612597314346084,0.0,0.16612597314346084,0.053717511140847586,0.12928866675507739,2.4207113332440366,-8.859579736508749e-13,61,0.12928866675507739,2.975327953008148e-05,1920.0,3840.0,0.0,0.03125,0.03125,0.000523702964375216,0.0
157800.0,43.833333333333336,0.012,0.16608158391973576,0.0,0.16608158391973576,0.0537142156248897,0.1292589398579207,2.4207410601411934,-8.855138844410249e-13,61,0.1292589398579207,2.9726897156615596e-05,1920.0,3840.0,0.0,0.03125,0.03125,0.0005224514838451764,0.0
157860.0,43.85,0.012,0.1660372358849208,0.0,0.1660372358849208,0.053710924665731415,0.12922923930664934,2.4207707606924647,-8.859579736508749e-13,61,0.12922923930664934,2.970055127126233e-05,1920.0,3840.0,0.0,0.03125,0.03125,0.0005212050660242625,0.0
157920.0,43.86666666666667,0.012,0.1659929289799774,0.0,0.1659929289799774,0.05370763825495541,0.12919956506484287,2.420800434934271,-8.859579736508749e-13,61,0.12919956506484287,2.9674241806606026e-05,1920.0,3840.0,0.0,0.03125,0.03125,0.0005199475526327883,0.0
157980.0,43.88333333333333,0.012,0.16594866314599363,0.0,0.16594866314599363,0.053704356384163474,0.12916991709614734,2.4208300829029663,-8.86402062860725e-13,61,0.12916991709614734,2.9647968695384882e-05,1920.0,3840.0,0.0,0.03125,0.03125,0.0005187021389813974,0.0
158040.0,43.9,0.012,0.16590443832416096,0.0,0.16590443832416096,0.0537010790449769,0.12914029536427676,2.420859704634837,-8.86402062860725e-13,61,0.12914029536427676,2.9621731870491006e-05,1920.0,3840.0,0.0,0.03125,0.03125,0.0005174603374490726,0.0
158100.0,43.916666666666664,0.012,0.16586025445578356,0.0,0.16586025445578356,0.053697806229035985,0.12911069983301146,2.4208893001661016,-8.86846152070575e-13,61,0.12911069983301146,2.9595531264971235e-05,1920.0,3840.0,0.0,0.03125,0.03125,0.0005162342711535776,0.0
158160.0,43.93333333333333,0.012,0.16581611148228131,0.0,0.16581611148228131,0.053694537928000045,0.1290811304661994,2.4209188695329136,-8.86846152070575e-13,61,0.1290811304661994,2.9569366812023973e-05,1920.0,3840.0,0.0,0.03125,0.03125,0.0005149870576952964,0.0
158220.0,43.95,0.012,0.16577200934517672,0.0,0.16577200934517672,0.05369127413354776,0.12905158722775437,2.4209484127713585,-8.86846152070575e-13,61,0.12905158722775437,2.9543238445000945e-05,1920.0,3840.0,0.0,0.03125,0.03125,0.0005137708346101265,0.0
158280.0,43.96666666666667,0.012,0.16572794798611531,0.0,0.16572794798611531,0.05368801483737664,0.129022070081657,2.420977929917456,-8.86846152070575e-13,61,0.129022070081657,2.9517146097407225e-05,1920.0,3840.0,0.0,0.03125,0.03125,0.0005125264205212939,0.0
158340.0,43.983333333333334,0.012,0.16568392734683896,0.0,0.16568392734683896,0.053684760031203135,0.12899257899195407,2.421007421007159,-8.86846152070575e-13,61,0.12899257899195407,2.9491089702899164e-05,1920.0,3840.0,0.0,0.03125,0.03125,0.0005113205712641455,0.0
158400.0,44.0,0.012,0.16563994736921453,0.0,0.16563994736921453,0.05368150970676271,0.1289631139227586,2.421036886076354,-8.872902412804251e-13,61,0.1289631139227586,2.9465069195283716e-05,1920.0,3840.0,0.0,0.03125,0.03125,0.0005100821389392318,0.0
158460.0,44.016666666666666,0.012,0.16559600799520938,0.0,0.16559600799520938,0.053678263855809684,0.12893367483824997,2.4210663251608624,-8.872902412804251e-13,61,0.12893367483824997,2.943908450852064e-05,1920.0,3840.0,0.0,0.03125,0.03125,0.0005088550435899869,0.0
158520.0,44.03333333333333,0.012,0.16555210916690327,0.0,0.16555210916690327,0.05367502247011706,0.12890426170267302,2.4210957382964393,-8.872902412804251e-13,61,0.12890426170267302,2.9413135576719103e-05,1920.0,3840.0,0.0,0.03125,0.03125,0.0005076427220847176,0.0
158580.0,44.05,0.012,0.16550825082648846,0.0,0.16550825082648846,0.05367178554147669,0.12887487448033896,2.4211251255187736,-8.872902412804251e-13,61,0.12887487448033896,2.9387222334138376e-05,1920.0,3840.0,0.0,0.03125,0.03125,0.0005064461564649063,0.0
158640.0,44.06666666666667,0.012,0.16546443291625945,0.0,0.16546443291625945,0.05366855306169929,0.12884551313562367,2.4211544868634887,-8.872902412804251e-13,61,0.12884551313562367,2.936134471518907e-05,1920.0,3840.0,0.0,0.03125,0.03125,0.0005052477884138044,0.0
158700.0,44.083333333333336,0.012,0.16542065537863151,0.0,0.16542065537863151,0.053665325022613994,0.12881617763296907,2.4211838223661433,-8.872902412804251e-13,61,0.12881617763296907,2.9335502654430783e-05,1920.0,3840.0,0.0,0.03125,0.03125,0.0005040445334770677,0.0
158760.0,44.1,0.012,0.1653769181561119,0.0,0.1653769181561119,0.05366210141606864,0.1287868679368823,2.42121313206223,-8.877343304902752e-13,61,0.1287868679368823,2.9309696086571135e-05,1920.0,3840.0,0.0,0.03125,0.03125,0.0005028327812139869,0.0
158820.0,44.11666666666667,0.012,0.16533322119133598,0.0,0.16533322119133598,0.05365888223392971,0.1287575840119357,2.421242415987176,-8.881784197001252e-13,61,0.1287575840119357,2.9283924946467756e-05,1920.0,3840.0,0.0,0.03125,0.03125,0.0005016227733298923,0.0
158880.0,44.13333333333333,0.012,0.1652895644270327,0.0,0.1652895644270327,0.05365566746808202,0.1287283258227666,2.4212716741763454,-8.877343304902752e-13,61,0.1287283258227666,2.92581891691258e-05,1920.0,3840.0,0.0,0.03125,0.03125,0.0005004308261984608,0.0
158940.0,44.15,0.012,0.16524594780604604,0.0,0.16524594780604604,0.05365245711042889,0.12869909333407675,2.421300906665035,-8.881784197001252e-13,61,0.12869909333407675,2.923248868969782e-05,1920.0,3840.0,0.0,0.03125,0.03125,0.000499237113071583,0.0
159000.0,44.166666666666664,0.012,0.16520237127132714,0.0,0.16520237127132714,0.053649251152892215,0.12866988651063316,2.4213301134884784,-8.881784197001252e-13,61,0.12866988651063316,2.9206823443484804e-05,1920.0,3840.0,0.0,0.03125,0.03125,0.0004980500779473845,0.0
159060.0,44.18333333333333,0.012,0.16515883476593138,0.0,0.16515883476593138,0.05364604958741215,0.12864070531726707,2.4213592946818445,-8.881784197001252e-13,61,0.12864070531726707,2.9181193365935125e-05,1920.0,3840.0,0.0,0.03125,0.03125,0.0004968609178266996,0.0
159120.0,44.2,0.012,0.165115338233028,0.0,0.165115338233028,0.053642852405947024,0.1286115497188746,2.421388450280237,-8.881784197001252e-13,61,0.1286115497188746,2.9155598392642733e-05,1920.0,3840.0,0.0,0.03125,0.03125,0.000495696711256295,0.0
159180.0,44.21666666666667,0.012,0.16507188161588354,0.0,0.16507188161588354,0.05363965960047365,0.1285824196804152,2.421417580318696,-8.886225089099753e-13,61,0.1285824196804152,2.9130038459348178e-05,1920.0,3840.0,0.0,0.03125,0.03125,0.0004945146065513941,0.0
159240.0,44.233333333333334,0.012,0.16502846485788492,0.0,0.16502846485788492,0.053636471162986914,0.12855331516691315,2.421446684832198,-8.886225089099753e-13,61,0.12855331516691315,2.9104513501938383e-05,1920.0,3840.0,0.0,0.03125,0.03125,0.0004933299490771727,0.0
159300.0,44.25,0.012,0.16498508790250777,0.0,0.16498508790250777,0.05363328708549987,0.12852423614345654,2.4214757638556543,-8.890665981198254e-13,61,0.12852423614345654,2.9079023456445168e-05,1920.0,3840.0,0.0,0.03125,0.03125,0.0004921520361755897,0.0
159360.0,44.266666666666666,0.012,0.164941750693354,0.0,0.164941750693354,0.05363010736004377,0.12849518257519743,2.4215048174239135,-8.890665981198254e-13,61,0.12849518257519743,2.9053568259045777e-05,1920.0,3840.0,0.0,0.03125,0.03125,0.000490971739444256,0.0
159420.0,44.28333333333333,0.012,0.16489845317411667,0.0,0.16489845317411667,0.05362693197866787,0.12846615442735126,2.4215338455717594,-8.890665981198254e-13,61,0.12846615442735126,2.902814784606249e-05,1920.0,3840.0,0.0,0.03125,0.03125,0.0004898069446369828,0.0
159480.0,44.3,0.012,0.16485519528860226,0.0,0.16485519528860226,0.05362376093343947,0.12843715166519729,2.4215628483339136,-8.890665981198254e-13,61,0.12843715166519729,2.9002762153961464e-05,1920.0,3840.0,0.0,0.03125,0.03125,0.000488643773293279,0.0
159540.0,44.31666666666667,0.012,0.1648119769807205,0.0,0.1648119769807205,0.05362059421644379,0.12840817425407786,2.421591825745033,-8.890665981198254e-13,61,0.12840817425407786,2.8977411119352683e-05,1920.0,3840.0,0.0,0.03125,0.03125,0.0004874973086474438,0.0
159600.0,44.333333333333336,0.012,0.16476879819448517,0.0,0.16476879819448517,0.05361743181978398,0.12837922215939887,2.421620777839712,-8.890665981198254e-13,61,0.12837922215939887,2.895209467898995e-05,1920.0,3840.0,0.0,0.03125,0.03125,0.0004863329916892608,0.0
159660.0,44.35,0.012,0.1647256588740199,0.0,0.1647256588740199,0.05361427373558112,0.12835029534662878,2.4216497046524816,-8.895106873296754e-13,61,0.12835029534662878,2.89268127697703e-05,1920.0,3840.0,0.0,0.03125,0.03125,0.0004851621806386984,0.0
159720.0,44.36666666666667,0.012,0.1646825589635453,0.0,0.1646825589635453,0.053611119955973965,0.12832139378129984,2.42167860621781,-8.899547765395255e-13,61,0.12832139378129984,2.8901565328732872e-05,1920.0,3840.0,0.0,0.03125,0.03125,0.0004840145562272497,0.0
159780.0,44.38333333333333,0.012,0.16463949840739783,0.0,0.16463949840739783,0.05360797047311934,0.12829251742900682,2.421707482570103,-8.899547765395255e-13,61,0.12829251742900682,2.8876352293060456e-05,1920.0,3840.0,0.0,0.03125,0.03125,0.0004828618677227654,0.0
159840.0,44.4,0.012,0.16459647715000392,0.0,0.16459647715000392,0.05360482527919152,0.12826366625540672,2.421736333743703,-8.899547765395255e-13,61,0.12826366625540672,2.8851173600077024e-05,1920.0,3840.0,0.0,0.03125,0.03125,0.00048172234422668505,0.0
159900.0,44.416666666666664,0.012,0.16455349513591133,0.0,0.16455349513591133,0.05360168436638251,0.12823484022621925,2.42176515977289,-8.903988657493755e-13,61,0.12823484022621925,2.8826029187248323e-05,1920.0,3840.0,0.0,0.03125,0.03125,0.0004805917424597019,0.0
159960.0,44.43333333333333,0.012,0.16451055230975242,0.0,0.16451055230975242,0.05359854772690209,0.1282060393072273,2.4217939606918826,-8.899547765395255e-13,61,0.1282060393072273,2.8800918992180987e-05,1920.0,3840.0,0.0,0.03125,0.03125,0.00047942438721514054,0.0
160020.0,44.45,0.012,0.16446764861628294,0.0,0.16446764861628294,0.05359541535297746,0.12817726346427444,2.421822736534835,-8.903988657493755e-13,61,0.12817726346427444,2.8775842952623317e-05,1920.0,3840.0,0.0,0.03125,0.03125,0.00047829982011408847,0.0
160080.0,44.46666666666667,0.012,0.1644247840003462,0.0,0.1644247840003462,0.053592287236853435,0.12814851266326785,2.4218514873358417,-8.903988657493755e-13,61,0.12814851266326785,2.8750801006463487e-05,1920.0,3840.0,0.0,0.03125,0.03125,0.00047716353499052466,0.0
160140.0,44.483333333333334,0.012,0.1643819584068991,0.0,0.1643819584068991,0.05358916337079232,0.12811978687017597,2.4218802131289334,-8.903988657493755e-13,61,0.12811978687017597,2.8725793091729788e-05,1920.0,3840.0,0.0,0.03125,0.03125,0.0004760209371276413,0.0
160200.0,44.5,0.012,0.16433917178099589,0.0,0.16433917178099589,0.05358604374707394,0.12809108605102934,2.42190891394808,-8.903988657493755e-13,61,0.12809108605102934,2.870081914659099e-05,1920.0,3840.0,0.0,0.03125,0.03125,0.00047489438915136604,0.0
160260.0,44.516666666666666,0.012,0.16429642406779538,0.0,0.16429642406779538,0.053582928357995344,0.12806241017191963,2.4219375898271895,-8.908429549592256e-13,61,0.12806241017191963,2.8675879109354685e-05,1920.0,3840.0,0.0,0.03125,0.03125,0.0004737550856279159,0.0
160320.0,44.53333333333333,0.012,0.16425371521255983,0.0,0.16425371521255983,0.05357981719587098,0.1280337591990013,2.421966240800108,-8.903988657493755e-13,61,0.1280337591990013,2.8650972918466855e-05,1920.0,3840.0,0.0,0.03125,0.03125,0.00047264277417163474,0.0
160380.0,44.55,0.012,0.1642110451606504,0.0,0.1642110451606504,0.05357671025303278,0.12800513309848863,2.421994866900621,-8.903988657493755e-13,61,0.12800513309848863,2.862610051251317e-05,1920.0,3840.0,0.0,0.03125,0.03125,0.00047154464841149356,0.0
160440.0,44.56666666666667,0.012,0.16416841385753594,0.0,0.16416841385753594,0.05357360752182974,0.12797653183665836,2.422023468162451,-8.908429549592256e-13,61,0.12797653183665836,2.8601261830217392e-05,1920.0,3840.0,0.0,0.03125,0.03125,0.00047043329128387487,0.0
160500.0,44.583333333333336,0.012,0.16412582124877967,0.0,0.16412582124877967,0.05357050899462804,0.12794795537984763,2.4220520446192615,-8.908429549592256e-13,61,0.12794795537984763,2.857645681044026e-05,1920.0,3840.0,0.0,0.03125,0.03125,0.00046929687012494086,0.0
160560.0,44.6,0.012,0.16408326728005532,0.0,0.16408326728005532,0.053567414663811264,0.12791940369445562,2.422080596304654,-8.903988657493755e-13,61,0.12791940369445562,2.8551685392180776e-05,1920.0,3840.0,0.0,0.03125,0.03125,0.0004681954075659115,0.0
160620.0,44.61666666666667,0.012,0.16404075189712725,0.0,0.16404075189712725,0.053564324521779956,0.12789087674694105,2.4221091232521683,-8.903988657493755e-13,61,0.12789087674694105,2.8526947514575654e-05,1920.0,3840.0,0.0,0.03125,0.03125,0.00046708140755110934,0.0
160680.0,44.63333333333333,0.012,0.16399827504587416,0.0,0.16399827504587416,0.05356123856095177,0.12786237450382387,2.422137625495285,-8.908429549592256e-13,61,0.12786237450382387,2.8502243116897584e-05,1920.0,3840.0,0.0,0.03125,0.03125,0.00046596871164840317,0.0
160740.0,44.65,0.012,0.1639558366722592,0.0,0.1639558366722592,0.053558156773761224,0.12783389693168543,2.4221661030674237,-8.908429549592256e-13,61,0.12783389693168543,2.8477572138555627e-05,1920.0,3840.0,0.0,0.03125,0.03125,0.0004648905231160392,0.0
160800.0,44.666666666666664,0.012,0.16391343672236472,0.0,0.16391343672236472,0.0535550791526601,0.12780544399716595,2.422194556001943,-8.908429549592256e-13,61,0.12780544399716595,2.8452934519095017e-05,1920.0,3840.0,0.0,0.03125,0.03125,0.00046379110140327116,0.0
160860.0,44.68333333333333,0.012,0.16387107514235388,0.0,0.16387107514235388,0.05355200569011698,0.12777701566696795,2.4222229843321412,-8.908429549592256e-13,61,0.12777701566696795,2.842833019819698e-05,1920.0,3840.0,0.0,0.03125,0.03125,0.00046268583607277314,0.0
160920.0,44.7,0.012,0.16382875187851006,0.0,0.16382875187851006,0.05354893637861721,0.12774861190785217,2.422251388091257,-8.903988657493755e-13,61,0.12774861190785217,2.84037591156775e-05,1920.0,3840.0,0.0,0.03125,0.03125,0.00046157778212720313,0.0
160980.0,44.71666666666667,0.012,0.16378646687719797,0.0,0.16378646687719797,0.053545871210663315,0.12772023268664062,2.4222797673124687,-8.903988657493755e-13,61,0.12772023268664062,2.8379221211488035e-05,1920.0,3840.0,0.0,0.03125,0.03125,0.00046048295450156927,0.0
161040.0,44.733333333333334,0.012,0.1637442200848978,0.0,0.1637442200848978,0.05354281017877439,0.12769187797021475,2.4223081220288947,-8.903988657493755e-13,61,0.12769187797021475,2.835471642571521e-05,1920.0,3840.0,0.0,0.03125,0.03125,0.0004593939962698976,0.0
161100.0,44.75,0.012,0.16370201144817648,0.0,0.16370201144817648,0.053539753275486296,0.12766354772551614,2.4223364522735933,-8.903988657493755e-13,61,0.12766354772551614,2.8330244698579018e-05,1920.0,3840.0,0.0,0.03125,0.03125,0.0004583032943398483,0.0
161160.0,44.766666666666666,0.012,0.16365984091370972,0.0,0.16365984091370972,0.053536700493351616,0.12763524191954562,2.4223647580795635,-8.908429549592256e-13,61,0.12763524191954562,2.830580597043296e-05,1920.0,3840.0,0.0,0.03125,0.03125,0.0004572323166839202,0.0
161220.0,44.78333333333333,0.012,0.16361770842826595,0.0,0.16361770842826595,0.05353365182493967,0.1276069605193638,2.4223930394797453,-8.908429549592256e-13,61,0.1276069605193638,2.8281400181764787e-05,1920.0,3840.0,0.0,0.03125,0.03125,0.00045617116928143973,0.0
161280.0,44.8,0.012,0.16357561393871567,0.0,0.16357561393871567,0.05353060726283638,0.12757870349209047,2.4224212965070184,-8.908429549592256e-13,61,0.12757870349209047,2.8257027273195845e-05,1920.0,3840.0,0.0,0.03125,0.03125,0.00045508329955905747,0.0
161340.0,44.81666666666667,0.012,0.1635335573920269,0.0,0.1635335573920269,0.053527566799644134,0.12755047080490464,2.422449529194204,-8.912870441690757e-13,61,0.12755047080490464,2.8232687185479456e-05,1920.0,3840.0,0.0,0.03125,0.03125,0.0004540083863682464,0.0
161400.0,44.833333333333336,0.012,0.16349153873526598,0.0,0.16349153873526598,0.05352453042798213,0.1275222624250451,2.4224777375740634,-8.912870441690757e-13,61,0.1275222624250451,2.8208379859501552e-05,1920.0,3840.0,0.0,0.03125,0.03125,0.00045292540251642104,0.0
161460.0,44.85,0.012,0.16344955791559784,0.0,0.16344955791559784,0.05352149814048587,0.12749407831980888,2.4225059216792997,-8.912870441690757e-13,61,0.12749407831980888,2.818410523628131e-05,1920.0,3840.0,0.0,0.03125,0.03125,0.0004518682664809214,0.0
161520.0,44.86666666666667,0.012,0.1634076148802843,0.0,0.1634076148802843,0.05351846992980729,0.12746591845655192,2.4225340815425565,-8.912870441690757e-13,61,0.12746591845655192,2.8159863256968627e-05,1920.0,3840.0,0.0,0.03125,0.03125,0.00045080125445654955,0.0
161580.0,44.88333333333333,0.012,0.16336570957668684,0.0,0.16336570957668684,0.053515445788614655,0.12743778280268903,2.422562217196419,-8.917311333789257e-13,61,0.12743778280268903,2.813565386284395e-05,1920.0,3840.0,0.0,0.03125,0.03125,0.0004497390735073148,0.0
161640.0,44.9,0.012,0.1633238419522614,0.0,0.1633238419522614,0.05351242570959284,0.12740967132569336,2.4225903286734143,-8.921752225887758e-13,61,0.12740967132569336,2.8111476995320462e-05,1920.0,3840.0,0.0,0.03125,0.03125,0.00044868417118638086,0.0
161700.0,44.916666666666664,0.012,0.16328201195456496,0.0,0.16328201195456496,0.0535094096854429,0.12738158399309757,2.42261841600601,-8.921752225887758e-13,61,0.12738158399309757,2.8087332595941603e-05,1920.0,3840.0,0.0,0.03125,0.03125,0.0004476292777736439,0.0
161760.0,44.93333333333333,0.012,0.1632402195312464,0.0,0.1632402195312464,0.05350639770888208,0.127353520772491,2.4226464792266165,-8.921752225887758e-13,61,0.127353520772491,2.8063220606380815e-05,1920.0,3840.0,0.0,0.03125,0.03125,0.00044656015025029493,0.0
161820.0,44.95,0.012,0.16319846463005808,0.0,0.16319846463005808,0.053503389772644155,0.1273254816315227,2.422674518367585,-8.921752225887758e-13,61,0.1273254816315227,2.8039140968442032e-05,1920.0,3840.0,0.0,0.03125,0.03125,0.00044551054308050416,0.0
161880.0,44.96666666666667,0.012,0.16315674719884116,0.0,0.16315674719884116,0.05350038586947878,0.12729746653789833,2.422702533461209,-8.921752225887758e-13,61,0.12729746653789833,2.8015093624059225e-05,1920.0,3840.0,0.0,0.03125,0.03125,0.00044447011792349446,0.0
161940.0,44.983333333333334,0.012,0.1631150671855415,0.0,0.1631150671855415,0.05349738599215188,0.12726947545938305,2.4227305245397246,-8.921752225887758e-13,61,0.12726947545938305,2.7991078515294686e-05,1920.0,3840.0,0.0,0.03125,0.03125,0.00044341827078497675,0.0
162000.0,45.0,0.012,0.16307342453819237,0.0,0.16307342453819237,0.05349439013344535,0.1272415083637985,2.422758491635309,-8.926193117986259e-13,61,0.1272415083637985,2.7967095584339545e-05,1920.0,3840.0,0.0,0.03125,0.03125,0.0004423763657553579,0.0
162060.0,45.016666666666666,0.012,0.16303181920493137,0.0,0.16303181920493137,0.05349139828615745,0.1272135652190249,2.4227864347800825,-8.926193117986259e-13,61,0.1272135652190249,2.79431447735149e-05,1920.0,3840.0,0.0,0.03125,0.03125,0.00044133421431270955,0.0
162120.0,45.03333333333333,0.012,0.1629902511339836,0.0,0.1629902511339836,0.05348841044310222,0.12718564599299956,2.422814354006108,-8.926193117986259e-13,61,0.12718564599299956,2.7919226025269944e-05,1920.0,3840.0,0.0,0.03125,0.03125,0.0004402966767373887,0.0
162180.0,45.05,0.012,0.16294872027367846,0.0,0.16294872027367846,0.0534854265971097,0.12715775065371746,2.42284224934539,-8.926193117986259e-13,61,0.12715775065371746,2.789533928218074e-05,1920.0,3840.0,0.0,0.03125,0.03125,0.00043926537059782114,0.0
162240.0,45.06666666666667,0.012,0.16290722657243104,0.0,0.16290722657243104,0.053482446741025993,0.1271298791692304,2.422870120829877,-8.926193117986259e-13,61,0.1271298791692304,2.7871484486952013e-05,1920.0,3840.0,0.0,0.03125,0.03125,0.00043822807801965896,0.0
162300.0,45.083333333333336,0.012,0.16286576997876112,0.0,0.16286576997876112,0.053479470867713,0.1271020315076478,2.4228979684914593,-8.926193117986259e-13,61,0.1271020315076478,2.7847661582416135e-05,1920.0,3840.0,0.0,0.03125,0.03125,0.0004371807960023087,0.0
162360.0,45.1,0.012,0.1628243504412738,0.0,0.1628243504412738,0.05347649897004843,0.1270742076371363,2.422925792361971,-8.926193117986259e-13,61,0.1270742076371363,2.78238705115314e-05,1920.0,3840.0,0.0,0.03125,0.03125,0.0004361618051019496,0.0
162420.0,45.11666666666667,0.012,0.1627829679086782,0.0,0.1627829679086782,0.05347353104092577,0.12704640752591884,2.4229535924731884,-8.926193117986259e-13,61,0.12704640752591884,2.7800111217382548e-05,1920.0,3840.0,0.0,0.03125,0.03125,0.00043514123680779494,0.0
162480.0,45.13333333333333,0.012,0.1627416223297681,0.0,0.1627416223297681,0.05347056707325451,0.12701863114227552,2.422981368856832,-8.926193117986259e-13,61,0.12701863114227552,2.7776383643181855e-05,1920.0,3840.0,0.0,0.03125,0.03125,0.0004341158072673979,0.0
162540.0,45.15,0.012,0.16270031365344162,0.0,0.16270031365344162,0.05346760705995967,0.12699087845454324,2.423009121544564,-8.926193117986259e-13,61,0.12699087845454324,2.7752687732267112e-05,1920.0,3840.0,0.0,0.03125,0.03125,0.0004331033361466563,0.0
162600.0,45.166666666666664,0.012,0.16265904182868057,0.0,0.16265904182868057,0.05346465099398203,0.12696314943111484,2.4230368505679922,-8.926193117986259e-13,61,0.12696314943111484,2.772902342810181e-05,1920.0,3840.0,0.0,0.03125,0.03125,0.000432076541672727,0.0
162660.0,45.18333333333333,0.012,0.16261780680457047,0.0,0.16261780680457047,0.05346169886827791,0.1269354440404408,2.4230645559586663,-8.926193117986259e-13,61,0.1269354440404408,2.770539067427412e-05,1920.0,3840.0,0.0,0.03125,0.03125,0.00043107604109688806,0.0
162720.0,45.2,0.012,0.16257660853028072,0.0,0.16257660853028072,0.053458750675819414,0.1269077622510261,2.423092237748081,-8.930634010084759e-13,61,0.1269077622510261,2.7681789414498002e-05,1920.0,3840.0,0.0,0.03125,0.03125,0.0004300569147860923,0.0
162780.0,45.21666666666667,0.012,0.1625354469550835,0.0,0.1625354469550835,0.05345580640959409,0.12688010403143327,2.4231198959676736,-8.930634010084759e-13,61,0.12688010403143327,2.765821959261217e-05,1920.0,3840.0,0.0,0.03125,0.03125,0.00042904107733189584,0.0
162840.0,45.233333333333334,0.012,0.1624943220283349,0.0,0.1624943220283349,0.05345286606260481,0.12685246935028072,2.4231475306488264,-8.926193117986259e-13,61,0.12685246935028072,2.7634681152578328e-05,1920.0,3840.0,0.0,0.03125,0.03125,0.00042803676956015824,0.0
162900.0,45.25,0.012,0.1624532336994927,0.0,0.1624532336994927,0.05344992962787038,0.12682485817624223,2.4231751418228646,-8.930634010084759e-13,61,0.12682485817624223,2.7611174038483004e-05,1920.0,3840.0,0.0,0.03125,0.03125,0.0004270457941702036,0.0
162960.0,45.266666666666666,0.012,0.162412181918099,0.0,0.162412181918099,0.0534469970984247,0.12679727047804756,2.423202729521059,-8.93507490218326e-13,61,0.12679727047804756,2.7587698194537496e-05,1920.0,3840.0,0.0,0.03125,0.03125,0.0004260318507783601,0.0
163020.0,45.28333333333333,0.012,0.16237116663379625,0.0,0.16237116663379625,0.053444068467317224,0.12676970622448241,2.423230293774624,-8.93507490218326e-13,61,0.12676970622448241,2.7564253565075104e-05,1920.0,3840.0,0.0,0.03125,0.03125,0.000425047463408271,0.0
163080.0,45.3,0.012,0.1623301877963115,0.0,0.1623301877963115,0.05344114372761262,0.12674216538438762,2.4232578346147187,-8.93507490218326e-13,61,0.12674216538438762,2.754084009455218e-05,1920.0,3840.0,0.0,0.03125,0.03125,0.0004240461166929728,0.0
163140.0,45.31666666666667,0.012,0.1622892453554713,0.0,0.1622892453554713,0.05343822287239107,0.12671464792665987,2.423285352072446,-8.93507490218326e-13,61,0.12671464792665987,2.7517457727548373e-05,1920.0,3840.0,0.0,0.03125,0.03125,0.0004230509030575915,0.0
163200.0,45.333333333333336,0.012,0.1622483392611876,0.0,0.1622483392611876,0.05343530589474792,0.12668715382025114,2.423312846178855,-8.93507490218326e-13,61,0.12668715382025114,2.7494106408766152e-05,1920.0,3840.0,0.0,0.03125,0.03125,0.00042205746588815324,0.0
163260.0,45.35,0.012,0.16220746946346917,0.0,0.16220746946346917,0.05343239278779365,0.126659683034168,2.4233403169649383,-8.93507490218326e-13,61,0.126659683034168,2.747078608302828e-05,1920.0,3840.0,0.0,0.03125,0.03125,0.0004210622858561654,0.0
163320.0,45.36666666666667,0.012,0.1621666359124115,0.0,0.1621666359124115,0.05342948354465407,0.12663223553747277,2.423367764461634,-8.930634010084759e-13,61,0.12663223553747277,2.7447496695280046e-05,1920.0,3840.0,0.0,0.03125,0.03125,0.00042008270340986026,0.0
163380.0,45.38333333333333,0.012,0.16212583855820586,0.0,0.16212583855820586,0.05342657815847023,0.126604811299282,2.4233951886998244,-8.93507490218326e-13,61,0.126604811299282,2.7424238190589337e-05,1920.0,3840.0,0.0,0.03125,0.03125,0.00041909396780677124,0.0
163440.0,45.4,0.012,0.16208507735113054,0.0,0.16208507735113054,0.0534236766223982,0.12657741028876793,2.4234225897103387,-8.930634010084759e-13,61,0.12657741028876793,2.7401010514144494e-05,1920.0,3840.0,0.0,0.03125,0.03125,0.0004181271883939527,0.0
163500.0,45.416666666666664,0.012,0.16204435224155816,0.0,0.16204435224155816,0.05342077892960899,0.12655003247515653,2.42344996752395,-8.930634010084759e-13,61,0.12655003247515653,2.737781361125396e-05,1920.0,3840.0,0.0,0.03125,0.03125,0.00041713044487726137,0.0
163560.0,45.43333333333333,0.012,0.16200366317994902,0.0,0.16200366317994902,0.053417885073288894,0.1265226778277292,2.4234773221713772,-8.93507490218326e-13,61,0.1265226778277292,2.7354647427346837e-05,1920.0,3840.0,0.0,0.03125,0.03125,0.00041615588931042313,0.0
163620.0,45.45,0.012,0.1619630101168554,0.0,0.1619630101168554,0.05341499504663906,0.12649534631582107,2.423504653683285,-8.93507490218326e-13,61,0.12649534631582107,2.7331511907973323e-05,1920.0,3840.0,0.0,0.03125,0.03125,0.0004151927374165583,0.0
163680.0,45.46666666666667,0.012,0.16192239300291966,0.0,0.16192239300291966,0.05341210884287563,0.12646803790882225,2.423531962090284,-8.93507490218326e-13,61,0.12646803790882225,2.7308406998802113e-05,1920.0,3840.0,0.0,0.03125,0.03125,0.00041422049366537,0.0
163740.0,45.483333333333334,0.012,0.16188181178887295,0.0,0.16188181178887295,0.053409226455229594,0.12644075257617649,2.4235592474229297,-8.93507490218326e-13,61,0.12644075257617649,2.7285332645622196e-05,1920.0,3840.0,0.0,0.03125,0.03125,0.0004132463527121742,0.0
163800.0,45.5,0.012,0.16184126642553925,0.0,0.16184126642553925,0.05340634787694703,0.12641349028738222,2.423586509711724,-8.93507490218326e-13,61,0.12641349028738222,2.7262288794341683e-05,1920.0,3840.0,0.0,0.03125,0.03125,0.0004122897498592515,0.0
163860.0,45.516666666666666,0.012,0.16180075686382672,0.0,0.16180075686382672,0.053403473101288707,0.12638625101199083,2.423613748987115,-8.93951579428176e-13,61,0.12638625101199083,2.723927539098817e-05,1920.0,3840.0,0.0,0.03125,0.03125,0.00041131758900096683,0.0
163920.0,45.53333333333333,0.012,0.1617602830547414,0.0,0.1617602830547414,0.053400602121530236,0.12635903471960913,2.4236409652794966,-8.93951579428176e-13,61,0.12635903471960913,2.7216292381707117e-05,1920.0,3840.0,0.0,0.03125,0.03125,0.0004103610317252552,0.0
163980.0,45.55,0.012,0.1617198449493663,0.0,0.1617198449493663,0.05339773493096188,0.12633184137989642,2.4236681586192095,-8.93951579428176e-13,61,0.12633184137989642,2.7193339712762117e-05,1920.0,3840.0,0.0,0.03125,0.03125,0.00040941900937016806,0.0
164040.0,45.56666666666667,0.012,0.16167944249888916,0.0,0.16167944249888916,0.05339487152288882,0.12630467096256584,2.42369532903654,-8.93951579428176e-13,61,0.12630467096256584,2.7170417330535092e-05,1920.0,3840.0,0.0,0.03125,0.03125,0.00040845894252485227,0.0
164100.0,45.583333333333336,0.012,0.16163907565456703,0.0,0.16163907565456703,0.05339201189063082,0.12627752343738408,2.423722476561722,-8.93951579428176e-13,61,0.12627752343738408,2.714752518152572e-05,1920.0,3840.0,0.0,0.03125,0.03125,0.00040747337109400974,0.0
164160.0,45.6,0.012,0.16159874436776792,0.0,0.16159874436776792,0.0533891560275223,0.12625039877417166,2.423749601224934,-8.93951579428176e-13,61,0.12625039877417166,2.7124663212350943e-05,1920.0,3840.0,0.0,0.03125,0.03125,0.00040654543082331216,0.0
164220.0,45.61666666666667,0.012,0.16155844858992538,0.0,0.16155844858992538,0.053386303926912244,0.1262232969428021,2.423776703056304,-8.93507490218326e-13,61,0.1262232969428021,2.7101831369744115e-05,1920.0,3840.0,0.0,0.03125,0.03125,0.00040560097774584045,0.0
164280.0,45.63333333333333,0.012,0.16151818827258313,0.0,0.16151818827258313,0.0533834555821644,0.1261962179132014,2.4238037820859044,-8.93951579428176e-13,61,0.1261962179132014,2.7079029600556648e-05,1920.0,3840.0,0.0,0.03125,0.03125,0.00040465387512676407,0.0
164340.0,45.65,0.012,0.1614779633673528,0.0,0.1614779633673528,0.053380610986656904,0.1261691616553496,2.4238308383437563,-8.93951579428176e-13,61,0.1261691616553496,2.705625785175598e-05,1920.0,3840.0,0.0,0.03125,0.03125,0.0004037029614384073,0.0
164400.0,45.666666666666664,0.012,0.1614377738259513,0.0,0.1614377738259513,0.0533777701337824,0.12614212813927908,2.423857871859827,-8.93951579428176e-13,61,0.12614212813927908,2.7033516070425052e-05,1920.0,3840.0,0.0,0.03125,0.03125,0.0004027606127984149,0.0
164460.0,45.68333333333333,0.012,0.1613976196001683,0.0,0.1613976196001683,0.053374933016947915,0.12611511733507508,2.423884882664031,-8.93951579428176e-13,61,0.12611511733507508,2.701080420376297e-05,1920.0,3840.0,0.0,0.03125,0.03125,0.00040184452256784907,0.0
164520.0,45.7,0.012,0.16135750064189272,0.0,0.16135750064189272,0.05337209962957506,0.1260881292128759,2.42391187078623,-8.93951579428176e-13,61,0.1260881292128759,2.698812219908415e-05,1920.0,3840.0,0.0,0.03125,0.03125,0.00040089395589516043,0.0
164580.0,45.71666666666667,0.012,0.16131741690309148,0.0,0.16131741690309148,0.053369269965099796,0.12606116374287232,2.423938836256234,-8.93507490218326e-13,61,0.12606116374287232,2.6965470003819017e-05,1920.0,3840.0,0.0,0.03125,0.03125,0.00039996371873894085,0.0
164640.0,45.733333333333334,0.012,0.16127736833582598,0.0,0.16127736833582598,0.05336644401697228,0.12603422089530658,2.4239657791037996,-8.93507490218326e-13,61,0.12603422089530658,2.6942847565512017e-05,1920.0,3840.0,0.0,0.03125,0.03125,0.00039901766375694767,0.0
164700.0,45.75,0.012,0.16123735489223856,0.0,0.16123735489223856,0.05336362177865721,0.12600730064047475,2.4239926993586316,-8.93507490218326e-13,61,0.12600730064047475,2.692025483182244e-05,1920.0,3840.0,0.0,0.03125,0.03125,0.0003980939755685807,0.0
164760.0,45.766666666666666,0.012,0.16119737652456206,0.0,0.16119737652456206,0.05336080324363349,0.1259804029487242,2.424019597050382,-8.93507490218326e-13,61,0.1259804029487242,2.6897691750525232e-05,1920.0,3840.0,0.0,0.03125,0.03125,0.0003971676743505312,0.0
164820.0,45.78333333333333,0.012,0.16115743318511427,0.0,0.16115743318511427,0.05335798840539419,0.12595352779045443,2.4240464722086514,-8.93951579428176e-13,61,0.12595352779045443,2.687515826950798e-05,1920.0,3840.0,0.0,0.03125,0.03125,0.00039623543647156044,0.0
164880.0,45.8,0.012,0.16111752482629746,0.0,0.16111752482629746,0.05335517725744656,0.12592667513611744,2.424073324862988,-8.943956686380261e-13,61,0.12592667513611744,2.6852654336772272e-05,1920.0,3840.0,0.0,0.03125,0.03125,0.00039532998033639234,0.0
164940.0,45.81666666666667,0.012,0.1610776514006062,0.0,0.1610776514006062,0.05335236979331201,0.1258998449562171,2.4241001550428884,-8.943956686380261e-13,61,0.1258998449562171,2.683017990043241e-05,1920.0,3840.0,0.0,0.03125,0.03125,0.000394403362784574,0.0
165000.0,45.833333333333336,0.012,0.16103781286060925,0.0,0.16103781286060925,0.053349566006526274,0.12587303722130827,2.4241269627777973,-8.943956686380261e-13,61,0.12587303722130827,2.680773490871732e-05,1920.0,3840.0,0.0,0.03125,0.03125,0.0003934773590904695,0.0
165060.0,45.85,0.012,0.16099800915897738,0.0,0.16099800915897738,0.05334676589063896,0.1258462519019985,2.4241537480971074,-8.93951579428176e-13,61,0.1258462519019985,2.6785319309968313e-05,1920.0,3840.0,0.0,0.03125,0.03125,0.0003925551404090752,0.0
165120.0,45.86666666666667,0.012,0.16095824024844635,0.0,0.16095824024844635,0.05334396943921378,0.12581948896894576,2.42418051103016,-8.93951579428176e-13,61,0.12581948896894576,2.676293305263888e-05,1920.0,3840.0,0.0,0.03125,0.03125,0.0003916576415068617,0.0
165180.0,45.88333333333333,0.012,0.16091850608186026,0.0,0.16091850608186026,0.053341176645828534,0.1257927483928601,2.4242072516062456,-8.93951579428176e-13,61,0.1257927483928601,2.6740576085294836e-05,1920.0,3840.0,0.0,0.03125,0.03125,0.00039073881628207396,0.0
165240.0,45.9,0.012,0.16087880661212695,0.0,0.16087880661212695,0.05333838750407504,0.12576603014450372,2.424233969854602,-8.93951579428176e-13,61,0.12576603014450372,2.6718248356614968e-05,1920.0,3840.0,0.0,0.03125,0.03125,0.00038984037025618435,0.0
165300.0,45.916666666666664,0.012,0.1608391417922563,0.0,0.1608391417922563,0.05333560200755894,0.12573933419468802,2.4242606658044172,-8.943956686380261e-13,61,0.12573933419468802,2.669594981538901e-05,1920.0,3840.0,0.0,0.03125,0.03125,0.00038892549138192883,0.0
165360.0,45.93333333333333,0.012,0.1607995115753298,0.0,0.1607995115753298,0.05333282014989971,0.12571266051427718,2.424287339484828,-8.948397578478762e-13,61,0.12571266051427718,2.6673680410517832e-05,1920.0,3840.0,0.0,0.03125,0.03125,0.00038802281901403456,0.0
165420.0,45.95,0.012,0.160759915914523,0.0,0.160759915914523,0.053330041924730794,0.1256860090741866,2.4243139909249187,-8.943956686380261e-13,61,0.1256860090741866,2.66514400910125e-05,1920.0,3840.0,0.0,0.03125,0.03125,0.00038713708027686525,0.0
165480.0,45.96666666666667,0.012,0.1607203547630892,0.0,0.1607203547630892,0.05332726732569957,0.1256593798453802,2.4243406201537248,-8.948397578478762e-13,61,0.1256593798453802,2.662922880599695e-05,1920.0,3840.0,0.0,0.03125,0.03125,0.0003862401627466416,0.0
165540.0,45.983333333333334,0.012,0.16068082807436962,0.0,0.16068082807436962,0.05332449634646723,0.12563277279887555,2.4243672272002295,-8.948397578478762e-13,61,0.12563277279887555,2.6607046504705266e-05,1920.0,3840.0,0.0,0.03125,0.03125,0.0003853273639767855,0.0
165600.0,46.0,0.012,0.16064133580178874,0.0,0.16064133580178874,0.05332172898070854,0.12560618790573913,2.424393812093366,-8.943956686380261e-13,61,0.12560618790573913,2.658489313648146e-05,1920.0,3840.0,0.0,0.03125,0.03125,0.0003844356690467755,0.0
165660.0,46.016666666666666,0.012,0.1606018778988516,0.0,0.1606018778988516,0.05331896522211216,0.12557962513708823,2.424420374862017,-8.943956686380261e-13,61,0.12557962513708823,2.656276865077904e-05,1920.0,3840.0,0.0,0.03125,0.03125,0.0003835515212422234,0.0
165720.0,46.03333333333333,0.012,0.1605624543191557,0.0,0.1605624543191557,0.05331620506438039,0.12555308446409102,2.424446915535014,-8.948397578478762e-13,61,0.12555308446409102,2.654067299716223e-05,1920.0,3840.0,0.0,0.03125,0.03125,0.0003826708387642966,0.0
165780.0,46.05,0.012,0.16052306501636485,0.0,0.16052306501636485,0.05331344850122909,0.12552656585796537,2.4244734341411394,-8.952838470577262e-13,61,0.12552656585796537,2.651860612530342e-05,1920.0,3840.0,0.0,0.03125,0.03125,0.0003817711232620137,0.0
165840.0,46.06666666666667,0.012,0.1604837099442491,0.0,0.1604837099442491,0.053310695526387855,0.12550006928998078,2.4244999307091244,-8.948397578478762e-13,61,0.12550006928998078,2.649656798498486e-05,1920.0,3840.0,0.0,0.03125,0.03125,0.0003808916940097943,0.0
165900.0,46.083333333333336,0.012,0.16044438905663908,0.0,0.16044438905663908,0.053307946133599855,0.12547359473145453,2.4245264052676503,-8.948397578478762e-13,61,0.12547359473145453,2.6474558526096992e-05,1920.0,3840.0,0.0,0.03125,0.03125,0.0003800209739515859,0.0
165960.0,46.1,0.012,0.16040510230746707,0.0,0.16040510230746707,0.05330520031662193,0.12544714215375555,2.424552857845349,-8.952838470577262e-13,61,0.12544714215375555,2.6452577698640607e-05,1920.0,3840.0,0.0,0.03125,0.03125,0.00037913261503629307,0.0
166020.0,46.11666666666667,0.012,0.16036584965073372,0.0,0.16036584965073372,0.053302458069224234,0.12542071152830284,2.4245792884708015,-8.952838470577262e-13,61,0.12542071152830284,2.6430625452723554e-05,1920.0,3840.0,0.0,0.03125,0.03125,0.0003782444782621454,0.0
166080.0,46.13333333333333,0.012,0.16032663104053138,0.0,0.16032663104053138,0.05329971938519039,0.12539430282656422,2.4246056971725403,-8.952838470577262e-13,61,0.12539430282656422,2.640870173856086e-05,1920.0,3840.0,0.0,0.03125,0.03125,0.00037738428259558206,0.0
166140.0,46.15,0.012,0.16028744643102974,0.0,0.16028744643102974,0.05329698425831769,0.1253679160200575,2.4246320839790467,-8.957279362675763e-13,61,0.1253679160200575,2.6386806506476025e-05,1920.0,3840.0,0.0,0.03125,0.03125,0.0003765035082241074,0.0
166200.0,46.166666666666664,0.012,0.16024829577648148,0.0,0.16024829577648148,0.05329425268241689,0.1253415510803506,2.4246584489187537,-8.952838470577262e-13,61,0.1253415510803506,2.6364939706901587e-05,1920.0,3840.0,0.0,0.03125,0.03125,0.00037563150638439364,0.0
166260.0,46.18333333333333,0.012,0.16020917903122547,0.0,0.16020917903122547,0.05329152465131175,0.1253152079790604,2.4246847920200443,-8.952838470577262e-13,61,0.1253152079790604,2.6343101290375865e-05,1920.0,3840.0,0.0,0.03125,0.03125,0.00037475414670977766,0.0
166320.0,46.2,0.012,0.16017009614967131,0.0,0.16017009614967131,0.053288800158839585,0.12528888668785268,2.4247111133112518,-8.952838470577262e-13,61,0.12528888668785268,2.632129120754277e-05,1920.0,3840.0,0.0,0.03125,0.03125,0.0003738900918630892,0.0
166380.0,46.21666666666667,0.012,0.16013104708632647,0.0,0.16013104708632647,0.05328607919885104,0.12526258717844327,2.424737412820661,-8.952838470577262e-13,61,0.12526258717844327,2.6299509409154514e-05,1920.0,3840.0,0.0,0.03125,0.03125,0.0003730403326026891,0.0
166440.0,46.233333333333334,0.012,0.1600920317957616,0.0,0.1600920317957616,0.053283361765209876,0.12523630942259728,2.424763690576507,-8.952838470577262e-13,61,0.12523630942259728,2.6277755846068554e-05,1920.0,3840.0,0.0,0.03125,0.03125,0.0003721604178221145,0.0
166500.0,46.25,0.012,0.16005305023264632,0.0,0.16005305023264632,0.05328064785179352,0.12521005339212798,2.4247899466069764,-8.952838470577262e-13,61,0.12521005339212798,2.625603046924951e-05,1920.0,3840.0,0.0,0.03125,0.03125,0.0003713171984617285,0.0
166560.0,46.266666666666666,0.012,0.16001410235171665,0.0,0.16001410235171665,0.053277937452492374,0.12518381905889805,2.4248161809402062,-8.957279362675763e-13,61,0.12518381905889805,2.6234333229769367e-05,1920.0,3840.0,0.0,0.03125,0.03125,0.0003704512753133511,0.0
166620.0,46.28333333333333,0.012,0.1599751881077996,0.0,0.1599751881077996,0.053275230561209856,0.12515760639481935,2.424842393604285,-8.952838470577262e-13,61,0.12515760639481935,2.621266407880282e-05,1920.0,3840.0,0.0,0.03125,0.03125,0.00036959980763965266,0.0
166680.0,46.3,0.012,0.1599363074557973,0.0,0.1599363074557973,0.053272527171862726,0.12513141537185174,2.424868584627253,-8.952838470577262e-13,61,0.12513141537185174,2.6191022967631144e-05,1920.0,3840.0,0.0,0.03125,0.03125,0.0003687352317062503,0.0
166740.0,46.31666666666667,0.012,0.15989746035069274,0.0,0.15989746035069274,0.05326982727838065,0.1251052459620039,2.4248947540371004,-8.952838470577262e-13,61,0.1251052459620039,2.6169409847639977e-05,1920.0,3840.0,0.0,0.03125,0.03125,0.0003678942960916455,0.0
166800.0,46.333333333333336,0.012,0.15985864674755504,0.0,0.15985864674755504,0.05326713087470626,0.12507909813733342,2.424920901861771,-8.957279362675763e-13,61,0.12507909813733342,2.6147824670318557e-05,1920.0,3840.0,0.0,0.03125,0.03125,0.00036704714798878763,0.0
166860.0,46.35,0.012,0.1598198666015188,0.0,0.1598198666015188,0.053264437954795615,0.12505297186994616,2.424947028129158,-8.957279362675763e-13,61,0.12505297186994616,2.6126267387260798e-05,1920.0,3840.0,0.0,0.03125,0.03125,0.00036619481180579205,0.0
166920.0,46.36666666666667,0.012,0.1597811198678199,0.0,0.1597811198678199,0.053261748512617946,0.1250268671319959,2.424973132867108,-8.957279362675763e-13,61,0.1250268671319959,2.610473795016921e-05,1920.0,3840.0,0.0,0.03125,0.03125,0.00036536553914366334,0.0
166980.0,46.38333333333333,0.012,0.15974240650175378,0.0,0.15974240650175378,0.05325906254215504,0.12500078389568514,2.424999216103419,-8.957279362675763e-13,61,0.12500078389568514,2.608323631084751e-05,1920.0,3840.0,0.0,0.03125,0.03125,0.0003645192677474627,0.0
167040.0,46.4,0.012,0.15970372645871084,0.0,0.15970372645871084,0.053256380037401733,0.12497472213326367,2.42502527786584,-8.961720254774264e-13,61,0.12497472213326367,2.6061762421201923e-05,1920.0,3840.0,0.0,0.03125,0.03125,0.0003636697371120276,0.0
167100.0,46.416666666666664,0.012,0.15966507969415017,0.0,0.15966507969415017,0.05325370099236575,0.12494868181703031,2.425051318182073,-8.966161146872764e-13,61,0.12494868181703031,2.604031623324319e-05,1920.0,3840.0,0.0,0.03125,0.03125,0.0003628367405965695,0.0
167160.0,46.43333333333333,0.012,0.1596264661636166,0.0,0.1596264661636166,0.05325102540106754,0.12492266291933127,2.425077337079772,-8.966161146872764e-13,61,0.12492266291933127,2.6018897699083855e-05,1920.0,3840.0,0.0,0.03125,0.03125,0.00036199752567825507,0.0
167220.0,46.45,0.012,0.15958788582273292,0.0,0.15958788582273292,0.053248353257540126,0.12489666541256025,2.425103334586543,-8.966161146872764e-13,61,0.12489666541256025,2.599750677093744e-05,1920.0,3840.0,0.0,0.03125,0.03125,0.0003611642776991287,0.0
167280.0,46.46666666666667,0.012,0.15954933862719411,0.0,0.15954933862719411,0.05324568455583053,0.12487068926915915,2.425129310729944,-8.966161146872764e-13,61,0.12487068926915915,2.5976143401124552e-05,1920.0,3840.0,0.0,0.03125,0.03125,0.00036032394044499305,0.0
167340.0,46.483333333333334,0.012,0.15951082453278698,0.0,0.15951082453278698,0.0532430192899977,0.12484473446161673,2.425155265537486,-8.970602038971265e-13,61,0.12484473446161673,2.595480754206944e-05,1920.0,3840.0,0.0,0.03125,0.03125,0.00035949838199130304,0.0
167400.0,46.5,0.012,0.15947234349536069,0.0,0.15947234349536069,0.05324035745411332,0.1248188009624709,2.4251811990366323,-8.966161146872764e-13,61,0.1248188009624709,2.5933499146294373e-05,1920.0,3840.0,0.0,0.03125,0.03125,0.0003586836582434291,0.0
167460.0,46.516666666666666,0.012,0.15943389547085995,0.0,0.15943389547085995,0.05323769904226199,0.124792888744304,2.4252071112547986,-8.970602038971265e-13,61,0.124792888744304,2.5912218166424357e-05,1920.0,3840.0,0.0,0.03125,0.03125,0.00035784676170924786,0.0
167520.0,46.53333333333333,0.012,0.1593954804152936,0.0,0.1593954804152936,0.05323504404854088,0.12476699777974885,2.425233002219354,-8.970602038971265e-13,61,0.12476699777974885,2.589096455518667e-05,1920.0,3840.0,0.0,0.03125,0.03125,0.00035702039806283844,0.0
167580.0,46.55,0.012,0.15935709828475697,0.0,0.15935709828475697,0.05323239246705979,0.12474112804148338,2.4252588719576194,-8.970602038971265e-13,61,0.12474112804148338,2.5869738265409745e-05,1920.0,3840.0,0.0,0.03125,0.03125,0.0003561992495176906,0.0
167640.0,46.56666666666667,0.012,0.15931874903542087,0.0,0.15931874903542087,0.053229744291940335,0.12471527950223346,2.4252847204968693,-8.970602038971265e-13,61,0.12471527950223346,2.584853925001812e-05,1920.0,3840.0,0.0,0.03125,0.03125,0.0003553913791473404,0.0
167700.0,46.583333333333336,0.012,0.1592804326235288,0.0,0.1592804326235288,0.053227099517318584,0.12468945213477106,2.4253105478643313,-8.975042931069765e-13,61,0.12468945213477106,2.5827367462043072e-05,1920.0,3840.0,0.0,0.03125,0.03125,0.00035457381062896685,0.0
167760.0,46.6,0.012,0.1592421490054134,0.0,0.1592421490054134,0.05322445813734207,0.12466364591191645,2.425336354087186,-8.975042931069765e-13,61,0.12466364591191645,2.580622285461977e-05,1920.0,3840.0,0.0,0.03125,0.03125,0.00035375209479862976,0.0
167820.0,46.61666666666667,0.012,0.1592038981374682,0.0,0.1592038981374682,0.05322182014617074,0.12463786080653533,2.425362139192567,-8.975042931069765e-13,61,0.12463786080653533,2.5785105380977546e-05,1920.0,3840.0,0.0,0.03125,0.03125,0.00035294109162963477,0.0
167880.0,46.63333333333333,0.012,0.15916567997618228,0.0,0.15916567997618228,0.05321918553797707,0.12461209679154096,2.4253879032075614,-8.975042931069765e-13,61,0.12461209679154096,2.5764014994446036e-05,1920.0,3840.0,0.0,0.03125,0.03125,0.00035212917305035363,0.0
167940.0,46.65,0.012,0.1591274944781079,0.0,0.1591274944781079,0.05321655430694625,0.12458635383989226,2.42541364615921,-8.975042931069765e-13,61,0.12458635383989226,2.574295164845619e-05,1920.0,3840.0,0.0,0.03125,0.03125,0.000351316413101159,0.0
168000.0,46.666666666666664,0.012,0.15908934159988072,0.0,0.15908934159988072,0.05321392644727578,0.12456063192459581,2.4254393680745063,-8.975042931069765e-13,61,0.12456063192459581,2.5721915296538774e-05,1920.0,3840.0,0.0,0.03125,0.03125,0.0003505156005490831,0.0
168060.0,46.68333333333333,0.012,0.15905122129821392,0.0,0.15905122129821392,0.05321130195317489,0.12453493101870347,2.4254650689803987,-8.975042931069765e-13,61,0.12453493101870347,2.5700905892321702e-05,1920.0,3840.0,0.0,0.03125,0.03125,0.00034970513181459213,0.0
168120.0,46.7,0.012,0.15901313352988622,0.0,0.15901313352988622,0.05320868081886619,0.12450925109531374,2.4254907489037882,-8.979483823168266e-13,61,0.12450925109531374,2.5679923389529853e-05,1920.0,3840.0,0.0,0.03125,0.03125,0.0003488966601646865,0.0
168180.0,46.71666666666667,0.012,0.158975078251771,0.0,0.158975078251771,0.05320606303858459,0.12448359212757189,2.4255164078715303,-8.975042931069765e-13,61,0.12448359212757189,2.5658967741995877e-05,1920.0,3840.0,0.0,0.03125,0.03125,0.0003480961852779619,0.0
168240.0,46.733333333333334,0.012,0.15893705542079936,0.0,0.15893705542079936,0.053203448606576845,0.12445795408866815,2.4255420459104338,-8.979483823168266e-13,61,0.12445795408866815,2.5638038903645554e-05,1920.0,3840.0,0.0,0.03125,0.03125,0.00034731014655482083,0.0
168300.0,46.75,0.012,0.15889906499399417,0.0,0.15889906499399417,0.053200837517101834,0.12443233695183947,2.4255676630472625,-8.979483823168266e-13,61,0.12443233695183947,2.5617136828501426e-05,1920.0,3840.0,0.0,0.03125,0.03125,0.000346507715424777,0.0
168360.0,46.766666666666666,0.012,0.15886110692844344,0.0,0.15886110692844344,0.05319822976443113,0.12440674069036879,2.4255932593087333,-8.979483823168266e-13,61,0.12440674069036879,2.5596261470685307e-05,1920.0,3840.0,0.0,0.03125,0.03125,0.0003457184578448225,0.0
168420.0,46.78333333333333,0.012,0.15882318118131444,0.0,0.15882318118131444,0.05319562534284812,0.12438116527758449,2.4256188347215177,-8.975042931069765e-13,61,0.12438116527758449,2.557541278441715e-05,1920.0,3840.0,0.0,0.03125,0.03125,0.00034492291747764426,0.0
168480.0,46.8,0.012,0.1587852877098544,0.0,0.1587852877098544,0.05319302424664861,0.12435561068686031,2.4256443893122417,-8.979483823168266e-13,61,0.12435561068686031,2.555459072401384e-05,1920.0,3840.0,0.0,0.03125,0.03125,0.00034413280744737944,0.0
168540.0,46.81666666666667,0.012,0.15874742647136986,0.0,0.15874742647136986,0.05319042647013989,0.12433007689161628,2.4256699231074856,-8.979483823168266e-13,61,0.12433007689161628,2.553379524388768e-05,1920.0,3840.0,0.0,0.03125,0.03125,0.0003433398579722867,0.0
168600.0,46.833333333333336,0.012,0.15870959742326687,0.0,0.15870959742326687,0.05318783200764284,0.12430456386531774,2.4256954361337844,-8.979483823168266e-13,61,0.12430456386531774,2.5513026298551073e-05,1920.0,3840.0,0.0,0.03125,0.03125,0.00034256042803715753,0.0
168660.0,46.85,0.012,0.15867180052300608,0.0,0.15867180052300608,0.05318524085348933,0.12427907158147504,2.425720928417627,-8.979483823168266e-13,61,0.12427907158147504,2.5492283842615877e-05,1920.0,3840.0,0.0,0.03125,0.03125,0.0003417709277303025,0.0
168720.0,46.86666666666667,0.012,0.1586340357281345,0.0,0.1586340357281345,0.05318265300202335,0.12425360001364431,2.425746399985458,-8.975042931069765e-13,61,0.12425360001364431,2.5471567830785048e-05,1920.0,3840.0,0.0,0.03125,0.03125,0.00034099717126807335,0.0
168780.0,46.88333333333333,0.012,0.1585963029962706,0.0,0.1585963029962706,0.053180068447600926,0.12422814913542615,2.4257718508636756,-8.979483823168266e-13,61,0.12422814913542615,2.5450878217858707e-05,1920.0,3840.0,0.0,0.03125,0.03125,0.000340215121168853,0.0
168840.0,46.9,0.012,0.1585586022851002,0.0,0.1585586022851002,0.05317748718459042,0.12420271892046754,2.4257972810786343,-8.979483823168266e-13,61,0.12420271892046754,2.5430214958734747e-05,1920.0,3840.0,0.0,0.03125,0.03125,0.0003394317139192641,0.0
168900.0,46.916666666666664,0.012,0.1585209335523985,0.0,0.1585209335523985,0.05317490920737184,0.12417730934245887,2.4258226906566427,-8.983924715266767e-13,61,0.12417730934245887,2.5409578008406668e-05,1920.0,3840.0,0.0,0.03125,0.03125,0.00033865471704568626,0.0
168960.0,46.93333333333333,0.012,0.1584832967559989,0.0,0.1584832967559989,0.05317233451033706,0.12415192037513714,2.4258480796239645,-8.979483823168266e-13,61,0.12415192037513714,2.538896732196187e-05,1920.0,3840.0,0.0,0.03125,0.03125,0.0003378824164915572,0.0
169020.0,46.95,0.012,0.15844569185382268,0.0,0.15844569185382268,0.05316976308788976,0.12412655199228227,2.425873448006819,-8.988365607365267e-13,61,0.12412655199228227,2.5368382854581962e-05,1920.0,3840.0,0.0,0.03125,0.03125,0.00033712044496293705,0.0
169080.0,46.96666666666667,0.012,0.15840811880385636,0.0,0.15840811880385636,0.0531671949344464,0.12410120416772075,2.4258987958313805,-8.988365607365267e-13,61,0.12410120416772075,2.534782456154865e-05,1920.0,3840.0,0.0,0.03125,0.03125,0.0003363410301052894,0.0
169140.0,46.983333333333334,0.012,0.15837057756416092,0.0,0.15837057756416092,0.05316463004443447,0.12407587687532246,2.425924123123779,-8.983924715266767e-13,61,0.12407587687532246,2.5327292398237238e-05,1920.0,3840.0,0.0,0.03125,0.03125,0.0003355817379339285,0.0
169200.0,47.0,0.012,0.15833306809287714,0.0,0.15833306809287714,0.053162068412293206,0.12405057008900229,2.425949429910099,-8.983924715266767e-13,61,0.12405057008900229,2.530678632011499e-05,1920.0,3840.0,0.0,0.03125,0.03125,0.00033480268030163315,0.0
169260.0,47.016666666666666,0.012,0.15829559034820584,0.0,0.15829559034820584,0.053159510032473725,0.12402528378271951,2.425974716216382,-8.983924715266767e-13,61,0.12402528378271951,2.528630628274259e-05,1920.0,3840.0,0.0,0.03125,0.03125,0.00033403101524922385,0.0
169320.0,47.03333333333333,0.012,0.1582581442884392,0.0,0.1582581442884392,0.05315695489943932,0.12400001793047778,2.4259999820686238,-8.983924715266767e-13,61,0.12400001793047778,2.5265852241778694e-05,1920.0,3840.0,0.0,0.03125,0.03125,0.0003332696413545696,0.0
169380.0,47.05,0.012,0.15822072987192887,0.0,0.15822072987192887,0.053154403007664545,0.12397477250632469,2.4260252274927767,-8.983924715266767e-13,61,0.12397477250632469,2.5245424152974316e-05,1920.0,3840.0,0.0,0.03125,0.03125,0.00033252016798347006,0.0
169440.0,47.06666666666667,0.012,0.1581833470571037,0.0,0.1581833470571037,0.05315185435163567,0.12394954748435237,2.426050452514749,-8.988365607365267e-13,61,0.12394954748435237,2.522502197217287e-05,1920.0,3840.0,0.0,0.03125,0.03125,0.00033176293429982586,0.0
169500.0,47.083333333333336,0.012,0.15814599580246966,0.0,0.15814599580246966,0.053149308925850486,0.12392434283869687,2.4260756571604043,-8.988365607365267e-13,61,0.12392434283869687,2.5204645655310196e-05,1920.0,3840.0,0.0,0.03125,0.03125,0.000331003681871121,0.0
169560.0,47.1,0.012,0.15810867606659054,0.0,0.15810867606659054,0.05314676672481933,0.12389915854353858,2.426100841455563,-8.983924715266767e-13,61,0.12389915854353858,2.51842951584193e-05,1920.0,3840.0,0.0,0.03125,0.03125,0.0003302445143056627,0.0
169620.0,47.11666666666667,0.012,0.15807138780812408,0.0,0.15807138780812408,0.053144227743063294,0.12387399457310079,2.4261260054260005,-8.983924715266767e-13,61,0.12387399457310079,2.516397043762623e-05,1920.0,3840.0,0.0,0.03125,0.03125,0.00032950226070669,0.0
169680.0,47.13333333333333,0.012,0.15803413098578373,0.0,0.15803413098578373,0.05314169197511519,0.12384885090165186,2.42615114909745,-8.979483823168266e-13,61,0.12384885090165186,2.5143671449145893e-05,1920.0,3840.0,0.0,0.03125,0.03125,0.0003287505469491197,0.0
169740.0,47.15,0.012,0.15799690555836185,0.0,0.15799690555836185,0.05313915941551921,0.12382372750350255,2.4261762724955993,-8.979483823168266e-13,61,0.12382372750350255,2.512339814928684e-05,1920.0,3840.0,0.0,0.03125,0.03125,0.000327993524327399,0.0
169800.0,47.166666666666664,0.012,0.15795971148472573,0.0,0.15795971148472573,0.053136630058831444,0.12379862435300797,2.4262013756460936,-8.983924715266767e-13,61,0.12379862435300797,2.510315049445002e-05,1920.0,3840.0,0.0,0.03125,0.03125,0.0003272443762212687,0.0
169860.0,47.18333333333333,0.012,0.15792254872379846,0.0,0.15792254872379846,0.05313410389961935,0.12377354142456673,2.4262264585745346,-8.983924715266767e-13,61,0.12377354142456673,2.5082928441130036e-05,1920.0,3840.0,0.0,0.03125,0.03125,0.0003265021423042695,0.0
169920.0,47.2,0.012,0.15788541723459937,0.0,0.15788541723459937,0.05313158093246172,0.12374847869262068,2.4262515213064804,-8.988365607365267e-13,61,0.12374847869262068,2.5062731945911573e-05,1920.0,3840.0,0.0,0.03125,0.03125,0.00032576113085249777,0.0
169980.0,47.21666666666667,0.012,0.15784831697620036,0.0,0.15784831697620036,0.05312906115194861,0.12372343613165523,2.4262765638674457,-8.988365607365267e-13,61,0.12372343613165523,2.504256096547034e-05,1920.0,3840.0,0.0,0.03125,0.03125,0.0003250223851327555,0.0
170040.0,47.233333333333334,0.012,0.15781124790775217,0.0,0.15781124790775217,0.053126544552682134,0.1236984137161986,2.4263015862829023,-8.988365607365267e-13,61,0.1236984137161986,2.502241545657443e-05,1920.0,3840.0,0.0,0.03125,0.03125,0.0003242861609072072,0.0
170100.0,47.25,0.012,0.15777420998847974,0.0,0.15777420998847974,0.05312403112927529,0.12367341142082243,2.4263265885782785,-8.988365607365267e-13,61,0.12367341142082243,2.5002295376085152e-05,1920.0,3840.0,0.0,0.03125,0.03125,0.00032353975603498545,0.0
170160.0,47.266666666666666,0.012,0.1577372031776633,0.0,0.1577372031776633,0.053121520876352524,0.12364842922014128,2.4263515707789596,-8.988365607365267e-13,61,0.12364842922014128,2.4982200680951666e-05,1920.0,3840.0,0.0,0.03125,0.03125,0.0003228063667722918,0.0
170220.0,47.28333333333333,0.012,0.15770022743467765,0.0,0.15770022743467765,0.053119013788549344,0.12362346708881307,2.4263765329102878,-8.988365607365267e-13,61,0.12362346708881307,2.496213132821452e-05,1920.0,3840.0,0.0,0.03125,0.03125,0.00032205463499962184,0.0
170280.0,47.3,0.012,0.1576632827189501,0.0,0.1576632827189501,0.05311650986051287,0.12359852500153799,2.426401474997563,-8.988365607365267e-13,61,0.12359852500153799,2.4942087275003315e-05,1920.0,3840.0,0.0,0.03125,0.03125,0.0003213367278743188,0.0
170340.0,47.31666666666667,0.012,0.15762636898998664,0.0,0.15762636898998664,0.05311400908690141,0.12357360293305951,2.4264263970660416,-8.988365607365267e-13,61,0.12357360293305951,2.4922068478540803e-05,1920.0,3840.0,0.0,0.03125,0.03125,0.00032060237803631245,0.0
170400.0,47.333333333333336,0.012,0.15758948620736463,0.0,0.15758948620736463,0.05311151146238446,0.12354870085816329,2.4264512991409375,-8.988365607365267e-13,61,0.12354870085816329,2.490207489613771e-05,1920.0,3840.0,0.0,0.03125,0.03125,0.00031988473247180965,0.0
170460.0,47.35,0.012,0.15755263433071953,0.0,0.15755263433071953,0.05310901698164257,0.12352381875167817,2.4264761812474225,-8.992806499463768e-13,61,0.12352381875167817,2.4882106485194546e-05,1920.0,3840.0,0.0,0.03125,0.03125,0.0003191581936037167,0.0
170520.0,47.36666666666667,0.012,0.15751581331977604,0.0,0.15751581331977604,0.053106525639367734,0.12349895658847482,2.426501043410626,-8.992806499463768e-13,61,0.12349895658847482,2.4862163203200798e-05,1920.0,3840.0,0.0,0.03125,0.03125,0.0003184361770471879,0.0
170580.0,47.38333333333333,0.012,0.15747902313431505,0.0,0.15747902313431505,0.053104037430263304,0.12347411434346713,2.4265258856556335,-8.992806499463768e-13,61,0.12347411434346713,2.4842245007738893e-05,1920.0,3840.0,0.0,0.03125,0.03125,0.00031769512972354576,0.0
170640.0,47.4,0.012,0.15744226373419093,0.0,0.15744226373419093,0.0531015523490431,0.12344929199161062,2.42655070800749,-8.988365607365267e-13,61,0.12344929199161062,2.4822351856476976e-05,1920.0,3840.0,0.0,0.03125,0.03125,0.0003169898005994921,0.0
170700.0,47.416666666666664,0.012,0.15740553507933158,0.0,0.15740553507933158,0.05309907039043251,0.12342448950790316,2.4265755104911975,-8.992806499463768e-13,61,0.12342448950790316,2.480248370717204e-05,1920.0,3840.0,0.0,0.03125,0.03125,0.0003162762352737553,0.0
170760.0,47.43333333333333,0.012,0.15736883712972352,0.0,0.15736883712972352,0.05309659154916758,0.12339970686738536,2.426600293131715,-8.992806499463768e-13,61,0.12339970686738536,2.4782640517669957e-05,1920.0,3840.0,0.0,0.03125,0.03125,0.0003155459045223162,0.0
170820.0,47.45,0.012,0.1573321698454382,0.0,0.1573321698454382,0.053094115819995985,0.12337494404513961,2.426625055953961,-8.992806499463768e-13,61,0.12337494404513961,2.4762822245905347e-05,1920.0,3840.0,0.0,0.03125,0.03125,0.00031484037342491966,0.0
170880.0,47.46666666666667,0.012,0.15729553318660616,0.0,0.15729553318660616,0.0530916431976759,0.12335020101628963,2.426649798982811,-8.992806499463768e-13,61,0.12335020101628963,2.4743028849902234e-05,1920.0,3840.0,0.0,0.03125,0.03125,0.0003141279339664212,0.0
170940.0,47.483333333333334,0.012,0.15725892711342482,0.0,0.15725892711342482,0.053089173676976555,0.12332547775600176,2.4266745222430988,-8.992806499463768e-13,61,0.12332547775600176,2.4723260287769644e-05,1920.0,3840.0,0.0,0.03125,0.03125,0.00031340800001372496,0.0
171000.0,47.5,0.012,0.15722235158617132,0.0,0.15722235158617132,0.05308670725267835,0.12330077423948411,2.4266992257596165,-8.992806499463768e-13,61,0.12330077423948411,2.470351651770654e-05,1920.0,3840.0,0.0,0.03125,0.03125,0.00031270081763537283,0.0
171060.0,47.516666666666666,0.012,0.15718580656517883,0.0,0.15718580656517883,0.05308424391957262,0.12327609044198602,2.4267239095571145,-8.992806499463768e-13,61,0.12327609044198602,2.4683797497999175e-05,1920.0,3840.0,0.0,0.03125,0.03125,0.00031198106228984203,0.0
171120.0,47.53333333333333,0.012,0.1571492920108603,0.0,0.1571492920108603,0.05308178367246148,0.12325142633879907,2.4267485736603014,-8.992806499463768e-13,61,0.12325142633879907,2.4664103187022745e-05,1920.0,3840.0,0.0,0.03125,0.03125,0.0003112696578282789,0.0
171180.0,47.55,0.012,0.1571128078836945,0.0,0.1571128078836945,0.05307932650615779,0.1232267819052558,2.4267732180938446,-8.992806499463768e-13,61,0.1232267819052558,2.4644433543236257e-05,1920.0,3840.0,0.0,0.03125,0.03125,0.0003105756537489424,0.0
171240.0,47.56666666666667,0.012,0.1570763541442149,0.0,0.1570763541442149,0.05307687241548537,0.12320215711673035,2.4267978428823698,-8.997247391562269e-13,61,0.12320215711673035,2.462478852518667e-05,1920.0,3840.0,0.0,0.03125,0.03125,0.00030986536847212086,0.0
171300.0,47.583333333333336,0.012,0.15703993075304745,0.0,0.15703993075304745,0.05307442139527878,0.12317755194863886,2.426822448050461,-8.997247391562269e-13,61,0.12317755194863886,2.460516809150711e-05,1920.0,3840.0,0.0,0.03125,0.03125,0.0003091668343770598,0.0
171360.0,47.6,0.012,0.15700353767086672,0.0,0.15700353767086672,0.053071973440383766,0.12315296637643773,2.426847033622662,-9.001688283660769e-13,61,0.12315296637643773,2.4585572200919614e-05,1920.0,3840.0,0.0,0.03125,0.03125,0.0003084761223311819,0.0
171420.0,47.61666666666667,0.012,0.15696717485842454,0.0,0.15696717485842454,0.053069528545656296,0.12312840037562556,2.426871599623474,-9.001688283660769e-13,61,0.12312840037562556,2.45660008122308e-05,1920.0,3840.0,0.0,0.03125,0.03125,0.00030777299117473245,0.0
171480.0,47.63333333333333,0.012,0.1569308422765401,0.0,0.1569308422765401,0.053067086705963315,0.12310385392174125,2.4268961460773584,-9.001688283660769e-13,61,0.12310385392174125,2.454645388433207e-05,1920.0,3840.0,0.0,0.03125,0.03125,0.0003070834220056214,0.0
171540.0,47.65,0.012,0.15689453988608873,0.0,0.15689453988608873,0.05306464791618241,0.12307932699036511,2.4269206730087345,-9.001688283660769e-13,61,0.12307932699036511,2.4526931376202035e-05,1920.0,3840.0,0.0,0.03125,0.03125,0.0003063746730273094,0.0
171600.0,47.666666666666664,0.012,0.1568582676480323,0.0,0.1568582676480323,0.05306221217120218,0.1230548195571179,2.4269451804419813,-9.00612917575927e-13,61,0.1230548195571179,2.4507433246904685e-05,1920.0,3840.0,0.0,0.03125,0.03125,0.00030570029995555167,0.0
171660.0,47.68333333333333,0.012,0.15682202552338803,0.0,0.15682202552338803,0.053059779465921546,0.12303033159766248,2.426969668401437,-9.001688283660769e-13,61,0.12303033159766248,2.448795945559121e-05,1920.0,3840.0,0.0,0.03125,0.03125,0.00030499624191430996,0.0
171720.0,47.7,0.012,0.1567858134732376,0.0,0.1567858134732376,0.0530573497952501,0.12300586308770063,2.4269941369113983,-9.01057006785777e-13,61,0.12300586308770063,2.4468509961494975e-05,1920.0,3840.0,0.0,0.03125,0.03125,0.0003043065825452114,0.0
171780.0,47.71666666666667,0.012,0.1567496314587415,0.0,0.1567496314587415,0.053054923154107946,0.12298141400297702,2.427018585996122,-9.00612917575927e-13,61,0.12298141400297702,2.4449084723935332e-05,1920.0,3840.0,0.0,0.03125,0.03125,0.00030361686538867336,0.0
171840.0,47.733333333333334,0.012,0.15671347944111486,0.0,0.15671347944111486,0.05305249953742582,0.12295698431927458,2.4270430156798244,-9.01057006785777e-13,61,0.12295698431927458,2.4429683702314716e-05,1920.0,3840.0,0.0,0.03125,0.03125,0.0003029395749674823,0.0
171900.0,47.75,0.012,0.1566773573816483,0.0,0.1566773573816483,0.05305007894014541,0.1229325740124183,2.4270674259866807,-9.00612917575927e-13,61,0.1229325740124183,2.441030685612406e-05,1920.0,3840.0,0.0,0.03125,0.03125,0.0003022451667482257,0.0
171960.0,47.766666666666666,0.012,0.15664126524169864,0.0,0.15664126524169864,0.05304766135721844,0.12290818305827338,2.4270918169408255,-9.01057006785777e-13,61,0.12290818305827338,2.4390954144936436e-05,1920.0,3840.0,0.0,0.03125,0.03125,0.0003015796644923538,0.0
172020.0,47.78333333333333,0.012,0.1566052029826753,0.0,0.1566052029826753,0.053045246783607336,0.12288381143274471,2.427116188566354,-9.01057006785777e-13,61,0.12288381143274471,2.437162552840839e-05,1920.0,3840.0,0.0,0.03125,0.03125,0.00030087542969403674,0.0
172080.0,47.8,0.012,0.15656917056607658,0.0,0.15656917056607658,0.05304283521428475,0.12285945911177833,2.4271405408873203,-9.01057006785777e-13,61,0.12285945911177833,2.435232096628066e-05,1920.0,3840.0,0.0,0.03125,0.03125,0.00030019359393020046,0.0
172140.0,47.81666666666667,0.012,0.15653316795345176,0.0,0.15653316795345176,0.053040426644234286,0.12283512607136005,2.4271648739277385,-9.015010959956271e-13,61,0.12283512607136005,2.4333040418377594e-05,1920.0,3840.0,0.0,0.03125,0.03125,0.0002995239588144753,0.0
172200.0,47.833333333333336,0.012,0.15649719510641724,0.0,0.15649719510641724,0.053038021068449646,0.12281081228751543,2.427189187711583,-9.015010959956271e-13,61,0.12281081228751543,2.4313783844609404e-05,1920.0,3840.0,0.0,0.03125,0.03125,0.00029886102446443236,0.0
172260.0,47.85,0.012,0.15646125198666283,0.0,0.15646125198666283,0.053035618481934894,0.1227865177363103,2.427213482262788,-9.015010959956271e-13,61,0.1227865177363103,2.429455120496672e-05,1920.0,3840.0,0.0,0.03125,0.03125,0.00029818047383509935,0.0
172320.0,47.86666666666667,0.012,0.15642533855593393,0.0,0.15642533855593393,0.05303321887970456,0.12276224239385093,2.4272377576052477,-9.01057006785777e-13,61,0.12276224239385093,2.427534245952381e-05,1920.0,3840.0,0.0,0.03125,0.03125,0.0002975114614954767,0.0
172380.0,47.88333333333333,0.012,0.15638945477605107,0.0,0.15638945477605107,0.05303082225678316,0.12273798623628239,2.427262013762816,-9.015010959956271e-13,61,0.12273798623628239,2.4256157568437017e-05,1920.0,3840.0,0.0,0.03125,0.03125,0.0002968417576151342,0.0
172440.0,47.9,0.012,0.15635360060889858,0.0,0.15635360060889858,0.053028428608206286,0.12271374923979032,2.427286250759308,-9.015010959956271e-13,61,0.12271374923979032,2.4236996491946894e-05,1920.0,3840.0,0.0,0.03125,0.03125,0.00029617453831966723,0.0
172500.0,47.916666666666664,0.012,0.15631777601641278,0.0,0.15631777601641278,0.053026037929019276,0.12268953138059985,2.4273104686184985,-9.015010959956271e-13,61,0.12268953138059985,2.4217859190377233e-05,1920.0,3840.0,0.0,0.03125,0.03125,0.0002955023357808333,0.0
172560.0,47.93333333333333,0.012,0.1562819809606173,0.0,0.1562819809606173,0.053023650214277955,0.12266533263497574,2.4273346673641227,-9.015010959956271e-13,61,0.12266533263497574,2.419874562413259e-05,1920.0,3840.0,0.0,0.03125,0.03125,0.00029483069413469335,0.0
172620.0,47.95,0.012,0.1562462154035873,0.0,0.1562462154035873,0.053021265459048145,0.12264115297922187,2.4273588470198764,-9.015010959956271e-13,61,0.12264115297922187,2.4179655753699798e-05,1920.0,3840.0,0.0,0.03125,0.03125,0.00029418834946166617,0.0
172680.0,47.96666666666667,0.012,0.15621047930745968,0.0,0.15621047930745968,0.053018883658406,0.12261699238968217,2.427383007609416,-9.015010959956271e-13,61,0.12261699238968217,2.4160589539646155e-05,1920.0,3840.0,0.0,0.03125,0.03125,0.000293500186534726,0.0
172740.0,47.983333333333334,0.012,0.15617477263444918,0.0,0.15617477263444918,0.05301650480743813,0.12259285084273946,2.4274071491563585,-9.019451852054772e-13,61,0.12259285084273946,2.41415469426237e-05,1920.0,3840.0,0.0,0.03125,0.03125,0.0002928599763538067,0.0
172800.0,48.0,0.012,0.15613909534682247,0.0,0.15613909534682247,0.05301412890124097,0.12256872831481637,2.4274312716842816,-9.019451852054772e-13,61,0.12256872831481637,2.412252792336417e-05,1920.0,3840.0,0.0,0.03125,0.03125,0.0002921972801998419,0.0
172860.0,48.016666666666666,0.012,0.15610344740691873,0.0,0.15610344740691873,0.053011755934921224,0.1225446247823734,2.4274553752167245,-9.019451852054772e-13,61,0.1225446247823734,2.4103532442680104e-05,1920.0,3840.0,0.0,0.03125,0.03125,0.0002915426455403437,0.0
172920.0,48.03333333333333,0.012,0.15606782877714126,0.0,0.15606782877714126,0.05300938590359555,0.12252054022191203,2.427479459777186,-9.019451852054772e-13,61,0.12252054022191203,2.4084560461465298e-05,1920.0,3840.0,0.0,0.03125,0.03125,0.00029087392409127706,0.0
172980.0,48.05,0.012,0.1560322394199465,0.0,0.1560322394199465,0.05300701880239102,0.12249647460997125,2.4275035253891266,-9.019451852054772e-13,61,0.12249647460997125,2.4065611940694034e-05,1920.0,3840.0,0.0,0.03125,0.03125,0.0002902169437546054,0.0
173040.0,48.06666666666667,0.012,0.1559966792978728,0.0,0.1559966792978728,0.053004654626444665,0.12247242792312982,2.427527572075968,-9.019451852054772e-13,61,0.12247242792312982,2.4046686841423437e-05,1920.0,3840.0,0.0,0.03125,0.03125,0.00028957967984947797,0.0
173100.0,48.083333333333336,0.012,0.1559611483735137,0.0,0.1559611483735137,0.05300229337090348,0.12244840013800495,2.4275515998610926,-9.023892744153272e-13,61,0.12244840013800495,2.4027785124789335e-05,1920.0,3840.0,0.0,0.03125,0.03125,0.0002889112455913691,0.0
173160.0,48.1,0.012,0.15592564660951444,0.0,0.15592564660951444,0.052999935030924504,0.12242439123125286,2.4275756087678446,-9.023892744153272e-13,61,0.12242439123125286,2.4008906752008257e-05,1920.0,3840.0,0.0,0.03125,0.03125,0.0002882754076660149,0.0
173220.0,48.11666666666667,0.012,0.15589017396860938,0.0,0.15589017396860938,0.05299757960167459,0.12240040117956855,2.427599598819529,-9.023892744153272e-13,61,0.12240040117956855,2.399005168437533e-05,1920.0,3840.0,0.0,0.03125,0.03125,0.0002876406573647332,0.0
173280.0,48.13333333333333,0.012,0.15585473041357778,0.0,0.15585473041357778,0.05299522707833105,0.122376429959685,2.427623570039412,-9.023892744153272e-13,61,0.122376429959685,2.39712198832674e-05,1920.0,3840.0,0.0,0.03125,0.03125,0.0002869838501668573,0.0
173340.0,48.15,0.012,0.15581931590726522,0.0,0.15581931590726522,0.0529928774560806,0.12235247754837526,2.427647522450722,-9.023892744153272e-13,61,0.12235247754837526,2.3952411310140874e-05,1920.0,3840.0,0.0,0.03125,0.03125,0.00028633395179220456,0.0
173400.0,48.166666666666664,0.012,0.15578393041258787,0.0,0.15578393041258787,0.05299053073012023,0.12232854392244827,2.4276714560766486,-9.028333636251773e-13,61,0.12232854392244827,2.3933625926530285e-05,1920.0,3840.0,0.0,0.03125,0.03125,0.00028569241445517557,0.0
173460.0,48.18333333333333,0.012,0.15574857389251487,0.0,0.15574857389251487,0.05298818689565669,0.12230462905875435,2.427695370940343,-9.028333636251773e-13,61,0.12230462905875435,2.39148636940509e-05,1920.0,3840.0,0.0,0.03125,0.03125,0.00028505367302959826,0.0
173520.0,48.2,0.012,0.15571324631008737,0.0,0.15571324631008737,0.052985845947906396,0.12228073293417986,2.427719267064917,-9.028333636251773e-13,61,0.12228073293417986,2.3896124574394934e-05,1920.0,3840.0,0.0,0.03125,0.03125,0.0002844195452037244,0.0
173580.0,48.21666666666667,0.012,0.15567794762840725,0.0,0.15567794762840725,0.05298350788209625,0.12225685552565038,2.4277431444734465,-9.028333636251773e-13,61,0.12225685552565038,2.3877408529336386e-05,1920.0,3840.0,0.0,0.03125,0.03125,0.0002837761538701665,0.0
173640.0,48.233333333333334,0.012,0.1556426778106295,0.0,0.1556426778106295,0.05298117269346232,0.12223299681012965,2.427767003188967,-9.032774528350274e-13,61,0.12223299681012965,2.3858715520726732e-05,1920.0,3840.0,0.0,0.03125,0.03125,0.00028314960032576854,0.0
173700.0,48.25,0.012,0.15560743681998832,0.0,0.15560743681998832,0.05297884037725083,0.12220915676461909,2.4277908432344777,-9.028333636251773e-13,61,0.12220915676461909,2.3840045510495263e-05,1920.0,3840.0,0.0,0.03125,0.03125,0.00028251974580624213,0.0
173760.0,48.266666666666666,0.012,0.15557222461977302,0.0,0.15557222461977302,0.052976510928717524,0.12218533536615848,2.427814664632938,-9.032774528350274e-13,61,0.12218533536615848,2.382139846065012e-05,1920.0,3840.0,0.0,0.03125,0.03125,0.000281884883477281,0.0
173820.0,48.28333333333333,0.012,0.15553704117332157,0.0,0.15553704117332157,0.052974184343128096,0.12216153259182518,2.4278384674072715,-9.032774528350274e-13,61,0.12216153259182518,2.3802774333276203e-05,1920.0,3840.0,0.0,0.03125,0.03125,0.0002812422677110983,0.0
173880.0,48.3,0.012,0.15550188644406035,0.0,0.15550188644406035,0.05297186061575809,0.12213774841873451,2.427862251580362,-9.032774528350274e-13,61,0.12213774841873451,2.3784173090539854e-05,1920.0,3840.0,0.0,0.03125,0.03125,0.0002806192712847124,0.0
173940.0,48.31666666666667,0.012,0.15546676039546162,0.0,0.15546676039546162,0.05296953974189238,0.1221139828240397,2.427886017175057,-9.032774528350274e-13,61,0.1221139828240397,2.3765594694681907e-05,1920.0,3840.0,0.0,0.03125,0.03125,0.0002799881097404007,0.0
174000.0,48.333333333333336,0.012,0.15543166299105515,0.0,0.15543166299105515,0.05296722171682574,0.1220902357849316,2.427909764214165,-9.032774528350274e-13,61,0.1220902357849316,2.3747039108021002e-05,1920.0,3840.0,0.0,0.03125,0.03125,0.00027935806052601004,0.0
174060.0,48.35,0.012,0.15539659419444873,0.0,0.15539659419444873,0.052964906535862534,0.12206650727863873,2.427933492720458,-9.028333636251773e-13,61,0.12206650727863873,2.3728506292954234e-05,1920.0,3840.0,0.0,0.03125,0.03125,0.0002787223050905723,0.0
174120.0,48.36666666666667,0.012,0.15536155396929852,0.0,0.15536155396929852,0.05296259419431694,0.12204279728242673,2.4279572027166703,-9.028333636251773e-13,61,0.12204279728242673,2.3709996211954814e-05,1920.0,3840.0,0.0,0.03125,0.03125,0.0002781148800220303,0.0
174180.0,48.38333333333333,0.012,0.15532654227932677,0.0,0.15532654227932677,0.05296028468751272,0.12201910577359908,2.427980894225498,-9.028333636251773e-13,61,0.12201910577359908,2.3691508827575828e-05,1920.0,3840.0,0.0,0.03125,0.03125,0.000277493793137752,0.0
174240.0,48.4,0.012,0.15529155908831974,0.0,0.15529155908831974,0.05295797801078294,0.12199543272949656,2.4280045672696002,-9.028333636251773e-13,61,0.12199543272949656,2.3673044102443975e-05,1920.0,3840.0,0.0,0.03125,0.03125,0.00027687800733649647,0.0
174300.0,48.416666666666664,0.012,0.15525660436011865,0.0,0.15525660436011865,0.05295567415947042,0.12197177812749727,2.4280282218715996,-9.028333636251773e-13,61,0.12197177812749727,2.3654601999262574e-05,1920.0,3840.0,0.0,0.03125,0.03125,0.0002762463134235468,0.0
174360.0,48.43333333333333,0.012,0.15522167805863252,0.0,0.15522167805863252,0.05295337312892744,0.12194814194501659,2.4280518580540806,-9.023892744153272e-13,61,0.12194814194501659,2.3636182480812635e-05,1920.0,3840.0,0.0,0.03125,0.03125,0.00027563610835399277,0.0
174420.0,48.45,0.012,0.15518678014782988,0.0,0.15518678014782988,0.05295107491451595,0.1219245241595065,2.4280754758395906,-9.028333636251773e-13,61,0.1219245241595065,2.3617785509950228e-05,1920.0,3840.0,0.0,0.03125,0.03125,0.00027502660767154914,0.0
174480.0,48.46666666666667,0.012,0.15515191059173303,0.0,0.15515191059173303,0.05294877951160745,0.12190092474845683,2.4280990752506404,-9.023892744153272e-13,61,0.12190092474845683,2.3599411049610377e-05,1920.0,3840.0,0.0,0.03125,0.03125,0.00027440808295072156,0.0
174540.0,48.483333333333334,0.012,0.15511706935443753,0.0,0.15511706935443753,0.05294648691558257,0.12187734368939386,2.428122656309703,-9.028333636251773e-13,61,0.12187734368939386,2.3581059062800854e-05,1920.0,3840.0,0.0,0.03125,0.03125,0.0002738007660033473,0.0
174600.0,48.5,0.012,0.1550822564000941,0.0,0.1550822564000941,0.05294419712183155,0.12185378095988131,2.4281462190392156,-9.028333636251773e-13,61,0.12185378095988131,2.3562729512605268e-05,1920.0,3840.0,0.0,0.03125,0.03125,0.000273177577535367,0.0
174660.0,48.516666666666666,0.012,0.15504747169290317,0.0,0.15504747169290317,0.052941910125754124,0.12183023653751936,2.4281697634615775,-9.028333636251773e-13,61,0.12183023653751936,2.354442236218382e-05,1920.0,3840.0,0.0,0.03125,0.03125,0.00027256603040519883,0.0
174720.0,48.53333333333333,0.012,0.1550127151971458,0.0,0.1550127151971458,0.052939625922759505,0.12180671039994402,2.4281932895991525,-9.032774528350274e-13,61,0.12180671039994402,2.352613757477165e-05,1920.0,3840.0,0.0,0.03125,0.03125,0.0002719715865012871,0.0
174780.0,48.55,0.012,0.15497798687715353,0.0,0.15497798687715353,0.05293734450826622,0.12178320252483053,2.428216797474266,-9.032774528350274e-13,61,0.12178320252483053,2.350787511368086e-05,1920.0,3840.0,0.0,0.03125,0.03125,0.0002713618112614679,0.0
174840.0,48.56666666666667,0.012,0.1549432866973053,0.0,0.1549432866973053,0.05293506587770199,0.12175971288988809,2.4282402871092086,-9.032774528350274e-13,61,0.12175971288988809,2.3489634942295662e-05,1920.0,3840.0,0.0,0.03125,0.03125,0.00027075783395869913,0.0
174900.0,48.583333333333336,0.012,0.15490861462206618,0.0,0.15490861462206618,0.052932790026503924,0.12173624147286413,2.4282637585262328,-9.028333636251773e-13,61,0.12173624147286413,2.347141702407576e-05,1920.0,3840.0,0.0,0.03125,0.03125,0.0002701475531281842,0.0
174960.0,48.6,0.012,0.15487397061594546,0.0,0.15487397061594546,0.0529305169501184,0.12171278825154146,2.428287211747555,-9.032774528350274e-13,61,0.12171278825154146,2.3453221322554976e-05,1920.0,3840.0,0.0,0.03125,0.03125,0.00026954508435611877,0.0
175020.0,48.61666666666667,0.012,0.1548393546435033,0.0,0.1548393546435033,0.05292824664400138,0.12168935320373998,2.4283106467953566,-9.032774528350274e-13,61,0.12168935320373998,2.3435047801342144e-05,1920.0,3840.0,0.0,0.03125,0.03125,0.00026894088376412396,0.0
175080.0,48.63333333333333,0.012,0.15480476666938345,0.0,0.15480476666938345,0.052925979103617966,0.12166593630731576,2.4283340636917807,-9.032774528350274e-13,61,0.12166593630731576,2.34168964241228e-05,1920.0,3840.0,0.0,0.03125,0.03125,0.00026834650380007824,0.0
175140.0,48.65,0.012,0.1547702066582734,0.0,0.1547702066582734,0.052923714324442296,0.12164253754016115,2.4283574624589352,-9.032774528350274e-13,61,0.12164253754016115,2.3398767154653034e-05,1920.0,3840.0,0.0,0.03125,0.03125,0.0002677521071888582,0.0
175200.0,48.666666666666664,0.012,0.15473567457491572,0.0,0.15473567457491572,0.05292145230195789,0.12161915688020429,2.428380843118892,-9.037215420448774e-13,61,0.12161915688020429,2.338065995676377e-05,1920.0,3840.0,0.0,0.03125,0.03125,0.0002671535694956932,0.0
175260.0,48.68333333333333,0.012,0.15470117038412884,0.0,0.15470117038412884,0.05291919303165728,0.12159579430541008,2.428404205693686,-9.037215420448774e-13,61,0.12159579430541008,2.3362574794359473e-05,1920.0,3840.0,0.0,0.03125,0.03125,0.00026656779759628676,0.0
175320.0,48.7,0.012,0.15466669405077782,0.0,0.15466669405077782,0.05291693650904247,0.12157244979377857,2.4284275502053174,-9.037215420448774e-13,61,0.12157244979377857,2.3344511631417427e-05,1920.0,3840.0,0.0,0.03125,0.03125,0.0002659641716422957,0.0
175380.0,48.71666666666667,0.012,0.15463224553978644,0.0,0.15463224553978644,0.05291468272962465,0.12154912332334646,2.4284508766757495,-9.037215420448774e-13,61,0.12154912332334646,2.332647043199164e-05,1920.0,3840.0,0.0,0.03125,0.03125,0.00026537659006468624,0.0
175440.0,48.733333333333334,0.012,0.15459782481614734,0.0,0.15459782481614734,0.05291243168892379,0.12152581487218618,2.42847418512691,-9.037215420448774e-13,61,0.12152581487218618,2.3308451160206238e-05,1920.0,3840.0,0.0,0.03125,0.03125,0.0002647825693102878,0.0
175500.0,48.75,0.012,0.1545634318449025,0.0,0.1545634318449025,0.05291018338246917,0.12150252441840594,2.42849747558069,-9.037215420448774e-13,61,0.12150252441840594,2.3290453780258048e-05,1920.0,3840.0,0.0,0.03125,0.03125,0.00026420712412959546,0.0
175560.0,48.766666666666666,0.012,0.15452906659115462,0.0,0.15452906659115462,0.052907937805799,0.12147925194014941,2.4285207480589466,-9.037215420448774e-13,61,0.12147925194014941,2.3272478256417484e-05,1920.0,3840.0,0.0,0.03125,0.03125,0.0002636112018722375,0.0
175620.0,48.78333333333333,0.012,0.1544947290200699,0.0,0.1544947290200699,0.05290569495446065,0.12145599741559639,2.4285440025834997,-9.037215420448774e-13,61,0.12145599741559639,2.3254524553026125e-05,1920.0,3840.0,0.0,0.03125,0.03125,0.0002630302992492203,0.0
175680.0,48.8,0.012,0.1544604190968661,0.0,0.1544604190968661,0.052903454824010945,0.12143276082296182,2.428567239176134,-9.037215420448774e-13,61,0.12143276082296182,2.323659263450212e-05,1920.0,3840.0,0.0,0.03125,0.03125,0.0002624498288992151,0.0
175740.0,48.81666666666667,0.012,0.1544261367868236,0.0,0.1544261367868236,0.05290121741001509,0.12140954214049625,2.4285904578585993,-9.041656312547275e-13,61,0.12140954214049625,2.321868246533249e-05,1920.0,3840.0,0.0,0.03125,0.03125,0.00026185698320110347,0.0
175800.0,48.833333333333336,0.012,0.15439188205528162,0.0,0.15439188205528162,0.05289898270804767,0.12138634134648633,2.4286136586526093,-9.041656312547275e-13,61,0.12138634134648633,2.3200794010076792e-05,1920.0,3840.0,0.0,0.03125,0.03125,0.00026128400772448276,0.0
175860.0,48.85,0.012,0.154357654867633,0.0,0.154357654867633,0.0528967507136921,0.12136315841925291,2.4286368415798427,-9.041656312547275e-13,61,0.12136315841925291,2.3182927233367194e-05,1920.0,3840.0,0.0,0.03125,0.03125,0.000260683971696656,0.0
175920.0,48.86666666666667,0.012,0.1543234551893328,0.0,0.1543234551893328,0.052894521422540475,0.1213399933371528,2.428660006661943,-9.041656312547275e-13,61,0.1213399933371528,2.3165082099905232e-05,1920.0,3840.0,0.0,0.03125,0.03125,0.000260121176829558,0.0
175980.0,48.88333333333333,0.012,0.15428928298589364,0.0,0.15428928298589364,0.05289229483019466,0.12131684607857855,2.428683153920517,-9.041656312547275e-13,61,0.12131684607857855,2.3147258574467458e-05,1920.0,3840.0,0.0,0.03125,0.03125,0.0002595428044265787,0.0
176040.0,48.9,0.012,0.15425513822288198,0.0,0.15425513822288198,0.05289007093226465,0.1212937166219564,2.428706283377139,-9.041656312547275e-13,61,0.1212937166219564,2.312945662190114e-05,1920.0,3840.0,0.0,0.03125,0.03125,0.0002589793000300811,0.0
176100.0,48.916666666666664,0.012,0.15422102086592687,0.0,0.15422102086592687,0.05288784972436962,0.12127060494574937,2.428729395053346,-9.041656312547275e-13,61,0.12127060494574937,2.3111676207122732e-05,1920.0,3840.0,0.0,0.03125,0.03125,0.0002583790625218637,0.0
176160.0,48.93333333333333,0.012,0.15418693088071306,0.0,0.15418693088071306,0.05288563120213753,0.12124751102845426,2.428752488970641,-9.046097204645775e-13,61,0.12124751102845426,2.3093917295121162e-05,1920.0,3840.0,0.0,0.03125,0.03125,0.000257831172051645,0.0
176220.0,48.95,0.012,0.1541528682329794,0.0,0.1541528682329794,0.05288341536120511,0.12122443484860332,2.428775565150492,-9.046097204645775e-13,61,0.12122443484860332,2.3076179850955015e-05,1920.0,3840.0,0.0,0.03125,0.03125,0.00025724891988354614,0.0
176280.0,48.96666666666667,0.012,0.15411883288852757,0.0,0.15411883288852757,0.052881202197218286,0.12120137638476357,2.4287986236143317,-9.046097204645775e-13,61,0.12120137638476357,2.3058463839754923e-05,1920.0,3840.0,0.0,0.03125,0.03125,0.0002566882987898846,0.0
176340.0,48.983333333333334,0.012,0.15408482481321373,0.0,0.15408482481321373,0.052878991705831574,0.12117833561553665,2.4288216643835585,-9.046097204645775e-13,61,0.12117833561553665,2.3040769226722724e-05,1920.0,3840.0,0.0,0.03125,0.03125,0.0002561170506147676,0.0
176400.0,49.0,0.012,0.15405084397294788,0.0,0.15405084397294788,0.052876783882708146,0.12115531251955959,2.4288446874795357,-9.046097204645775e-13,61,0.12115531251955959,2.3023095977129377e-05,1920.0,3840.0,0.0,0.03125,0.03125,0.0002555401775544227,0.0
176460.0,49.016666666666666,0.012,0.15401689033370353,0.0,0.15401689033370353,0.05287457872352012,0.1211323070755031,2.428867692923592,-9.046097204645775e-13,61,0.1211323070755031,2.3005444056315814e-05,1920.0,3840.0,0.0,0.03125,0.03125,0.0002549840406006351,0.0
176520.0,49.03333333333333,0.012,0.1539829638615069,0.0,0.1539829638615069,0.05287237622394807,0.1211093192620734,2.428890680737022,-9.046097204645775e-13,61,0.1211093192620734,2.2987813429693122e-05,1920.0,3840.0,0.0,0.03125,0.03125,0.00025441245627511435,0.0
176580.0,49.05,0.012,0.15394906452243906,0.0,0.15394906452243906,0.05287017637968167,0.12108634905801059,2.4289136509410847,-9.046097204645775e-13,61,0.12108634905801059,2.2970204062741716e-05,1920.0,3840.0,0.0,0.03125,0.03125,0.0002538481739937843,0.0
176640.0,49.06666666666667,0.012,0.1539151922826424,0.0,0.1539151922826424,0.05286797918641914,0.1210633964420896,2.428936603557006,-9.041656312547275e-13,61,0.1210633964420896,2.295261592101399e-05,1920.0,3840.0,0.0,0.03125,0.03125,0.00025327926516679095,0.0
176700.0,49.083333333333336,0.012,0.15388134710831378,0.0,0.15388134710831378,0.05286578463986735,0.12104046139311947,2.428959538605976,-9.041656312547275e-13,61,0.12104046139311947,2.2935048970129794e-05,1920.0,3840.0,0.0,0.03125,0.03125,0.00025273134759413464,0.0
176760.0,49.1,0.012,0.15384752896570322,0.0,0.15384752896570322,0.05286359273574182,0.1210175438899436,2.4289824561091518,-9.046097204645775e-13,61,0.1210175438899436,2.2917503175779093e-05,1920.0,3840.0,0.0,0.03125,0.03125,0.0002521709580222294,0.0
176820.0,49.11666666666667,0.012,0.1538137378211218,0.0,0.1538137378211218,0.052861403469766706,0.12099464391144008,2.4290053560876554,-9.041656312547275e-13,61,0.12099464391144008,2.2899978503720235e-05,1920.0,3840.0,0.0,0.03125,0.03125,0.00025162655017259045,0.0
176880.0,49.13333333333333,0.012,0.15377997364093535,0.0,0.15377997364093535,0.05285921683767474,0.12097176143652011,2.429028238562575,-9.046097204645775e-13,61,0.12097176143652011,2.2882474919780865e-05,1920.0,3840.0,0.0,0.03125,0.03125,0.0002510605970722257,0.0
176940.0,49.15,0.012,0.1537462363915626,0.0,0.1537462363915626,0.05285703283520755,0.1209488964441301,2.429051103554965,-9.050538096744276e-13,61,0.1209488964441301,2.2864992389859054e-05,1920.0,3840.0,0.0,0.03125,0.03125,0.00025051295094617054,0.0
177000.0,49.166666666666664,0.012,0.15371252603948105,0.0,0.15371252603948105,0.052854851458114895,0.12092604891325008,2.429073951085845,-9.046097204645775e-13,61,0.12092604891325008,2.2847530879919675e-05,1920.0,3840.0,0.0,0.03125,0.03125,0.00024993646687401484,0.0
177060.0,49.18333333333333,0.012,0.1536788425512254,0.0,0.1536788425512254,0.052852672702155414,0.12090321882289404,2.429096781176201,-9.046097204645775e-13,61,0.12090321882289404,2.2830090355996614e-05,1920.0,3840.0,0.0,0.03125,0.03125,0.0002494026189587154,0.0
177120.0,49.2,0.012,0.15364518589338189,0.0,0.15364518589338189,0.052850496563096136,0.12088040615210983,2.4291195938469854,-9.046097204645775e-13,61,0.12088040615210983,2.2812670784192742e-05,1920.0,3840.0,0.0,0.03125,0.03125,0.0002488504051040327,0.0
177180.0,49.21666666666667,0.012,0.15361155603259258,0.0,0.15361155603259258,0.052848323036712476,0.12085761087997907,2.429142389119116,-9.046097204645775e-13,61,0.12085761087997907,2.279527213067757e-05,1920.0,3840.0,0.0,0.03125,0.03125,0.00024830611279931975,0.0
177240.0,49.233333333333334,0.012,0.15357795293556126,0.0,0.15357795293556126,0.05284615211878882,0.1208348329856175,2.429165167013478,-9.041656312547275e-13,61,0.1208348329856175,2.277789436169025e-05,1920.0,3840.0,0.0,0.03125,0.03125,0.00024776296097574603,0.0
177300.0,49.25,0.012,0.1535443765690404,0.0,0.1535443765690404,0.05284398380511748,0.12081207244817382,2.4291879275509216,-9.041656312547275e-13,61,0.12081207244817382,2.276053744353801e-05,1920.0,3840.0,0.0,0.03125,0.03125,0.00024719718167352887,0.0
177360.0,49.266666666666666,0.012,0.15351082689983495,0.0,0.15351082689983495,0.052841818091499446,0.12078932924683114,2.4292106707522643,-9.046097204645775e-13,61,0.12078932924683114,2.2743201342593692e-05,1920.0,3840.0,0.0,0.03125,0.03125,0.00024666413687409795,0.0
177420.0,49.28333333333333,0.012,0.15347730389481662,0.0,0.15347730389481662,0.05283965497374431,0.1207666033608059,2.4292333966382897,-9.041656312547275e-13,61,0.1207666033608059,2.2725886025300028e-05,1920.0,3840.0,0.0,0.03125,0.03125,0.0002461195659936761,0.0
177480.0,49.3,0.012,0.15344380752090409,0.0,0.15344380752090409,0.052837494447669685,0.12074389476934759,2.429256105229748,-9.041656312547275e-13,61,0.12074389476934759,2.2708591458165888e-05,1920.0,3840.0,0.0,0.03125,0.03125,0.000245572886490109,0.0
177540.0,49.31666666666667,0.012,0.15341033774506335,0.0,0.15341033774506335,0.05283533650910197,0.12072120345173973,2.4292787965473557,-9.046097204645775e-13,61,0.12072120345173973,2.2691317607766418e-05,1920.0,3840.0,0.0,0.03125,0.03125,0.0002450370837860586,0.0
177600.0,49.333333333333336,0.012,0.15337689453433387,0.0,0.15337689453433387,0.05283318115387586,0.12069852938729912,2.4293014706117964,-9.041656312547275e-13,61,0.12069852938729912,2.2674064440747487e-05,1920.0,3840.0,0.0,0.03125,0.03125,0.0002444911356222406,0.0
177660.0,49.35,0.012,0.15334347785579844,0.0,0.15334347785579844,0.05283102837783411,0.12067587255537512,2.4293241274437203,-9.046097204645775e-13,61,0.12067587255537512,2.265683192381795e-05,1920.0,3840.0,0.0,0.03125,0.03125,0.00024396188083793076,0.0
177720.0,49.36666666666667,0.012,0.153310087676584,0.0,0.153310087676584,0.05282887817682807,0.12065323293535139,2.429346767063744,-9.046097204645775e-13,61,0.12065323293535139,2.2639620023754308e-05,1920.0,3840.0,0.0,0.03125,0.03125,0.0002434175281973669,0.0
177780.0,49.38333333333333,0.012,0.1532767239638957,0.0,0.1532767239638957,0.05282673054671738,0.12063061050664385,2.429369389492451,-9.050538096744276e-13,61,0.12063061050664385,2.2622428707401028e-05,1920.0,3840.0,0.0,0.03125,0.03125,0.00024287659395615712,0.0
177840.0,49.4,0.012,0.1532433866849795,0.0,0.1532433866849795,0.05282458548336973,0.12060800524870223,2.4293919947503926,-9.050538096744276e-13,61,0.12060800524870223,2.2605257941667216e-05,1920.0,3840.0,0.0,0.03125,0.03125,0.0002423546216458602,0.0
177900.0,49.416666666666664,0.012,0.15321007580712426,0.0,0.15321007580712426,0.05282244298266171,0.1205854171410086,2.429414582858086,-9.050538096744276e-13,61,0.1205854171410086,2.258810769352953e-05,1920.0,3840.0,0.0,0.03125,0.03125,0.00024181782437415425,0.0
177960.0,49.43333333333333,0.012,0.1531767912976982,0.0,0.1531767912976982,0.05282030304047749,0.1205628461630787,2.4294371538360164,-9.046097204645775e-13,61,0.1205628461630787,2.2570977930031925e-05,1920.0,3840.0,0.0,0.03125,0.03125,0.00024128997754354622,0.0
178020.0,49.45,0.012,0.15314353312410892,0.0,0.15314353312410892,0.05281816565270965,0.12054029229446032,2.429459707704635,-9.046097204645775e-13,61,0.12054029229446032,2.2553868618280916e-05,1920.0,3840.0,0.0,0.03125,0.03125,0.00024076101072262855,0.0
178080.0,49.46666666666667,0.012,0.15311030125380898,0.0,0.15311030125380898,0.052816030815259214,0.12051775551473465,2.4294822444843605,-9.046097204645775e-13,61,0.12051775551473465,2.253677972545089e-05,1920.0,3840.0,0.0,0.03125,0.03125,0.00024022232474897717,0.0
178140.0,49.483333333333334,0.012,0.1530770956543253,0.0,0.1530770956543253,0.05281389852403513,0.12049523580351583,2.4295047641955794,-9.046097204645775e-13,61,0.12049523580351583,2.2519711218782197e-05,1920.0,3840.0,0.0,0.03125,0.03125,0.0002396969084875473,0.0
178200.0,49.5,0.012,0.15304391629322692,0.0,0.15304391629322692,0.05281176877495463,0.1204727331404504,2.4295272668586447,-9.046097204645775e-13,61,0.1204727331404504,2.2502663065578815e-05,1920.0,3840.0,0.0,0.03125,0.03125,0.00023917714833461708,0.0
178260.0,49.516666666666666,0.012,0.15301076313812992,0.0,0.15301076313812992,0.05280964156394337,0.12045024750521692,2.429549752493878,-9.050538096744276e-13,61,0.12045024750521692,2.2485635233213245e-05,1920.0,3840.0,0.0,0.03125,0.03125,0.0002386438704708647,0.0
178320.0,49.53333333333333,0.012,0.152977636156719,0.0,0.152977636156719,0.052807516886934684,0.12042777887752784,2.429572221121567,-9.050538096744276e-13,61,0.12042777887752784,2.246862768912098e-05,1920.0,3840.0,0.0,0.03125,0.03125,0.00023812862592795318,0.0
178380.0,49.55,0.012,0.15294453531672286,0.0,0.15294453531672286,0.05280539473987013,0.12040532723712727,2.4295946727619677,-9.050538096744276e-13,61,0.12040532723712727,2.2451640400801625e-05,1920.0,3840.0,0.0,0.03125,0.03125,0.00023760000186818646,0.0
178440.0,49.56666666666667,0.012,0.15291146058592162,0.0,0.15291146058592162,0.052803275118699554,0.12038289256379113,2.4296171074353037,-9.050538096744276e-13,61,0.12038289256379113,2.2434673335820723e-05,1920.0,3840.0,0.0,0.03125,0.03125,0.00023708396203148886,0.0
178500.0,49.583333333333336,0.012,0.15287841193215418,0.0,0.15287841193215418,0.05280115801938064,0.12036047483732937,2.4296395251617655,-9.050538096744276e-13,61,0.12036047483732937,2.2417726461808934e-05,1920.0,3840.0,0.0,0.03125,0.03125,0.0002365580762853355,0.0
178560.0,49.6,0.012,0.15284538932331093,0.0,0.15284538932331093,0.05279904343787954,0.12033807403758273,2.4296619259615118,-9.054978988842777e-13,61,0.12033807403758273,2.2400799746460742e-05,1920.0,3840.0,0.0,0.03125,0.03125,0.00023604246217925776,0.0
178620.0,49.61666666666667,0.012,0.15281239272733294,0.0,0.15281239272733294,0.052796931370170136,0.12031569014442517,2.4296843098546694,-9.050538096744276e-13,61,0.12031569014442517,2.2383893157537298e-05,1920.0,3840.0,0.0,0.03125,0.03125,0.00023551602360600207,0.0
178680.0,49.63333333333333,0.012,0.15277942211221204,0.0,0.15277942211221204,0.052794821812234285,0.12029332313776248,2.4297066768613322,-9.050538096744276e-13,61,0.12029332313776248,2.23670066628612e-05,1920.0,3840.0,0.0,0.03125,0.03125,0.0002350065334735918,0.0
178740.0,49.65,0.012,0.15274647744600178,0.0,0.15274647744600178,0.05279271476006191,0.12027097299753214,2.4297290270015623,-9.054978988842777e-13,61,0.12027097299753214,2.23501402303192e-05,1920.0,3840.0,0.0,0.03125,0.03125,0.00023448207018209792,0.0
178800.0,49.666666666666664,0.012,0.15271355869680237,0.0,0.15271355869680237,0.052790610209650875,0.12024863970370432,2.4297513602953904,-9.050538096744276e-13,61,0.12024863970370432,2.2333293827862768e-05,1920.0,3840.0,0.0,0.03125,0.03125,0.0002339682283069069,0.0
178860.0,49.68333333333333,0.012,0.1526806658327553,0.0,0.1526806658327553,0.052788508157007044,0.12022632323628069,2.4297736767628137,-9.054978988842777e-13,61,0.12022632323628069,2.2316467423507155e-05,1920.0,3840.0,0.0,0.03125,0.03125,0.00023347668753790225,0.0
178920.0,49.7,0.012,0.15264779882207774,0.0,0.15264779882207774,0.05278640859814459,0.1202040235752952,2.429795976423799,-9.054978988842777e-13,61,0.1202040235752952,2.229966098533221e-05,1920.0,3840.0,0.0,0.03125,0.03125,0.0002329433069950948,0.0
178980.0,49.71666666666667,0.012,0.15261495763302613,0.0,0.15261495763302613,0.052784311529085054,0.12018174070081356,2.4298182592982807,-9.054978988842777e-13,61,0.12018174070081356,2.2282874481480926e-05,1920.0,3840.0,0.0,0.03125,0.03125,0.00023243950296621303,0.0
179040.0,49.733333333333334,0.012,0.15258214223389782,0.0,0.15258214223389782,0.05278221694585815,0.1201594745929336,2.429840525406161,-9.054978988842777e-13,61,0.1201594745929336,2.2266107880158088e-05,1920.0,3840.0,0.0,0.03125,0.03125,0.00023194624817043718,0.0
179100.0,49.75,0.012,0.15254935259306607,0.0,0.15254935259306607,0.052780124844501314,0.12013722523178381,2.4298627747673103,-9.059419880941277e-13,61,0.12013722523178381,2.2249361149632823e-05,1920.0,3840.0,0.0,0.03125,0.03125,0.00023143479827791933,0.0
179160.0,49.766666666666666,0.012,0.15251658867894186,0.0,0.15251658867894186,0.052778035221059956,0.12011499259752555,2.4298850074015683,-9.059419880941277e-13,61,0.12011499259752555,2.2232634258236298e-05,1920.0,3840.0,0.0,0.03125,0.03125,0.00023090956220542225,0.0
179220.0,49.78333333333333,0.012,0.15248385045998344,0.0,0.15248385045998344,0.052775948071587454,0.12009277667035113,2.4299072233287426,-9.059419880941277e-13,61,0.12009277667035113,2.221592717436312e-05,1920.0,3840.0,0.0,0.03125,0.03125,0.00023042693477973522,0.0
179280.0,49.8,0.012,0.15245113790471368,0.0,0.15245113790471368,0.05277386339214512,0.12007057743048472,2.429929422568609,-9.059419880941277e-13,61,0.12007057743048472,2.2199239866473145e-05,1920.0,3840.0,0.0,0.03125,0.03125,0.00022990188191625917,0.0
179340.0,49.81666666666667,0.012,0.15241845098169873,0.0,0.15241845098169873,0.052771781178801706,0.12004839485818153,2.429951605140912,-9.063860773039778e-13,61,0.12004839485818153,2.218257230308615e-05,1920.0,3840.0,0.0,0.03125,0.03125,0.00022939241962866838,0.0
179400.0,49.833333333333336,0.012,0.15238578965955732,0.0,0.15238578965955732,0.05276970142763394,0.12002622893372886,2.429973771065365,-9.059419880941277e-13,61,0.12002622893372886,2.2165924452783715e-05,1920.0,3840.0,0.0,0.03125,0.03125,0.00022889860644718072,0.0
179460.0,49.85,0.012,0.15235315390695858,0.0,0.15235315390695858,0.052767624134726326,0.12000407963744446,2.429995920361649,-9.063860773039778e-13,61,0.12000407963744446,2.214929628421152e-05,1920.0,3840.0,0.0,0.03125,0.03125,0.00022840789571355898,0.0
179520.0,49.86666666666667,0.012,0.15232054369262865,0.0,0.15232054369262865,0.05276554929617094,0.11998194694967845,2.430018053049415,-9.063860773039778e-13,61,0.11998194694967845,2.2132687766075317e-05,1920.0,3840.0,0.0,0.03125,0.03125,0.0002279070754163654,0.0
179580.0,49.88333333333333,0.012,0.15228795898534186,0.0,0.15228795898534186,0.052763476908067944,0.11995983085081129,2.430040169148282,-9.063860773039778e-13,61,0.11995983085081129,2.2116098867144008e-05,1920.0,3840.0,0.0,0.03125,0.03125,0.00022742535801633542,0.0
179640.0,49.9,0.012,0.15225539975391061,0.0,0.15225539975391061,0.05276140696652528,0.1199377313212548,2.430062268677838,-9.068301665138279e-13,61,0.1199377313212548,2.209952955625089e-05,1920.0,3840.0,0.0,0.03125,0.03125,0.000226917190452136,0.0
179700.0,49.916666666666664,0.012,0.15222286596722331,0.0,0.15222286596722331,0.05275933946765813,0.11991564834145263,2.4300843516576403,-9.068301665138279e-13,61,0.11991564834145263,2.2082979802287698e-05,1920.0,3840.0,0.0,0.03125,0.03125,0.00022641337513958174,0.0
179760.0,49.93333333333333,0.012,0.15219035759420443,0.0,0.15219035759420443,0.052757274407589726,0.11989358189187818,2.4301064181072145,-9.072742557236779e-13,61,0.11989358189187818,2.206644957420814e-05,1920.0,3840.0,0.0,0.03125,0.03125,0.00022592667881728373,0.0
179820.0,49.95,0.012,0.15215787460381955,0.0,0.15215787460381955,0.052755211782450774,0.11987153195303733,2.4301284680460555,-9.068301665138279e-13,61,0.11987153195303733,2.204993884102845e-05,1920.0,3840.0,0.0,0.03125,0.03125,0.000225446639647381,0.0
179880.0,49.96666666666667,0.012,0.1521254169651082,0.0,0.1521254169651082,0.05275315158837949,0.11984949850546535,2.4301505014936273,-9.072742557236779e-13,61,0.11984949850546535,2.20334475718244e-05,1920.0,3840.0,0.0,0.03125,0.03125,0.0002249460681089593,0.0
179940.0,49.983333333333334,0.012,0.15209298464714474,0.0,0.15209298464714474,0.05275109382152226,0.11982748152972972,2.430172518469363,-9.068301665138279e-13,61,0.11982748152972972,2.2016975735733297e-05,1920.0,3840.0,0.0,0.03125,0.03125,0.00022444994030516562,0.0
180000.0,50.0,0.012,0.15206057761905456,0.0,0.15206057761905456,0.05274903847803278,0.11980548100642753,2.430194518992665,-9.072742557236779e-13,61,0.11980548100642753,2.200052330195689e-05,1920.0,3840.0,0.0,0.03125,0.03125,0.00022396463534580892,0.0
180060.0,50.016666666666666,0.012,0.15202819585001778,0.0,0.15202819585001778,0.052746985554072194,0.11978349691618784,2.430216503082905,-9.072742557236779e-13,61,0.11978349691618784,2.1984090239754113e-05,1920.0,3840.0,0.0,0.03125,0.03125,0.00022348216372202937,0.0
180120.0,50.03333333333333,0.012,0.15199583930926508,0.0,0.15199583930926508,0.05274493504580942,0.11976152923966933,2.430238470759423,-9.072742557236779e-13,61,0.11976152923966933,2.1967676518444927e-05,1920.0,3840.0,0.0,0.03125,0.03125,0.00022298311774764866,0.0
180180.0,50.05,0.012,0.15196350796607616,0.0,0.15196350796607616,0.052742886949420816,0.11973957795756203,2.4302604220415307,-9.072742557236779e-13,61,0.11973957795756203,2.195128210741069e-05,1920.0,3840.0,0.0,0.03125,0.03125,0.00022250802295396602,0.0
180240.0,50.06666666666667,0.012,0.15193120178977115,0.0,0.15193120178977115,0.05274084126109017,0.11971764305058569,2.430282356948507,-9.072742557236779e-13,61,0.11971764305058569,2.1934906976092287e-05,1920.0,3840.0,0.0,0.03125,0.03125,0.00022201299293611883,0.0
180300.0,50.083333333333336,0.012,0.1518989207497392,0.0,0.1518989207497392,0.052738797977009165,0.11969572449949173,2.430304275499601,-9.072742557236779e-13,61,0.11969572449949173,2.1918551093990472e-05,1920.0,3840.0,0.0,0.03125,0.03125,0.00022153696259591063,0.0
180360.0,50.1,0.012,0.15186666481540867,0.0,0.15186666481540867,0.05273675709337692,0.11967382228506111,2.4303261777140315,-9.072742557236779e-13,61,0.11967382228506111,2.190221443067029e-05,1920.0,3840.0,0.0,0.03125,0.03125,0.00022105383318352562,0.0
180420.0,50.11666666666667,0.012,0.1518344339562469,0.0,0.1518344339562469,0.052734718606399764,0.11965193638810552,2.430348063610987,-9.072742557236779e-13,61,0.11965193638810552,2.1885896955752122e-05,1920.0,3840.0,0.0,0.03125,0.03125,0.0002205721239782521,0.0
180480.0,50.13333333333333,0.012,0.1518022281417935,0.0,0.1518022281417935,0.05273268251229166,0.11963006678946635,2.430369933209626,-9.07718344933528e-13,61,0.11963006678946635,2.1869598638917853e-05,1920.0,3840.0,0.0,0.03125,0.03125,0.00022009099505028687,0.0
180540.0,50.15,0.012,0.151770047341623,0.0,0.151770047341623,0.052730648807274016,0.11960821347001659,2.430391786529076,-9.072742557236779e-13,61,0.11960821347001659,2.185331944990861e-05,1920.0,3840.0,0.0,0.03125,0.03125,0.00021960744087847443,0.0
180600.0,50.166666666666664,0.012,0.1517378915253592,0.0,0.1517378915253592,0.052728617487575465,0.11958637641065782,2.4304136235884344,-9.07718344933528e-13,61,0.11958637641065782,2.18370593585251e-05,1920.0,3840.0,0.0,0.03125,0.03125,0.00021914109809283294,0.0
180660.0,50.18333333333333,0.012,0.15170576066268,0.0,0.15170576066268,0.05272658854943253,0.11956455559232301,2.430435444406769,-9.08162434143378e-13,61,0.11956455559232301,2.1820818334627076e-05,1920.0,3840.0,0.0,0.03125,0.03125,0.00021865718496714048,0.0
180720.0,50.2,0.012,0.15167365472331296,0.0,0.15167365472331296,0.05272456198908885,0.11954275099597517,2.430457249003117,-9.07718344933528e-13,61,0.11954275099597517,2.180459634813632e-05,1920.0,3840.0,0.0,0.03125,0.03125,0.00021819710641863408,0.0
180780.0,50.21666666666667,0.012,0.15164157367703449,0.0,0.15164157367703449,0.052722537802795455,0.11952096260260582,2.430479037396486,-9.08162434143378e-13,61,0.11952096260260582,2.1788393369030958e-05,1920.0,3840.0,0.0,0.03125,0.03125,0.00021771322032030664,0.0
180840.0,50.233333333333334,0.012,0.15160951749365514,0.0,0.15160951749365514,0.052720515986810754,0.11949919039323856,2.4305008096058534,-9.07718344933528e-13,61,0.11949919039323856,2.1772209367348343e-05,1920.0,3840.0,0.0,0.03125,0.03125,0.00021725376499261408,0.0
180900.0,50.25,0.012,0.151577486143062,0.0,0.151577486143062,0.05271849653740045,0.1194774343489253,2.4305225656501666,-9.08162434143378e-13,61,0.1194774343489253,2.1756044313185875e-05,1920.0,3840.0,0.0,0.03125,0.03125,0.00021677960863494854,0.0
180960.0,50.266666666666666,0.012,0.15154547959517364,0.0,0.15154547959517364,0.05271647945083755,0.11945569445074883,2.4305443055483433,-9.07718344933528e-13,61,0.11945569445074883,2.1739898176698042e-05,1920.0,3840.0,0.0,0.03125,0.03125,0.0002162935040392335,0.0
181020.0,50.28333333333333,0.012,0.1515134978199523,0.0,0.1515134978199523,0.052714464723402625,0.11943397067982038,2.4305660293192712,-9.08162434143378e-13,61,0.11943397067982038,2.1723770928098593e-05,1920.0,3840.0,0.0,0.03125,0.03125,0.00021583499384768203,0.0
181080.0,50.3,0.012,0.15148154078742448,0.0,0.15148154078742448,0.05271245235138344,0.11941226301728297,2.430587736981809,-9.07718344933528e-13,61,0.11941226301728297,2.1707662537661832e-05,1920.0,3840.0,0.0,0.03125,0.03125,0.00021534873431450856,0.0
181140.0,50.31666666666667,0.012,0.15144960846765526,0.0,0.15144960846765526,0.052710442331074886,0.11939057144430702,2.4306094285547846,-9.08162434143378e-13,61,0.11939057144430702,2.1691572975717758e-05,1920.0,3840.0,0.0,0.03125,0.03125,0.0002148932517136137,0.0
181200.0,50.333333333333336,0.012,0.1514177008307612,0.0,0.1514177008307612,0.05270843465877929,0.11936889594209427,2.4306311040569972,-9.08162434143378e-13,61,0.11936889594209427,2.1675502212655727e-05,1920.0,3840.0,0.0,0.03125,0.03125,0.00021443591300931706,0.0
181260.0,50.35,0.012,0.15138581784689972,0.0,0.15138581784689972,0.0527064293308061,0.11934723649187538,2.430652763507216,-9.086065233532281e-13,61,0.11934723649187538,2.1659450218922223e-05,1920.0,3840.0,0.0,0.03125,0.03125,0.00021397336397019289,0.0
181320.0,50.36666666666667,0.012,0.15135395948629143,0.0,0.15135395948629143,0.05270442634347197,0.11932559307491035,2.430674406924181,-9.086065233532281e-13,61,0.11932559307491035,2.1643416965022747e-05,1920.0,3840.0,0.0,0.03125,0.03125,0.00021349537409468537,0.0
181380.0,50.38333333333333,0.012,0.1513221257191964,0.0,0.1513221257191964,0.05270242569310093,0.11930396567248878,2.430696034326602,-9.090506125630782e-13,61,0.11930396567248878,2.162740242151867e-05,1920.0,3840.0,0.0,0.03125,0.03125,0.0002130365517352904,0.0
181440.0,50.4,0.012,0.15129031651591238,0.0,0.15129031651591238,0.052700427376024185,0.11928235426592966,2.430717645733161,-9.090506125630782e-13,61,0.11928235426592966,2.161140655903242e-05,1920.0,3840.0,0.0,0.03125,0.03125,0.0002125797247903405,0.0
181500.0,50.416666666666664,0.012,0.15125853184680754,0.0,0.15125853184680754,0.05269843138858004,0.11926075883658148,2.4307392411625095,-9.090506125630782e-13,61,0.11926075883658148,2.159542934824069e-05,1920.0,3840.0,0.0,0.03125,0.03125,0.00021212438914172585,0.0
181560.0,50.43333333333333,0.012,0.15122677168228138,0.0,0.15122677168228138,0.052696437727113944,0.11923917936582158,2.4307608206332696,-9.086065233532281e-13,61,0.11923917936582158,2.1579470759879542e-05,1920.0,3840.0,0.0,0.03125,0.03125,0.00021166426774793938,0.0
181620.0,50.45,0.012,0.15119503599278605,0.0,0.15119503599278605,0.052694446387978565,0.11921761583505679,2.430782384164034,-9.090506125630782e-13,61,0.11921761583505679,2.156353076474107e-05,1920.0,3840.0,0.0,0.03125,0.03125,0.0002112117619899439,0.0
181680.0,50.46666666666667,0.012,0.15116332474881808,0.0,0.15116332474881808,0.05269245736753366,0.11919606822572297,2.430803931773368,-9.090506125630782e-13,61,0.11919606822572297,2.1547609333675007e-05,1920.0,3840.0,0.0,0.03125,0.03125,0.0002107416312748922,0.0
181740.0,50.483333333333334,0.012,0.15113163792093037,0.0,0.15113163792093037,0.05269047066214601,0.11917453651928549,2.430825463479805,-9.090506125630782e-13,61,0.11917453651928549,2.1531706437587313e-05,1920.0,3840.0,0.0,0.03125,0.03125,0.00021029702418868214,0.0
181800.0,50.5,0.012,0.1510999754797176,0.0,0.1510999754797176,0.05268848626818984,0.11915302069723784,2.430846979301853,-9.090506125630782e-13,61,0.11915302069723784,2.151582204744282e-05,1920.0,3840.0,0.0,0.03125,0.03125,0.00020982806529795545,0.0
181860.0,50.516666666666666,0.012,0.15106833739581002,0.0,0.15106833739581002,0.052686504182046005,0.11913152074110357,2.430868479257987,-9.094947017729282e-13,61,0.11913152074110357,2.1499956134260882e-05,1920.0,3840.0,0.0,0.03125,0.03125,0.00020939074263811664,0.0
181920.0,50.53333333333333,0.012,0.15103672363991041,0.0,0.15103672363991041,0.05268452440010268,0.11911003663243447,2.430889963366656,-9.094947017729282e-13,61,0.11911003663243447,2.148410866911806e-05,1920.0,3840.0,0.0,0.03125,0.03125,0.00020893337061668544,0.0
181980.0,50.55,0.012,0.1510051341827509,0.0,0.1510051341827509,0.05268254691875509,0.11908856835281119,2.430911431646279,-9.094947017729282e-13,61,0.11908856835281119,2.146827962314853e-05,1920.0,3840.0,0.0,0.03125,0.03125,0.00020848201789623987,0.0
182040.0,50.56666666666667,0.012,0.15097356899511366,0.0,0.15097356899511366,0.05268057173440538,0.11906711588384362,2.4309328841152467,-9.094947017729282e-13,61,0.11906711588384362,2.1452468967540763e-05,1920.0,3840.0,0.0,0.03125,0.03125,0.0002080306298010506,0.0
182100.0,50.583333333333336,0.012,0.15094202804782686,0.0,0.15094202804782686,0.05267859884346259,0.11904567920717021,2.4309543207919204,-9.090506125630782e-13,61,0.11904567920717021,2.1436676673540205e-05,1920.0,3840.0,0.0,0.03125,0.03125,0.0002075710748705853,0.0
182160.0,50.6,0.012,0.1509105113117735,0.0,0.1509105113117735,0.05267662824234334,0.1190242583044577,2.430975741694633,-9.090506125630782e-13,61,0.1190242583044577,2.1420902712449338e-05,1920.0,3840.0,0.0,0.03125,0.03125,0.00020712699491776704,0.0
182220.0,50.61666666666667,0.012,0.15087901875787804,0.0,0.15087901875787804,0.05267465992747054,0.11900285315740206,2.4309971468416887,-9.090506125630782e-13,61,0.11900285315740206,2.140514705562657e-05,1920.0,3840.0,0.0,0.03125,0.03125,0.000206687386953473,0.0
182280.0,50.63333333333333,0.012,0.15084755035710032,0.0,0.15084755035710032,0.05267269389527433,0.11898146374772747,2.431018536251363,-9.090506125630782e-13,61,0.11898146374772747,2.1389409674483374e-05,1920.0,3840.0,0.0,0.03125,0.03125,0.00020624067188273888,0.0
182340.0,50.65,0.012,0.15081610608047044,0.0,0.15081610608047044,0.052670730142192,0.11896009005718697,2.4310399099419038,-9.090506125630782e-13,61,0.11896009005718697,2.137369054049052e-05,1920.0,3840.0,0.0,0.03125,0.03125,0.00020579380847714275,0.0
182400.0,50.666666666666664,0.012,0.15078468589904773,0.0,0.15078468589904773,0.05266876866466758,0.11893873206756175,2.431061267931529,-9.090506125630782e-13,61,0.11893873206756175,2.1357989625172502e-05,1920.0,3840.0,0.0,0.03125,0.03125,0.00020535598692479997,0.0
182460.0,50.68333333333333,0.012,0.1507532897839432,0.0,0.1507532897839432,0.052666809459151726,0.1189173897606619,2.431082610238429,-9.086065233532281e-13,61,0.1189173897606619,2.134230690010859e-05,1920.0,3840.0,0.0,0.03125,0.03125,0.0002049043066801352,0.0
182520.0,50.7,0.012,0.150721917706309,0.0,0.150721917706309,0.05266485252210269,0.11889606311832464,2.431103936880766,-9.090506125630782e-13,61,0.11889606311832464,2.1326642336933794e-05,1920.0,3840.0,0.0,0.03125,0.03125,0.00020446737372931177,0.0
182580.0,50.71666666666667,0.012,0.15069056963735533,0.0,0.15069056963735533,0.05266289784998514,0.1188747521224172,2.4311252478766736,-9.090506125630782e-13,61,0.1188747521224172,2.1310995907340845e-05,1920.0,3840.0,0.0,0.03125,0.03125,0.000204034148934547,0.0
182640.0,50.733333333333334,0.012,0.15065924554833107,0.0,0.15065924554833107,0.05266094543927055,0.11885345675483429,2.4311465432442567,-9.086065233532281e-13,61,0.11885345675483429,2.1295367583073546e-05,1920.0,3840.0,0.0,0.03125,0.03125,0.00020359127632148713,0.0
182700.0,50.75,0.012,0.15062794541052227,0.0,0.15062794541052227,0.0526589952864374,0.11883217699749837,2.4311678230015925,-9.090506125630782e-13,61,0.11883217699749837,2.1279757335931876e-05,1920.0,3840.0,0.0,0.03125,0.03125,0.00020315560698333637,0.0
182760.0,50.766666666666666,0.012,0.15059666919527973,0.0,0.15059666919527973,0.05265704738797119,0.11881091283236049,2.43118908716673,-9.090506125630782e-13,61,0.11881091283236049,2.126416513777188e-05,1920.0,3840.0,0.0,0.03125,0.03125,0.00020270908036171286,0.0
182820.0,50.78333333333333,0.012,0.15056541687398767,0.0,0.15056541687398767,0.05265510174036387,0.11878966424139982,2.4312103357576906,-9.094947017729282e-13,61,0.11878966424139982,2.1248590960503417e-05,1920.0,3840.0,0.0,0.03125,0.03125,0.00020226872124981,0.0
182880.0,50.8,0.012,0.15053418841808158,0.0,0.15053418841808158,0.05265315834011429,0.11876843120662374,2.431231568792467,-9.090506125630782e-13,61,0.11876843120662374,2.123303477608926e-05,1920.0,3840.0,0.0,0.03125,0.03125,0.00020183398135241185,0.0
182940.0,50.81666666666667,0.012,0.15050298379902918,0.0,0.15050298379902918,0.052651217183728616,0.1187472137100673,2.4312527862890234,-9.090506125630782e-13,61,0.1187472137100673,2.1217496556550395e-05,1920.0,3840.0,0.0,0.03125,0.03125,0.00020140545284066458,0.0
183000.0,50.833333333333336,0.012,0.15047180298836732,0.0,0.15047180298836732,0.052649278267719014,0.11872601173379319,2.431273988265297,-9.094947017729282e-13,61,0.11872601173379319,2.1201976273959473e-05,1920.0,3840.0,0.0,0.03125,0.03125,0.0002009680097526289,0.0
183060.0,50.85,0.012,0.1504406459576631,0.0,0.1504406459576631,0.05264734158860472,0.11870482525989262,2.4312951747391978,-9.094947017729282e-13,61,0.11870482525989262,2.1186473900442434e-05,1920.0,3840.0,0.0,0.03125,0.03125,0.00020053709364819183,0.0
183120.0,50.86666666666667,0.012,0.15040951267852576,0.0,0.15040951267852576,0.05264540714291186,0.11868365427048456,2.431316345728606,-9.090506125630782e-13,61,0.11868365427048456,2.117098940818052e-05,1920.0,3840.0,0.0,0.03125,0.03125,0.0002001054058163902,0.0
183180.0,50.88333333333333,0.012,0.15037840312262019,0.0,0.15037840312262019,0.052643474927173146,0.11866249874771492,2.4313375012513756,-9.094947017729282e-13,61,0.11866249874771492,2.1155522769409128e-05,1920.0,3840.0,0.0,0.03125,0.03125,0.0001996852275683925,0.0
183240.0,50.9,0.012,0.15034731726165276,0.0,0.15034731726165276,0.052641544937927894,0.11864135867375848,2.431358641325332,-9.094947017729282e-13,61,0.11864135867375848,2.1140073956417095e-05,1920.0,3840.0,0.0,0.03125,0.03125,0.0001992564793417964,0.0
183300.0,50.916666666666664,0.012,0.15031625506737736,0.0,0.15031625506737736,0.052639617171722455,0.11862023403081709,2.4313797659682734,-9.094947017729282e-13,61,0.11862023403081709,2.112464294154535e-05,1920.0,3840.0,0.0,0.03125,0.03125,0.00019883048678909286,0.0
183360.0,50.93333333333333,0.012,0.15028521651157545,0.0,0.15028521651157545,0.052637691625109756,0.11859912480111987,2.4314008751979705,-9.094947017729282e-13,61,0.11859912480111987,2.110922969719306e-05,1920.0,3840.0,0.0,0.03125,0.03125,0.0001983968217198303,0.0
183420.0,50.95,0.012,0.15025420156610403,0.0,0.15025420156610403,0.05263576829464901,0.11857803096692393,2.4314219690321663,-9.094947017729282e-13,61,0.11857803096692393,2.109383419580781e-05,1920.0,3840.0,0.0,0.03125,0.03125,0.00019796993035846818,0.0
183480.0,50.96666666666667,0.012,0.15022321020284346,0.0,0.15022321020284346,0.05263384717690639,0.11855695251051412,2.4314430474885764,-9.094947017729282e-13,61,0.11855695251051412,2.107845640989112e-05,1920.0,3840.0,0.0,0.03125,0.03125,0.00019755464748550053,0.0
183540.0,50.983333333333334,0.012,0.1501922423937241,0.0,0.1501922423937241,0.05263192826845477,0.11853588941420203,2.4314641105848884,-9.094947017729282e-13,61,0.11853588941420203,2.106309631199939e-05,1920.0,3840.0,0.0,0.03125,0.03125,0.00019712598663956219,0.0
183600.0,51.0,0.012,0.15016129811071754,0.0,0.15016129811071754,0.05263001156587353,0.11851484166032737,2.4314851583387633,-9.090506125630782e-13,61,0.11851484166032737,2.1047753874741933e-05,1920.0,3840.0,0.0,0.03125,0.03125,0.00019669766213827438,0.0
183660.0,51.016666666666666,0.012,0.1501303773258499,0.0,0.1501303773258499,0.05262809706574856,0.11849380923125659,2.431506190767834,-9.090506125630782e-13,61,0.11849380923125659,2.1032429070779064e-05,1920.0,3840.0,0.0,0.03125,0.03125,0.00019628495695546313,0.0
183720.0,51.03333333333333,0.012,0.15009948001118567,0.0,0.15009948001118567,0.05262618476467268,0.11847279210938373,2.4315272078897068,-9.094947017729282e-13,61,0.11847279210938373,2.101712187282643e-05,1920.0,3840.0,0.0,0.03125,0.03125,0.00019585870661564773,0.0
183780.0,51.05,0.012,0.15006860613882586,0.0,0.15006860613882586,0.052624274659245046,0.1184517902771298,2.4315482097219605,-9.094947017729282e-13,61,0.1184517902771298,2.1001832253651657e-05,1920.0,3840.0,0.0,0.03125,0.03125,0.00019544553156697106,0.0
183840.0,51.06666666666667,0.012,0.15003775568093103,0.0,0.15003775568093103,0.05262236674607124,0.11843080371694381,2.4315691962821466,-9.094947017729282e-13,61,0.11843080371694381,2.098656018607398e-05,1920.0,3840.0,0.0,0.03125,0.03125,0.00019501439712705701,0.0
183900.0,51.083333333333336,0.012,0.15000692860969772,0.0,0.15000692860969772,0.052620461021763446,0.11840983241130092,2.43159016758779,-9.090506125630782e-13,61,0.11840983241130092,2.097130564296397e-05,1920.0,3840.0,0.0,0.03125,0.03125,0.00019460335240513744,0.0
183913.49853515625,51.087082926432295,0.012,0.14999999649100706,0.0,0.14999999649100706,0.05262003258158329,0.11840511647973381,2.431594883519357,-9.090506125630782e-13,61,0.11840511647973381,4.71593156698502e-06,432.0,864.0,0.0,0.02978515625,0.03125,0.0001941850794623184,0.0
