time_s,mean_C,loss_per_initial_dry_mass,steps,iterations,rejections,min_dt,max_dt,max_scaled_residual,damped_iterations,water_balance_residual
1.000000000000000000e+00,2.549799296647255797e+00,2.007033527436378399e-04,7.670000000000000000e+02,2.301000000000000000e+03,0.000000000000000000e+00,9.455820322605834605e-04,1.306417437433842876e-03,1.771492799288468812e-05,0.000000000000000000e+00,-4.440892098500626162e-16
2.000000000000000000e+00,2.549600010971224240e+00,1.992856760269160333e-04,7.650000000000000000e+02,2.295000000000000000e+03,0.000000000000000000e+00,2.314077469209863125e-04,1.310771640691535053e-03,1.771403270231531604e-05,0.000000000000000000e+00,-4.884981308350688778e-15
3.000000000000000000e+00,2.549401642218934505e+00,1.983687522923423892e-04,7.620000000000000000e+02,2.286000000000000000e+03,0.000000000000000000e+00,8.442663736127897778e-04,1.315127299536650394e-03,1.817423568663750628e-05,0.000000000000000000e+00,-2.220446049250313081e-15
4.000000000000000000e+00,2.549204011612158371e+00,1.976306067813565954e-04,7.600000000000000000e+02,2.279000000000000000e+03,0.000000000000000000e+00,1.583038754802146286e-04,1.319495858000961684e-03,1.768260056278359360e-05,0.000000000000000000e+00,2.664535259100375697e-15
5.000000000000000000e+00,2.549007015831550760e+00,1.969957806039129096e-04,7.570000000000000000e+02,2.271000000000000000e+03,0.000000000000000000e+00,8.082069472932218446e-04,1.323865813789441891e-03,1.792712664878684189e-05,0.000000000000000000e+00,-8.881784197001252323e-16
6.000000000000000000e+00,2.548810585171260357e+00,1.964306602894700337e-04,7.550000000000000000e+02,2.264000000000000000e+03,0.000000000000000000e+00,1.506587592938757325e-04,1.328248725283260288e-03,1.768653752123675591e-05,0.000000000000000000e+00,-1.776356839400250465e-15
7.000000000000000000e+00,2.548614668463024202e+00,1.959167082359363410e-04,7.520000000000000000e+02,2.256000000000000000e+03,0.000000000000000000e+00,8.378374397306487253e-04,1.332632975454379424e-03,1.729265511238880872e-05,0.000000000000000000e+00,-2.220446049250313081e-15
8.000000000000000000e+00,2.548419226065600451e+00,1.954423974246845687e-04,7.500000000000000000e+02,2.249000000000000000e+03,0.000000000000000000e+00,2.089060681651488949e-04,1.337030237788779672e-03,1.751728487002996161e-05,0.000000000000000000e+00,-1.332267629550187849e-15
9.000000000000000000e+00,2.548224226089205402e+00,1.949999763923923742e-04,7.470000000000000000e+02,2.241000000000000000e+03,0.000000000000000000e+00,9.335914993258143113e-04,1.341428779768792483e-03,1.801940578156554644e-05,0.000000000000000000e+00,-3.552713678800500929e-15
1.000000000000000000e+01,2.548029642155363206e+00,1.945839338431104148e-04,7.450000000000000000e+02,2.234000000000000000e+03,0.000000000000000000e+00,3.334794337206403725e-04,1.345840390743034774e-03,1.711313148383150309e-05,0.000000000000000000e+00,-2.664535259100375697e-15
1.100000000000000000e+01,2.547835451970675624e+00,1.941901846868237321e-04,7.420000000000000000e+02,2.226000000000000000e+03,0.000000000000000000e+00,1.095902736004461531e-03,1.350253221945178859e-03,1.764354132657761540e-05,0.000000000000000000e+00,-3.552713678800500929e-15
1.200000000000000000e+01,2.547641636369771145e+00,1.938156009066736363e-04,7.400000000000000000e+02,2.220000000000000000e+03,0.000000000000000000e+00,5.248124490169203682e-04,1.354679179346713822e-03,1.805698767752762207e-05,0.000000000000000000e+00,-1.332267629550187849e-15
1.300000000000000000e+01,2.547448178645831174e+00,1.934577239411208781e-04,7.370000000000000000e+02,2.211000000000000000e+03,0.000000000000000000e+00,1.325204721183581569e-03,1.359106297171213101e-03,1.755498353817308002e-05,0.000000000000000000e+00,-4.440892098500626162e-16
1.400000000000000000e+01,2.547255064065677477e+00,1.931145801500862909e-04,7.350000000000000000e+02,2.205000000000000000e+03,0.000000000000000000e+00,7.833386684321652638e-04,1.363546598775683318e-03,1.740289462954712713e-05,0.000000000000000000e+00,-3.996802888650563546e-15
1.500000000000000000e+01,2.547062279509770377e+00,1.927845559019417099e-04,7.330000000000000000e+02,2.198000000000000000e+03,0.000000000000000000e+00,2.539369007248382104e-04,1.367994086471051871e-03,1.780472813099489118e-05,0.000000000000000000e+00,-8.881784197001252323e-15
1.600000000000000000e+01,2.546869813197318866e+00,1.924663124527977354e-04,7.300000000000000000e+02,2.190000000000000000e+03,0.000000000000000000e+00,1.109491607047985440e-03,1.372442644180998450e-03,1.739802954456616670e-05,0.000000000000000000e+00,-7.549516567451064475e-15
1.700000000000000000e+01,2.546677654473154639e+00,1.921587241674978306e-04,7.280000000000000000e+02,2.184000000000000000e+03,0.000000000000000000e+00,6.096105541821827956e-04,1.376904472816850751e-03,1.751529249394895009e-05,0.000000000000000000e+00,-4.440892098500626162e-15
1.800000000000000000e+01,2.546485793639316153e+00,1.918608338342944677e-04,7.260000000000000000e+02,2.177000000000000000e+03,0.000000000000000000e+00,1.223312546123622724e-04,1.381373486050352936e-03,1.763521186466508687e-05,0.000000000000000000e+00,-8.881784197001252323e-15
1.900000000000000000e+01,2.546294221819652037e+00,1.915718196632017862e-04,7.230000000000000000e+02,2.169000000000000000e+03,0.000000000000000000e+00,1.033546816167074667e-03,1.385843478011679602e-03,1.796953816128939337e-05,0.000000000000000000e+00,-9.769962616701377556e-15
2.000000000000000000e+01,2.546102930850167922e+00,1.912909694829175225e-04,7.210000000000000000e+02,2.163000000000000000e+03,0.000000000000000000e+00,5.760846762079552263e-04,1.390326828897570696e-03,1.751401976641380552e-05,0.000000000000000000e+00,-1.065814103640150279e-14
2.100000000000000000e+01,2.545911913188646736e+00,1.910176615186803600e-04,7.190000000000000000e+02,2.156000000000000000e+03,0.000000000000000000e+00,1.313617420990453866e-04,1.394817362875726014e-03,1.784764479886258203e-05,0.000000000000000000e+00,-1.332267629550187849e-14
2.200000000000000000e+01,2.545721161839428870e+00,1.907513492176663578e-04,7.160000000000000000e+02,2.148000000000000000e+03,0.000000000000000000e+00,1.098736512993525594e-03,1.399308783412512528e-03,1.786182595182472679e-05,0.000000000000000000e+00,-1.332267629550187849e-14
2.300000000000000000e+01,2.545530670290632180e+00,1.904915487997279277e-04,7.140000000000000000e+02,2.142000000000000000e+03,0.000000000000000000e+00,6.841271470996446169e-04,1.403813651729326388e-03,1.752802977519081604e-05,0.000000000000000000e+00,-1.065814103640150279e-14
2.400000000000000000e+01,2.545340432460867053e+00,1.902378297605472200e-04,7.120000000000000000e+02,2.135000000000000000e+03,0.000000000000000000e+00,2.823944236993725099e-04,1.408325701620884206e-03,1.776396162500797112e-05,0.000000000000000000e+00,-1.509903313490212895e-14
2.500000000000000000e+01,2.545150442653797196e+00,1.899898070697969251e-04,7.090000000000000000e+02,2.127000000000000000e+03,0.000000000000000000e+00,1.306426690462103579e-03,1.412838545015372054e-03,1.782051051526893298e-05,0.000000000000000000e+00,-1.509903313490212895e-14
2.600000000000000000e+01,2.544960695519128624e+00,1.897471346704141003e-04,7.070000000000000000e+02,2.121000000000000000e+03,0.000000000000000000e+00,9.351039071425759630e-04,1.417364925906232712e-03,1.791762434644739708e-05,0.000000000000000000e+00,-1.332267629550187849e-14
2.700000000000000000e+01,2.544771186019118225e+00,1.895095000070839454e-04,7.050000000000000000e+02,2.115000000000000000e+03,0.000000000000000000e+00,5.767951870794263414e-04,1.421898486842186138e-03,1.778545646744709614e-05,0.000000000000000000e+00,-1.643130076445231680e-14
2.800000000000000000e+01,2.544581909399246999e+00,1.892766198686559654e-04,7.030000000000000000e+02,2.108000000000000000e+03,0.000000000000000000e+00,2.315439402522656565e-04,1.426439227343353610e-03,1.774675878440197860e-05,0.000000000000000000e+00,-1.909583602355269250e-14
2.900000000000000000e+01,2.544392861162621866e+00,1.890482366259062165e-04,7.000000000000000000e+02,2.100000000000000000e+03,0.000000000000000000e+00,1.330380722293966755e-03,1.430980635905079778e-03,1.756499493138111051e-05,0.000000000000000000e+00,-1.820765760385256726e-14
3.000000000000000000e+01,2.544204037047531397e+00,1.888241150874891061e-04,6.980000000000000000e+02,2.094000000000000000e+03,0.000000000000000000e+00,1.015929744600185813e-03,1.435535702978681279e-03,1.767272638502227411e-05,0.000000000000000000e+00,-2.131628207280300558e-14
3.100000000000000000e+01,2.544015433007790872e+00,1.886040397429335116e-04,6.960000000000000000e+02,2.088000000000000000e+03,0.000000000000000000e+00,7.146736397203312663e-04,1.440097948071828934e-03,1.772249846563577275e-05,0.000000000000000000e+00,-1.909583602355269250e-14
3.200000000000000000e+01,2.543827045195091507e+00,1.883878126951966860e-04,6.940000000000000000e+02,2.081000000000000000e+03,0.000000000000000000e+00,4.266558112604457165e-04,1.444667370699507722e-03,1.787336994749821989e-05,0.000000000000000000e+00,-2.309263891220325604e-14
3.300000000000000000e+01,2.543638869943444458e+00,1.881752516483817456e-04,6.920000000000000000e+02,2.075000000000000000e+03,0.000000000000000000e+00,1.519196613983808675e-04,1.449243970375455569e-03,1.779481722626931824e-05,0.000000000000000000e+00,-2.176037128265306819e-14
3.400000000000000000e+01,2.543450903755168913e+00,1.879661882713096167e-04,6.890000000000000000e+02,2.067000000000000000e+03,0.000000000000000000e+00,1.344336337346874188e-03,1.453821079080677226e-03,1.791452977586749755e-05,0.000000000000000000e+00,-2.620126338115369435e-14
3.500000000000000000e+01,2.543263143288475359e+00,1.877604666925714201e-04,6.870000000000000000e+02,2.061000000000000000e+03,0.000000000000000000e+00,1.100884697329718165e-03,1.458411999782062646e-03,1.788882149513980902e-05,0.000000000000000000e+00,-2.708944180085381959e-14
3.600000000000000000e+01,2.543075585346261658e+00,1.875579422144096908e-04,6.850000000000000000e+02,2.055000000000000000e+03,0.000000000000000000e+00,8.708521088536258503e-04,1.463010095966154342e-03,1.797418194849279271e-05,0.000000000000000000e+00,-2.620126338115369435e-14
3.700000000000000000e+01,2.542888226865946955e+00,1.873584803124077845e-04,6.830000000000000000e+02,2.049000000000000000e+03,0.000000000000000000e+00,6.542819674280053732e-04,1.467615367141558713e-03,1.764636336373634048e-05,0.000000000000000000e+00,-2.842170943040400743e-14
3.800000000000000000e+01,2.542701064910324327e+00,1.871619556233789373e-04,6.810000000000000000e+02,2.042000000000000000e+03,0.000000000000000000e+00,4.512176670772305442e-04,1.472227812815636843e-03,1.787020713257543486e-05,0.000000000000000000e+00,-2.797762022055394482e-14
3.900000000000000000e+01,2.542514096659227008e+00,1.869682510951765550e-04,6.790000000000000000e+02,2.036000000000000000e+03,0.000000000000000000e+00,2.617026001843214544e-04,1.476847432494505369e-03,1.745055923836332461e-05,0.000000000000000000e+00,-2.975397705995419528e-14
4.000000000000000000e+01,2.542327319401991748e+00,1.867772572354415293e-04,6.770000000000000000e+02,2.030000000000000000e+03,0.000000000000000000e+00,8.578015793858639881e-05,1.481474225683034095e-03,1.759945165779754260e-05,0.000000000000000000e+00,-2.975397705995419528e-14
4.100000000000000000e+01,2.542140730530523474e+00,1.865888714663458466e-04,6.740000000000000000e+02,2.022000000000000000e+03,0.000000000000000000e+00,1.409601921253056389e-03,1.486101301059223646e-03,1.760323497633405212e-05,0.000000000000000000e+00,-3.153033389935444575e-14
4.200000000000000000e+01,2.541954327533034963e+00,1.864029974878471851e-04,6.720000000000000000e+02,2.016000000000000000e+03,0.000000000000000000e+00,1.265636033018324724e-03,1.490742407471354163e-03,1.798460566871401697e-05,0.000000000000000000e+00,-3.241851231905457098e-14
4.300000000000000000e+01,2.541768107988280345e+00,1.862195447503190186e-04,6.700000000000000000e+02,2.010000000000000000e+03,0.000000000000000000e+00,1.135400104985251346e-03,1.495390685799928218e-03,1.766131532613277803e-05,0.000000000000000000e+00,-3.685940441755519714e-14
4.400000000000000000e+01,2.541582069560251345e+00,1.860384280275384039e-04,6.680000000000000000e+02,2.004000000000000000e+03,0.000000000000000000e+00,1.018937520754548132e-03,1.500046135544690594e-03,1.770173188848874385e-05,0.000000000000000000e+00,-3.819167204710538499e-14
4.500000000000000000e+01,2.541396209993282085e+00,1.858595669684915753e-04,6.660000000000000000e+02,1.998000000000000000e+03,0.000000000000000000e+00,9.162916633229656327e-04,1.504708756204137937e-03,1.779656613869317342e-05,0.000000000000000000e+00,-3.907985046680551022e-14
4.600000000000000000e+01,2.541210527107561568e+00,1.856828857154837055e-04,6.640000000000000000e+02,1.992000000000000000e+03,0.000000000000000000e+00,8.275059133993067917e-04,1.509378547275527652e-03,1.786251977472240774e-05,0.000000000000000000e+00,-4.396483177515619900e-14
4.700000000000000000e+01,2.541025018795002310e+00,1.855083125602878730e-04,6.620000000000000000e+02,1.986000000000000000e+03,0.000000000000000000e+00,7.526236502997107891e-04,1.514055508254870310e-03,1.758621290881283748e-05,0.000000000000000000e+00,-4.307665335545607377e-14
4.800000000000000000e+01,2.540839683015368777e+00,1.853357796333189090e-04,6.600000000000000000e+02,1.980000000000000000e+03,0.000000000000000000e+00,6.916882522389755650e-04,1.518739638636933988e-03,1.756629348311148481e-05,0.000000000000000000e+00,-4.307665335545607377e-14
4.900000000000000000e+01,2.540654517792745093e+00,1.851652226218139887e-04,6.580000000000000000e+02,1.974000000000000000e+03,0.000000000000000000e+00,6.447430949449994841e-04,1.523430937915242530e-03,1.717071002590052819e-05,0.000000000000000000e+00,-4.485301019485632423e-14
5.000000000000000000e+01,2.540469521212233239e+00,1.849965805145548450e-04,6.560000000000000000e+02,1.968000000000000000e+03,0.000000000000000000e+00,6.118315531509210814e-04,1.528129405582078371e-03,1.771849792270629306e-05,0.000000000000000000e+00,-4.218847493575594854e-14
5.100000000000000000e+01,2.540284691416863083e+00,1.848297953692905186e-04,6.540000000000000000e+02,1.962000000000000000e+03,0.000000000000000000e+00,5.929969997708894880e-04,1.532835041128478848e-03,1.776671459830002022e-05,0.000000000000000000e+00,-4.307665335545607377e-14
5.200000000000000000e+01,2.540100026604756422e+00,1.846648121009653249e-04,6.520000000000000000e+02,1.956000000000000000e+03,0.000000000000000000e+00,5.882828060705946882e-04,1.537547844044239451e-03,1.748500470502677292e-05,0.000000000000000000e+00,-4.884981308350688778e-14
5.300000000000000000e+01,2.539915525026466447e+00,1.845015782883998061e-04,6.500000000000000000e+02,1.950000000000000000e+03,0.000000000000000000e+00,5.977323419514846137e-04,1.542267813817911658e-03,1.776274176489696605e-05,0.000000000000000000e+00,-5.062616992290713824e-14
5.400000000000000000e+01,2.539731184982470857e+00,1.843400439972859445e-04,6.480000000000000000e+02,1.944000000000000000e+03,0.000000000000000000e+00,6.213889752118006982e-04,1.546994949936804451e-03,1.744258079171936133e-05,0.000000000000000000e+00,-4.884981308350688778e-14
5.500000000000000000e+01,2.539547004820850606e+00,1.841801616182221844e-04,6.460000000000000000e+02,1.938000000000000000e+03,0.000000000000000000e+00,6.592960720013252285e-04,1.551729251886988003e-03,1.773891614103341598e-05,0.000000000000000000e+00,-5.062616992290713824e-14
5.600000000000000000e+01,2.539362982935128965e+00,1.840218857181090233e-04,6.440000000000000000e+02,1.932000000000000000e+03,0.000000000000000000e+00,7.114969974821860887e-04,1.556470719153282183e-03,1.770226732891467527e-05,0.000000000000000000e+00,-5.417888360170763917e-14
5.700000000000000000e+01,2.539179117762225157e+00,1.838651729031891236e-04,6.420000000000000000e+02,1.926000000000000000e+03,0.000000000000000000e+00,7.780351144717201350e-04,1.561219351219271089e-03,1.752775994076114050e-05,0.000000000000000000e+00,-5.506706202140776441e-14
5.800000000000000000e+01,2.538995407780529234e+00,1.837099816933712325e-04,6.400000000000000000e+02,1.920000000000000000e+03,0.000000000000000000e+00,8.589537844798655897e-04,1.565975147567295021e-03,1.796319547966898200e-05,0.000000000000000000e+00,-5.728750807065807749e-14
5.900000000000000000e+01,2.538811851508119055e+00,1.835562724060755635e-04,6.380000000000000000e+02,1.914000000000000000e+03,0.000000000000000000e+00,9.542963671549387072e-04,1.570738107678450266e-03,1.822511374446448586e-05,0.000000000000000000e+00,-6.172840016915870365e-14
6.000000000000000000e+01,2.538628447501069640e+00,1.834040070491428122e-04,6.360000000000000000e+02,1.908000000000000000e+03,0.000000000000000000e+00,1.064106220631799715e-03,1.575508231032593217e-03,1.767589218678829445e-05,0.000000000000000000e+00,-6.172840016915870365e-14
6.100000000000000000e+01,2.538445194431421470e+00,1.832530696528572687e-04,6.340000000000000000e+02,1.902000000000000000e+03,0.000000000000000000e+00,1.188426701112632600e-03,1.580285517108337987e-03,1.754127637868836817e-05,0.000000000000000000e+00,-5.728750807065807749e-14
6.200000000000000000e+01,2.538262091004934717e+00,1.831034264801995699e-04,6.320000000000000000e+02,1.896000000000000000e+03,0.000000000000000000e+00,1.327301163343008739e-03,1.585069965383056629e-03,1.774405225987569549e-05,0.000000000000000000e+00,-6.350475700855895411e-14
6.300000000000000000e+01,2.538079135881598170e+00,1.829551233360263141e-04,6.300000000000000000e+02,1.890000000000000000e+03,0.000000000000000000e+00,1.480772960519516346e-03,1.589861575332878483e-03,1.811612714066136571e-05,0.000000000000000000e+00,-6.439293542825907934e-14
6.400000000000000000e+01,2.537896327753744519e+00,1.828081278519020953e-04,6.290000000000000000e+02,1.886000000000000000e+03,0.000000000000000000e+00,5.421743762212827278e-05,1.594668005942020354e-03,1.812527497143659453e-05,0.000000000000000000e+00,-6.616929226765932981e-14
6.500000000000000000e+01,2.537713665344695002e+00,1.826624090460375409e-04,6.270000000000000000e+02,1.880000000000000000e+03,0.000000000000000000e+00,2.322079898817719368e-04,1.599473972317510487e-03,1.750013634928610485e-05,0.000000000000000000e+00,-6.927791673660976812e-14
6.600000000000000000e+01,2.537531147407568799e+00,1.825179371295681066e-04,6.250000000000000000e+02,1.874000000000000000e+03,0.000000000000000000e+00,4.249187652902719492e-04,1.604287098892891086e-03,1.726355695493275575e-05,0.000000000000000000e+00,-6.616929226765932981e-14
6.700000000000000000e+01,2.537348772724075552e+00,1.823746834897833381e-04,6.230000000000000000e+02,1.868000000000000000e+03,0.000000000000000000e+00,6.323931104645907908e-04,1.609107385139479582e-03,1.770380487636283092e-05,0.000000000000000000e+00,-6.972200594645983074e-14
6.800000000000000000e+01,2.537166540103476642e+00,1.822326205968486496e-04,6.210000000000000000e+02,1.863000000000000000e+03,0.000000000000000000e+00,8.546743708421900010e-04,1.613934830527347444e-03,1.784460411537534656e-05,0.000000000000000000e+00,-7.149836278586008120e-14
6.900000000000000000e+01,2.536984448381529589e+00,1.820917219439907836e-04,6.190000000000000000e+02,1.857000000000000000e+03,0.000000000000000000e+00,1.091805889103625304e-03,1.618769434525333187e-03,1.751658851404763097e-05,0.000000000000000000e+00,-7.460698725481051952e-14
7.000000000000000000e+01,2.536802496419534592e+00,1.819519619936905649e-04,6.170000000000000000e+02,1.851000000000000000e+03,0.000000000000000000e+00,1.343831006707318920e-03,1.623611196601031960e-03,1.763909257185862086e-05,0.000000000000000000e+00,-7.593925488436070736e-14
7.100000000000000000e+01,2.536620683103402829e+00,1.818133161277513251e-04,6.150000000000000000e+02,1.845000000000000000e+03,0.000000000000000000e+00,1.610793063392179647e-03,1.628460116220795985e-03,1.776535351695288044e-05,0.000000000000000000e+00,-7.993605777301127091e-14
7.200000000000000000e+01,2.536439007342744745e+00,1.816757606588615933e-04,6.140000000000000000e+02,1.841000000000000000e+03,0.000000000000000000e+00,2.594112646079338447e-04,1.633324132549221182e-03,1.806190098036738231e-05,0.000000000000000000e+00,-7.904787935331114568e-14
7.300000000000000000e+01,2.536257468070122201e+00,1.815392726202529083e-04,6.120000000000000000e+02,1.835000000000000000e+03,0.000000000000000000e+00,5.515139431082616284e-04,1.638187401138546575e-03,1.757745340870087172e-05,0.000000000000000000e+00,-8.171241461241152138e-14
7.400000000000000000e+01,2.536076064240242012e+00,1.814038298822998811e-04,6.100000000000000000e+02,1.830000000000000000e+03,0.000000000000000000e+00,8.586764131450763671e-04,1.643057825768607857e-03,1.780253871399247565e-05,0.000000000000000000e+00,-7.949196856316120829e-14
7.500000000000000000e+01,2.535894794829167243e+00,1.812694110713325066e-04,6.080000000000000000e+02,1.824000000000000000e+03,0.000000000000000000e+00,1.180942008232932494e-03,1.647935405900945345e-03,1.791358086839892917e-05,0.000000000000000000e+00,-8.304468224196170922e-14
7.600000000000000000e+01,2.535713658833633311e+00,1.811359955300371972e-04,6.060000000000000000e+02,1.818000000000000000e+03,0.000000000000000000e+00,1.518354059541593415e-03,1.652820140995866615e-03,1.777219973140421497e-05,0.000000000000000000e+00,-8.659739592076221015e-14
7.700000000000000000e+01,2.535532655270301472e+00,1.810035633307825764e-04,6.050000000000000000e+02,1.814000000000000000e+03,0.000000000000000000e+00,2.132357477933055634e-04,1.657720148760187008e-03,1.759613016011131210e-05,0.000000000000000000e+00,-8.792966355031239800e-14
7.800000000000000000e+01,2.535351783175163742e+00,1.808720951367726721e-04,6.030000000000000000e+02,1.808000000000000000e+03,0.000000000000000000e+00,5.761716194285781967e-04,1.662619228170655709e-03,1.782901541224107860e-05,0.000000000000000000e+00,-8.881784197001252323e-14
7.900000000000000000e+01,2.535171041602942932e+00,1.807415722185630024e-04,6.010000000000000000e+02,1.803000000000000000e+03,0.000000000000000000e+00,9.543767772868250177e-04,1.667525461022984542e-03,1.770958962700441345e-05,0.000000000000000000e+00,-9.103828801926283631e-14
8.000000000000000000e+01,2.534990429626472697e+00,1.806119764711975565e-04,5.990000000000000000e+02,1.797000000000000000e+03,0.000000000000000000e+00,1.347894546455563614e-03,1.672438846772668960e-03,1.740250080318524471e-05,0.000000000000000000e+00,-9.015010959956271108e-14
8.100000000000000000e+01,2.534809946336095798e+00,1.804832903751182915e-04,5.980000000000000000e+02,1.793000000000000000e+03,0.000000000000000000e+00,7.940060147859639983e-05,1.677367647875906056e-03,1.807571134036746455e-05,0.000000000000000000e+00,-9.192646643896296155e-14
8.200000000000000000e+01,2.534629590839094337e+00,1.803554969931223735e-04,5.960000000000000000e+02,1.787000000000000000e+03,0.000000000000000000e+00,4.987458336671579673e-04,1.682295374220737182e-03,1.761093904160490422e-05,0.000000000000000000e+00,-1.003641614261141513e-13
8.300000000000000000e+01,2.534449362259315386e+00,1.802285797826915252e-04,5.940000000000000000e+02,1.782000000000000000e+03,0.000000000000000000e+00,9.335264893337580361e-04,1.687230251928384470e-03,1.767009254583953753e-05,0.000000000000000000e+00,-9.636735853746358771e-14
8.400000000000000000e+01,2.534269259736541269e+00,1.801025227699629974e-04,5.920000000000000000e+02,1.776000000000000000e+03,0.000000000000000000e+00,1.383785885721522391e-03,1.692172280449544481e-03,1.811133860595395465e-05,0.000000000000000000e+00,-1.003641614261141513e-13
8.500000000000000000e+01,2.534089282426052137e+00,1.799773104911632992e-04,5.910000000000000000e+02,1.772000000000000000e+03,0.000000000000000000e+00,1.524374714847454015e-04,1.697129868692726171e-03,1.781284090729836841e-05,0.000000000000000000e+00,-9.858780458671390079e-14
8.600000000000000000e+01,2.533909429498107269e+00,1.798529279434323653e-04,5.890000000000000000e+02,1.766000000000000000e+03,0.000000000000000000e+00,6.288279328998669371e-04,1.702086234053805424e-03,1.758436056101826046e-05,0.000000000000000000e+00,-9.992007221626408864e-14
8.700000000000000000e+01,2.533729700137644869e+00,1.797293604616310568e-04,5.870000000000000000e+02,1.761000000000000000e+03,0.000000000000000000e+00,1.120819929326444253e-03,1.707049748680046540e-03,1.725146105872794425e-05,0.000000000000000000e+00,-1.008082506359642139e-13
8.800000000000000000e+01,2.533550093543770920e+00,1.796065938679207018e-04,5.850000000000000000e+02,1.755000000000000000e+03,0.000000000000000000e+00,1.628456772380104667e-03,1.712020412017335909e-03,1.723624315432834627e-05,0.000000000000000000e+00,-1.065814103640150279e-13
8.900000000000000000e+01,2.533370608929291556e+00,1.794846144793896714e-04,5.840000000000000000e+02,1.751000000000000000e+03,0.000000000000000000e+00,4.347749902962050328e-04,1.717006781139139137e-03,1.780165952515211673e-05,0.000000000000000000e+00,-1.065814103640150279e-13
9.000000000000000000e+01,2.533191245520453272e+00,1.793634088401384850e-04,5.820000000000000000e+02,1.746000000000000000e+03,0.000000000000000000e+00,9.688464566153243140e-04,1.721991777526321946e-03,1.786587483725002169e-05,0.000000000000000000e+00,-1.048050535246147774e-13
9.100000000000000000e+01,2.533012002556526365e+00,1.792429639211627537e-04,5.800000000000000000e+02,1.740000000000000000e+03,0.000000000000000000e+00,1.518685545306652784e-03,1.726983921062397870e-03,1.752859424613662119e-05,0.000000000000000000e+00,-1.105782132526655914e-13
9.200000000000000000e+01,2.532832879289383055e+00,1.791232671424768401e-04,5.790000000000000000e+02,1.736000000000000000e+03,0.000000000000000000e+00,3.523436793528844646e-04,1.731991881090598918e-03,1.804019675295529451e-05,0.000000000000000000e+00,-1.114663916723657167e-13
9.300000000000000000e+01,2.532653874983209263e+00,1.790043061693071609e-04,5.770000000000000000e+02,1.731000000000000000e+03,0.000000000000000000e+00,9.288414495784991232e-04,1.736998354865225977e-03,1.758704571561151570e-05,0.000000000000000000e+00,-1.159072837708663428e-13
9.400000000000000000e+01,2.532474988914227065e+00,1.788860689832689479e-04,5.750000000000000000e+02,1.725000000000000000e+03,0.000000000000000000e+00,1.521229603895335458e-03,1.742011974216356798e-03,1.772153707816220565e-05,0.000000000000000000e+00,-1.150191053511662176e-13
9.500000000000000000e+01,2.532296220370216400e+00,1.787685440071393238e-04,5.740000000000000000e+02,1.721000000000000000e+03,0.000000000000000000e+00,3.825099200014392409e-04,1.747041521730436373e-03,1.786159389636649347e-05,0.000000000000000000e+00,-1.185718190299667185e-13
9.600000000000000000e+01,2.532117568650352091e+00,1.786517198627128903e-04,5.720000000000000000e+02,1.716000000000000000e+03,0.000000000000000000e+00,1.001780791966666584e-03,1.752069468489659805e-03,1.754910760471086169e-05,0.000000000000000000e+00,-1.199040866595169064e-13
9.700000000000000000e+01,2.531939033064899203e+00,1.785355854537909806e-04,5.700000000000000000e+02,1.710000000000000000e+03,0.000000000000000000e+00,1.637064796085496710e-03,1.757104559242762560e-03,1.752905218539922876e-05,0.000000000000000000e+00,-1.190159082398167811e-13
9.800000000000000000e+01,2.531760612934775612e+00,1.784201301220885761e-04,5.690000000000000000e+02,1.706000000000000000e+03,0.000000000000000000e+00,5.262495358238084009e-04,1.762155690796948782e-03,1.802798591690544028e-05,0.000000000000000000e+00,-1.207922650792170316e-13
9.900000000000000000e+01,2.531582307591472070e+00,1.783053432983215409e-04,5.670000000000000000e+02,1.701000000000000000e+03,0.000000000000000000e+00,1.188640269703000740e-03,1.767205106108585451e-03,1.798716321654229749e-05,0.000000000000000000e+00,-1.256772463875677204e-13
1.000000000000000000e+02,2.531404116376715141e+00,1.781912147539102271e-04,5.660000000000000000e+02,1.697000000000000000e+03,0.000000000000000000e+00,9.489623218428278051e-05,1.772270637911849481e-03,1.753082032450882833e-05,0.000000000000000000e+00,-1.287858708565181587e-13
1.010000000000000000e+02,2.531226038642093279e+00,1.780777346222691673e-04,5.640000000000000000e+02,1.692000000000000000e+03,0.000000000000000000e+00,7.845382502296160965e-04,1.777334375944520945e-03,1.786803496343890849e-05,0.000000000000000000e+00,-1.283417816466680961e-13
1.020000000000000000e+02,2.531048073749023963e+00,1.779648930670995124e-04,5.620000000000000000e+02,1.686000000000000000e+03,0.000000000000000000e+00,1.490395569717861690e-03,1.782405255347051590e-03,1.782626973994745159e-05,0.000000000000000000e+00,-1.305622276959184092e-13
1.030000000000000000e+02,2.530870221068330483e+00,1.778526806932564442e-04,5.610000000000000000e+02,1.682000000000000000e+03,0.000000000000000000e+00,4.250191103807310355e-04,1.787492365501157452e-03,1.773222859253838408e-05,0.000000000000000000e+00,-1.310063169057684718e-13
1.040000000000000000e+02,2.530692479980098941e+00,1.777410882275067396e-04,5.590000000000000000e+02,1.677000000000000000e+03,0.000000000000000000e+00,1.158351687806202790e-03,1.792577564743635596e-03,1.748620703710111496e-05,0.000000000000000000e+00,-1.350031197944190353e-13
1.050000000000000000e+02,2.530514849873491290e+00,1.776301066073500011e-04,5.580000000000000000e+02,1.673000000000000000e+03,0.000000000000000000e+00,1.103432066003051659e-04,1.797679071514136136e-03,1.769745304846669261e-05,0.000000000000000000e+00,-1.350031197944190353e-13
1.060000000000000000e+02,2.530337330146360753e+00,1.775197271293416069e-04,5.560000000000000000e+02,1.668000000000000000e+03,0.000000000000000000e+00,8.712955727077087431e-04,1.802778588738551072e-03,1.740337886762934272e-05,0.000000000000000000e+00,-1.363353874239692232e-13
1.070000000000000000e+02,2.530159920205292234e+00,1.774099410651050284e-04,5.540000000000000000e+02,1.662000000000000000e+03,0.000000000000000000e+00,1.648665371433821747e-03,1.807885244680904405e-03,1.795841348430755351e-05,0.000000000000000000e+00,-1.398881011027697241e-13
1.080000000000000000e+02,2.529982619465155125e+00,1.773007401388785166e-04,5.530000000000000000e+02,1.658000000000000000e+03,0.000000000000000000e+00,6.294875561252410989e-04,1.813008324044413765e-03,1.764597833419750996e-05,0.000000000000000000e+00,-1.381117442633694736e-13
1.090000000000000000e+02,2.529805427349093527e+00,1.771921160552700832e-04,5.510000000000000000e+02,1.653000000000000000e+03,0.000000000000000000e+00,1.434701078721900558e-03,1.818129295056101439e-03,1.783935028784708506e-05,0.000000000000000000e+00,-1.443289932012703503e-13
1.100000000000000000e+02,2.529628343288241155e+00,1.770840608518221306e-04,5.500000000000000000e+02,1.649000000000000000e+03,0.000000000000000000e+00,4.331879550392159217e-04,1.823266767358889574e-03,1.792515875404476655e-05,0.000000000000000000e+00,-1.447730824111204129e-13
1.110000000000000000e+02,2.529451366721552574e+00,1.769765666879945384e-04,5.480000000000000000e+02,1.644000000000000000e+03,0.000000000000000000e+00,1.266389707041071233e-03,1.828402051561404257e-03,1.792599232077372062e-05,0.000000000000000000e+00,-1.456612608308205381e-13
1.120000000000000000e+02,2.529274497095662433e+00,1.768696258873242986e-04,5.470000000000000000e+02,1.640000000000000000e+03,0.000000000000000000e+00,2.826570701159880628e-04,1.833553915364710164e-03,1.724387563344948078e-05,0.000000000000000000e+00,-1.483257960899209138e-13
1.130000000000000000e+02,2.529097733864641206e+00,1.767632310223667927e-04,5.450000000000000000e+02,1.635000000000000000e+03,0.000000000000000000e+00,1.143991547976952461e-03,1.838703510871464615e-03,1.781933742339593594e-05,0.000000000000000000e+00,-1.469935284603707260e-13
1.140000000000000000e+02,2.528921076489939246e+00,1.766573746988606293e-04,5.440000000000000000e+02,1.631000000000000000e+03,0.000000000000000000e+00,1.781551866031350073e-04,1.843869764729665810e-03,1.803994390251990805e-05,0.000000000000000000e+00,-1.501021529293211643e-13
1.150000000000000000e+02,2.528744524440076802e+00,1.765520498626793199e-04,5.420000000000000000e+02,1.626000000000000000e+03,0.000000000000000000e+00,1.067766876360565220e-03,1.849033669646002855e-03,1.801883008488986871e-05,0.000000000000000000e+00,-1.501021529293211643e-13
1.160000000000000000e+02,2.528568077190669783e+00,1.764472493999392989e-04,5.410000000000000000e+02,1.622000000000000000e+03,0.000000000000000000e+00,1.199425738747095238e-04,1.854214312106613853e-03,1.742501458007918232e-05,0.000000000000000000e+00,-1.572075802869221661e-13
1.170000000000000000e+02,2.528391734224079368e+00,1.763429665914857929e-04,5.390000000000000000e+02,1.617000000000000000e+03,0.000000000000000000e+00,1.037975952186798168e-03,1.859392524529800313e-03,1.758266917924879594e-05,0.000000000000000000e+00,-1.558753126573719783e-13
1.180000000000000000e+02,2.528215495029478177e+00,1.762391946032178084e-04,5.380000000000000000e+02,1.613000000000000000e+03,0.000000000000000000e+00,1.082794842943712865e-04,1.864587554133481520e-03,1.783222991610287111e-05,0.000000000000000000e+00,-1.540989558179717278e-13
1.190000000000000000e+02,2.528039359102461248e+00,1.761359270148481649e-04,5.360000000000000000e+02,1.608000000000000000e+03,0.000000000000000000e+00,1.054879018596466267e-03,1.869780072152709728e-03,1.801639450327293272e-05,0.000000000000000000e+00,-1.563194018672220409e-13
1.200000000000000000e+02,2.527863325945185036e+00,1.760331572725075985e-04,5.350000000000000000e+02,1.604000000000000000e+03,0.000000000000000000e+00,1.434261555885996131e-04,1.874989487433260937e-03,1.785239932637095538e-05,0.000000000000000000e+00,-1.598721155460225418e-13
1.210000000000000000e+02,2.527687395039435181e+00,1.759309057491049543e-04,5.330000000000000000e+02,1.599000000000000000e+03,0.000000000000000000e+00,1.118736302643696945e-03,1.880196309129655895e-03,1.779550875388279384e-05,0.000000000000000000e+00,-1.607602939657226671e-13
1.220000000000000000e+02,2.527511565873663990e+00,1.758291657667179926e-04,5.320000000000000000e+02,1.595000000000000000e+03,0.000000000000000000e+00,2.256428077487271366e-04,1.885420108614024089e-03,1.768960125665153892e-05,0.000000000000000000e+00,-1.652011860642232932e-13
1.230000000000000000e+02,2.527335837968686771e+00,1.757279049783334890e-04,5.300000000000000000e+02,1.590000000000000000e+03,0.000000000000000000e+00,1.229808015509092911e-03,1.890641232060637613e-03,1.782844841500593540e-05,0.000000000000000000e+00,-1.638689184346731054e-13
1.240000000000000000e+02,2.527160210851207012e+00,1.756271174743196100e-04,5.290000000000000000e+02,1.586000000000000000e+03,0.000000000000000000e+00,3.551896453899416883e-04,1.895879414268912631e-03,1.781421415914661956e-05,0.000000000000000000e+00,-1.691979889528738568e-13
1.250000000000000000e+02,2.526984684053642738e+00,1.755267975634042493e-04,5.270000000000000000e+02,1.581000000000000000e+03,0.000000000000000000e+00,1.388354350879694721e-03,1.901114837530734191e-03,1.800539679882031757e-05,0.000000000000000000e+00,-1.700861673725739820e-13
1.260000000000000000e+02,2.526809257114070562e+00,1.754269395703938561e-04,5.260000000000000000e+02,1.577000000000000000e+03,0.000000000000000000e+00,5.323268564438876638e-04,1.906367400976147642e-03,1.747581376664352206e-05,0.000000000000000000e+00,-1.718625242119742325e-13
1.270000000000000000e+02,2.526633929576119098e+00,1.753275379504994644e-04,5.240000000000000000e+02,1.572000000000000000e+03,0.000000000000000000e+00,1.594635486839024452e-03,1.911617122110100030e-03,1.744848258747070334e-05,0.000000000000000000e+00,-1.731947918415244203e-13
1.280000000000000000e+02,2.526458700988804651e+00,1.752285873115047240e-04,5.230000000000000000e+02,1.568000000000000000e+03,0.000000000000000000e+00,7.573146118460272191e-04,1.916884065299035919e-03,1.795991366234997579e-05,0.000000000000000000e+00,-1.758593271006247960e-13
1.290000000000000000e+02,2.526283570906565856e+00,1.751300822388869095e-04,5.210000000000000000e+02,1.563000000000000000e+03,0.000000000000000000e+00,1.848911584886536730e-03,1.922148082353971341e-03,1.783343290291861097e-05,0.000000000000000000e+00,-1.758593271006247960e-13
1.300000000000000000e+02,2.526108538888934607e+00,1.750320176350763019e-04,5.200000000000000000e+02,1.560000000000000000e+03,0.000000000000000000e+00,1.030413065706170528e-03,1.927429403785963684e-03,1.772279714993225600e-05,0.000000000000000000e+00,-1.718625242119742325e-13
1.310000000000000000e+02,2.525933604500694152e+00,1.749343882314589329e-04,5.190000000000000000e+02,1.556000000000000000e+03,0.000000000000000000e+00,2.187248536245078867e-04,1.932717934734057112e-03,1.755649881266674187e-05,0.000000000000000000e+00,-1.811883976188255474e-13
1.320000000000000000e+02,2.525758767311583775e+00,1.748371891101729760e-04,5.170000000000000000e+02,1.551000000000000000e+03,0.000000000000000000e+00,1.351882356345868175e-03,1.938003412970403308e-03,1.719861713734815911e-05,0.000000000000000000e+00,-1.811883976188255474e-13
1.330000000000000000e+02,2.525584026896315226e+00,1.747404152672367460e-04,5.160000000000000000e+02,1.547000000000000000e+03,0.000000000000000000e+00,5.591829053628316615e-04,1.943306320012507058e-03,1.734976186302680746e-05,0.000000000000000000e+00,-1.825206652483757352e-13
1.340000000000000000e+02,2.525409382834451488e+00,1.746440618635905885e-04,5.140000000000000000e+02,1.542000000000000000e+03,0.000000000000000000e+00,1.721982603356764230e-03,1.948606089370921116e-03,1.787594382788251524e-05,0.000000000000000000e+00,-1.825206652483757352e-13
1.350000000000000000e+02,2.525234834710237131e+00,1.745481242098330214e-04,5.130000000000000000e+02,1.539000000000000000e+03,0.000000000000000000e+00,9.483876355602660624e-04,1.953923370989741736e-03,1.793379853466318710e-05,0.000000000000000000e+00,-1.874056465567264240e-13
1.360000000000000000e+02,2.525060382112695123e+00,1.744525975385558697e-04,5.120000000000000000e+02,1.535000000000000000e+03,0.000000000000000000e+00,1.817260513519158849e-04,1.959247860572140357e-03,1.731159429126408891e-05,0.000000000000000000e+00,-1.905142710256768623e-13
1.370000000000000000e+02,2.524886024635312420e+00,1.743574773812606995e-04,5.100000000000000000e+02,1.530000000000000000e+03,0.000000000000000000e+00,1.386599140147382059e-03,1.964569084162571221e-03,1.770657327890372133e-05,0.000000000000000000e+00,-1.922906278650771128e-13
1.380000000000000000e+02,2.524711761876146987e+00,1.742627591693869746e-04,5.090000000000000000e+02,1.526000000000000000e+03,0.000000000000000000e+00,6.392084206936488044e-04,1.969907946148184447e-03,1.735093280894820910e-05,0.000000000000000000e+00,-1.882938249764265493e-13
1.390000000000000000e+02,2.524537593437667926e+00,1.741684384766926073e-04,5.070000000000000000e+02,1.521000000000000000e+03,0.000000000000000000e+00,1.874077498797532826e-03,1.975243456012898240e-03,1.785796017883665946e-05,0.000000000000000000e+00,-1.905142710256768623e-13
1.400000000000000000e+02,2.524363518926593386e+00,1.740745110697750151e-04,5.060000000000000000e+02,1.518000000000000000e+03,0.000000000000000000e+00,1.146073349076459635e-03,1.980596688867621198e-03,1.774653533314138801e-05,0.000000000000000000e+00,-1.953992523340275511e-13
1.410000000000000000e+02,2.524189537954018459e+00,1.739809725752563716e-04,5.050000000000000000e+02,1.514000000000000000e+03,0.000000000000000000e+00,4.251256460463537223e-04,1.985957128114662976e-03,1.771554064435073908e-05,0.000000000000000000e+00,-1.949551631241774885e-13
1.420000000000000000e+02,2.524015650135150057e+00,1.738878188680443736e-04,5.030000000000000000e+02,1.509000000000000000e+03,0.000000000000000000e+00,1.702580891674188024e-03,1.991314085190607278e-03,1.781552681484341528e-05,0.000000000000000000e+00,-1.953992523340275511e-13
1.430000000000000000e+02,2.523841855089280273e+00,1.737950458667309849e-04,5.020000000000000000e+02,1.506000000000000000e+03,0.000000000000000000e+00,1.001186117605357140e-03,1.996688893108801259e-03,1.772689858725345736e-05,0.000000000000000000e+00,-1.985078768029779894e-13
1.440000000000000000e+02,2.523668152439816126e+00,1.737026494596301978e-04,5.010000000000000000e+02,1.502000000000000000e+03,0.000000000000000000e+00,3.069201794971831987e-04,2.002070906490869238e-03,1.777412484793923400e-05,0.000000000000000000e+00,-2.029487689014786156e-13
1.450000000000000000e+02,2.523494541814060188e+00,1.736106257541253687e-04,4.990000000000000000e+02,1.497000000000000000e+03,0.000000000000000000e+00,1.627264929283001038e-03,2.007449306600838160e-03,1.781920240803170429e-05,0.000000000000000000e+00,-2.047251257408788661e-13
1.460000000000000000e+02,2.523321022843223016e+00,1.735189708407726026e-04,4.980000000000000000e+02,1.494000000000000000e+03,0.000000000000000000e+00,9.527182665465261380e-04,2.012845686441611104e-03,1.791049258178182746e-05,0.000000000000000000e+00,-2.011724120620783651e-13
1.470000000000000000e+02,2.523147595162380963e+00,1.734276808355392099e-04,4.970000000000000000e+02,1.490000000000000000e+03,0.000000000000000000e+00,2.853728231002605753e-04,2.018249270811263776e-03,1.763201576052660834e-05,0.000000000000000000e+00,-2.073896609999792418e-13
1.480000000000000000e+02,2.522974258410333182e+00,1.733367520452736119e-04,4.950000000000000000e+02,1.485000000000000000e+03,0.000000000000000000e+00,1.648910384147939112e-03,2.023649109752910947e-03,1.778438621201803237e-05,0.000000000000000000e+00,-2.100541962590796174e-13
1.490000000000000000e+02,2.522801012229578976e+00,1.732461807536225470e-04,4.940000000000000000e+02,1.482000000000000000e+03,0.000000000000000000e+00,1.001450548585580691e-03,2.029067058354343343e-03,1.719912299591661235e-05,0.000000000000000000e+00,-2.104982854689296801e-13
1.500000000000000000e+02,2.522627856266308477e+00,1.731559632719563999e-04,4.930000000000000000e+02,1.478000000000000000e+03,0.000000000000000000e+00,3.612643107260282704e-04,2.034492210543105244e-03,1.747889017307306537e-05,0.000000000000000000e+00,-2.091660178393794922e-13
1.510000000000000000e+02,2.522454790170228556e+00,1.730660960748322934e-04,4.910000000000000000e+02,1.473000000000000000e+03,0.000000000000000000e+00,1.768297961007192498e-03,2.039913484088946415e-03,1.731905694053068476e-05,0.000000000000000000e+00,-2.144950883575802436e-13
1.520000000000000000e+02,2.522281813594564603e+00,1.729765756611662019e-04,4.900000000000000000e+02,1.470000000000000000e+03,0.000000000000000000e+00,1.148163649503430861e-03,2.045352998268085663e-03,1.772711689857469762e-05,0.000000000000000000e+00,-2.171596236166806193e-13
1.530000000000000000e+02,2.522108926196053869e+00,1.728873985068818040e-04,4.890000000000000000e+02,1.466000000000000000e+03,0.000000000000000000e+00,5.353753093402247032e-04,2.050799715086449107e-03,1.783317638148085592e-05,0.000000000000000000e+00,-2.211564265053311829e-13
1.540000000000000000e+02,2.521936127634827773e+00,1.727985612236754916e-04,4.870000000000000000e+02,1.461000000000000000e+03,0.000000000000000000e+00,1.986208297182656679e-03,2.056242418983873430e-03,1.777293190626135205e-05,0.000000000000000000e+00,-2.233768725545814959e-13
1.550000000000000000e+02,2.521763417574276023e+00,1.727100605490011613e-04,4.860000000000000000e+02,1.458000000000000000e+03,0.000000000000000000e+00,1.393638187551005103e-03,2.061703495536739913e-03,1.772890289425477767e-05,0.000000000000000000e+00,-2.260414078136818716e-13
1.560000000000000000e+02,2.521590795681189601e+00,1.726218930935889098e-04,4.850000000000000000e+02,1.454000000000000000e+03,0.000000000000000000e+00,8.084864176680639503e-04,2.067171773774174968e-03,1.774802328417335665e-05,0.000000000000000000e+00,-2.189359804560808698e-13
1.570000000000000000e+02,2.521418261625565371e+00,1.725340556185914231e-04,4.840000000000000000e+02,1.451000000000000000e+03,0.000000000000000000e+00,2.307747068925891654e-04,2.072647253416007307e-03,1.816713558749432050e-05,0.000000000000000000e+00,-2.247091401841316838e-13
1.580000000000000000e+02,2.521245815080569219e+00,1.724465449989686522e-04,4.820000000000000000e+02,1.446000000000000000e+03,0.000000000000000000e+00,1.738654711601839153e-03,2.078118539447045086e-03,1.745829922661367594e-05,0.000000000000000000e+00,-2.216005157151812455e-13
1.590000000000000000e+02,2.521073455722483647e+00,1.723593580767440042e-04,4.810000000000000000e+02,1.443000000000000000e+03,0.000000000000000000e+00,1.181378163494173350e-03,2.083608375872010414e-03,1.772039922394873622e-05,0.000000000000000000e+00,-2.304822999121824978e-13
1.600000000000000000e+02,2.520901183230756626e+00,1.722724917234501048e-04,4.800000000000000000e+02,1.439000000000000000e+03,0.000000000000000000e+00,6.316140371041001345e-04,2.089105412738130954e-03,1.803481220719768100e-05,0.000000000000000000e+00,-2.340350135909829987e-13
1.610000000000000000e+02,2.520728997287857709e+00,1.721859429004664105e-04,4.790000000000000000e+02,1.436000000000000000e+03,0.000000000000000000e+00,8.938404988612091984e-05,2.094609649762583028e-03,1.754583709492741795e-05,0.000000000000000000e+00,-2.327027459614328109e-13
1.620000000000000000e+02,2.520556897579155908e+00,1.720997086973316071e-04,4.770000000000000000e+02,1.431000000000000000e+03,0.000000000000000000e+00,1.654831008266910430e-03,2.100109510578518877e-03,1.776761430714758475e-05,0.000000000000000000e+00,-2.371436380599334370e-13
1.630000000000000000e+02,2.520384883793054698e+00,1.720137861031134521e-04,4.760000000000000000e+02,1.428000000000000000e+03,0.000000000000000000e+00,1.133253092518771155e-03,2.105628101409824128e-03,1.776497811015334490e-05,0.000000000000000000e+00,-2.353672812205331866e-13
1.640000000000000000e+02,2.520212955620850348e+00,1.719281722023004990e-04,4.750000000000000000e+02,1.424000000000000000e+03,0.000000000000000000e+00,6.192816701968695270e-04,2.111153891427651474e-03,1.802107537593434792e-05,0.000000000000000000e+00,-2.371436380599334370e-13
1.650000000000000000e+02,2.520041112756700841e+00,1.718428641399186239e-04,4.740000000000000000e+02,1.421000000000000000e+03,0.000000000000000000e+00,1.129384585851767042e-04,2.116686880346508367e-03,1.744538136352667167e-05,0.000000000000000000e+00,-2.469136006766348146e-13
1.660000000000000000e+02,2.519869354897530833e+00,1.717578591737915761e-04,4.720000000000000000e+02,1.416000000000000000e+03,0.000000000000000000e+00,1.736472242697573165e-03,2.122215308541525441e-03,1.766774516809148951e-05,0.000000000000000000e+00,-2.429167977879842510e-13
1.670000000000000000e+02,2.519697681743047202e+00,1.716731544836397555e-04,4.710000000000000000e+02,1.413000000000000000e+03,0.000000000000000000e+00,1.250997986772972581e-03,2.127762648266065884e-03,1.776109796118931249e-05,0.000000000000000000e+00,-2.429167977879842510e-13
1.680000000000000000e+02,2.519526092995720390e+00,1.715887473220308621e-04,4.700000000000000000e+02,1.409000000000000000e+03,0.000000000000000000e+00,7.732242893609964085e-04,2.133317185911247794e-03,1.812030191816041400e-05,0.000000000000000000e+00,-2.478017790963349398e-13
1.690000000000000000e+02,2.519354588360715574e+00,1.715046350017718170e-04,4.690000000000000000e+02,1.406000000000000000e+03,0.000000000000000000e+00,3.031728630844554573e-04,2.138878921188944876e-03,1.763277747899365076e-05,0.000000000000000000e+00,-2.509104035652853781e-13
1.700000000000000000e+02,2.519183167545813617e+00,1.714208149047184205e-04,4.670000000000000000e+02,1.401000000000000000e+03,0.000000000000000000e+00,1.985313277799605203e-03,2.144435909300154361e-03,1.787853040759278657e-05,0.000000000000000000e+00,-2.482458683061850024e-13
1.710000000000000000e+02,2.519011830261361773e+00,1.713372844470895291e-04,4.660000000000000000e+02,1.398000000000000000e+03,0.000000000000000000e+00,1.536347668775306374e-03,2.150011992357463847e-03,1.765782307065454703e-05,0.000000000000000000e+00,-2.526867604046856286e-13
1.720000000000000000e+02,2.518840576220354510e+00,1.712540410049458552e-04,4.650000000000000000e+02,1.395000000000000000e+03,0.000000000000000000e+00,1.095176671611852726e-03,2.155595272058327856e-03,1.771741073227754511e-05,0.000000000000000000e+00,-2.553512956637860043e-13
1.730000000000000000e+02,2.518669405138308726e+00,1.711710820461328727e-04,4.640000000000000000e+02,1.391000000000000000e+03,0.000000000000000000e+00,6.618219989036333573e-04,2.161185748111951656e-03,1.743957380723023989e-05,0.000000000000000000e+00,-2.549072064539359417e-13
1.740000000000000000e+02,2.518498316733236209e+00,1.710884050750944923e-04,4.630000000000000000e+02,1.388000000000000000e+03,0.000000000000000000e+00,2.363053621081689926e-04,2.166783420226922954e-03,1.764707165894922354e-05,0.000000000000000000e+00,-2.522426711948355660e-13
1.750000000000000000e+02,2.518327310725563706e+00,1.710060076651956492e-04,4.610000000000000000e+02,1.383000000000000000e+03,0.000000000000000000e+00,1.991036763797637832e-03,2.172376109401694469e-03,1.746886771457060558e-05,0.000000000000000000e+00,-2.593480985524365678e-13
1.760000000000000000e+02,2.518156386838160898e+00,1.709238874001901582e-04,4.600000000000000000e+02,1.380000000000000000e+03,0.000000000000000000e+00,1.586873400896138264e-03,2.177988125539225342e-03,1.787181123547535989e-05,0.000000000000000000e+00,-2.620126338115369435e-13
1.770000000000000000e+02,2.517985544796315978e+00,1.708420418482302458e-04,4.590000000000000000e+02,1.377000000000000000e+03,0.000000000000000000e+00,1.190620404855735615e-03,2.183607336738552576e-03,1.779115973557588432e-05,0.000000000000000000e+00,-2.589040093425865052e-13
1.780000000000000000e+02,2.517814784327658373e+00,1.707604686538103647e-04,4.580000000000000000e+02,1.373000000000000000e+03,0.000000000000000000e+00,8.022994872760591534e-04,2.189233742705596741e-03,1.743830343146925268e-05,0.000000000000000000e+00,-2.624567230213870062e-13
1.790000000000000000e+02,2.517644105162158308e+00,1.706791654942707093e-04,4.570000000000000000e+02,1.370000000000000000e+03,0.000000000000000000e+00,4.219323572272060119e-04,2.194867343145668649e-03,1.756600484516670851e-05,0.000000000000000000e+00,-2.682298827494378202e-13
1.800000000000000000e+02,2.517473507032077951e+00,1.705981300797063333e-04,4.560000000000000000e+02,1.367000000000000000e+03,0.000000000000000000e+00,4.954072451823776646e-05,2.200508137763445941e-03,1.788574123045125381e-05,0.000000000000000000e+00,-2.691180611691379454e-13
1.810000000000000000e+02,2.517302989698407156e+00,1.705173336712885099e-04,4.540000000000000000e+02,1.362000000000000000e+03,0.000000000000000000e+00,1.891302424724017328e-03,2.206143662492769230e-03,1.767512324530870276e-05,0.000000000000000000e+00,-2.686739719592878828e-13
1.820000000000000000e+02,2.517132552923984967e+00,1.704367744189079264e-04,4.530000000000000000e+02,1.359000000000000000e+03,0.000000000000000000e+00,1.540582096055231887e-03,2.211798796623133841e-03,1.777605926427511162e-05,0.000000000000000000e+00,-2.717825964282383211e-13
1.830000000000000000e+02,2.516962196447456890e+00,1.703564765287155283e-04,4.520000000000000000e+02,1.356000000000000000e+03,0.000000000000000000e+00,1.197909584192302646e-03,2.217461123919039091e-03,1.752120324206322822e-05,0.000000000000000000e+00,-2.713385072183882585e-13
1.840000000000000000e+02,2.516791920009694206e+00,1.702764377571675317e-04,4.510000000000000000e+02,1.352000000000000000e+03,0.000000000000000000e+00,8.633065967842412647e-04,2.223130644082509794e-03,1.802682263898647838e-05,0.000000000000000000e+00,-2.766675777365890099e-13
1.850000000000000000e+02,2.516621723353763773e+00,1.701966559312359571e-04,4.500000000000000000e+02,1.349000000000000000e+03,0.000000000000000000e+00,5.367948411958423094e-04,2.228807356814951034e-03,1.751968761295584503e-05,0.000000000000000000e+00,-2.757793993168888846e-13
1.860000000000000000e+02,2.516451606224841875e+00,1.701171289203832235e-04,4.490000000000000000e+02,1.346000000000000000e+03,0.000000000000000000e+00,2.183960231718629075e-04,2.234491261817146430e-03,1.791140692932734370e-05,0.000000000000000000e+00,-2.775557561562891351e-13
1.870000000000000000e+02,2.516281568370193344e+00,1.700378546458983209e-04,4.470000000000000000e+02,1.341000000000000000e+03,0.000000000000000000e+00,2.148314208795909508e-03,2.240169605561830903e-03,1.816890619150068279e-05,0.000000000000000000e+00,-2.802202914153895108e-13
1.880000000000000000e+02,2.516111609539125826e+00,1.699588310651558762e-04,4.460000000000000000e+02,1.338000000000000000e+03,0.000000000000000000e+00,1.851904673713988814e-03,2.245867845512519723e-03,1.746102686057467862e-05,0.000000000000000000e+00,-2.824407374646398239e-13
1.890000000000000000e+02,2.515941729483019973e+00,1.698800561060666444e-04,4.450000000000000000e+02,1.335000000000000000e+03,0.000000000000000000e+00,1.563680385061161360e-03,2.251573276708180443e-03,1.785505113060939099e-05,0.000000000000000000e+00,-2.824407374646398239e-13
1.900000000000000000e+02,2.515771927955252618e+00,1.698015277639884591e-04,4.440000000000000000e+02,1.332000000000000000e+03,0.000000000000000000e+00,1.283663047672689572e-03,2.257285898846943424e-03,1.767416287586508176e-05,0.000000000000000000e+00,-2.855493619335902622e-13
1.910000000000000000e+02,2.515602204711191003e+00,1.697232440618697685e-04,4.430000000000000000e+02,1.329000000000000000e+03,0.000000000000000000e+00,1.011874365531184594e-03,2.263005711626311488e-03,1.725107238773624166e-05,0.000000000000000000e+00,-2.855493619335902622e-13
1.920000000000000000e+02,2.515432559508138599e+00,1.696452030494046076e-04,4.420000000000000000e+02,1.325000000000000000e+03,0.000000000000000000e+00,7.483360415108109009e-04,2.268732714743174235e-03,1.774623234541470684e-05,0.000000000000000000e+00,-2.882138971926906379e-13
1.930000000000000000e+02,2.515262992105331108e+00,1.695674028027084222e-04,4.410000000000000000e+02,1.322000000000000000e+03,0.000000000000000000e+00,4.930697795373362169e-04,2.274466907893782017e-03,1.805662691045895087e-05,0.000000000000000000e+00,-2.930988785010413267e-13
1.940000000000000000e+02,2.515093502263909375e+00,1.694898414231568609e-04,4.400000000000000000e+02,1.319000000000000000e+03,0.000000000000000000e+00,2.460972813764783496e-04,2.280208290773776299e-03,1.807156389902087886e-05,0.000000000000000000e+00,-2.917666108714911388e-13
1.950000000000000000e+02,2.514924089746868319e+00,1.694125170373548758e-04,4.390000000000000000e+02,1.316000000000000000e+03,0.000000000000000000e+00,7.440249788714936585e-06,2.285956863078161469e-03,1.741243610890577515e-05,0.000000000000000000e+00,-2.953193245502916398e-13
1.960000000000000000e+02,2.514754754319034280e+00,1.693354278354858202e-04,4.370000000000000000e+02,1.311000000000000000e+03,0.000000000000000000e+00,2.068833010781645498e-03,2.291699428715894288e-03,1.751262986687597307e-05,0.000000000000000000e+00,-2.939870569207414519e-13
1.970000000000000000e+02,2.514585495747076571e+00,1.692585719527768453e-04,4.360000000000000000e+02,1.308000000000000000e+03,0.000000000000000000e+00,1.852634966127197913e-03,2.297462329145452328e-03,1.763846221296174526e-05,0.000000000000000000e+00,-2.988720382290921407e-13
1.980000000000000000e+02,2.514416313799487934e+00,1.691819475865500438e-04,4.350000000000000000e+02,1.305000000000000000e+03,0.000000000000000000e+00,1.644824680681722384e-03,2.303232417955937764e-03,1.766977300780212646e-05,0.000000000000000000e+00,-3.010924842783424538e-13
1.990000000000000000e+02,2.514247208246533027e+00,1.691055529579969514e-04,4.340000000000000000e+02,1.302000000000000000e+03,0.000000000000000000e+00,1.445423852914018426e-03,2.309009694839722539e-03,1.792009056432335211e-05,0.000000000000000000e+00,-2.979838598093920154e-13
2.000000000000000000e+02,2.514078178860217339e+00,1.690293863113116995e-04,4.330000000000000000e+02,1.299000000000000000e+03,0.000000000000000000e+00,1.254454183197140082e-03,2.314794159488538922e-03,1.736276764164316043e-05,0.000000000000000000e+00,-3.024247519078926416e-13
2.010000000000000000e+02,2.513909225414300508e+00,1.689534459126006334e-04,4.320000000000000000e+02,1.296000000000000000e+03,0.000000000000000000e+00,1.071937369857778322e-03,2.320585811593505951e-03,1.759712148663903454e-05,0.000000000000000000e+00,-3.064215547965432052e-13
2.020000000000000000e+02,2.513740347684250143e+00,1.688777300499256530e-04,4.310000000000000000e+02,1.292000000000000000e+03,0.000000000000000000e+00,8.978951118194800074e-04,2.326384650845112097e-03,1.770111761195943619e-05,0.000000000000000000e+00,-3.068656440063932678e-13
2.030000000000000000e+02,2.513571545447218725e+00,1.688022370326548033e-04,4.300000000000000000e+02,1.289000000000000000e+03,0.000000000000000000e+00,7.323491070962973026e-04,2.332190676933225230e-03,1.756590733454227934e-05,0.000000000000000000e+00,-3.055333763768430799e-13
2.040000000000000000e+02,2.513402818482022294e+00,1.687269651911030776e-04,4.290000000000000000e+02,1.286000000000000000e+03,0.000000000000000000e+00,5.753210529348962154e-04,2.338003889547092193e-03,1.767416807611419438e-05,0.000000000000000000e+00,-3.108624468950438313e-13
2.050000000000000000e+02,2.513234166569143113e+00,1.686519128762519620e-04,4.280000000000000000e+02,1.283000000000000000e+03,0.000000000000000000e+00,4.268326463545690785e-04,2.343824288375330987e-03,1.781183016554504402e-05,0.000000000000000000e+00,-3.139710713639942696e-13
2.060000000000000000e+02,2.513065589490684815e+00,1.685770784593486598e-04,4.270000000000000000e+02,1.280000000000000000e+03,0.000000000000000000e+00,2.869055839198608737e-04,2.349651873105941188e-03,1.746180133456700154e-05,0.000000000000000000e+00,-3.130828929442941444e-13
2.070000000000000000e+02,2.512897087030351972e+00,1.685024603315674681e-04,4.260000000000000000e+02,1.277000000000000000e+03,0.000000000000000000e+00,1.555615618258343602e-04,2.355486643426295268e-03,1.773934975425306337e-05,0.000000000000000000e+00,-3.144151605738443322e-13
2.080000000000000000e+02,2.512728658973448770e+00,1.684280569036598245e-04,4.250000000000000000e+02,1.274000000000000000e+03,0.000000000000000000e+00,3.282227586964836519e-05,2.361328599023141198e-03,1.780959532082880193e-05,0.000000000000000000e+00,-3.135269821541442070e-13
2.090000000000000000e+02,2.512560305106825709e+00,1.683538666196935881e-04,4.230000000000000000e+02,1.269000000000000000e+03,0.000000000000000000e+00,2.285887160070387836e-03,2.367163886664703717e-03,1.808310256664294281e-05,0.000000000000000000e+00,-3.170796958329447079e-13
2.100000000000000000e+02,2.512392025218908476e+00,1.682798879185008431e-04,4.220000000000000000e+02,1.266000000000000000e+03,0.000000000000000000e+00,2.186278755345938407e-03,2.373020160433099955e-03,1.805951759670498927e-05,0.000000000000000000e+00,-3.157474282033945201e-13
2.110000000000000000e+02,2.512223819099641986e+00,1.682061192616682039e-04,4.210000000000000000e+02,1.263000000000000000e+03,0.000000000000000000e+00,2.095347354099885706e-03,2.378883618407774247e-03,1.776975821662680157e-05,0.000000000000000000e+00,-3.206324095117452089e-13
2.120000000000000000e+02,2.512055686540502819e+00,1.681325591349442999e-04,4.200000000000000000e+02,1.260000000000000000e+03,0.000000000000000000e+00,2.013114649997760353e-03,2.384754260272826075e-03,1.748786847949482945e-05,0.000000000000000000e+00,-3.250733016102458350e-13
2.130000000000000000e+02,2.511887627334461026e+00,1.680592060419763931e-04,4.190000000000000000e+02,1.257000000000000000e+03,0.000000000000000000e+00,1.939602335852441684e-03,2.390632085711738228e-03,1.801354020550043430e-05,0.000000000000000000e+00,-3.246292124003957724e-13
2.140000000000000000e+02,2.511719641275955706e+00,1.679860585039792632e-04,4.180000000000000000e+02,1.254000000000000000e+03,0.000000000000000000e+00,1.874832103425205787e-03,2.396517094407372463e-03,1.754805676054282490e-05,0.000000000000000000e+00,-3.259614800299459603e-13
2.150000000000000000e+02,2.511551728160894115e+00,1.679131150596891288e-04,4.170000000000000000e+02,1.251000000000000000e+03,0.000000000000000000e+00,1.818825644903654393e-03,2.402409286041961266e-03,1.779027072475887868e-05,0.000000000000000000e+00,-3.277378368693462107e-13
2.160000000000000000e+02,2.511383887786628577e+00,1.678403742647703990e-04,4.160000000000000000e+02,1.248000000000000000e+03,0.000000000000000000e+00,1.771604651054303758e-03,2.408308660297119562e-03,1.743555389901443867e-05,0.000000000000000000e+00,-3.286260152890463360e-13
2.170000000000000000e+02,2.511216119951933390e+00,1.677678346918717541e-04,4.150000000000000000e+02,1.245000000000000000e+03,0.000000000000000000e+00,1.733190813240526040e-03,2.414215216853833005e-03,1.811574173437638843e-05,0.000000000000000000e+00,-3.321787289678468369e-13
2.180000000000000000e+02,2.511048424457003048e+00,1.676954949299928898e-04,4.140000000000000000e+02,1.242000000000000000e+03,0.000000000000000000e+00,1.703605821262499376e-03,2.420128955392471855e-03,1.762251448204167409e-05,0.000000000000000000e+00,-3.321787289678468369e-13
2.190000000000000000e+02,2.510880801103418491e+00,1.676233535844491183e-04,4.130000000000000000e+02,1.239000000000000000e+03,0.000000000000000000e+00,1.682871364749871645e-03,2.426049875592779272e-03,1.779330629581539884e-05,0.000000000000000000e+00,-3.326228181776968995e-13
2.200000000000000000e+02,2.510713249694138227e+00,1.675514092765856267e-04,4.120000000000000000e+02,1.236000000000000000e+03,0.000000000000000000e+00,1.671009133019651927e-03,2.431977977133874778e-03,1.759620917974026331e-05,0.000000000000000000e+00,-3.361755318564974004e-13
2.210000000000000000e+02,2.510545770033493884e+00,1.674796606434824655e-04,4.110000000000000000e+02,1.233000000000000000e+03,0.000000000000000000e+00,1.668040814848836817e-03,2.437913259694257737e-03,1.684919217981677955e-05,0.000000000000000000e+00,-3.370637102761975257e-13
2.220000000000000000e+02,2.510378361927157354e+00,1.674081063376147869e-04,4.100000000000000000e+02,1.230000000000000000e+03,0.000000000000000000e+00,1.673988097934397956e-03,2.443855722951804744e-03,1.747536184626570353e-05,0.000000000000000000e+00,-3.357314426466473378e-13
2.230000000000000000e+02,2.510211025182125688e+00,1.673367450269093589e-04,4.090000000000000000e+02,1.227000000000000000e+03,0.000000000000000000e+00,1.688872670712271429e-03,2.449805366583764858e-03,1.783726655791571293e-05,0.000000000000000000e+00,-3.406164239549980266e-13
2.240000000000000000e+02,2.510043759606729985e+00,1.672655753940957785e-04,4.080000000000000000e+02,1.224000000000000000e+03,0.000000000000000000e+00,1.712716219913090754e-03,2.455762190266768709e-03,1.728419141130967346e-05,0.000000000000000000e+00,-3.423927807943982771e-13
2.250000000000000000e+02,2.509876565010590088e+00,1.671945961366943015e-04,4.070000000000000000e+02,1.221000000000000000e+03,0.000000000000000000e+00,1.745540431898007228e-03,2.461726193676826331e-03,1.778637710320936889e-05,0.000000000000000000e+00,-3.455014052633487154e-13
2.260000000000000000e+02,2.509709441204621694e+00,1.671238059668074050e-04,4.060000000000000000e+02,1.218000000000000000e+03,0.000000000000000000e+00,1.787366992800798471e-03,2.467697376489321089e-03,1.749210656147835187e-05,0.000000000000000000e+00,-3.472777621027489658e-13
2.270000000000000000e+02,2.509542388001009261e+00,1.670532036109517629e-04,4.050000000000000000e+02,1.215000000000000000e+03,0.000000000000000000e+00,1.838217588868928942e-03,2.473675738379011411e-03,1.771680923480302596e-05,0.000000000000000000e+00,-3.486100297322991537e-13
2.280000000000000000e+02,2.509375405213197574e+00,1.669827878094609316e-04,4.040000000000000000e+02,1.212000000000000000e+03,0.000000000000000000e+00,1.898113904218234893e-03,2.479661279020042939e-03,1.772593540365750316e-05,0.000000000000000000e+00,-3.508304757815494668e-13
2.290000000000000000e+02,2.509208492655882861e+00,1.669125573167800367e-04,4.030000000000000000e+02,1.209000000000000000e+03,0.000000000000000000e+00,1.967077623902468986e-03,2.485653998085928570e-03,1.771944792561516214e-05,0.000000000000000000e+00,-3.486100297322991537e-13
2.300000000000000000e+02,2.509041650144980373e+00,1.668425109009110134e-04,4.020000000000000000e+02,1.206000000000000000e+03,0.000000000000000000e+00,2.045130431866937215e-03,2.491653895249563641e-03,1.749483591597162697e-05,0.000000000000000000e+00,-3.503863865716994042e-13
2.310000000000000000e+02,2.508874877497630607e+00,1.667726473432859448e-04,4.010000000000000000e+02,1.203000000000000000e+03,0.000000000000000000e+00,2.132294011431667968e-03,2.497660970183220724e-03,1.800993912749857914e-05,0.000000000000000000e+00,-3.566036355096002808e-13
2.320000000000000000e+02,2.508708174532192192e+00,1.667029654385798743e-04,4.000000000000000000e+02,1.200000000000000000e+03,0.000000000000000000e+00,2.228590045405098863e-03,2.503675222558552228e-03,1.742146564850153317e-05,0.000000000000000000e+00,-3.566036355096002808e-13
2.330000000000000000e+02,2.508541541068197489e+00,1.666334639945345414e-04,3.990000000000000000e+02,1.197000000000000000e+03,0.000000000000000000e+00,2.334040216226185294e-03,2.509696652046583022e-03,1.745360793345293132e-05,0.000000000000000000e+00,-3.566036355096002808e-13
2.340000000000000000e+02,2.508374976926361910e+00,1.665641418317703000e-04,3.980000000000000000e+02,1.194000000000000000e+03,0.000000000000000000e+00,2.448666206021243852e-03,2.515725258317717816e-03,1.791163945154488170e-05,0.000000000000000000e+00,-3.606004383982508443e-13
2.350000000000000000e+02,2.508208481928564826e+00,1.664949977923941410e-04,3.980000000000000000e+02,1.193000000000000000e+03,0.000000000000000000e+00,5.071342351925522962e-05,2.521776272963051346e-03,1.773641706329388474e-05,0.000000000000000000e+00,-3.654854197066015331e-13
2.360000000000000000e+02,2.508042055897839795e+00,1.664260307263636281e-04,3.970000000000000000e+02,1.190000000000000000e+03,0.000000000000000000e+00,1.777130809159643832e-04,2.527819286592887169e-03,1.768751894905255551e-05,0.000000000000000000e+00,-3.641531520770513453e-13
2.370000000000000000e+02,2.507875698658361241e+00,1.663572394800070392e-04,3.960000000000000000e+02,1.187000000000000000e+03,0.000000000000000000e+00,3.139464236028288724e-04,2.533869476144002490e-03,1.732111334727563245e-05,0.000000000000000000e+00,-3.623767952376510948e-13
2.380000000000000000e+02,2.507709410035436903e+00,1.662886229233726107e-04,3.950000000000000000e+02,1.184000000000000000e+03,0.000000000000000000e+00,4.594351316029587906e-04,2.539926841284467513e-03,1.780653728641328902e-05,0.000000000000000000e+00,-3.632649736573512200e-13
2.390000000000000000e+02,2.507543189855496291e+00,1.662201799384078332e-04,3.940000000000000000e+02,1.181000000000000000e+03,0.000000000000000000e+00,6.142008843141866237e-04,2.545991381681729244e-03,1.758198270359901663e-05,0.000000000000000000e+00,-3.654854197066015331e-13
2.400000000000000000e+02,2.507377037946077802e+00,1.661519094188221106e-04,3.930000000000000000e+02,1.178000000000000000e+03,0.000000000000000000e+00,7.782653607364409254e-04,2.552063097002611920e-03,1.759359827773617581e-05,0.000000000000000000e+00,-3.654854197066015331e-13
2.410000000000000000e+02,2.507210954062805808e+00,1.660838832685321829e-04,3.920000000000000000e+02,1.175000000000000000e+03,0.000000000000000000e+00,9.516502392727943516e-04,2.558141986913317883e-03,1.755868938675720039e-05,0.000000000000000000e+00,-3.685940441755519714e-13
2.420000000000000000e+02,2.507044937963622377e+00,1.660160991787253495e-04,3.910000000000000000e+02,1.173000000000000000e+03,0.000000000000000000e+00,1.134377197786307079e-03,2.564228051079428874e-03,1.788431527656664382e-05,0.000000000000000000e+00,-3.734790254839026602e-13
2.430000000000000000e+02,2.506878989480149311e+00,1.659484834758313278e-04,3.900000000000000000e+02,1.170000000000000000e+03,0.000000000000000000e+00,1.326467914452678087e-03,2.570321289165898235e-03,1.689723628610360939e-05,0.000000000000000000e+00,-3.708144902248022845e-13
2.440000000000000000e+02,2.506713108444831750e+00,1.658810353132542667e-04,3.890000000000000000e+02,1.167000000000000000e+03,0.000000000000000000e+00,1.527944064662278834e-03,2.576421700837072150e-03,1.786756736391264340e-05,0.000000000000000000e+00,-3.752553823233029107e-13
2.450000000000000000e+02,2.506547294691087391e+00,1.658137537424401596e-04,3.880000000000000000e+02,1.164000000000000000e+03,0.000000000000000000e+00,1.738827325226566245e-03,2.582529285756660596e-03,1.731261868683697726e-05,0.000000000000000000e+00,-3.770317391627031611e-13
2.460000000000000000e+02,2.506381548053298935e+00,1.657466377876037715e-04,3.870000000000000000e+02,1.161000000000000000e+03,0.000000000000000000e+00,1.959139371990659129e-03,2.588644043587756856e-03,1.752596397281908823e-05,0.000000000000000000e+00,-3.779199175824032864e-13
2.470000000000000000e+02,2.506215868366833632e+00,1.656796864646945065e-04,3.860000000000000000e+02,1.158000000000000000e+03,0.000000000000000000e+00,2.188901879804916462e-03,2.594765973992834915e-03,1.776652156670152597e-05,0.000000000000000000e+00,-3.783640067922533490e-13
2.480000000000000000e+02,2.506050255468037946e+00,1.656128987891798134e-04,3.850000000000000000e+02,1.155000000000000000e+03,0.000000000000000000e+00,2.428136523377588674e-03,2.600895076633744259e-03,1.762473989748980293e-05,0.000000000000000000e+00,-3.850253449400042882e-13
2.490000000000000000e+02,2.505884709194246440e+00,1.655462737917487979e-04,3.850000000000000000e+02,1.154000000000000000e+03,0.000000000000000000e+00,6.981761430324695539e-05,2.607047362161587101e-03,1.744520069304804640e-05,0.000000000000000000e+00,-3.845812557301542256e-13
2.500000000000000000e+02,2.505719229383730706e+00,1.654798105158656653e-04,3.840000000000000000e+02,1.151000000000000000e+03,0.000000000000000000e+00,3.219180484563821665e-04,2.613190864885207333e-03,1.753972557719990475e-05,0.000000000000000000e+00,-3.845812557301542256e-13
2.510000000000000000e+02,2.505553815875766421e+00,1.654135079617402939e-04,3.830000000000000000e+02,1.148000000000000000e+03,0.000000000000000000e+00,5.835484673468727124e-04,2.619341538959302391e-03,1.757619474279110606e-05,0.000000000000000000e+00,-3.872457909892546013e-13
2.520000000000000000e+02,2.505388468510602262e+00,1.653473651666925801e-04,3.820000000000000000e+02,1.145000000000000000e+03,0.000000000000000000e+00,8.547305425281592761e-04,2.625499384043392462e-03,1.801752171342458814e-05,0.000000000000000000e+00,-3.845812557301542256e-13
2.530000000000000000e+02,2.505223187129423490e+00,1.652813811761430908e-04,3.810000000000000000e+02,1.143000000000000000e+03,0.000000000000000000e+00,1.135485947713732457e-03,2.631664399796363255e-03,1.738199384815885881e-05,0.000000000000000000e+00,-3.872457909892546013e-13
2.540000000000000000e+02,2.505057971574375486e+00,1.652155550431714951e-04,3.800000000000000000e+02,1.140000000000000000e+03,0.000000000000000000e+00,1.425836354343346102e-03,2.637836585876488123e-03,1.735187918843287549e-05,0.000000000000000000e+00,-3.921307722976052901e-13
2.550000000000000000e+02,2.504892821688545546e+00,1.651498858288570040e-04,3.790000000000000000e+02,1.137000000000000000e+03,0.000000000000000000e+00,1.725803432520933711e-03,2.644015941941424159e-03,1.765079152189159419e-05,0.000000000000000000e+00,-3.930189507173054153e-13
2.560000000000000000e+02,2.504727737315942449e+00,1.650843726027239233e-04,3.780000000000000000e+02,1.134000000000000000e+03,0.000000000000000000e+00,2.035408853089393233e-03,2.650202467648197883e-03,1.744979785583917136e-05,0.000000000000000000e+00,-3.934630399271554779e-13
2.570000000000000000e+02,2.504562718301500013e+00,1.650190144425446267e-04,3.770000000000000000e+02,1.131000000000000000e+03,0.000000000000000000e+00,2.354674286095814750e-03,2.656396162653217388e-03,1.740943116866116100e-05,0.000000000000000000e+00,-3.934630399271554779e-13
2.580000000000000000e+02,2.504397764491057110e+00,1.649538104378833519e-04,3.770000000000000000e+02,1.130000000000000000e+03,0.000000000000000000e+00,2.100784791991827660e-05,2.662613552202253847e-03,1.794295848934962859e-05,0.000000000000000000e+00,-3.983480212355061667e-13
2.590000000000000000e+02,2.504232875731322139e+00,1.648887597336078906e-04,3.760000000000000000e+02,1.127000000000000000e+03,0.000000000000000000e+00,3.534502227466873592e-04,2.668821642600077790e-03,1.774399680837524844e-05,0.000000000000000000e+00,-3.996802888650563546e-13
2.600000000000000000e+02,2.504068051869943634e+00,1.648238613795370653e-04,3.750000000000000000e+02,1.124000000000000000e+03,0.000000000000000000e+00,6.956104461437462305e-04,2.675036901395845979e-03,1.730281773324412973e-05,0.000000000000000000e+00,-3.987921104453562293e-13
2.610000000000000000e+02,2.503903292755452981e+00,1.647591144868674952e-04,3.740000000000000000e+02,1.122000000000000000e+03,0.000000000000000000e+00,1.047510188357136940e-03,2.681259328243620291e-03,1.785026276883894172e-05,0.000000000000000000e+00,-4.023448241241567302e-13
2.620000000000000000e+02,2.503738598237274182e+00,1.646945181742846007e-04,3.730000000000000000e+02,1.119000000000000000e+03,0.000000000000000000e+00,1.409171114971741190e-03,2.687488922796866728e-03,1.729671036159713252e-05,0.000000000000000000e+00,-4.072298054325074190e-13
2.630000000000000000e+02,2.503573968165707431e+00,1.646300715691710820e-04,3.720000000000000000e+02,1.116000000000000000e+03,0.000000000000000000e+00,1.780614894641985302e-03,2.693725684708404670e-03,1.763452342286956227e-05,0.000000000000000000e+00,-4.045652701734070433e-13
2.640000000000000000e+02,2.503409402391898908e+00,1.645657738062553262e-04,3.710000000000000000e+02,1.113000000000000000e+03,0.000000000000000000e+00,2.161863191304291831e-03,2.699969613630463262e-03,1.748170563406437425e-05,0.000000000000000000e+00,-4.067857162226573564e-13
2.650000000000000000e+02,2.503244900767868764e+00,1.645016240287446420e-04,3.700000000000000000e+02,1.110000000000000000e+03,0.000000000000000000e+00,2.552937671509880602e-03,2.706220709214627197e-03,1.779059933530713943e-05,0.000000000000000000e+00,-4.081179838522075443e-13
2.660000000000000000e+02,2.503080463146438284e+00,1.644376214295716174e-04,3.700000000000000000e+02,1.109000000000000000e+03,0.000000000000000000e+00,2.413640382314952149e-04,2.712495963263898430e-03,1.746778564240546882e-05,0.000000000000000000e+00,-4.090061622719076695e-13
2.670000000000000000e+02,2.502916089381284515e+00,1.643737651534181844e-04,3.690000000000000000e+02,1.106000000000000000e+03,0.000000000000000000e+00,6.458903932298198924e-04,2.718761450032641455e-03,1.818519281867566798e-05,0.000000000000000000e+00,-4.094502514817577321e-13
2.680000000000000000e+02,2.502751779326942927e+00,1.643100543403786635e-04,3.680000000000000000e+02,1.104000000000000000e+03,0.000000000000000000e+00,1.060300759775145707e-03,2.725034102549941072e-03,1.746243072966469710e-05,0.000000000000000000e+00,-4.107825191113079200e-13
2.690000000000000000e+02,2.502587532838773665e+00,1.642464881644569092e-04,3.670000000000000000e+02,1.101000000000000000e+03,0.000000000000000000e+00,1.484616801121774188e-03,2.731313920465060045e-03,1.811072521710932102e-05,0.000000000000000000e+00,-4.156675004196586087e-13
2.700000000000000000e+02,2.502423349772969985e+00,1.641830658073434443e-04,3.660000000000000000e+02,1.098000000000000000e+03,0.000000000000000000e+00,1.918860180808223959e-03,2.737600903426635340e-03,1.793660244817361541e-05,0.000000000000000000e+00,-4.121147867408581078e-13
2.710000000000000000e+02,2.502259229986503630e+00,1.641197864577531205e-04,3.650000000000000000e+02,1.095000000000000000e+03,0.000000000000000000e+00,2.363052559132938768e-03,2.743895051082696768e-03,1.728058031750450706e-05,0.000000000000000000e+00,-4.205524817280092975e-13
2.720000000000000000e+02,2.502095173337179901e+00,1.640566493241857446e-04,3.650000000000000000e+02,1.094000000000000000e+03,0.000000000000000000e+00,6.700188981767496443e-05,2.750213710879373212e-03,1.755480971118894871e-05,0.000000000000000000e+00,-4.201083925181592349e-13
2.730000000000000000e+02,2.501931179683513307e+00,1.639936536662012180e-04,3.640000000000000000e+02,1.091000000000000000e+03,0.000000000000000000e+00,5.248487186122474668e-04,2.756522246589489245e-03,1.727906285183462254e-05,0.000000000000000000e+00,-4.205524817280092975e-13
2.740000000000000000e+02,2.501767248884884332e+00,1.639307986286327732e-04,3.630000000000000000e+02,1.089000000000000000e+03,0.000000000000000000e+00,9.927023673981238971e-04,2.762837946070732797e-03,1.747828021660469537e-05,0.000000000000000000e+00,-4.209965709378593601e-13
2.750000000000000000e+02,2.501603380801451060e+00,1.638680834295644828e-04,3.620000000000000000e+02,1.086000000000000000e+03,0.000000000000000000e+00,1.470584496757965098e-03,2.769160808968787902e-03,1.750426027998783001e-05,0.000000000000000000e+00,-4.245492846166598611e-13
2.760000000000000000e+02,2.501439575294158502e+00,1.638055072940656359e-04,3.610000000000000000e+02,1.083000000000000000e+03,0.000000000000000000e+00,1.958516766364937212e-03,2.775490834928722762e-03,1.745385219704944301e-05,0.000000000000000000e+00,-4.227729277772596106e-13
2.770000000000000000e+02,2.501275832224702622e+00,1.637430694541819288e-04,3.600000000000000000e+02,1.080000000000000000e+03,0.000000000000000000e+00,2.456520835437459027e-03,2.781828023594984552e-03,1.783597448832604986e-05,0.000000000000000000e+00,-4.245492846166598611e-13
2.780000000000000000e+02,2.501112151455518795e+00,1.636807691793758777e-04,3.600000000000000000e+02,1.079000000000000000e+03,0.000000000000000000e+00,1.764282794169957924e-04,2.788190082967826472e-03,1.785879246673063834e-05,0.000000000000000000e+00,-4.289901767151604872e-13
2.790000000000000000e+02,2.500948532849774697e+00,1.636186057430063774e-04,3.590000000000000000e+02,1.076000000000000000e+03,0.000000000000000000e+00,6.882893496253927879e-04,2.794541656522067825e-03,1.753888310612026114e-05,0.000000000000000000e+00,-4.303224443447106751e-13
2.800000000000000000e+02,2.500784976271432036e+00,1.635565783406992013e-04,3.580000000000000000e+02,1.074000000000000000e+03,0.000000000000000000e+00,1.210280030534249818e-03,2.800900391849486283e-03,1.751311444522597724e-05,0.000000000000000000e+00,-4.320988011841109255e-13
2.810000000000000000e+02,2.500621481585200812e+00,1.634946862317999039e-04,3.570000000000000000e+02,1.071000000000000000e+03,0.000000000000000000e+00,1.742421981134611997e-03,2.807266288592188443e-03,1.733361273645450600e-05,0.000000000000000000e+00,-4.316547119742608629e-13
2.820000000000000000e+02,2.500458048656513554e+00,1.634329286816806862e-04,3.560000000000000000e+02,1.068000000000000000e+03,0.000000000000000000e+00,2.284736856609015376e-03,2.813639346391678953e-03,1.731229860570077678e-05,0.000000000000000000e+00,-4.369837824924616143e-13
2.830000000000000000e+02,2.500294677351551087e+00,1.633713049655819945e-04,3.560000000000000000e+02,1.067000000000000000e+03,0.000000000000000000e+00,1.720873655131072155e-05,2.820037577513958161e-03,1.765265192976808354e-05,0.000000000000000000e+00,-4.338751580235111760e-13
2.840000000000000000e+02,2.500131367537095528e+00,1.633098144523490055e-04,3.550000000000000000e+02,1.064000000000000000e+03,0.000000000000000000e+00,5.735469904948331532e-04,2.826425017581921193e-03,1.767721507181544631e-05,0.000000000000000000e+00,-4.374278717023116769e-13
2.850000000000000000e+02,2.499968119080758999e+00,1.632484563348305523e-04,3.540000000000000000e+02,1.062000000000000000e+03,0.000000000000000000e+00,1.140115975431399420e-03,2.832819617765422893e-03,1.787947468792428220e-05,0.000000000000000000e+00,-4.392042285417119274e-13
2.860000000000000000e+02,2.499804931850852174e+00,1.631872299041309650e-04,3.530000000000000000e+02,1.059000000000000000e+03,0.000000000000000000e+00,1.716937346316171897e-03,2.839221377703630370e-03,1.741003136107128281e-05,0.000000000000000000e+00,-4.418687638008123031e-13
2.870000000000000000e+02,2.499641805716394938e+00,1.631261344574862519e-04,3.520000000000000000e+02,1.056000000000000000e+03,0.000000000000000000e+00,2.304032757251661678e-03,2.845630297035086232e-03,1.793987984092480973e-05,0.000000000000000000e+00,-4.414246745909622405e-13
2.880000000000000000e+02,2.499478740547085298e+00,1.630651693065217356e-04,3.520000000000000000e+02,1.055000000000000000e+03,0.000000000000000000e+00,4.935916433623788180e-05,2.852064695745235370e-03,1.758321201933410382e-05,0.000000000000000000e+00,-4.445332990599126788e-13
2.890000000000000000e+02,2.499315736213239436e+00,1.630043338481506623e-04,3.510000000000000000e+02,1.052000000000000000e+03,0.000000000000000000e+00,6.506443152147767250e-04,2.858487994701486377e-03,1.776013548646985488e-05,0.000000000000000000e+00,-4.423128530106623657e-13
2.900000000000000000e+02,2.499152792585932481e+00,1.629436273030582954e-04,3.500000000000000000e+02,1.050000000000000000e+03,0.000000000000000000e+00,1.262261304077583191e-03,2.864918452101661815e-03,1.739476957866533026e-05,0.000000000000000000e+00,-4.463096558993129293e-13
2.910000000000000000e+02,2.498989909536941223e+00,1.628830489927313998e-04,3.490000000000000000e+02,1.047000000000000000e+03,0.000000000000000000e+00,1.884231784742951277e-03,2.871356067581968489e-03,1.766635474049864713e-05,0.000000000000000000e+00,-4.445332990599126788e-13
2.920000000000000000e+02,2.498827086938695707e+00,1.628225982438386303e-04,3.480000000000000000e+02,1.044000000000000000e+03,0.000000000000000000e+00,2.516577406538544892e-03,2.877800840778016456e-03,1.732110764961884583e-05,0.000000000000000000e+00,-4.463096558993129293e-13
2.930000000000000000e+02,2.498664324664255254e+00,1.627622744371475655e-04,3.480000000000000000e+02,1.043000000000000000e+03,0.000000000000000000e+00,2.750484189846247318e-04,2.884271402867402516e-03,1.778011896431187414e-05,0.000000000000000000e+00,-4.498623695781134302e-13
2.940000000000000000e+02,2.498501622587321780e+00,1.627020769274654304e-04,3.470000000000000000e+02,1.040000000000000000e+03,0.000000000000000000e+00,9.217501258831362065e-04,2.890730553020403552e-03,1.777307460994667689e-05,0.000000000000000000e+00,-4.556355293061642442e-13
2.950000000000000000e+02,2.498338980582324620e+00,1.626420049961554862e-04,3.460000000000000000e+02,1.038000000000000000e+03,0.000000000000000000e+00,1.578884768321131560e-03,2.897196859931715565e-03,1.761831734523812052e-05,0.000000000000000000e+00,-4.565237077258643694e-13
2.960000000000000000e+02,2.498176398524334374e+00,1.625820579925980381e-04,3.450000000000000000e+02,1.035000000000000000e+03,0.000000000000000000e+00,2.246473994318876066e-03,2.903670323234617146e-03,1.774930616156948762e-05,0.000000000000000000e+00,-4.543032616766140563e-13
2.970000000000000000e+02,2.498013876289058466e+00,1.625222352743890147e-04,3.450000000000000000e+02,1.034000000000000000e+03,0.000000000000000000e+00,1.436962713796674507e-05,2.910169825610440901e-03,1.772323305692172902e-05,0.000000000000000000e+00,-4.556355293061642442e-13
2.980000000000000000e+02,2.497851413752735450e+00,1.624625363155460548e-04,3.440000000000000000e+02,1.031000000000000000e+03,0.000000000000000000e+00,6.964451279714012344e-04,2.916657663774741786e-03,1.762761915792303418e-05,0.000000000000000000e+00,-4.631850458736153087e-13
2.990000000000000000e+02,2.497689010792373487e+00,1.624029603673918611e-04,3.430000000000000000e+02,1.029000000000000000e+03,0.000000000000000000e+00,1.389033000634753989e-03,2.923152657366832018e-03,1.770681873645998274e-05,0.000000000000000000e+00,-4.578559753554145573e-13
3.000000000000000000e+02,2.497526667285567381e+00,1.623435068008465291e-04,3.420000000000000000e+02,1.026000000000000000e+03,0.000000000000000000e+00,2.092154890988240368e-03,2.929654806017664790e-03,1.792366879365119787e-05,0.000000000000000000e+00,-4.631850458736153087e-13
3.010000000000000000e+02,2.497364383123851450e+00,1.622841617155337389e-04,3.410000000000000000e+02,1.023000000000000000e+03,0.000000000000000000e+00,2.805832447222655901e-03,2.936164109357550581e-03,1.716931843064829216e-05,0.000000000000000000e+00,-4.636291350834653713e-13
3.020000000000000000e+02,2.497202158199018918e+00,1.622249248284945858e-04,3.410000000000000000e+02,1.022000000000000000e+03,0.000000000000000000e+00,5.873875463180411316e-04,2.942699767559849456e-03,1.745622759456664702e-05,0.000000000000000000e+00,-4.676259379721159348e-13
3.030000000000000000e+02,2.497039992390376995e+00,1.621658086432497224e-04,3.400000000000000000e+02,1.020000000000000000e+03,0.000000000000000000e+00,1.315717692818907381e-03,2.949223443050124314e-03,1.760126499718582920e-05,0.000000000000000000e+00,-4.662936703425657470e-13
3.040000000000000000e+02,2.496877885577884371e+00,1.621068124896393660e-04,3.390000000000000000e+02,1.017000000000000000e+03,0.000000000000000000e+00,2.054661286024384026e-03,2.955754272257576400e-03,1.748962678025011566e-05,0.000000000000000000e+00,-4.694022948115161853e-13
3.050000000000000000e+02,2.496715837642139224e+00,1.620479357455491775e-04,3.380000000000000000e+02,1.014000000000000000e+03,0.000000000000000000e+00,2.804239968668298388e-03,2.962292254810215512e-03,1.754317901986112444e-05,0.000000000000000000e+00,-4.689582056016661227e-13
3.060000000000000000e+02,2.496553848464230008e+00,1.619891779048222456e-04,3.380000000000000000e+02,1.013000000000000000e+03,0.000000000000000000e+00,5.956185378863665392e-04,2.968856847451197510e-03,1.749286400274745778e-05,0.000000000000000000e+00,-4.733990977001667488e-13
3.070000000000000000e+02,2.496391917925938397e+00,1.619305382912701358e-04,3.370000000000000000e+02,1.011000000000000000e+03,0.000000000000000000e+00,1.359979978872161155e-03,2.975409200024686091e-03,1.777052264640211675e-05,0.000000000000000000e+00,-4.733990977001667488e-13
3.080000000000000000e+02,2.496230045909652251e+00,1.618720162822749511e-04,3.360000000000000000e+02,1.008000000000000000e+03,0.000000000000000000e+00,2.135034285515757801e-03,2.981968704965107762e-03,1.790920525173454451e-05,0.000000000000000000e+00,-4.773959005888173124e-13
3.090000000000000000e+02,2.496068232298364720e+00,1.618136112890682370e-04,3.350000000000000000e+02,1.005000000000000000e+03,0.000000000000000000e+00,2.920803099982549611e-03,2.988535361898135220e-03,1.748177546591955030e-05,0.000000000000000000e+00,-4.760636329592671245e-13
3.100000000000000000e+02,2.495906476975510824e+00,1.617553228543771020e-04,3.350000000000000000e+02,1.004000000000000000e+03,0.000000000000000000e+00,7.221791777283215197e-04,2.995128886404592634e-03,1.755995334322465798e-05,0.000000000000000000e+00,-4.756195437494170619e-13
3.110000000000000000e+02,2.495744779825218806e+00,1.616971502879554275e-04,3.340000000000000000e+02,1.002000000000000000e+03,0.000000000000000000e+00,1.522860907243739348e-03,3.001709911213977511e-03,1.762237836498645532e-05,0.000000000000000000e+00,-4.796163466380676255e-13
3.120000000000000000e+02,2.495583140732214655e+00,1.616390930050670964e-04,3.330000000000000000e+02,9.990000000000000000e+02,0.000000000000000000e+00,2.334314915060531348e-03,3.008298087031349537e-03,1.769043615977419960e-05,0.000000000000000000e+00,-4.787281682183675002e-13
3.130000000000000000e+02,2.495421559581751936e+00,1.615811504625234052e-04,3.330000000000000000e+02,9.980000000000000000e+02,0.000000000000000000e+00,1.416495154558106151e-04,3.014913325109291626e-03,1.755600467050619232e-05,0.000000000000000000e+00,-4.787281682183675002e-13
3.140000000000000000e+02,2.495260036259554504e+00,1.615233221923671378e-04,3.320000000000000000e+02,9.950000000000000000e+02,0.000000000000000000e+00,9.681104579044585989e-04,3.021515867256201540e-03,1.770595752334802947e-05,0.000000000000000000e+00,-4.840572387365682516e-13
3.150000000000000000e+02,2.495098570652035441e+00,1.614656075181979524e-04,3.310000000000000000e+02,9.930000000000000000e+02,0.000000000000000000e+00,1.805401445551524375e-03,3.028125559421816597e-03,1.740259367155184330e-05,0.000000000000000000e+00,-4.845013279464183142e-13
3.160000000000000000e+02,2.494937162646148732e+00,1.614080058862758793e-04,3.300000000000000000e+02,9.900000000000000000e+02,0.000000000000000000e+00,2.653544116299144662e-03,3.034742401227780162e-03,1.747009287153234740e-05,0.000000000000000000e+00,-4.849454171562683769e-13
3.170000000000000000e+02,2.494775812129315540e+00,1.613505168298477635e-04,3.300000000000000000e+02,9.890000000000000000e+02,0.000000000000000000e+00,4.711735421096818754e-04,3.041386566757444884e-03,1.768199744047855529e-05,0.000000000000000000e+00,-4.884981308350688778e-13
3.180000000000000000e+02,2.494614518989523688e+00,1.612931397902635006e-04,3.290000000000000000e+02,9.870000000000000000e+02,0.000000000000000000e+00,1.334453287199721672e-03,3.048017772722583923e-03,1.792992635200056406e-05,0.000000000000000000e+00,-4.902744876744691283e-13
3.190000000000000000e+02,2.494453283115364073e+00,1.612358741603639109e-04,3.280000000000000000e+02,9.840000000000000000e+02,0.000000000000000000e+00,2.208642477114608482e-03,3.054656127332419993e-03,1.711044527215849047e-05,0.000000000000000000e+00,-4.893863092547690030e-13
3.200000000000000000e+02,2.494292104395949394e+00,1.611787194099651062e-04,3.280000000000000000e+02,9.830000000000000000e+02,0.000000000000000000e+00,3.244074537178676110e-05,3.061322003349659093e-03,1.741452395394968810e-05,0.000000000000000000e+00,-4.938272013532696292e-13
3.210000000000000000e+02,2.494130982720795586e+00,1.611216751512592720e-04,3.270000000000000000e+02,9.800000000000000000e+02,0.000000000000000000e+00,9.218610161951801274e-04,3.067974720552993362e-03,1.782134158642346462e-05,0.000000000000000000e+00,-4.964917366123700049e-13
3.220000000000000000e+02,2.493969917980085604e+00,1.610647407087599948e-04,3.260000000000000000e+02,9.780000000000000000e+02,0.000000000000000000e+00,1.822248490611855232e-03,3.074634585400706777e-03,1.742748329841990111e-05,0.000000000000000000e+00,-4.978240042419201927e-13
3.230000000000000000e+02,2.493808910064527318e+00,1.610079155590005877e-04,3.250000000000000000e+02,9.750000000000000000e+02,0.000000000000000000e+00,2.733624802374379215e-03,3.081301597510413375e-03,1.720895501244934904e-05,0.000000000000000000e+00,-4.969358258222200675e-13
3.240000000000000000e+02,2.493647958865245151e+00,1.609511992820910980e-04,3.250000000000000000e+02,9.740000000000000000e+02,0.000000000000000000e+00,5.680151892306639638e-04,3.087996396498683682e-03,1.731795937580655722e-05,0.000000000000000000e+00,-4.973799150320701301e-13
3.250000000000000000e+02,2.493487064273916864e+00,1.608945913259334447e-04,3.240000000000000000e+02,9.720000000000000000e+02,0.000000000000000000e+00,1.494752703649737668e-03,3.094677769005672614e-03,1.800614386647568857e-05,0.000000000000000000e+00,-4.996003610813204432e-13
3.260000000000000000e+02,2.493326226182798422e+00,1.608380911185527333e-04,3.230000000000000000e+02,9.690000000000000000e+02,0.000000000000000000e+00,2.432536808498753089e-03,3.101366287767975613e-03,1.768008608690817100e-05,0.000000000000000000e+00,-4.996003610813204432e-13
3.270000000000000000e+02,2.493165444484590765e+00,1.607816982004806440e-04,3.230000000000000000e+02,9.680000000000000000e+02,0.000000000000000000e+00,2.733063416258119105e-04,3.108082794111603590e-03,1.800475262310443213e-05,0.000000000000000000e+00,-5.067057884389214450e-13
3.280000000000000000e+02,2.493004719072453579e+00,1.607254121392400707e-04,3.220000000000000000e+02,9.660000000000000000e+02,0.000000000000000000e+00,1.226545643703502719e-03,3.114785671686653035e-03,1.756666461112032647e-05,0.000000000000000000e+00,-5.044853423896711320e-13
3.290000000000000000e+02,2.492844049840134524e+00,1.606692323181928435e-04,3.210000000000000000e+02,9.630000000000000000e+02,0.000000000000000000e+00,2.190889284008790128e-03,3.121495694505682737e-03,1.736829995089503794e-05,0.000000000000000000e+00,-5.053735208093712572e-13
3.300000000000000000e+02,2.492683436681880860e+00,1.606131582486425313e-04,3.210000000000000000e+02,9.620000000000000000e+02,0.000000000000000000e+00,3.812498795241481275e-05,3.128233906910016064e-03,1.691499481075030121e-05,0.000000000000000000e+00,-5.102585021177219460e-13
3.310000000000000000e+02,2.492522879492287124e+00,1.605571895965202068e-04,3.200000000000000000e+02,9.590000000000000000e+02,0.000000000000000000e+00,1.018017816477367887e-03,3.134958286949300014e-03,1.734015819971826202e-05,0.000000000000000000e+00,-5.075939668586215703e-13
3.320000000000000000e+02,2.492362378166573134e+00,1.605013257105445681e-04,3.190000000000000000e+02,9.570000000000000000e+02,0.000000000000000000e+00,2.009072728071714664e-03,3.141689811216569640e-03,1.765061359878457065e-05,0.000000000000000000e+00,-5.111466805374220712e-13
3.330000000000000000e+02,2.492201932600464520e+00,1.604455661062284088e-04,3.180000000000000000e+02,9.540000000000000000e+02,0.000000000000000000e+00,3.011311351428958005e-03,3.148428479323705717e-03,1.781820582382562544e-05,0.000000000000000000e+00,-5.133671265866723843e-13
3.340000000000000000e+02,2.492041542690012434e+00,1.603899104553484949e-04,3.180000000000000000e+02,9.530000000000000000e+02,0.000000000000000000e+00,8.695597075529803988e-04,3.155195608265583696e-03,1.758747526278252462e-05,0.000000000000000000e+00,-5.102585021177219460e-13
3.350000000000000000e+02,2.491881208331856445e+00,1.603343581537251426e-04,3.170000000000000000e+02,9.510000000000000000e+02,0.000000000000000000e+00,1.887477615014176990e-03,3.161948631360011509e-03,1.715091709455322257e-05,0.000000000000000000e+00,-5.124789481669722591e-13
3.360000000000000000e+02,2.491720929423147712e+00,1.602789087039791145e-04,3.160000000000000000e+02,9.480000000000000000e+02,0.000000000000000000e+00,2.916636974646280578e-03,3.168708797271941290e-03,1.746624128995901654e-05,0.000000000000000000e+00,-5.173639294753229478e-13
3.370000000000000000e+02,2.491560705861375791e+00,1.602235617728936122e-04,3.160000000000000000e+02,9.470000000000000000e+02,0.000000000000000000e+00,7.815617824462606222e-04,3.175497629073789369e-03,1.787124197321906198e-05,0.000000000000000000e+00,-5.160316618457727600e-13
3.380000000000000000e+02,2.491400537544568916e+00,1.601683168027446028e-04,3.150000000000000000e+02,9.450000000000000000e+02,0.000000000000000000e+00,1.826494402735079348e-03,3.182272148361682627e-03,1.765561308568205456e-05,0.000000000000000000e+00,-5.204725539442733862e-13
3.390000000000000000e+02,2.491240424371286011e+00,1.601131732861897628e-04,3.140000000000000000e+02,9.420000000000000000e+02,0.000000000000000000e+00,2.882726209634256520e-03,3.189053809440070379e-03,1.699059204362438319e-05,0.000000000000000000e+00,-5.169198402654728852e-13
3.400000000000000000e+02,2.491080366240382649e+00,1.600581308959078870e-04,3.140000000000000000e+02,9.410000000000000000e+02,0.000000000000000000e+00,7.544144847884126648e-04,3.195864342778532638e-03,1.767421357483362401e-05,0.000000000000000000e+00,-5.244693568329239497e-13
3.410000000000000000e+02,2.490920363051282838e+00,1.600031890987649460e-04,3.130000000000000000e+02,9.390000000000000000e+02,0.000000000000000000e+00,1.826513525259088055e-03,3.202660355613602770e-03,1.733849051664077280e-05,0.000000000000000000e+00,-5.258016244624741375e-13
3.420000000000000000e+02,2.490760414703898196e+00,1.599483473876829446e-04,3.120000000000000000e+02,9.360000000000000000e+02,0.000000000000000000e+00,2.909969482402630092e-03,3.209463509207505661e-03,1.722483244390551790e-05,0.000000000000000000e+00,-5.226929999935236992e-13
3.430000000000000000e+02,2.490600521098444098e+00,1.598936054517418378e-04,3.120000000000000000e+02,9.350000000000000000e+02,0.000000000000000000e+00,7.885082376901664247e-04,3.216295742750764630e-03,1.782144205897492989e-05,0.000000000000000000e+00,-5.249134460427740123e-13
3.440000000000000000e+02,2.490440682135684369e+00,1.598389627603546579e-04,3.110000000000000000e+02,9.330000000000000000e+02,0.000000000000000000e+00,1.887925394669309753e-03,3.223113246474132443e-03,1.789248200797166014e-05,0.000000000000000000e+00,-5.244693568329239497e-13
3.450000000000000000e+02,2.490280897716862452e+00,1.597844188178060656e-04,3.100000000000000000e+02,9.300000000000000000e+02,0.000000000000000000e+00,2.998757197246959549e-03,3.229937889920001404e-03,1.732923206237090607e-05,0.000000000000000000e+00,-5.284661597215745132e-13
3.460000000000000000e+02,2.490121167743519770e+00,1.597299733395012575e-04,3.100000000000000000e+02,9.290000000000000000e+02,0.000000000000000000e+00,8.842334432301868219e-04,3.236791822327764623e-03,1.745043101627660506e-05,0.000000000000000000e+00,-5.315747841905249516e-13
3.470000000000000000e+02,2.489961492117743536e+00,1.596756257755882404e-04,3.090000000000000000e+02,9.270000000000000000e+02,0.000000000000000000e+00,2.011120405654764909e-03,3.243630814267946423e-03,1.730297582605695063e-05,0.000000000000000000e+00,-5.320188734003750142e-13
3.480000000000000000e+02,2.489801870742090806e+00,1.596213756519680911e-04,3.080000000000000000e+02,9.240000000000000000e+02,0.000000000000000000e+00,3.149479736975990818e-03,3.250476944889650437e-03,1.710507897226426103e-05,0.000000000000000000e+00,-5.329070518200751394e-13
3.490000000000000000e+02,2.489642303519369104e+00,1.595672227213210397e-04,3.080000000000000000e+02,9.230000000000000000e+02,0.000000000000000000e+00,1.041980480238180462e-03,3.257352574813172572e-03,1.750770177863755195e-05,0.000000000000000000e+00,-5.333511410299252020e-13
3.500000000000000000e+02,2.489482790352969488e+00,1.595131663925412272e-04,3.070000000000000000e+02,9.210000000000000000e+02,0.000000000000000000e+00,2.196488927665996016e-03,3.264213052286087536e-03,1.739020339614277079e-05,0.000000000000000000e+00,-5.404565683875262039e-13
3.510000000000000000e+02,2.489323331146730212e+00,1.594592062394430371e-04,3.070000000000000000e+02,9.200000000000000000e+02,0.000000000000000000e+00,9.142429166786314454e-05,3.271103170153624728e-03,1.736699888297162629e-05,0.000000000000000000e+00,-5.404565683875262039e-13
3.520000000000000000e+02,2.489163925804716015e+00,1.594053420149814631e-04,3.060000000000000000e+02,9.180000000000000000e+02,0.000000000000000000e+00,1.262139708444465214e-03,3.277977993476953542e-03,1.761578029612949827e-05,0.000000000000000000e+00,-5.395683899678260786e-13
3.530000000000000000e+02,2.489004574231600930e+00,1.593515731121662715e-04,3.050000000000000000e+02,9.150000000000000000e+02,0.000000000000000000e+00,2.444421309974131873e-03,3.284859953785937165e-03,1.728605695242334462e-05,0.000000000000000000e+00,-5.422329252269264543e-13
3.540000000000000000e+02,2.488845276332425804e+00,1.592978991768059056e-04,3.050000000000000000e+02,9.140000000000000000e+02,0.000000000000000000e+00,3.465189466851370526e-04,3.291771767052066588e-03,1.757520688975550404e-05,0.000000000000000000e+00,-5.409006575973762665e-13
3.550000000000000000e+02,2.488686032012539684e+00,1.592443198855585617e-04,3.040000000000000000e+02,9.120000000000000000e+02,0.000000000000000000e+00,1.545101464273557212e-03,3.298668071555442387e-03,1.743593615271422502e-05,0.000000000000000000e+00,-5.413447468072263291e-13
3.560000000000000000e+02,2.488526841177854276e+00,1.591908346802860144e-04,3.030000000000000000e+02,9.090000000000000000e+02,0.000000000000000000e+00,2.755307878942403477e-03,3.305571511991242141e-03,1.742049115010137946e-05,0.000000000000000000e+00,-5.462297281155770179e-13
3.570000000000000000e+02,2.488367703734583714e+00,1.591374432718646939e-04,3.030000000000000000e+02,9.080000000000000000e+02,0.000000000000000000e+00,6.646547880109210382e-04,3.312505019285108543e-03,1.735869779549433189e-05,0.000000000000000000e+00,-5.453415496958768927e-13
3.580000000000000000e+02,2.488208619589343584e+00,1.590841452381950975e-04,3.020000000000000000e+02,9.060000000000000000e+02,0.000000000000000000e+00,1.891256061412605050e-03,3.319422802251332898e-03,1.753908738007055519e-05,0.000000000000000000e+00,-5.471179065352771431e-13
3.590000000000000000e+02,2.488049588649260180e+00,1.590309400808842045e-04,3.010000000000000000e+02,9.030000000000000000e+02,0.000000000000000000e+00,3.129538941266218899e-03,3.326347720092093056e-03,1.779709668176520656e-05,0.000000000000000000e+00,-5.497824417943775188e-13
3.600000000000000000e+02,2.487890610821675619e+00,1.589778275864779775e-04,3.010000000000000000e+02,9.020000000000000000e+02,0.000000000000000000e+00,1.046222120294260094e-03,3.333302920034370096e-03,1.770365429895725526e-05,0.000000000000000000e+00,-5.475619957451272057e-13
3.610000000000000000e+02,2.487731686034382772e+00,1.589247872887285793e-04,3.000000000000000000e+02,9.000000000000000000e+02,0.000000000000000000e+00,2.300993794221994904e-03,3.340242178733664365e-03,1.803459304739729992e-05,0.000000000000000000e+00,-5.515587986337777693e-13
3.620000000000000000e+02,2.487572814215217143e+00,1.588718191660210845e-04,3.000000000000000000e+02,8.990000000000000000e+02,0.000000000000000000e+00,2.202929140935339092e-04,3.347211863908905460e-03,1.741523190850761060e-05,0.000000000000000000e+00,-5.515587986337777693e-13
3.630000000000000000e+02,2.487413995272458767e+00,1.588189427590635475e-04,2.990000000000000000e+02,8.970000000000000000e+02,0.000000000000000000e+00,1.491611222718347562e-03,3.354165462447864822e-03,1.716244308908356078e-05,0.000000000000000000e+00,-5.506706202140776441e-13
3.640000000000000000e+02,2.487255229115018285e+00,1.587661574370958487e-04,2.980000000000000000e+02,8.940000000000000000e+02,0.000000000000000000e+00,2.774704931653104722e-03,3.361126194137868846e-03,1.771893103869923673e-05,0.000000000000000000e+00,-5.542233338928781450e-13
3.650000000000000000e+02,2.487096515652106543e+00,1.587134629117343317e-04,2.980000000000000000e+02,8.930000000000000000e+02,0.000000000000000000e+00,7.014780815666199487e-04,3.368117569795118539e-03,1.740032660030598304e-05,0.000000000000000000e+00,-5.542233338928781450e-13
3.660000000000000000e+02,2.486937854793339397e+00,1.586608587650941674e-04,2.970000000000000000e+02,8.910000000000000000e+02,0.000000000000000000e+00,2.001212352581660525e-03,3.375092639639973042e-03,1.751828576150384650e-05,0.000000000000000000e+00,-5.559996907322783954e-13
3.670000000000000000e+02,2.486779246448836744e+00,1.586083445012538551e-04,2.960000000000000000e+02,8.880000000000000000e+02,0.000000000000000000e+00,3.312779721397873800e-03,3.382074841565742111e-03,1.744704326163756605e-05,0.000000000000000000e+00,-5.577760475716786459e-13
3.680000000000000000e+02,2.486620690528877908e+00,1.585559199554216036e-04,2.960000000000000000e+02,8.880000000000000000e+02,0.000000000000000000e+00,1.247113891906792560e-03,3.389087906303576720e-03,1.793022392406019508e-05,0.000000000000000000e+00,-5.608846720406290842e-13
3.690000000000000000e+02,2.486462186944339514e+00,1.585035845387558289e-04,2.950000000000000000e+02,8.850000000000000000e+02,0.000000000000000000e+00,2.575415745582176896e-03,3.396084444691443126e-03,1.746089521620185006e-05,0.000000000000000000e+00,-5.604405828307790216e-13
3.700000000000000000e+02,2.486303735606384180e+00,1.584513379519636596e-04,2.950000000000000000e+02,8.840000000000000000e+02,0.000000000000000000e+00,5.124963973344165424e-04,3.403111992675980808e-03,1.728281054767430956e-05,0.000000000000000000e+00,-5.639932965095795225e-13
3.710000000000000000e+02,2.486145336426504926e+00,1.583991798778251856e-04,2.940000000000000000e+02,8.820000000000000000e+02,0.000000000000000000e+00,1.857590567794886738e-03,3.410122866493993116e-03,1.763901871853667112e-05,0.000000000000000000e+00,-5.653255641391297104e-13
3.720000000000000000e+02,2.485986989316705031e+00,1.583471097992577192e-04,2.930000000000000000e+02,8.790000000000000000e+02,0.000000000000000000e+00,3.214611613373108412e-03,3.417140870649418814e-03,1.724177577274622970e-05,0.000000000000000000e+00,-5.662137425588298356e-13
3.730000000000000000e+02,2.485828694189152976e+00,1.582951275539992383e-04,2.930000000000000000e+02,8.790000000000000000e+02,0.000000000000000000e+00,1.159391033240808611e-03,3.424190105512562796e-03,1.781555932597657466e-05,0.000000000000000000e+00,-5.639932965095795225e-13
3.740000000000000000e+02,2.485670450956541266e+00,1.582432326093149164e-04,2.920000000000000000e+02,8.760000000000000000e+02,0.000000000000000000e+00,2.533298309174369933e-03,3.431222443392467104e-03,1.717787868003693916e-05,0.000000000000000000e+00,-5.666578317686798982e-13
3.750000000000000000e+02,2.485512259531886148e+00,1.581914246517448564e-04,2.920000000000000000e+02,8.750000000000000000e+02,0.000000000000000000e+00,4.809039851352281403e-04,3.438286160281308658e-03,1.707016657817898923e-05,0.000000000000000000e+00,-5.697664562376303365e-13
3.760000000000000000e+02,2.485354119828490749e+00,1.581397033981626172e-04,2.910000000000000000e+02,8.730000000000000000e+02,0.000000000000000000e+00,1.871755317267798091e-03,3.445332830845654164e-03,1.776437014337895102e-05,0.000000000000000000e+00,-5.671019209785299608e-13
3.770000000000000000e+02,2.485196031760155133e+00,1.580880683315444106e-04,2.900000000000000000e+02,8.700000000000000000e+02,0.000000000000000000e+00,3.274627290466014529e-03,3.452386629991507309e-03,1.734563567593781913e-05,0.000000000000000000e+00,-5.710987238671805244e-13
3.780000000000000000e+02,2.485037995240836128e+00,1.580365193164501834e-04,2.900000000000000000e+02,8.700000000000000000e+02,0.000000000000000000e+00,1.230069476946482609e-03,3.459472031535015812e-03,1.734790481821586451e-05,0.000000000000000000e+00,-5.737632591262809001e-13
3.790000000000000000e+02,2.484880010185020360e+00,1.579850558153525833e-04,2.890000000000000000e+02,8.670000000000000000e+02,0.000000000000000000e+00,2.649979411330605217e-03,3.466540161646730449e-03,1.736638586319711678e-05,0.000000000000000000e+00,-5.742073483361309627e-13
3.800000000000000000e+02,2.484722076507465793e+00,1.579336775554439549e-04,2.890000000000000000e+02,8.660000000000000000e+02,0.000000000000000000e+00,6.083276227855094476e-04,3.473640043981609214e-03,1.779601908794728083e-05,0.000000000000000000e+00,-5.733191699164308375e-13
3.810000000000000000e+02,2.484564194123231484e+00,1.578823842288715694e-04,2.880000000000000000e+02,8.640000000000000000e+02,0.000000000000000000e+00,2.045333341072819167e-03,3.480722504011028555e-03,1.752747013611654367e-05,0.000000000000000000e+00,-5.786482404346315889e-13
3.820000000000000000e+02,2.484406362947885860e+00,1.578311753462292226e-04,2.880000000000000000e+02,8.630000000000000000e+02,0.000000000000000000e+00,6.616588450469862437e-06,3.487836866701480784e-03,1.747007054948192663e-05,0.000000000000000000e+00,-5.782041512247815263e-13
3.830000000000000000e+02,2.484248582897062629e+00,1.577800508224243639e-04,2.870000000000000000e+02,8.610000000000000000e+02,0.000000000000000000e+00,1.460775911596101651e-03,3.494933655597330310e-03,1.777746284096875701e-05,0.000000000000000000e+00,-5.790923296444816515e-13
3.840000000000000000e+02,2.484090853887001682e+00,1.577290100608288591e-04,2.860000000000000000e+02,8.580000000000000000e+02,0.000000000000000000e+00,2.927085704584442283e-03,3.502037570626185571e-03,1.706363530878800169e-05,0.000000000000000000e+00,-5.790923296444816515e-13
3.850000000000000000e+02,2.483933175834115659e+00,1.576780528836953515e-04,2.860000000000000000e+02,8.570000000000000000e+02,0.000000000000000000e+00,8.963939520754138357e-04,3.509173614913562757e-03,1.812389859602309415e-05,0.000000000000000000e+00,-5.813127756937319646e-13
3.860000000000000000e+02,2.483775548655212884e+00,1.576271789001389254e-04,2.850000000000000000e+02,8.550000000000000000e+02,0.000000000000000000e+00,2.379951240186528594e-03,3.516291857072402580e-03,1.783715189907046571e-05,0.000000000000000000e+00,-5.839773109528323403e-13
3.870000000000000000e+02,2.483617972267476492e+00,1.575763877372110284e-04,2.850000000000000000e+02,8.540000000000000000e+02,0.000000000000000000e+00,3.522742899235709046e-04,3.523442380462651295e-03,1.737559532080902583e-05,0.000000000000000000e+00,-5.830891325331322150e-13
3.880000000000000000e+02,2.483460446588270809e+00,1.575256792057548106e-04,2.840000000000000000e+02,8.520000000000000000e+02,0.000000000000000000e+00,1.853136889451434399e-03,3.530574948692102172e-03,1.725575613859090877e-05,0.000000000000000000e+00,-5.830891325331322150e-13
3.890000000000000000e+02,2.483302971535495285e+00,1.574750527737051845e-04,2.830000000000000000e+02,8.490000000000000000e+02,0.000000000000000000e+00,3.366243700099857961e-03,3.537714641269044339e-03,1.716615546218417003e-05,0.000000000000000000e+00,-5.848654893725324655e-13
3.900000000000000000e+02,2.483145547027139965e+00,1.574245083550493288e-04,2.830000000000000000e+02,8.490000000000000000e+02,0.000000000000000000e+00,1.346729473652885645e-03,3.544886843980103383e-03,1.773198943127225852e-05,0.000000000000000000e+00,-5.853095785823825281e-13
3.910000000000000000e+02,2.482988172981717145e+00,1.573740454169641632e-04,2.820000000000000000e+02,8.460000000000000000e+02,0.000000000000000000e+00,2.877235477399153751e-03,3.552040860878302470e-03,1.728819444053045361e-05,0.000000000000000000e+00,-5.910827383104333421e-13
3.920000000000000000e+02,2.482830849317957611e+00,1.573236637601351374e-04,2.820000000000000000e+02,8.450000000000000000e+02,0.000000000000000000e+00,8.608158137235477625e-04,3.559227541426216238e-03,1.738989271976671018e-05,0.000000000000000000e+00,-5.906386491005832795e-13
3.930000000000000000e+02,2.482673575954926548e+00,1.572733630330784896e-04,2.810000000000000000e+02,8.430000000000000000e+02,0.000000000000000000e+00,2.408778821120449720e-03,3.566395881578208419e-03,1.713739588691120684e-05,0.000000000000000000e+00,-5.884182030513329664e-13
3.940000000000000000e+02,2.482516352812056404e+00,1.572231428670711013e-04,2.810000000000000000e+02,8.420000000000000000e+02,0.000000000000000000e+00,3.954827289476270380e-04,3.573597039515240444e-03,1.766719463427923948e-05,0.000000000000000000e+00,-5.915268275202834047e-13
3.950000000000000000e+02,2.482359179808968364e+00,1.571730030845671147e-04,2.800000000000000000e+02,8.400000000000000000e+02,0.000000000000000000e+00,1.960960547762624628e-03,3.580779701850455438e-03,1.736829710820904805e-05,0.000000000000000000e+00,-5.950795411990839057e-13
3.960000000000000000e+02,2.482202056865804529e+00,1.571229431634386432e-04,2.790000000000000000e+02,8.370000000000000000e+02,0.000000000000000000e+00,3.538812370834421017e-03,3.587969486043591540e-03,1.758181207926001142e-05,0.000000000000000000e+00,-5.955236304089339683e-13
3.970000000000000000e+02,2.482044983902731872e+00,1.570729630665030274e-04,2.790000000000000000e+02,8.370000000000000000e+02,0.000000000000000000e+00,1.533867470584482362e-03,3.595192320171745979e-03,1.774182288840643449e-05,0.000000000000000000e+00,-6.017408793468348449e-13
3.980000000000000000e+02,2.481887960840517326e+00,1.570230622190697985e-04,2.780000000000000000e+02,8.340000000000000000e+02,0.000000000000000000e+00,3.129327974761508813e-03,3.602396424780869230e-03,1.751174368996523382e-05,0.000000000000000000e+00,-5.968558980384841561e-13
3.990000000000000000e+02,2.481730987600011318e+00,1.569732405060970286e-04,2.780000000000000000e+02,8.340000000000000000e+02,0.000000000000000000e+00,1.127586401537428173e-03,3.609633735013773482e-03,1.743022078916046735e-05,0.000000000000000000e+00,-5.968558980384841561e-13
4.000000000000000000e+02,2.481574064102501698e+00,1.569234975059346441e-04,2.770000000000000000e+02,8.310000000000000000e+02,0.000000000000000000e+00,2.740713389187021676e-03,3.616852158960221983e-03,1.769388276863424840e-05,0.000000000000000000e+00,-6.004086117172846571e-13
4.010000000000000000e+02,2.481417190269542328e+00,1.568738329620736381e-04,2.770000000000000000e+02,8.300000000000000000e+02,0.000000000000000000e+00,7.422041499012266286e-04,3.624103944843240152e-03,1.769091259787798878e-05,0.000000000000000000e+00,-5.977440764581842814e-13
4.020000000000000000e+02,2.481260366022940200e+00,1.568242465982845049e-04,2.760000000000000000e+02,8.280000000000000000e+02,0.000000000000000000e+00,2.373055421685421607e-03,3.631336687045236440e-03,1.762032238400920849e-05,0.000000000000000000e+00,-6.017408793468348449e-13
4.030000000000000000e+02,2.481103591284917975e+00,1.567747380241145459e-04,2.760000000000000000e+02,8.270000000000000000e+02,0.000000000000000000e+00,3.778075232503397274e-04,3.638602948121839181e-03,1.729367746319651863e-05,0.000000000000000000e+00,-5.999645225074345944e-13
4.040000000000000000e+02,2.480946865977813776e+00,1.567253071010839304e-04,2.750000000000000000e+02,8.250000000000000000e+02,0.000000000000000000e+00,2.026440878410085134e-03,3.645850007494487628e-03,1.709872589769826824e-05,0.000000000000000000e+00,-6.030731469763850328e-13
4.050000000000000000e+02,2.480790190024500408e+00,1.566759533118516597e-04,2.750000000000000000e+02,8.240000000000000000e+02,0.000000000000000000e+00,3.448332466859937995e-05,3.653130743306284671e-03,1.719022787666457281e-05,0.000000000000000000e+00,-6.044054146059352206e-13
4.060000000000000000e+02,2.480633563347852011e+00,1.566266766488089656e-04,2.740000000000000000e+02,8.220000000000000000e+02,0.000000000000000000e+00,1.700956560000577156e-03,3.660392118761582325e-03,1.718247758766613332e-05,0.000000000000000000e+00,-6.039613253960851580e-13
4.070000000000000000e+02,2.480476985871322260e+00,1.565774765267867008e-04,2.730000000000000000e+02,8.190000000000000000e+02,0.000000000000000000e+00,3.380005685698961315e-03,3.667660612159092184e-03,1.737595294749325338e-05,0.000000000000000000e+00,-6.070699498650355963e-13
4.080000000000000000e+02,2.480320457518412347e+00,1.565283529058893153e-04,2.730000000000000000e+02,8.190000000000000000e+02,0.000000000000000000e+00,1.396689268403861206e-03,3.674963019295101815e-03,1.738001745111818346e-05,0.000000000000000000e+00,-6.110667527536861598e-13
4.090000000000000000e+02,2.480163978213112852e+00,1.564793052983494306e-04,2.720000000000000000e+02,8.160000000000000000e+02,0.000000000000000000e+00,3.093672123327451118e-03,3.682245826980212831e-03,1.733788990152114226e-05,0.000000000000000000e+00,-6.123990203832363477e-13
4.100000000000000000e+02,2.480007547879548913e+00,1.564303335652516647e-04,2.720000000000000000e+02,8.150000000000000000e+02,0.000000000000000000e+00,1.113725799939402350e-03,3.689562707538650461e-03,1.760827262866849265e-05,0.000000000000000000e+00,-6.110667527536861598e-13
4.110000000000000000e+02,2.479851166442220478e+00,1.563814373276402802e-04,2.710000000000000000e+02,8.130000000000000000e+02,0.000000000000000000e+00,2.828700175996345934e-03,3.696859828415269798e-03,1.710425707343857365e-05,0.000000000000000000e+00,-6.115108419635362225e-13
4.120000000000000000e+02,2.479694833825870415e+00,1.563326163486008938e-04,2.710000000000000000e+02,8.120000000000000000e+02,0.000000000000000000e+00,8.521529508129788155e-04,3.704191181930828816e-03,1.740883290907691390e-05,0.000000000000000000e+00,-6.132871988029364729e-13
4.130000000000000000e+02,2.479538549955518256e+00,1.562838703502878606e-04,2.700000000000000000e+02,8.100000000000000000e+02,0.000000000000000000e+00,2.585176637410313560e-03,3.711502614899750245e-03,1.791445099523645133e-05,0.000000000000000000e+00,-6.150635556423367234e-13
4.140000000000000000e+02,2.479382314756514827e+00,1.562351990052539372e-04,2.700000000000000000e+02,8.090000000000000000e+02,0.000000000000000000e+00,6.120575129102689971e-04,3.718848440905246633e-03,1.777881974499500662e-05,0.000000000000000000e+00,-6.132871988029364729e-13
4.150000000000000000e+02,2.479226128154380593e+00,1.561866021293590126e-04,2.690000000000000000e+02,8.070000000000000000e+02,0.000000000000000000e+00,2.363188297408669314e-03,3.726174184864153999e-03,1.811672179731533839e-05,0.000000000000000000e+00,-6.181721801112871617e-13
4.160000000000000000e+02,2.479069990075069452e+00,1.561380793122198521e-04,2.690000000000000000e+02,8.060000000000000000e+02,0.000000000000000000e+00,3.935262774348302628e-04,3.733534482890507687e-03,1.808896336575640035e-05,0.000000000000000000e+00,-6.168399124817369739e-13
4.170000000000000000e+02,2.478913900444611240e+00,1.560896304553483437e-04,2.680000000000000000e+02,8.040000000000000000e+02,0.000000000000000000e+00,2.162821944978077227e-03,3.740874536733977077e-03,1.742667788325520412e-05,0.000000000000000000e+00,-6.199485369506874122e-13
4.180000000000000000e+02,2.478757859189533619e+00,1.560412550732480244e-04,2.680000000000000000e+02,8.030000000000000000e+02,0.000000000000000000e+00,1.966460318385543360e-04,3.748249306310235361e-03,1.727573084232655778e-05,0.000000000000000000e+00,-6.243894290491880383e-13
4.190000000000000000e+02,2.478601866236393114e+00,1.559929531454797588e-04,2.670000000000000000e+02,8.010000000000000000e+02,0.000000000000000000e+00,1.984164366774621158e-03,3.755603668929716893e-03,1.771062464424721369e-05,0.000000000000000000e+00,-6.190603585309872869e-13
4.200000000000000000e+02,2.478445921512270278e+00,1.559447241185606960e-04,2.670000000000000000e+02,8.000000000000000000e+02,0.000000000000000000e+00,2.150356107222251012e-05,3.762992909583051833e-03,1.755617973969269256e-05,0.000000000000000000e+00,-6.235012506294879131e-13
4.210000000000000000e+02,2.478290024957515492e+00,1.558965547556800729e-04,2.660000000000000000e+02,7.980000000000000000e+02,0.000000000000000000e+00,1.827302344111103594e-03,3.770361579866901743e-03,1.739894295830845018e-05,0.000000000000000000e+00,-6.226130722097877879e-13
4.220000000000000000e+02,2.478134176512785558e+00,1.558484447241123973e-04,2.650000000000000000e+02,7.950000000000000000e+02,0.000000000000000000e+00,3.645950940381226246e-03,3.777737362688872620e-03,1.787785565279179965e-05,0.000000000000000000e+00,-6.283862319378386019e-13
4.230000000000000000e+02,2.477978376105537617e+00,1.558004072474712253e-04,2.650000000000000000e+02,7.950000000000000000e+02,0.000000000000000000e+00,1.692322659550882236e-03,3.785148267956037031e-03,1.775222217693694213e-05,0.000000000000000000e+00,-6.288303211476886645e-13
4.240000000000000000e+02,2.477822623663800350e+00,1.557524417402243646e-04,2.640000000000000000e+02,7.920000000000000000e+02,0.000000000000000000e+00,3.529345525521421223e-03,3.792538356609589326e-03,1.756703689855769191e-05,0.000000000000000000e+00,-6.261657858885882888e-13
4.250000000000000000e+02,2.477666919115616206e+00,1.557045481831601322e-04,2.640000000000000000e+02,7.920000000000000000e+02,0.000000000000000000e+00,1.579312090200346574e-03,3.799963731602654278e-03,1.802016189320653671e-05,0.000000000000000000e+00,-6.270539643082884140e-13
4.260000000000000000e+02,2.477511262389547220e+00,1.556567260661985939e-04,2.630000000000000000e+02,7.890000000000000000e+02,0.000000000000000000e+00,3.434767001181171509e-03,3.807368124968061283e-03,1.720464988190613932e-05,0.000000000000000000e+00,-6.297184995673887897e-13
4.270000000000000000e+02,2.477355653414201164e+00,1.556089753434414605e-04,2.630000000000000000e+02,7.890000000000000000e+02,0.000000000000000000e+00,1.488357413450103195e-03,3.814807969207275554e-03,1.796205971086841302e-05,0.000000000000000000e+00,-6.323830348264891654e-13
4.280000000000000000e+02,2.477200092118649888e+00,1.555612955493043464e-04,2.620000000000000000e+02,7.860000000000000000e+02,0.000000000000000000e+00,3.362302143216311379e-03,3.822226666161694132e-03,1.741915655622818345e-05,0.000000000000000000e+00,-6.341593916658894159e-13
4.290000000000000000e+02,2.477044578432041178e+00,1.555136866120887453e-04,2.620000000000000000e+02,7.860000000000000000e+02,0.000000000000000000e+00,1.419545401631694403e-03,3.829680979165446010e-03,1.732006006787427911e-05,0.000000000000000000e+00,-6.310507671969389776e-13
4.300000000000000000e+02,2.476889112283938488e+00,1.554661480997020630e-04,2.610000000000000000e+02,7.830000000000000000e+02,0.000000000000000000e+00,3.312037721343585872e-03,3.837113978582930036e-03,1.718892845748512465e-05,0.000000000000000000e+00,-6.341593916658894159e-13
4.310000000000000000e+02,2.476733693604018960e+00,1.554186799207566815e-04,2.610000000000000000e+02,7.830000000000000000e+02,0.000000000000000000e+00,1.372962824916612590e-03,3.844582759867718694e-03,1.756816401068965114e-05,0.000000000000000000e+00,-6.328271240363392280e-13
4.320000000000000000e+02,2.476578322322344317e+00,1.553712816675099950e-04,2.600000000000000000e+02,7.800000000000000000e+02,0.000000000000000000e+00,3.284060504142871650e-03,3.852030060619206046e-03,1.736960892464789664e-05,0.000000000000000000e+00,-6.399325513939402299e-13
4.330000000000000000e+02,2.476422998369115280e+00,1.553239532362320175e-04,2.600000000000000000e+02,7.800000000000000000e+02,0.000000000000000000e+00,1.348696452055264672e-03,3.859513309699644582e-03,1.786666967404196654e-05,0.000000000000000000e+00,-6.328271240363392280e-13
4.340000000000000000e+02,2.476267721674871858e+00,1.552766942347396371e-04,2.590000000000000000e+02,7.770000000000000000e+02,0.000000000000000000e+00,3.278457257806621783e-03,3.866974910652968851e-03,1.731417142648149045e-05,0.000000000000000000e+00,-6.412648190234904177e-13
4.350000000000000000e+02,2.476112492170318813e+00,1.552295045549500943e-04,2.590000000000000000e+02,7.770000000000000000e+02,0.000000000000000000e+00,1.346833048671669530e-03,3.874472627041786882e-03,1.743522090108820817e-05,0.000000000000000000e+00,-6.394884621840901673e-13
4.360000000000000000e+02,2.475957309786509075e+00,1.551823838116810517e-04,2.580000000000000000e+02,7.740000000000000000e+02,0.000000000000000000e+00,3.295314746537769679e-03,3.881948527061668697e-03,1.753393931699717277e-05,0.000000000000000000e+00,-6.377121053446899168e-13
4.370000000000000000e+02,2.475802174454600824e+00,1.551353319002762897e-04,2.580000000000000000e+02,7.740000000000000000e+02,0.000000000000000000e+00,1.367459377263458009e-03,3.889460710269724945e-03,1.781434587822668681e-05,0.000000000000000000e+00,-6.452616219121409813e-13
4.380000000000000000e+02,2.475647086106171901e+00,1.550883484345476836e-04,2.570000000000000000e+02,7.710000000000000000e+02,0.000000000000000000e+00,3.334719730844426522e-03,3.896950908217774144e-03,1.757611440731483496e-05,0.000000000000000000e+00,-6.399325513939402299e-13
4.390000000000000000e+02,2.475492044672849890e+00,1.550414333211076420e-04,2.570000000000000000e+02,7.710000000000000000e+02,0.000000000000000000e+00,1.410662198907175480e-03,3.904477557754037348e-03,1.760105753768327304e-05,0.000000000000000000e+00,-6.408207298136403551e-13
4.400000000000000000e+02,2.475337050086680701e+00,1.549945861642274404e-04,2.560000000000000000e+02,7.680000000000000000e+02,0.000000000000000000e+00,3.396758968278845714e-03,3.911982052488767285e-03,1.750121151113927188e-05,0.000000000000000000e+00,-6.457057111219910439e-13
4.410000000000000000e+02,2.475182102279787522e+00,1.549478068902168117e-04,2.560000000000000000e+02,7.680000000000000000e+02,0.000000000000000000e+00,1.476528269961363549e-03,3.919523167860329213e-03,1.765574832381536181e-05,0.000000000000000000e+00,-6.488143355909414822e-13
4.420000000000000000e+02,2.475027201184702097e+00,1.549010950855483351e-04,2.550000000000000000e+02,7.650000000000000000e+02,0.000000000000000000e+00,3.481519215029038605e-03,3.927041958237129440e-03,1.742299540402665077e-05,0.000000000000000000e+00,-6.483702463810914196e-13
4.430000000000000000e+02,2.474872346733997919e+00,1.548544507041502215e-04,2.550000000000000000e+02,7.650000000000000000e+02,0.000000000000000000e+00,1.565144346955094079e-03,3.934597538949194048e-03,1.775908417752860915e-05,0.000000000000000000e+00,-6.483702463810914196e-13
4.440000000000000000e+02,2.474717538860688570e+00,1.548078733061522983e-04,2.540000000000000000e+02,7.620000000000000000e+02,0.000000000000000000e+00,3.589087223588194320e-03,3.942130623820362841e-03,1.756013285216822241e-05,0.000000000000000000e+00,-6.519229600598919205e-13
4.450000000000000000e+02,2.474562777497810728e+00,1.547613628817195238e-04,2.540000000000000000e+02,7.620000000000000000e+02,0.000000000000000000e+00,1.676597181301531236e-03,3.949700669376256246e-03,1.742254790353607219e-05,0.000000000000000000e+00,-6.479261571712413570e-13
4.460000000000000000e+02,2.474408062578850043e+00,1.547149189561549830e-04,2.530000000000000000e+02,7.590000000000000000e+02,0.000000000000000000e+00,3.719549744630512578e-03,3.957248047590971110e-03,1.757567791009583992e-05,0.000000000000000000e+00,-6.523670492697419832e-13
4.470000000000000000e+02,2.474253394037284615e+00,1.546685415641235468e-04,2.530000000000000000e+02,7.590000000000000000e+02,0.000000000000000000e+00,1.810973523845404998e-03,3.964832557492135520e-03,1.741432543886445178e-05,0.000000000000000000e+00,-6.536993168992921710e-13
4.480000000000000000e+02,2.474098771807101471e+00,1.546222301874452339e-04,2.520000000000000000e+02,7.560000000000000000e+02,0.000000000000000000e+00,3.872993525988022157e-03,3.972394227896476615e-03,1.731048115182687910e-05,0.000000000000000000e+00,-6.492584248007915448e-13
4.490000000000000000e+02,2.473944195822181946e+00,1.545759849137793077e-04,2.520000000000000000e+02,7.560000000000000000e+02,0.000000000000000000e+00,1.968360120599754737e-03,3.979993201642479002e-03,1.779790850957011812e-05,0.000000000000000000e+00,-6.550315845288423588e-13
4.500000000000000000e+02,2.473789666016995792e+00,1.545298051844881052e-04,2.520000000000000000e+02,7.550000000000000000e+02,0.000000000000000000e+00,6.190586157117650146e-05,3.987599450431290882e-03,1.777712664284702987e-05,0.000000000000000000e+00,-6.568079413682426093e-13
4.510000000000000000e+02,2.473635182325881754e+00,1.544836911145074652e-04,2.510000000000000000e+02,7.530000000000000000e+02,0.000000000000000000e+00,2.148843717009185639e-03,3.995182600167933480e-03,1.770859420026504877e-05,0.000000000000000000e+00,-6.563638521583925467e-13
4.520000000000000000e+02,2.473480744683729693e+00,1.544376421524979771e-04,2.510000000000000000e+02,7.520000000000000000e+02,0.000000000000000000e+00,2.463685326006270770e-04,4.002803312212434815e-03,1.779148330832751529e-05,0.000000000000000000e+00,-6.559197629485424841e-13
4.530000000000000000e+02,2.473326353025355751e+00,1.543916583704882330e-04,2.500000000000000000e+02,7.500000000000000000e+02,0.000000000000000000e+00,2.352511053913985961e-03,4.010400751404168823e-03,1.718626037251845185e-05,0.000000000000000000e+00,-6.594724766273429850e-13
4.540000000000000000e+02,2.473172007286065455e+00,1.543457392879768789e-04,2.500000000000000000e+02,7.490000000000000000e+02,0.000000000000000000e+00,4.540439393849737826e-04,4.018035926199518652e-03,1.777713418073676230e-05,0.000000000000000000e+00,-6.616929226765932981e-13
4.550000000000000000e+02,2.473017707401159448e+00,1.542998849064643153e-04,2.490000000000000000e+02,7.470000000000000000e+02,0.000000000000000000e+00,2.579448871131262422e-03,4.025647653681857160e-03,1.748883049229712076e-05,0.000000000000000000e+00,-6.612488334667432355e-13
4.560000000000000000e+02,2.472863453306329173e+00,1.542540948251034619e-04,2.490000000000000000e+02,7.460000000000000000e+02,0.000000000000000000e+00,6.850188174780669215e-04,4.033297290721360971e-03,1.738181125556879705e-05,0.000000000000000000e+00,-6.665779039849439869e-13
4.570000000000000000e+02,2.472709244937366435e+00,1.542083689667499461e-04,2.480000000000000000e+02,7.440000000000000000e+02,0.000000000000000000e+00,2.829743903589587717e-03,4.040923305326700639e-03,1.768341959637044595e-05,0.000000000000000000e+00,-6.625811010962934233e-13
4.580000000000000000e+02,2.472555082230345924e+00,1.541627070187377236e-04,2.480000000000000000e+02,7.430000000000000000e+02,0.000000000000000000e+00,9.393799059012053476e-04,4.048587404101750518e-03,1.735055127340610329e-05,0.000000000000000000e+00,-6.643574579356936738e-13
4.590000000000000000e+02,2.472400965121529737e+00,1.541171088157729631e-04,2.470000000000000000e+02,7.410000000000000000e+02,0.000000000000000000e+00,3.103482887127029244e-03,4.056227704659388922e-03,1.761673139238404705e-05,0.000000000000000000e+00,-6.648015471455437364e-13
4.600000000000000000e+02,2.472246893547384694e+00,1.540715741422560726e-04,2.470000000000000000e+02,7.410000000000000000e+02,0.000000000000000000e+00,1.217213935319705342e-03,4.063906264659527742e-03,1.732686173796624911e-05,0.000000000000000000e+00,-6.674660824046441121e-13
4.610000000000000000e+02,2.472092867444648068e+00,1.540261027365134752e-04,2.460000000000000000e+02,7.380000000000000000e+02,0.000000000000000000e+00,3.400752550533070462e-03,4.071560849995658170e-03,1.703283425290004022e-05,0.000000000000000000e+00,-6.674660824046441121e-13
4.620000000000000000e+02,2.471938886750157494e+00,1.539806944886677048e-04,2.460000000000000000e+02,7.380000000000000000e+02,0.000000000000000000e+00,1.518607637422064727e-03,4.079253870708524077e-03,1.737588545320295884e-05,0.000000000000000000e+00,-6.692424392440443626e-13
4.630000000000000000e+02,2.471784951401127195e+00,1.539353490312148553e-04,2.450000000000000000e+02,7.350000000000000000e+02,0.000000000000000000e+00,3.721639622256134317e-03,4.086922739646238999e-03,1.772384569625436843e-05,0.000000000000000000e+00,-6.683542608243442373e-13
4.640000000000000000e+02,2.471631061334757629e+00,1.538900663693867172e-04,2.450000000000000000e+02,7.350000000000000000e+02,0.000000000000000000e+00,1.843647739008247299e-03,4.094630220557599239e-03,1.726432133918464094e-05,0.000000000000000000e+00,-6.687983500341943000e-13
4.650000000000000000e+02,2.471477216488731976e+00,1.538448460207747981e-04,2.440000000000000000e+02,7.320000000000000000e+02,0.000000000000000000e+00,4.066230828470906999e-03,4.102313371916877296e-03,1.745775090292635159e-05,0.000000000000000000e+00,-6.736833313425449887e-13
4.660000000000000000e+02,2.471323416800617512e+00,1.537996881142874835e-04,2.440000000000000000e+02,7.320000000000000000e+02,0.000000000000000000e+00,2.192420964320263010e-03,4.110035312510629951e-03,1.758025861833504777e-05,0.000000000000000000e+00,-6.736833313425449887e-13
4.670000000000000000e+02,2.471169662208515305e+00,1.537545921028013105e-04,2.440000000000000000e+02,7.310000000000000000e+02,0.000000000000000000e+00,3.168483630133778206e-04,4.117764527473080291e-03,1.756258142416319842e-05,0.000000000000000000e+00,-6.732392421326949261e-13
4.680000000000000000e+02,2.471015952650445158e+00,1.537095580715602382e-04,2.430000000000000000e+02,7.290000000000000000e+02,0.000000000000000000e+00,2.565014036576940271e-03,4.125469144866489128e-03,1.717731834044376637e-05,0.000000000000000000e+00,-6.719069745031447383e-13
4.690000000000000000e+02,2.470862288064853640e+00,1.536645855870461637e-04,2.430000000000000000e+02,7.280000000000000000e+02,0.000000000000000000e+00,6.936597112030540302e-04,4.133212818901291219e-03,1.750759927421460639e-05,0.000000000000000000e+00,-6.763478666016453644e-13
4.700000000000000000e+02,2.470708668390247720e+00,1.536196746071276137e-04,2.420000000000000000e+02,7.260000000000000000e+02,0.000000000000000000e+00,2.961513675074911589e-03,4.140931715919081435e-03,1.717025832492939988e-05,0.000000000000000000e+00,-6.750155989720951766e-13
4.710000000000000000e+02,2.470555093565404814e+00,1.535748248411551394e-04,2.420000000000000000e+02,7.250000000000000000e+02,0.000000000000000000e+00,1.094406613162846043e-03,4.148689848505747110e-03,1.735978501892239926e-05,0.000000000000000000e+00,-6.767919558114954270e-13
4.720000000000000000e+02,2.470401563529299516e+00,1.535300361042360852e-04,2.410000000000000000e+02,7.230000000000000000e+02,0.000000000000000000e+00,3.382006594733866223e-03,4.156423023957339820e-03,1.725968991181024592e-05,0.000000000000000000e+00,-6.776801342311955523e-13
4.730000000000000000e+02,2.470248078221040533e+00,1.534853082574294005e-04,2.410000000000000000e+02,7.230000000000000000e+02,0.000000000000000000e+00,1.519175785631432518e-03,4.164195614573479656e-03,1.699885895627867530e-05,0.000000000000000000e+00,-6.794564910705958027e-13
4.740000000000000000e+02,2.470094637580072749e+00,1.534406409637516060e-04,2.400000000000000000e+02,7.200000000000000000e+02,0.000000000000000000e+00,3.826579509848215821e-03,4.171943067265194288e-03,1.736264790871344329e-05,0.000000000000000000e+00,-6.834532939592463663e-13
4.750000000000000000e+02,2.469941241545825950e+00,1.533960342452621772e-04,2.400000000000000000e+02,7.200000000000000000e+02,0.000000000000000000e+00,1.968053942164260661e-03,4.179730115386543626e-03,1.769201044218672646e-05,0.000000000000000000e+00,-6.847855615887965541e-13
4.760000000000000000e+02,2.469787890058206425e+00,1.533514876235360890e-04,2.400000000000000000e+02,7.190000000000000000e+02,0.000000000000000000e+00,1.077946936902662856e-04,4.187524437542242649e-03,1.763384316971441622e-05,0.000000000000000000e+00,-6.807887587001459906e-13
4.770000000000000000e+02,2.469634583056974364e+00,1.533070012308668500e-04,2.390000000000000000e+02,7.170000000000000000e+02,0.000000000000000000e+00,2.441127793247233058e-03,4.195293349222009062e-03,1.755955643897877212e-05,0.000000000000000000e+00,-6.821210263296961784e-13
4.780000000000000000e+02,2.469481320482404652e+00,1.532625745669474434e-04,2.390000000000000000e+02,7.160000000000000000e+02,0.000000000000000000e+00,5.852100383663128014e-04,4.203102128262067860e-03,1.796125669382752304e-05,0.000000000000000000e+00,-6.847855615887965541e-13
4.790000000000000000e+02,2.469328102274745973e+00,1.532182076567739604e-04,2.380000000000000000e+02,7.140000000000000000e+02,0.000000000000000000e+00,2.938484044932465622e-03,4.210885314351982094e-03,1.725108576708187720e-05,0.000000000000000000e+00,-6.865619184281968046e-13
4.800000000000000000e+02,2.469174928374566758e+00,1.531739001806454027e-04,2.380000000000000000e+02,7.130000000000000000e+02,0.000000000000000000e+00,1.086936771173441230e-03,4.218708549747745423e-03,1.748915343097509335e-05,0.000000000000000000e+00,-6.852296507986466167e-13
4.810000000000000000e+02,2.469021798755814068e+00,1.531296187503171542e-04,2.370000000000000000e+02,7.110000000000000000e+02,0.000000000000000000e+00,3.460209401453084865e-03,4.226506009043576317e-03,1.722701551580801187e-05,0.000000000000000000e+00,-6.878941860577469924e-13
4.820000000000000000e+02,2.468868713391903391e+00,1.530853639106585133e-04,2.370000000000000000e+02,7.110000000000000000e+02,0.000000000000000000e+00,1.613061597197429364e-03,4.234343700264498953e-03,1.689357321907717727e-05,0.000000000000000000e+00,-6.878941860577469924e-13
4.830000000000000000e+02,2.468715672223650071e+00,1.530411682541726393e-04,2.360000000000000000e+02,7.080000000000000000e+02,0.000000000000000000e+00,4.006390566189566016e-03,4.242155431558909326e-03,1.761803561884455363e-05,0.000000000000000000e+00,-6.870060076380468672e-13
4.840000000000000000e+02,2.468562675191893874e+00,1.529970317528957355e-04,2.360000000000000000e+02,7.080000000000000000e+02,0.000000000000000000e+00,2.163671214930218412e-03,4.250007578072598560e-03,1.734954089526120408e-05,0.000000000000000000e+00,-6.901146321069973055e-13
4.850000000000000000e+02,2.468409722238021242e+00,1.529529538709488163e-04,2.360000000000000000e+02,7.070000000000000000e+02,0.000000000000000000e+00,3.192472383375388745e-04,4.257866998274944387e-03,1.774485170042379160e-05,0.000000000000000000e+00,-6.918909889463975560e-13
4.860000000000000000e+02,2.468256813303340458e+00,1.529089346796557423e-04,2.350000000000000000e+02,7.050000000000000000e+02,0.000000000000000000e+00,2.738852324000617955e-03,4.265700181427307079e-03,1.772716945593785280e-05,0.000000000000000000e+00,-6.927791673660976812e-13
4.870000000000000000e+02,2.468103948329598119e+00,1.528649737476718020e-04,2.350000000000000000e+02,7.040000000000000000e+02,0.000000000000000000e+00,8.988930518967208627e-04,4.273574056290730359e-03,1.719211736752917886e-05,0.000000000000000000e+00,-6.874500968478969298e-13
4.880000000000000000e+02,2.467951127258598554e+00,1.528210709925931308e-04,2.340000000000000000e+02,7.020000000000000000e+02,0.000000000000000000e+00,3.338691619489964069e-03,4.281421508578919094e-03,1.744545946157890413e-05,0.000000000000000000e+00,-6.945555242054979317e-13
4.890000000000000000e+02,2.467798350032389454e+00,1.527772262116910799e-04,2.340000000000000000e+02,7.020000000000000000e+02,0.000000000000000000e+00,1.503226036220439710e-03,4.289309837566624393e-03,1.778162445474812503e-05,0.000000000000000000e+00,-6.918909889463975560e-13
4.900000000000000000e+02,2.467645616593280522e+00,1.527334391069200444e-04,2.330000000000000000e+02,6.990000000000000000e+02,0.000000000000000000e+00,3.963275793466891628e-03,4.297171557772747064e-03,1.777249948020504837e-05,0.000000000000000000e+00,-6.941114349956478691e-13
4.910000000000000000e+02,2.467492926883569471e+00,1.526897097093515507e-04,2.330000000000000000e+02,6.990000000000000000e+02,0.000000000000000000e+00,2.132332883661547385e-03,4.305074340346055038e-03,1.740947656744073850e-05,0.000000000000000000e+00,-6.958877918350481195e-13
4.920000000000000000e+02,2.467340280846018974e+00,1.526460375491648833e-04,2.330000000000000000e+02,6.980000000000000000e+02,0.000000000000000000e+00,2.997071396748651750e-04,4.312984396350413169e-03,1.746431644161733248e-05,0.000000000000000000e+00,-6.972200594645983074e-13
4.930000000000000000e+02,2.467187678423285568e+00,1.526024227298496876e-04,2.320000000000000000e+02,6.960000000000000000e+02,0.000000000000000000e+00,2.786300281968578929e-03,4.320867562867487799e-03,1.745398387593985351e-05,0.000000000000000000e+00,-7.007727731433988083e-13
4.940000000000000000e+02,2.467035119558453449e+00,1.525588648361812241e-04,2.320000000000000000e+02,6.950000000000000000e+02,0.000000000000000000e+00,9.582334602669106971e-04,4.328792071817449266e-03,1.781236919806375129e-05,0.000000000000000000e+00,-6.963318810448981822e-13
4.950000000000000000e+02,2.466882604194658768e+00,1.525153637936378322e-04,2.310000000000000000e+02,6.930000000000000000e+02,0.000000000000000000e+00,3.465214918776382547e-03,4.336689503364385238e-03,1.740598886160551169e-05,0.000000000000000000e+00,-6.976641486744483700e-13
4.960000000000000000e+02,2.466730132275215759e+00,1.524719194384112819e-04,2.310000000000000000e+02,6.930000000000000000e+02,0.000000000000000000e+00,1.641736000863147638e-03,4.344628464716898328e-03,1.751070935170532142e-05,0.000000000000000000e+00,-7.021050407729489962e-13
4.970000000000000000e+02,2.466577703743772609e+00,1.524285314453908394e-04,2.300000000000000000e+02,6.900000000000000000e+02,0.000000000000000000e+00,4.169163474728065921e-03,4.352540160065265090e-03,1.749963922828847541e-05,0.000000000000000000e+00,-6.998845947236986831e-13
4.980000000000000000e+02,2.466425318543859380e+00,1.523851999119497859e-04,2.300000000000000000e+02,6.900000000000000000e+02,0.000000000000000000e+00,2.350301444266733597e-03,4.360493573275376830e-03,1.763915875124858851e-05,0.000000000000000000e+00,-7.012168623532488709e-13
4.990000000000000000e+02,2.466272976619506174e+00,1.523419243514857724e-04,2.300000000000000000e+02,6.890000000000000000e+02,0.000000000000000000e+00,5.297783703213099216e-04,4.368454259652314320e-03,1.754335483769484908e-05,0.000000000000000000e+00,-7.029932191926491214e-13
5.000000000000000000e+02,2.466120677914670711e+00,1.522987048326433519e-04,2.290000000000000000e+02,6.870000000000000000e+02,0.000000000000000000e+00,3.084016468847039505e-03,4.376387395714538206e-03,1.757460459457048154e-05,0.000000000000000000e+00,-7.056577544517494971e-13
5.010000000000000000e+02,2.465968422373634006e+00,1.522555410371466281e-04,2.290000000000000000e+02,6.870000000000000000e+02,0.000000000000000000e+00,1.268146530037483899e-03,4.384362533300757009e-03,1.736428329383697886e-05,0.000000000000000000e+00,-7.052136652418994345e-13
5.020000000000000000e+02,2.465816209940836057e+00,1.522124327950798433e-04,2.280000000000000000e+02,6.840000000000000000e+02,0.000000000000000000e+00,3.842967752120785008e-03,4.392309930251041619e-03,1.789839348199158165e-05,0.000000000000000000e+00,-7.083222897108498728e-13
5.030000000000000000e+02,2.465664040560768822e+00,1.521693800705195305e-04,2.280000000000000000e+02,6.840000000000000000e+02,0.000000000000000000e+00,2.031779927847310319e-03,4.400299518497225934e-03,1.759108046964461431e-05,0.000000000000000000e+00,-7.047695760320493719e-13
5.040000000000000000e+02,2.465511914178317721e+00,1.521263824521217436e-04,2.280000000000000000e+02,6.830000000000000000e+02,0.000000000000000000e+00,2.189455867664946709e-04,4.408296379742293949e-03,1.728627508858116650e-05,0.000000000000000000e+00,-7.038813976123492466e-13
5.050000000000000000e+02,2.465359830738240721e+00,1.520834400715071898e-04,2.270000000000000000e+02,6.810000000000000000e+02,0.000000000000000000e+00,2.820765237743216858e-03,4.416265213451523765e-03,1.790362276826184710e-05,0.000000000000000000e+00,-7.092104681305499980e-13
5.060000000000000000e+02,2.465207790185748760e+00,1.520405524988954716e-04,2.270000000000000000e+02,6.800000000000000000e+02,0.000000000000000000e+00,1.012649256836084533e-03,4.424276524702441642e-03,1.728797280634712696e-05,0.000000000000000000e+00,-7.025491299827990588e-13
5.070000000000000000e+02,2.465055792466063433e+00,1.519977196753864387e-04,2.260000000000000000e+02,6.780000000000000000e+02,0.000000000000000000e+00,3.635189128374349821e-03,4.432259616368500535e-03,1.792491564394272331e-05,0.000000000000000000e+00,-7.123190925995004363e-13
5.080000000000000000e+02,2.464903837524590191e+00,1.519549414748280725e-04,2.260000000000000000e+02,6.780000000000000000e+02,0.000000000000000000e+00,1.831820488746416231e-03,4.440285377071543672e-03,1.754145630102721970e-05,0.000000000000000000e+00,-7.109868249699502485e-13
5.090000000000000000e+02,2.464751925307052449e+00,1.519122175381884500e-04,2.260000000000000000e+02,6.770000000000000000e+02,0.000000000000000000e+00,2.681985705521583441e-05,4.448318410602391214e-03,1.694572430142565796e-05,0.000000000000000000e+00,-7.105427357601001859e-13
5.100000000000000000e+02,2.464600055759011088e+00,1.518695480378103426e-04,2.250000000000000000e+02,6.750000000000000000e+02,0.000000000000000000e+00,2.676545946826536237e-03,4.456322935047597918e-03,1.754873452525474600e-05,0.000000000000000000e+00,-7.140954494389006868e-13
5.110000000000000000e+02,2.464448228826533693e+00,1.518269324764100854e-04,2.250000000000000000e+02,6.740000000000000000e+02,0.000000000000000000e+00,8.763289008584251860e-04,4.464370417370651552e-03,1.778719979969188144e-05,0.000000000000000000e+00,-7.149836278586008120e-13
5.120000000000000000e+02,2.464296444455671420e+00,1.517843708605016734e-04,2.240000000000000000e+02,6.720000000000000000e+02,0.000000000000000000e+00,3.546912295803394954e-03,4.472389196823601913e-03,1.746756381431183145e-05,0.000000000000000000e+00,-7.167599846980010625e-13
5.130000000000000000e+02,2.464144702592656166e+00,1.517418630182788256e-04,2.240000000000000000e+02,6.720000000000000000e+02,0.000000000000000000e+00,1.751507812514319085e-03,4.480451127380776812e-03,1.742117451333796227e-05,0.000000000000000000e+00,-7.136513602290506242e-13
5.140000000000000000e+02,2.463993003184023145e+00,1.516994086293721596e-04,2.230000000000000000e+02,6.690000000000000000e+02,0.000000000000000000e+00,4.443006194605914061e-03,4.488484160587601426e-03,1.798927380010046119e-05,0.000000000000000000e+00,-7.172040739078511251e-13
5.150000000000000000e+02,2.463841346176164127e+00,1.516570078574903219e-04,2.230000000000000000e+02,6.690000000000000000e+02,0.000000000000000000e+00,2.652443252486591518e-03,4.496560538818914973e-03,1.770075026846591515e-05,0.000000000000000000e+00,-7.189804307472513756e-13
5.160000000000000000e+02,2.463689731515955383e+00,1.516146602088258707e-04,2.230000000000000000e+02,6.680000000000000000e+02,0.000000000000000000e+00,8.602701118434197269e-04,4.504644189598023402e-03,1.733493040412250341e-05,0.000000000000000000e+00,-7.185363415374013130e-13
5.170000000000000000e+02,2.463538159150252316e+00,1.515723657010102914e-04,2.220000000000000000e+02,6.660000000000000000e+02,0.000000000000000000e+00,3.579221877885174763e-03,4.512698649866248371e-03,1.691293715093913992e-05,0.000000000000000000e+00,-7.207567875866516260e-13
5.180000000000000000e+02,2.463386629026087959e+00,1.515301241618174726e-04,2.220000000000000000e+02,6.660000000000000000e+02,0.000000000000000000e+00,1.791926518649233913e-03,4.520796747651283434e-03,1.720639043137613751e-05,0.000000000000000000e+00,-7.234213228457520017e-13
5.190000000000000000e+02,2.463235141090820868e+00,1.514879352691656162e-04,2.220000000000000000e+02,6.650000000000000000e+02,0.000000000000000000e+00,3.028220703527040314e-06,4.528902117912472769e-03,1.762945448475765234e-05,0.000000000000000000e+00,-7.212008767965016887e-13
5.200000000000000000e+02,2.463083695291611530e+00,1.514457992069714876e-04,2.210000000000000000e+02,6.630000000000000000e+02,0.000000000000000000e+00,2.749541740399763512e-03,4.536978002925594333e-03,1.721070177592967499e-05,0.000000000000000000e+00,-7.234213228457520017e-13
5.210000000000000000e+02,2.462932291576136912e+00,1.514037154780090741e-04,2.210000000000000000e+02,6.620000000000000000e+02,0.000000000000000000e+00,9.655574660882848548e-04,4.545097819521183233e-03,1.736380192497263383e-05,0.000000000000000000e+00,-7.203126983768015634e-13
5.220000000000000000e+02,2.462780929892051773e+00,1.513616840834391226e-04,2.200000000000000000e+02,6.600000000000000000e+02,0.000000000000000000e+00,3.733202425109993783e-03,4.553187953590330170e-03,1.740908960702306047e-05,0.000000000000000000e+00,-7.220890552162018139e-13
5.230000000000000000e+02,2.462629610187154761e+00,1.513197048957781060e-04,2.200000000000000000e+02,6.600000000000000000e+02,0.000000000000000000e+00,1.954161153093991743e-03,4.561322215953430084e-03,1.738645744656334838e-05,0.000000000000000000e+00,-7.229772336359019391e-13
5.240000000000000000e+02,2.462478332409580251e+00,1.512777775766054890e-04,2.200000000000000000e+02,6.590000000000000000e+02,0.000000000000000000e+00,1.735314685902267229e-04,4.569463750612135985e-03,1.725507794241033156e-05,0.000000000000000000e+00,-7.212008767965016887e-13
5.250000000000000000e+02,2.462327096507296531e+00,1.512359022802901127e-04,2.190000000000000000e+02,6.570000000000000000e+02,0.000000000000000000e+00,2.968925923937604239e-03,4.577575305371758656e-03,1.750830882985331146e-05,0.000000000000000000e+00,-7.243095012654521270e-13
5.260000000000000000e+02,2.462175902428716423e+00,1.511940785799236581e-04,2.190000000000000000e+02,6.560000000000000000e+02,0.000000000000000000e+00,1.193275480886768491e-03,4.585731285120658862e-03,1.762172850504473747e-05,0.000000000000000000e+00,-7.247535904753021896e-13
5.270000000000000000e+02,2.462024750122310479e+00,1.511523064019848039e-04,2.180000000000000000e+02,6.540000000000000000e+02,0.000000000000000000e+00,4.009938421290826227e-03,4.593857085933709603e-03,1.750198944806136006e-05,0.000000000000000000e+00,-7.287503933639527531e-13
5.280000000000000000e+02,2.461873639536598546e+00,1.511105857128951582e-04,2.180000000000000000e+02,6.540000000000000000e+02,0.000000000000000000e+00,2.239296193806694646e-03,4.602027510201561408e-03,1.736927749254905265e-05,0.000000000000000000e+00,-7.278622149442526279e-13
5.290000000000000000e+02,2.461722570620465067e+00,1.510689161332844392e-04,2.180000000000000000e+02,6.530000000000000000e+02,0.000000000000000000e+00,4.670800790336215869e-04,4.610205206581320658e-03,1.745251918057066123e-05,0.000000000000000000e+00,-7.278622149442526279e-13
5.300000000000000000e+02,2.461571543322697675e+00,1.510272977642774844e-04,2.170000000000000000e+02,6.510000000000000000e+02,0.000000000000000000e+00,3.311680247861659154e-03,4.618352424005522580e-03,1.719845852592596537e-05,0.000000000000000000e+00,-7.309708394132030662e-13
5.310000000000000000e+02,2.461420557592401970e+00,1.509857302962471328e-04,2.170000000000000000e+02,6.510000000000000000e+02,0.000000000000000000e+00,1.544508588153803430e-03,4.626544564221105396e-03,1.722005191466621804e-05,0.000000000000000000e+00,-7.305267502033530036e-13
5.320000000000000000e+02,2.461269613378867849e+00,1.509442135341473651e-04,2.160000000000000000e+02,6.480000000000000000e+02,0.000000000000000000e+00,4.410514277878974099e-03,4.634706024678279974e-03,1.739039994856414321e-05,0.000000000000000000e+00,-7.305267502033530036e-13
5.330000000000000000e+02,2.461118710631283069e+00,1.509027475848990281e-04,2.160000000000000000e+02,6.480000000000000000e+02,0.000000000000000000e+00,2.648416046099555388e-03,4.642912608154053933e-03,1.721764567048888114e-05,0.000000000000000000e+00,-7.300826609935029410e-13
5.340000000000000000e+02,2.460967849299276811e+00,1.508613320046681063e-04,2.160000000000000000e+02,6.470000000000000000e+02,0.000000000000000000e+00,8.847584531395114027e-04,4.651126463554885668e-03,1.749303637484162218e-05,0.000000000000000000e+00,-7.318590178329031914e-13
5.350000000000000000e+02,2.460817029332460049e+00,1.508199668165842097e-04,2.150000000000000000e+02,6.450000000000000000e+02,0.000000000000000000e+00,3.778889084287584410e-03,4.659309336519052575e-03,1.724880278300893743e-05,0.000000000000000000e+00,-7.318590178329031914e-13
5.360000000000000000e+02,2.460666250680581424e+00,1.507786518769530643e-04,2.150000000000000000e+02,6.450000000000000000e+02,0.000000000000000000e+00,2.020341156480753853e-03,4.667537634491155177e-03,1.731492243859031875e-05,0.000000000000000000e+00,-7.336353746723034419e-13
5.370000000000000000e+02,2.460515513293711543e+00,1.507373868706556725e-04,2.150000000000000000e+02,6.440000000000000000e+02,0.000000000000000000e+00,2.602411294674311648e-04,4.675773204310507136e-03,1.755507745905837702e-05,0.000000000000000000e+00,-7.327471962526033167e-13
5.380000000000000000e+02,2.460364817121765135e+00,1.506961719428703914e-04,2.140000000000000000e+02,6.420000000000000000e+02,0.000000000000000000e+00,3.182605043321018456e-03,4.683977487413350758e-03,1.755548823886248346e-05,0.000000000000000000e+00,-7.362999099314038176e-13
5.390000000000000000e+02,2.460214162115054837e+00,1.506550067113856519e-04,2.140000000000000000e+02,6.420000000000000000e+02,0.000000000000000000e+00,1.427650916639322531e-03,4.692227499111768611e-03,1.668848399397083044e-05,0.000000000000000000e+00,-7.354117315117036924e-13
5.400000000000000000e+02,2.460063548224005636e+00,1.506138910469267706e-04,2.130000000000000000e+02,6.390000000000000000e+02,0.000000000000000000e+00,4.371636733139894204e-03,4.700446020448583416e-03,1.722246196186729761e-05,0.000000000000000000e+00,-7.376321775609540055e-13
5.410000000000000000e+02,2.459912975392334999e+00,1.505728316698513349e-04,2.130000000000000000e+02,6.390000000000000000e+02,0.000000000000000000e+00,2.621857482040468312e-03,4.708710473443514059e-03,1.790425926192443245e-05,0.000000000000000000e+00,-7.385203559806541307e-13
5.420000000000000000e+02,2.459762443564312395e+00,1.505318280210690273e-04,2.130000000000000000e+02,6.380000000000000000e+02,0.000000000000000000e+00,8.705406544322613627e-04,4.716982198093984564e-03,1.715510994068956903e-05,0.000000000000000000e+00,-7.398526236102043185e-13
5.430000000000000000e+02,2.459611952690765602e+00,1.504908735462592308e-04,2.120000000000000000e+02,6.360000000000000000e+02,0.000000000000000000e+00,3.842947444240962795e-03,4.725222125425987581e-03,1.750430165140401398e-05,0.000000000000000000e+00,-7.407408020299044438e-13
5.440000000000000000e+02,2.459461502722643633e+00,1.504499681233381517e-04,2.120000000000000000e+02,6.360000000000000000e+02,0.000000000000000000e+00,2.096841726029197162e-03,4.733508290674968456e-03,1.789330642102897505e-05,0.000000000000000000e+00,-7.389644451905041933e-13
5.450000000000000000e+02,2.459311093611189047e+00,1.504091114540914286e-04,2.120000000000000000e+02,6.350000000000000000e+02,0.000000000000000000e+00,3.492056944196519908e-04,4.741801727498995422e-03,1.712764548975367581e-05,0.000000000000000000e+00,-7.398526236102043185e-13
5.460000000000000000e+02,2.459160725307509399e+00,1.503683036768430927e-04,2.110000000000000000e+02,6.330000000000000000e+02,0.000000000000000000e+00,3.350141781766069471e-03,4.750063058435039474e-03,1.752809328959186052e-05,0.000000000000000000e+00,-7.425171588693046942e-13
5.470000000000000000e+02,2.459010397763055522e+00,1.503275444547190606e-04,2.110000000000000000e+02,6.330000000000000000e+02,0.000000000000000000e+00,1.607753093139763223e-03,4.758370935156274080e-03,1.777332259412577354e-05,0.000000000000000000e+00,-7.416289804496045690e-13
5.480000000000000000e+02,2.458860110929439013e+00,1.502868336123365663e-04,2.100000000000000000e+02,6.300000000000000000e+02,0.000000000000000000e+00,4.630527436347620096e-03,4.766646499482603966e-03,1.757908792215197972e-05,0.000000000000000000e+00,-7.456257833382551325e-13
5.490000000000000000e+02,2.458709864758135577e+00,1.502461713010249712e-04,2.100000000000000000e+02,6.300000000000000000e+02,0.000000000000000000e+00,2.893415059816106805e-03,4.774968815511640950e-03,1.736158686698535886e-05,0.000000000000000000e+00,-7.482903185973555082e-13
5.500000000000000000e+02,2.458559659201063230e+00,1.502055570750022463e-04,2.100000000000000000e+02,6.290000000000000000e+02,0.000000000000000000e+00,1.154786895654069667e-03,4.783298402919105262e-03,1.722828541867399779e-05,0.000000000000000000e+00,-7.456257833382551325e-13
5.510000000000000000e+02,2.458409494210146207e+00,1.501649909143692703e-04,2.090000000000000000e+02,6.270000000000000000e+02,0.000000000000000000e+00,4.206278203355395817e-03,4.791595366666678846e-03,1.749020627512900042e-05,0.000000000000000000e+00,-7.482903185973555082e-13
5.520000000000000000e+02,2.458259369737353150e+00,1.501244727965868081e-04,2.090000000000000000e+02,6.270000000000000000e+02,0.000000000000000000e+00,2.472962585216009757e-03,4.799939392674833216e-03,1.778602933792510022e-05,0.000000000000000000e+00,-7.447376049185550073e-13
5.530000000000000000e+02,2.458109285734986216e+00,1.500840023644989859e-04,2.090000000000000000e+02,6.260000000000000000e+02,0.000000000000000000e+00,7.381384414202329936e-04,4.808290689978247934e-03,1.733744289667610761e-05,0.000000000000000000e+00,-7.469580509678053204e-13
5.540000000000000000e+02,2.457959242155304036e+00,1.500435796794470894e-04,2.080000000000000000e+02,6.240000000000000000e+02,0.000000000000000000e+00,3.818455024998002045e-03,4.816609050733063058e-03,1.752461577883292324e-05,0.000000000000000000e+00,-7.500666754367557587e-13
5.550000000000000000e+02,2.457809238950745101e+00,1.500032045597737493e-04,2.080000000000000000e+02,6.240000000000000000e+02,0.000000000000000000e+00,2.088979658765310887e-03,4.824974785926776019e-03,1.747859143193812009e-05,0.000000000000000000e+00,-7.491784970170556335e-13
5.560000000000000000e+02,2.457659276074014354e+00,1.499628767299226951e-04,2.080000000000000000e+02,6.230000000000000000e+02,0.000000000000000000e+00,3.580030262355649029e-04,4.833347792331661209e-03,1.777030090315060958e-05,0.000000000000000000e+00,-7.500666754367557587e-13
5.570000000000000000e+02,2.457509353477689285e+00,1.499225963270581056e-04,2.070000000000000000e+02,6.210000000000000000e+02,0.000000000000000000e+00,3.467253196390629455e-03,4.841687547671284092e-03,1.725014217455741132e-05,0.000000000000000000e+00,-7.478462293875054456e-13
5.580000000000000000e+02,2.457359471114657801e+00,1.498823630227046966e-04,2.070000000000000000e+02,6.210000000000000000e+02,0.000000000000000000e+00,1.741661572282282577e-03,4.850074991252784073e-03,1.752535107308561706e-05,0.000000000000000000e+00,-7.567280135845066980e-13
5.590000000000000000e+02,2.457209628938046730e+00,1.498421766175913401e-04,2.070000000000000000e+02,6.200000000000000000e+02,0.000000000000000000e+00,1.457594544262974523e-05,4.858469705960383710e-03,1.737513490972901012e-05,0.000000000000000000e+00,-7.500666754367557587e-13
5.600000000000000000e+02,2.457059826900729327e+00,1.498020373168474880e-04,2.060000000000000000e+02,6.180000000000000000e+02,0.000000000000000000e+00,3.152868004463016405e-03,4.866830853454011396e-03,1.732804926276164284e-05,0.000000000000000000e+00,-7.505107646466058213e-13
5.610000000000000000e+02,2.456910064956066453e+00,1.497619446600247019e-04,2.060000000000000000e+02,6.180000000000000000e+02,0.000000000000000000e+00,1.431203617130449857e-03,4.875240004621243795e-03,1.718287180862917318e-05,0.000000000000000000e+00,-7.536193891155562596e-13
5.620000000000000000e+02,2.456760343057490026e+00,1.497218985733545437e-04,2.050000000000000000e+02,6.150000000000000000e+02,0.000000000000000000e+00,4.591708914858827484e-03,4.883615377011455913e-03,1.727380304469833730e-05,0.000000000000000000e+00,-7.567280135845066980e-13
5.630000000000000000e+02,2.456610661158340925e+00,1.496818991518651654e-04,2.050000000000000000e+02,6.150000000000000000e+02,0.000000000000000000e+00,2.875494732165861933e-03,4.892038964037026885e-03,1.737458547158283233e-05,0.000000000000000000e+00,-7.540634783254063223e-13
5.640000000000000000e+02,2.456461019212349939e+00,1.496419459888461486e-04,2.050000000000000000e+02,6.140000000000000000e+02,0.000000000000000000e+00,1.157801071599351417e-03,4.900469821983732127e-03,1.784241052996414205e-05,0.000000000000000000e+00,-7.558398351648065727e-13
5.650000000000000000e+02,2.456311417173283385e+00,1.496020390676317338e-04,2.040000000000000000e+02,6.120000000000000000e+02,0.000000000000000000e+00,4.347535881379371858e-03,4.908866582276984886e-03,1.776770248278692119e-05,0.000000000000000000e+00,-7.549516567451064475e-13
5.660000000000000000e+02,2.456161854994904026e+00,1.495621783790244985e-04,2.040000000000000000e+02,6.120000000000000000e+02,0.000000000000000000e+00,2.635328654605473275e-03,4.917311875359252696e-03,1.725614746500587625e-05,0.000000000000000000e+00,-7.553957459549565101e-13
5.670000000000000000e+02,2.456012332631329009e+00,1.495223635712517138e-04,2.040000000000000000e+02,6.110000000000000000e+02,0.000000000000000000e+00,9.216492128416575724e-04,4.925764439274914197e-03,1.730571785877979584e-05,0.000000000000000000e+00,-7.589484596337570110e-13
5.680000000000000000e+02,2.455862850036651501e+00,1.494825946745586903e-04,2.030000000000000000e+02,6.090000000000000000e+02,0.000000000000000000e+00,4.140721824796855799e-03,4.934182585017551394e-03,1.778448786750184401e-05,0.000000000000000000e+00,-7.620570841027074493e-13
5.690000000000000000e+02,2.455713407165063700e+00,1.494428715898774300e-04,2.030000000000000000e+02,6.090000000000000000e+02,0.000000000000000000e+00,2.432565043818613049e-03,4.942649583342721697e-03,1.741976967243405669e-05,0.000000000000000000e+00,-7.598366380534571363e-13
5.700000000000000000e+02,2.455564003971050901e+00,1.494031940129078096e-04,2.030000000000000000e+02,6.080000000000000000e+02,0.000000000000000000e+00,7.229433082329705940e-04,4.951123852412612700e-03,1.746762098345876728e-05,0.000000000000000000e+00,-7.598366380534571363e-13
5.710000000000000000e+02,2.455414640409034455e+00,1.493635620142108448e-04,2.020000000000000000e+02,6.060000000000000000e+02,0.000000000000000000e+00,3.971462006461479177e-03,4.959563381142598551e-03,1.745498933693050383e-05,0.000000000000000000e+00,-7.620570841027074493e-13
5.720000000000000000e+02,2.455265316433616452e+00,1.493239754190764357e-04,2.020000000000000000e+02,6.060000000000000000e+02,0.000000000000000000e+00,2.267399160132299585e-03,4.968052083892634738e-03,1.755743765263807630e-05,0.000000000000000000e+00,-7.607248164731572615e-13
5.730000000000000000e+02,2.455116031999652559e+00,1.492844339637224493e-04,2.020000000000000000e+02,6.050000000000000000e+02,0.000000000000000000e+00,5.618786219656612957e-04,4.976548057297759328e-03,1.757553564030852266e-05,0.000000000000000000e+00,-7.611689056830073241e-13
5.740000000000000000e+02,2.454966787061897637e+00,1.492449377508433769e-04,2.010000000000000000e+02,6.030000000000000000e+02,0.000000000000000000e+00,3.839951685108644597e-03,4.985008966544668060e-03,1.767603743609182906e-05,0.000000000000000000e+00,-7.651657085716578877e-13
5.750000000000000000e+02,2.454817581575351237e+00,1.492054865453904759e-04,2.010000000000000000e+02,6.030000000000000000e+02,0.000000000000000000e+00,2.140026261940874974e-03,4.993519372897299927e-03,1.724994677815484511e-05,0.000000000000000000e+00,-7.660538869913580129e-13
5.760000000000000000e+02,2.454668415495240286e+00,1.491660801160696499e-04,2.010000000000000000e+02,6.020000000000000000e+02,0.000000000000000000e+00,4.386504064086693688e-04,5.002037049814466764e-03,1.723573863569058222e-05,0.000000000000000000e+00,-7.611689056830073241e-13
5.770000000000000000e+02,2.454519288776646491e+00,1.491267185915706825e-04,2.000000000000000000e+02,6.000000000000000000e+02,0.000000000000000000e+00,3.746386111515676021e-03,5.010519337099454858e-03,1.705315921439841054e-05,0.000000000000000000e+00,-7.633893517322576372e-13
5.780000000000000000e+02,2.454370201374953986e+00,1.490874016900696659e-04,2.000000000000000000e+02,6.000000000000000000e+02,0.000000000000000000e+00,2.050641598430047452e-03,5.019051446228181210e-03,1.753337234546814799e-05,0.000000000000000000e+00,-7.656097977815079503e-13
5.790000000000000000e+02,2.454221153245748965e+00,1.490481292058930686e-04,2.000000000000000000e+02,5.990000000000000000e+02,0.000000000000000000e+00,3.534539133625003160e-04,5.027590825829935002e-03,1.729865873899181724e-05,0.000000000000000000e+00,-7.647216193618078250e-13
5.800000000000000000e+02,2.454072144344460416e+00,1.490089012859582807e-04,1.990000000000000000e+02,5.970000000000000000e+02,0.000000000000000000e+00,3.690960529752373986e-03,5.036094488665791499e-03,1.779768812031262205e-05,0.000000000000000000e+00,-7.673861546209082007e-13
5.810000000000000000e+02,2.453923174626844617e+00,1.489697176166046653e-04,1.990000000000000000e+02,5.970000000000000000e+02,0.000000000000000000e+00,1.999440412078001827e-03,5.044648299739879285e-03,1.776708345034187309e-05,0.000000000000000000e+00,-7.664979762012080755e-13
5.820000000000000000e+02,2.453774244048834596e+00,1.489305780108079167e-04,1.990000000000000000e+02,5.960000000000000000e+02,0.000000000000000000e+00,3.064843855327126221e-04,5.053209381194521607e-03,1.722663923080034593e-05,0.000000000000000000e+00,-7.656097977815079503e-13
5.830000000000000000e+02,2.453625352566205287e+00,1.488914826253847875e-04,1.980000000000000000e+02,5.940000000000000000e+02,0.000000000000000000e+00,3.673870177181015606e-03,5.061734417085650764e-03,1.762302697790746409e-05,0.000000000000000000e+00,-7.696066006701585138e-13
5.840000000000000000e+02,2.453476500135073568e+00,1.488524311305567283e-04,1.980000000000000000e+02,5.940000000000000000e+02,0.000000000000000000e+00,1.986617941838630941e-03,5.070309929270115125e-03,1.754755709984735296e-05,0.000000000000000000e+00,-7.709388682997087017e-13
5.850000000000000000e+02,2.453327686711725519e+00,1.488134233494334442e-04,1.980000000000000000e+02,5.930000000000000000e+02,0.000000000000000000e+00,2.979370564162309165e-04,5.078892711741753857e-03,1.750452961596014089e-05,0.000000000000000000e+00,-7.696066006701585138e-13
5.860000000000000000e+02,2.453178912252279797e+00,1.487744594423192138e-04,1.970000000000000000e+02,5.910000000000000000e+02,0.000000000000000000e+00,3.695310284001607215e-03,5.087439118184152592e-03,1.749596227932492262e-05,0.000000000000000000e+00,-7.727152251391089521e-13
5.870000000000000000e+02,2.453030176713202337e+00,1.487355390777266495e-04,1.970000000000000000e+02,5.910000000000000000e+02,0.000000000000000000e+00,2.012369415297143860e-03,5.096036330639788087e-03,1.686694768960857191e-05,0.000000000000000000e+00,-7.727152251391089521e-13
5.880000000000000000e+02,2.452881480051124274e+00,1.486966620818942200e-04,1.970000000000000000e+02,5.900000000000000000e+02,0.000000000000000000e+00,3.280071581457377761e-04,5.104640813288242873e-03,1.729283409602102152e-05,0.000000000000000000e+00,-7.687184222504583886e-13
5.890000000000000000e+02,2.452732822222511100e+00,1.486578286101242913e-04,1.960000000000000000e+02,5.880000000000000000e+02,0.000000000000000000e+00,3.755476076435115829e-03,5.113208587769538932e-03,1.788832709078170820e-05,0.000000000000000000e+00,-7.718270467194088269e-13
5.900000000000000000e+02,2.452584203184165368e+00,1.486190383448398710e-04,1.960000000000000000e+02,5.880000000000000000e+02,0.000000000000000000e+00,2.076890057765012898e-03,5.121827499652903057e-03,1.731176403107314687e-05,0.000000000000000000e+00,-7.727152251391089521e-13
5.910000000000000000e+02,2.452435622893056610e+00,1.485802911076458189e-04,1.960000000000000000e+02,5.870000000000000000e+02,0.000000000000000000e+00,3.968899113715451676e-04,5.130453681633799848e-03,1.774797881109215004e-05,0.000000000000000000e+00,-7.740474927686591400e-13
5.920000000000000000e+02,2.452287081306015804e+00,1.485415870415761569e-04,1.950000000000000000e+02,5.850000000000000000e+02,0.000000000000000000e+00,3.854562771266500931e-03,5.139042821633214506e-03,1.730008873071166539e-05,0.000000000000000000e+00,-7.731593143489590148e-13
5.930000000000000000e+02,2.452138578380157696e+00,1.485029258578124910e-04,1.950000000000000000e+02,5.850000000000000000e+02,0.000000000000000000e+00,2.180375085117702838e-03,5.147683432096636369e-03,1.761744583438077023e-05,0.000000000000000000e+00,-7.736034035588090774e-13
5.940000000000000000e+02,2.451990114072790217e+00,1.484643073660750089e-04,1.950000000000000000e+02,5.840000000000000000e+02,0.000000000000000000e+00,5.047805337881072774e-04,5.156331312561338899e-03,1.790004052001530267e-05,0.000000000000000000e+00,-7.749356711883592652e-13
5.950000000000000000e+02,2.451841688341100056e+00,1.484257316884194506e-04,1.940000000000000000e+02,5.820000000000000000e+02,0.000000000000000000e+00,3.992765577322643367e-03,5.164941815549748544e-03,1.745933275082066171e-05,0.000000000000000000e+00,-7.767120280277595157e-13
5.960000000000000000e+02,2.451693301142517711e+00,1.483871985815939998e-04,1.940000000000000000e+02,5.820000000000000000e+02,0.000000000000000000e+00,2.323019707205276063e-03,5.173604123741303712e-03,1.743775327862343347e-05,0.000000000000000000e+00,-7.771561172376095783e-13
5.970000000000000000e+02,2.451544952434680624e+00,1.483487078347225810e-04,1.940000000000000000e+02,5.810000000000000000e+02,0.000000000000000000e+00,6.518742326306892210e-04,5.182273701836956868e-03,1.725522355960445965e-05,0.000000000000000000e+00,-7.798206524967099540e-13
5.980000000000000000e+02,2.451396642175141416e+00,1.483102595414828367e-04,1.930000000000000000e+02,5.790000000000000000e+02,0.000000000000000000e+00,4.170279700701939873e-03,5.190905565276817540e-03,1.742724801010115529e-05,0.000000000000000000e+00,-7.776002064474596409e-13
5.990000000000000000e+02,2.451248370321621461e+00,1.482718535192907843e-04,1.930000000000000000e+02,5.790000000000000000e+02,0.000000000000000000e+00,2.505019126374463667e-03,5.199589570340371406e-03,1.732557379433180588e-05,0.000000000000000000e+00,-7.780442956573097035e-13
6.000000000000000000e+02,2.451100136832089493e+00,1.482334895294732204e-04,1.930000000000000000e+02,5.780000000000000000e+02,0.000000000000000000e+00,8.383662103597089299e-04,5.208280845209883013e-03,1.727846885059415477e-05,0.000000000000000000e+00,-7.807088309164100792e-13
6.010000000000000000e+02,2.450951941571317239e+00,1.481952607759388202e-04,1.920000000000000000e+02,5.760000000000000000e+02,0.000000000000000000e+00,5.208333326095271332e-03,5.208333333333333044e-03,1.726069426189474632e-05,0.000000000000000000e+00,-7.767120280277595157e-13
6.020000000000000000e+02,2.450803784406156982e+00,1.481571651555764685e-04,1.920000000000000000e+02,5.760000000000000000e+02,0.000000000000000000e+00,5.208333326095271332e-03,5.208333333333333044e-03,1.758881475164230073e-05,0.000000000000000000e+00,-7.815970093361102045e-13
6.030000000000000000e+02,2.450655665295885743e+00,1.481191102699484145e-04,1.920000000000000000e+02,5.760000000000000000e+02,0.000000000000000000e+00,5.208333326095271332e-03,5.208333333333333044e-03,1.734400049203088025e-05,0.000000000000000000e+00,-7.829292769656603923e-13
6.040000000000000000e+02,2.450507584199595357e+00,1.480810962913058960e-04,1.920000000000000000e+02,5.760000000000000000e+02,0.000000000000000000e+00,5.208333326095271332e-03,5.208333333333333044e-03,1.743792074456635780e-05,0.000000000000000000e+00,-7.820410985459602671e-13
6.050000000000000000e+02,2.450359541076348346e+00,1.480431232451108318e-04,1.920000000000000000e+02,5.760000000000000000e+02,0.000000000000000000e+00,5.208333326095271332e-03,5.208333333333333044e-03,1.698632107377732637e-05,0.000000000000000000e+00,-7.838174553853605175e-13
6.060000000000000000e+02,2.450211535885240544e+00,1.480051911078713526e-04,1.920000000000000000e+02,5.760000000000000000e+02,0.000000000000000000e+00,5.208333326095271332e-03,5.208333333333333044e-03,1.775058191899090719e-05,0.000000000000000000e+00,-7.838174553853605175e-13
6.070000000000000000e+02,2.450063568585407303e+00,1.479672998320427538e-04,1.920000000000000000e+02,5.760000000000000000e+02,0.000000000000000000e+00,5.208333326095271332e-03,5.208333333333333044e-03,1.707406671820573107e-05,0.000000000000000000e+00,-7.851497230149107054e-13
6.080000000000000000e+02,2.449915639136048817e+00,1.479294493561799371e-04,1.920000000000000000e+02,5.760000000000000000e+02,0.000000000000000000e+00,5.208333326095271332e-03,5.208333333333333044e-03,1.725144367405640175e-05,0.000000000000000000e+00,-7.873701690641610185e-13
6.090000000000000000e+02,2.449767747496439441e+00,1.478916396100035354e-04,1.920000000000000000e+02,5.760000000000000000e+02,0.000000000000000000e+00,5.208333326095271332e-03,5.208333333333333044e-03,1.743694015375002411e-05,0.000000000000000000e+00,-7.864819906444608932e-13
6.100000000000000000e+02,2.449619893625924139e+00,1.478538705172597126e-04,1.920000000000000000e+02,5.760000000000000000e+02,0.000000000000000000e+00,5.208333326095271332e-03,5.208333333333333044e-03,1.737630465887753686e-05,0.000000000000000000e+00,-7.847056338050606428e-13
6.110000000000000000e+02,2.449472077483923815e+00,1.478161419974734539e-04,1.920000000000000000e+02,5.760000000000000000e+02,0.000000000000000000e+00,5.208333326095271332e-03,5.208333333333333044e-03,1.725963833299262650e-05,0.000000000000000000e+00,-7.873701690641610185e-13
6.120000000000000000e+02,2.449324299029958407e+00,1.477784539670963840e-04,1.920000000000000000e+02,5.760000000000000000e+02,0.000000000000000000e+00,5.208333326095271332e-03,5.208333333333333044e-03,1.742793138302077481e-05,0.000000000000000000e+00,-7.860379014346108306e-13
6.130000000000000000e+02,2.449176558223612687e+00,1.477408063402886932e-04,1.920000000000000000e+02,5.760000000000000000e+02,0.000000000000000000e+00,5.208333326095271332e-03,5.208333333333333044e-03,1.726557837744018453e-05,0.000000000000000000e+00,-7.913669719528115820e-13
6.140000000000000000e+02,2.449028855024586893e+00,1.477031990294762820e-04,1.920000000000000000e+02,5.760000000000000000e+02,0.000000000000000000e+00,5.208333326095271332e-03,5.208333333333333044e-03,1.738758744517696325e-05,0.000000000000000000e+00,-7.873701690641610185e-13
6.150000000000000000e+02,2.448881189392640323e+00,1.476656319457590174e-04,1.920000000000000000e+02,5.760000000000000000e+02,0.000000000000000000e+00,5.208333326095271332e-03,5.208333333333333044e-03,1.751799448943238538e-05,0.000000000000000000e+00,-7.882583474838611437e-13
6.160000000000000000e+02,2.448733561287635307e+00,1.476281049992167493e-04,1.920000000000000000e+02,5.760000000000000000e+02,0.000000000000000000e+00,5.208333326095271332e-03,5.208333333333333044e-03,1.692060954872983043e-05,0.000000000000000000e+00,-7.940315072119119577e-13
6.170000000000000000e+02,2.448585970669539424e+00,1.475906180991442022e-04,1.920000000000000000e+02,5.760000000000000000e+02,0.000000000000000000e+00,5.208333326095271332e-03,5.208333333333333044e-03,1.711080554777422754e-05,0.000000000000000000e+00,-7.909228827429615194e-13
6.180000000000000000e+02,2.448438417498388198e+00,1.475531711542351818e-04,1.920000000000000000e+02,5.760000000000000000e+02,0.000000000000000000e+00,5.208333326095271332e-03,5.208333333333333044e-03,1.697006658872396402e-05,0.000000000000000000e+00,-7.878142582740110811e-13
6.190000000000000000e+02,2.448290901734311742e+00,1.475157640727275054e-04,1.920000000000000000e+02,5.760000000000000000e+02,0.000000000000000000e+00,5.208333326095271332e-03,5.208333333333333044e-03,1.710845304947702949e-05,0.000000000000000000e+00,-7.918110611626616446e-13
6.200000000000000000e+02,2.448143423337548530e+00,1.474783967625205566e-04,1.920000000000000000e+02,5.760000000000000000e+02,0.000000000000000000e+00,5.208333326095271332e-03,5.208333333333333044e-03,1.725354858035016818e-05,0.000000000000000000e+00,-7.922551503725117072e-13
6.210000000000000000e+02,2.447995982268416082e+00,1.474410691312709389e-04,1.920000000000000000e+02,5.760000000000000000e+02,0.000000000000000000e+00,5.208333326095271332e-03,5.208333333333333044e-03,1.720191561059164836e-05,0.000000000000000000e+00,-7.935874180020618951e-13
6.220000000000000000e+02,2.447848578487327842e+00,1.474037810864702676e-04,1.920000000000000000e+02,5.760000000000000000e+02,0.000000000000000000e+00,5.208333326095271332e-03,5.208333333333333044e-03,1.772495769239872040e-05,0.000000000000000000e+00,-7.953637748414621456e-13
6.230000000000000000e+02,2.447701211954795397e+00,1.473665325355111701e-04,1.920000000000000000e+02,5.760000000000000000e+02,0.000000000000000000e+00,5.208333326095271332e-03,5.208333333333333044e-03,1.755025431402418829e-05,0.000000000000000000e+00,-7.922551503725117072e-13
6.240000000000000000e+02,2.447553882631405386e+00,1.473293233857408729e-04,1.920000000000000000e+02,5.760000000000000000e+02,0.000000000000000000e+00,5.208333326095271332e-03,5.208333333333333044e-03,1.729115056904117711e-05,0.000000000000000000e+00,-7.966960424710123334e-13
6.250000000000000000e+02,2.447406590477861688e+00,1.472921535445076056e-04,1.920000000000000000e+02,5.760000000000000000e+02,0.000000000000000000e+00,5.208333326095271332e-03,5.208333333333333044e-03,1.791923371476670246e-05,0.000000000000000000e+00,-7.958078640513122082e-13
6.260000000000000000e+02,2.447259335454939677e+00,1.472550229191999297e-04,1.920000000000000000e+02,5.760000000000000000e+02,0.000000000000000000e+00,5.208333326095271332e-03,5.208333333333333044e-03,1.765688113694021129e-05,0.000000000000000000e+00,-7.984723993104125839e-13
6.270000000000000000e+02,2.447112117523519981e+00,1.472179314172791028e-04,1.920000000000000000e+02,5.760000000000000000e+02,0.000000000000000000e+00,5.208333326095271332e-03,5.208333333333333044e-03,1.732324142938688214e-05,0.000000000000000000e+00,-8.011369345695129596e-13
6.280000000000000000e+02,2.446964936644576039e+00,1.471808789463088124e-04,1.920000000000000000e+02,5.760000000000000000e+02,0.000000000000000000e+00,5.208333326095271332e-03,5.208333333333333044e-03,1.772433637025362991e-05,0.000000000000000000e+00,-7.984723993104125839e-13
6.290000000000000000e+02,2.446817792779162115e+00,1.471438654139786489e-04,1.920000000000000000e+02,5.760000000000000000e+02,0.000000000000000000e+00,5.208333326095271332e-03,5.208333333333333044e-03,1.723652250332285090e-05,0.000000000000000000e+00,-7.984723993104125839e-13
6.300000000000000000e+02,2.446670685888433283e+00,1.471068907281256001e-04,1.920000000000000000e+02,5.760000000000000000e+02,0.000000000000000000e+00,5.208333326095271332e-03,5.208333333333333044e-03,1.741853663822714998e-05,0.000000000000000000e+00,-7.993605777301127091e-13
6.310000000000000000e+02,2.446523615933633877e+00,1.470699547967537835e-04,1.920000000000000000e+02,5.760000000000000000e+02,0.000000000000000000e+00,5.208333326095271332e-03,5.208333333333333044e-03,1.745419064667273035e-05,0.000000000000000000e+00,-8.020251129892130848e-13
6.320000000000000000e+02,2.446376582876110817e+00,1.470330575280484869e-04,1.920000000000000000e+02,5.760000000000000000e+02,0.000000000000000000e+00,5.208333326095271332e-03,5.208333333333333044e-03,1.787448451916870523e-05,0.000000000000000000e+00,-7.966960424710123334e-13
6.330000000000000000e+02,2.446229586677274082e+00,1.469961988303922684e-04,1.920000000000000000e+02,5.760000000000000000e+02,0.000000000000000000e+00,5.208333326095271332e-03,5.208333333333333044e-03,1.732546782748983560e-05,0.000000000000000000e+00,-8.033573806187632727e-13
6.340000000000000000e+02,2.446082627298663770e+00,1.469593786123756093e-04,1.920000000000000000e+02,5.760000000000000000e+02,0.000000000000000000e+00,5.208333326095271332e-03,5.208333333333333044e-03,1.743373005642371830e-05,0.000000000000000000e+00,-8.011369345695129596e-13
6.350000000000000000e+02,2.445935704701883040e+00,1.469225967828087314e-04,1.920000000000000000e+02,5.760000000000000000e+02,0.000000000000000000e+00,5.208333326095271332e-03,5.208333333333333044e-03,1.751793000064853502e-05,0.000000000000000000e+00,-7.989164885202626465e-13
6.360000000000000000e+02,2.445788818848626978e+00,1.468858532507313008e-04,1.920000000000000000e+02,5.760000000000000000e+02,0.000000000000000000e+00,5.208333326095271332e-03,5.208333333333333044e-03,1.755676631822882954e-05,0.000000000000000000e+00,-8.042455590384633979e-13
6.370000000000000000e+02,2.445641969700703910e+00,1.468491479254196107e-04,1.920000000000000000e+02,5.760000000000000000e+02,0.000000000000000000e+00,5.208333326095271332e-03,5.208333333333333044e-03,1.759674904975682389e-05,0.000000000000000000e+00,-8.020251129892130848e-13
6.380000000000000000e+02,2.445495157219983007e+00,1.468124807163953094e-04,1.920000000000000000e+02,5.760000000000000000e+02,0.000000000000000000e+00,5.208333326095271332e-03,5.208333333333333044e-03,1.736159822983328069e-05,0.000000000000000000e+00,-8.064660050877137110e-13
6.390000000000000000e+02,2.445348381368453339e+00,1.467758515334307938e-04,1.920000000000000000e+02,5.760000000000000000e+02,0.000000000000000000e+00,5.208333326095271332e-03,5.208333333333333044e-03,1.767772330004867008e-05,0.000000000000000000e+00,-8.029132914089132100e-13
6.400000000000000000e+02,2.445201642108163487e+00,1.467392602865556610e-04,1.920000000000000000e+02,5.760000000000000000e+02,0.000000000000000000e+00,5.208333326095271332e-03,5.208333333333333044e-03,1.713769411545752673e-05,0.000000000000000000e+00,-8.060219158778636483e-13
6.410000000000000000e+02,2.445054939401276606e+00,1.467027068860617220e-04,1.920000000000000000e+02,5.760000000000000000e+02,0.000000000000000000e+00,5.208333326095271332e-03,5.208333333333333044e-03,1.733299756667991564e-05,0.000000000000000000e+00,-8.069100942975637736e-13
6.420000000000000000e+02,2.444908273210036231e+00,1.466661912425074477e-04,1.920000000000000000e+02,5.760000000000000000e+02,0.000000000000000000e+00,5.208333326095271332e-03,5.208333333333333044e-03,1.743498024482056894e-05,0.000000000000000000e+00,-8.046896482483134605e-13
6.430000000000000000e+02,2.444761643496766723e+00,1.466297132667208685e-04,1.920000000000000000e+02,5.760000000000000000e+02,0.000000000000000000e+00,5.208333326095271332e-03,5.208333333333333044e-03,1.731378708929748751e-05,0.000000000000000000e+00,-8.073541835074138362e-13
6.440000000000000000e+02,2.444615050223896358e+00,1.465932728698045079e-04,1.920000000000000000e+02,5.760000000000000000e+02,0.000000000000000000e+00,5.208333326095271332e-03,5.208333333333333044e-03,1.739349338302851518e-05,0.000000000000000000e+00,-8.082423619271139614e-13
6.450000000000000000e+02,2.444468493353933347e+00,1.465568699631377401e-04,1.920000000000000000e+02,5.760000000000000000e+02,0.000000000000000000e+00,5.208333326095271332e-03,5.208333333333333044e-03,1.749310215812454672e-05,0.000000000000000000e+00,-8.077982727172638988e-13
6.460000000000000000e+02,2.444321972849474722e+00,1.465205044583789862e-04,1.920000000000000000e+02,5.760000000000000000e+02,0.000000000000000000e+00,5.208333326095271332e-03,5.208333333333333044e-03,1.753899136769180298e-05,0.000000000000000000e+00,-8.082423619271139614e-13
6.470000000000000000e+02,2.444175488673206775e+00,1.464841762674691831e-04,1.920000000000000000e+02,5.760000000000000000e+02,0.000000000000000000e+00,5.208333326095271332e-03,5.208333333333333044e-03,1.727520898832935796e-05,0.000000000000000000e+00,-8.086864511369640240e-13
6.480000000000000000e+02,2.444029040787900176e+00,1.464478853026324884e-04,1.920000000000000000e+02,5.760000000000000000e+02,0.000000000000000000e+00,5.208333326095271332e-03,5.208333333333333044e-03,1.781754871537746232e-05,0.000000000000000000e+00,-8.126832540256145876e-13
6.490000000000000000e+02,2.443882629156427733e+00,1.464116314763784488e-04,1.920000000000000000e+02,5.760000000000000000e+02,0.000000000000000000e+00,5.208333326095271332e-03,5.208333333333333044e-03,1.755916236018568592e-05,0.000000000000000000e+00,-8.086864511369640240e-13
6.500000000000000000e+02,2.443736253741722209e+00,1.463754147015041145e-04,1.920000000000000000e+02,5.760000000000000000e+02,0.000000000000000000e+00,5.208333326095271332e-03,5.208333333333333044e-03,1.732853095881028532e-05,0.000000000000000000e+00,-8.126832540256145876e-13
6.510000000000000000e+02,2.443589914506829608e+00,1.463392348910940116e-04,1.920000000000000000e+02,5.760000000000000000e+02,0.000000000000000000e+00,5.208333326095271332e-03,5.208333333333333044e-03,1.779818527230208927e-05,0.000000000000000000e+00,-8.144596108650148381e-13
6.520000000000000000e+02,2.443443611414875427e+00,1.463030919585222840e-04,1.920000000000000000e+02,5.760000000000000000e+02,0.000000000000000000e+00,5.208333326095271332e-03,5.208333333333333044e-03,1.747325698895995885e-05,0.000000000000000000e+00,-8.100187187665142119e-13
6.530000000000000000e+02,2.443297344429056661e+00,1.462669858174532893e-04,1.920000000000000000e+02,5.760000000000000000e+02,0.000000000000000000e+00,5.208333326095271332e-03,5.208333333333333044e-03,1.740849110043195098e-05,0.000000000000000000e+00,-8.113509863960643997e-13
6.540000000000000000e+02,2.443151113512671557e+00,1.462309163818414904e-04,1.920000000000000000e+02,5.760000000000000000e+02,0.000000000000000000e+00,5.208333326095271332e-03,5.208333333333333044e-03,1.741515266485647309e-05,0.000000000000000000e+00,-8.144596108650148381e-13
6.550000000000000000e+02,2.443004918629108069e+00,1.461948835659332175e-04,1.920000000000000000e+02,5.760000000000000000e+02,0.000000000000000000e+00,5.208333326095271332e-03,5.208333333333333044e-03,1.738120302477926828e-05,0.000000000000000000e+00,-8.122391648157645250e-13
6.560000000000000000e+02,2.442858759741819874e+00,1.461588872842658549e-04,1.920000000000000000e+02,5.760000000000000000e+02,0.000000000000000000e+00,5.208333326095271332e-03,5.208333333333333044e-03,1.760444798649099171e-05,0.000000000000000000e+00,-8.157918784945650259e-13
6.570000000000000000e+02,2.442712636814368565e+00,1.461229274516694402e-04,1.920000000000000000e+02,5.760000000000000000e+02,0.000000000000000000e+00,5.208333326095271332e-03,5.208333333333333044e-03,1.746504607323296309e-05,0.000000000000000000e+00,-8.157918784945650259e-13
6.580000000000000000e+02,2.442566549810385013e+00,1.460870039832650380e-04,1.920000000000000000e+02,5.760000000000000000e+02,0.000000000000000000e+00,5.208333326095271332e-03,5.208333333333333044e-03,1.745893641046710943e-05,0.000000000000000000e+00,-8.157918784945650259e-13
6.590000000000000000e+02,2.442420498693591124e+00,1.460511167944665285e-04,1.920000000000000000e+02,5.760000000000000000e+02,0.000000000000000000e+00,5.208333326095271332e-03,5.208333333333333044e-03,1.804797362036884839e-05,0.000000000000000000e+00,-8.153477892847149633e-13
6.600000000000000000e+02,2.442274483427787413e+00,1.460152658009792530e-04,1.920000000000000000e+02,5.760000000000000000e+02,0.000000000000000000e+00,5.208333326095271332e-03,5.208333333333333044e-03,1.713077419632492475e-05,0.000000000000000000e+00,-8.180123245438153390e-13
6.610000000000000000e+02,2.442128504003476142e+00,1.459794243094733460e-04,1.920000000000000000e+02,5.760000000000000000e+02,0.000000000000000000e+00,5.208333326095271332e-03,5.208333333333333044e-03,1.779745101619118681e-05,0.000000000000000000e+00,-8.197886813832155894e-13
6.620000000000000000e+02,2.441982560410650649e+00,1.459435928313060403e-04,1.920000000000000000e+02,5.760000000000000000e+02,0.000000000000000000e+00,5.208333326095271332e-03,5.208333333333333044e-03,1.798703090654342330e-05,0.000000000000000000e+00,-8.140155216551647754e-13
6.630000000000000000e+02,2.441836652613043501e+00,1.459077976068196730e-04,1.920000000000000000e+02,5.760000000000000000e+02,0.000000000000000000e+00,5.208333326095271332e-03,5.208333333333333044e-03,1.735819449331991622e-05,0.000000000000000000e+00,-8.144596108650148381e-13
6.640000000000000000e+02,2.441690780574567121e+00,1.458720384727355381e-04,1.920000000000000000e+02,5.760000000000000000e+02,0.000000000000000000e+00,5.208333326095271332e-03,5.208333333333333044e-03,1.759547096069003627e-05,0.000000000000000000e+00,-8.180123245438153390e-13
6.650000000000000000e+02,2.441544944259259609e+00,1.458363153082814555e-04,1.920000000000000000e+02,5.760000000000000000e+02,0.000000000000000000e+00,5.208333326095271332e-03,5.208333333333333044e-03,1.736036682649294140e-05,0.000000000000000000e+00,-8.171241461241152138e-13
6.660000000000000000e+02,2.441399143631249657e+00,1.458006280071383375e-04,1.920000000000000000e+02,5.760000000000000000e+02,0.000000000000000000e+00,5.208333326095271332e-03,5.208333333333333044e-03,1.744152783601703253e-05,0.000000000000000000e+00,-8.202327705930656521e-13
6.670000000000000000e+02,2.441253378654777872e+00,1.457649764703002298e-04,1.920000000000000000e+02,5.760000000000000000e+02,0.000000000000000000e+00,5.208333326095271332e-03,5.208333333333333044e-03,1.692702702361342822e-05,0.000000000000000000e+00,-8.215650382226158399e-13
6.680000000000000000e+02,2.441107649294174564e+00,1.457293606031614670e-04,1.920000000000000000e+02,5.760000000000000000e+02,0.000000000000000000e+00,5.208333326095271332e-03,5.208333333333333044e-03,1.766321688213808985e-05,0.000000000000000000e+00,-8.215650382226158399e-13
6.690000000000000000e+02,2.440961955513861970e+00,1.456937803140635973e-04,1.920000000000000000e+02,5.760000000000000000e+02,0.000000000000000000e+00,5.208333326095271332e-03,5.208333333333333044e-03,1.728323196561903601e-05,0.000000000000000000e+00,-8.202327705930656521e-13
6.700000000000000000e+02,2.440816297278348479e+00,1.456582355134732325e-04,1.920000000000000000e+02,5.760000000000000000e+02,0.000000000000000000e+00,5.208333326095271332e-03,5.208333333333333044e-03,1.762894505168737650e-05,0.000000000000000000e+00,-8.202327705930656521e-13
6.710000000000000000e+02,2.440670674552227748e+00,1.456227261134777581e-04,1.920000000000000000e+02,5.760000000000000000e+02,0.000000000000000000e+00,5.208333326095271332e-03,5.208333333333333044e-03,1.758290191795244101e-05,0.000000000000000000e+00,-8.273381979506666539e-13
6.720000000000000000e+02,2.440525087300201790e+00,1.455872520274556004e-04,1.920000000000000000e+02,5.760000000000000000e+02,0.000000000000000000e+00,5.208333326095271332e-03,5.208333333333333044e-03,1.784438716436557033e-05,0.000000000000000000e+00,-8.260059303211164661e-13
6.730000000000000000e+02,2.440379535487031237e+00,1.455518131698500079e-04,1.920000000000000000e+02,5.760000000000000000e+02,0.000000000000000000e+00,5.208333326095271332e-03,5.208333333333333044e-03,1.777497836229508863e-05,0.000000000000000000e+00,-8.268941087408165913e-13
6.740000000000000000e+02,2.440234019077576644e+00,1.455164094560078573e-04,1.920000000000000000e+02,5.760000000000000000e+02,0.000000000000000000e+00,5.208333326095271332e-03,5.208333333333333044e-03,1.715414847471261229e-05,0.000000000000000000e+00,-8.251177519014163408e-13
6.750000000000000000e+02,2.440088538036773169e+00,1.454810408020609878e-04,1.920000000000000000e+02,5.760000000000000000e+02,0.000000000000000000e+00,5.208333326095271332e-03,5.208333333333333044e-03,1.735441380651843638e-05,0.000000000000000000e+00,-8.268941087408165913e-13
6.760000000000000000e+02,2.439943092329650121e+00,1.454457071248369167e-04,1.920000000000000000e+02,5.760000000000000000e+02,0.000000000000000000e+00,5.208333326095271332e-03,5.208333333333333044e-03,1.709090841773789070e-05,0.000000000000000000e+00,-8.251177519014163408e-13
6.770000000000000000e+02,2.439797681921306971e+00,1.454104083417901013e-04,1.920000000000000000e+02,5.760000000000000000e+02,0.000000000000000000e+00,5.208333326095271332e-03,5.208333333333333044e-03,1.707340759218483730e-05,0.000000000000000000e+00,-8.264500195309665287e-13
6.780000000000000000e+02,2.439652306776936452e+00,1.453751443709475663e-04,1.920000000000000000e+02,5.760000000000000000e+02,0.000000000000000000e+00,5.208333326095271332e-03,5.208333333333333044e-03,1.752020282446258974e-05,0.000000000000000000e+00,-8.260059303211164661e-13
6.790000000000000000e+02,2.439506966861803683e+00,1.453399151308651285e-04,1.920000000000000000e+02,5.760000000000000000e+02,0.000000000000000000e+00,5.208333326095271332e-03,5.208333333333333044e-03,1.686229103795855658e-05,0.000000000000000000e+00,-8.277822871605167165e-13
6.800000000000000000e+02,2.439361662141260378e+00,1.453047205405928115e-04,1.920000000000000000e+02,5.760000000000000000e+02,0.000000000000000000e+00,5.208333326095271332e-03,5.208333333333333044e-03,1.736387932607623007e-05,0.000000000000000000e+00,-8.304468224196170922e-13
6.810000000000000000e+02,2.439216392580743964e+00,1.452695605196455445e-04,1.920000000000000000e+02,5.760000000000000000e+02,0.000000000000000000e+00,5.208333326095271332e-03,5.208333333333333044e-03,1.754042101316908187e-05,0.000000000000000000e+00,-8.273381979506666539e-13
6.820000000000000000e+02,2.439071158145750484e+00,1.452344349879789310e-04,1.920000000000000000e+02,5.760000000000000000e+02,0.000000000000000000e+00,5.208333326095271332e-03,5.208333333333333044e-03,1.761770452606490603e-05,0.000000000000000000e+00,-8.326672684688674053e-13
6.830000000000000000e+02,2.438925958801887894e+00,1.451993438659688923e-04,1.920000000000000000e+02,5.760000000000000000e+02,0.000000000000000000e+00,5.208333326095271332e-03,5.208333333333333044e-03,1.703041600601834786e-05,0.000000000000000000e+00,-8.295586439999169670e-13
6.840000000000000000e+02,2.438780794514811667e+00,1.451642870743949170e-04,1.920000000000000000e+02,5.760000000000000000e+02,0.000000000000000000e+00,5.208333326095271332e-03,5.208333333333333044e-03,1.714888953715520427e-05,0.000000000000000000e+00,-8.313350008393172175e-13
6.850000000000000000e+02,2.438635665250275864e+00,1.451292645344245567e-04,1.920000000000000000e+02,5.760000000000000000e+02,0.000000000000000000e+00,5.208333326095271332e-03,5.208333333333333044e-03,1.766342433775440463e-05,0.000000000000000000e+00,-8.326672684688674053e-13
6.860000000000000000e+02,2.438490570974110039e+00,1.450942761676008222e-04,1.920000000000000000e+02,5.760000000000000000e+02,0.000000000000000000e+00,5.208333326095271332e-03,5.208333333333333044e-03,1.708581455937845765e-05,0.000000000000000000e+00,-8.308909116294671549e-13
6.870000000000000000e+02,2.438345511652213915e+00,1.450593218958309350e-04,1.920000000000000000e+02,5.760000000000000000e+02,0.000000000000000000e+00,5.208333326095271332e-03,5.208333333333333044e-03,1.768774785416306932e-05,0.000000000000000000e+00,-8.313350008393172175e-13
6.880000000000000000e+02,2.438200487250570703e+00,1.450244016413769759e-04,1.920000000000000000e+02,5.760000000000000000e+02,0.000000000000000000e+00,5.208333326095271332e-03,5.208333333333333044e-03,1.753186852807721890e-05,0.000000000000000000e+00,-8.331113576787174679e-13
6.890000000000000000e+02,2.438055497735241328e+00,1.449895153268461001e-04,1.920000000000000000e+02,5.760000000000000000e+02,0.000000000000000000e+00,5.208333326095271332e-03,5.208333333333333044e-03,1.768452344274610639e-05,0.000000000000000000e+00,-8.353318037279677810e-13
6.900000000000000000e+02,2.437910543072370206e+00,1.449546628751835172e-04,1.920000000000000000e+02,5.760000000000000000e+02,0.000000000000000000e+00,5.208333326095271332e-03,5.208333333333333044e-03,1.724989895471405388e-05,0.000000000000000000e+00,-8.313350008393172175e-13
6.910000000000000000e+02,2.437765623228156375e+00,1.449198442096654707e-04,1.920000000000000000e+02,5.760000000000000000e+02,0.000000000000000000e+00,5.208333326095271332e-03,5.208333333333333044e-03,1.746334902081544168e-05,0.000000000000000000e+00,-8.357758929378178436e-13
6.920000000000000000e+02,2.437620738168901457e+00,1.448850592538925431e-04,1.920000000000000000e+02,5.760000000000000000e+02,0.000000000000000000e+00,5.208333326095271332e-03,5.208333333333333044e-03,1.710004201966746517e-05,0.000000000000000000e+00,-8.366640713575179689e-13
6.930000000000000000e+02,2.437475887860968360e+00,1.448503079317842895e-04,1.920000000000000000e+02,5.760000000000000000e+02,0.000000000000000000e+00,5.208333326095271332e-03,5.208333333333333044e-03,1.719712971521648846e-05,0.000000000000000000e+00,-8.379963389870681567e-13
6.940000000000000000e+02,2.437331072270802146e+00,1.448155901675740869e-04,1.920000000000000000e+02,5.760000000000000000e+02,0.000000000000000000e+00,5.208333326095271332e-03,5.208333333333333044e-03,1.738064327125312482e-05,0.000000000000000000e+00,-8.366640713575179689e-13
6.950000000000000000e+02,2.437186291364913604e+00,1.447809058858037139e-04,1.920000000000000000e+02,5.760000000000000000e+02,0.000000000000000000e+00,5.208333326095271332e-03,5.208333333333333044e-03,1.755496107516958361e-05,0.000000000000000000e+00,-8.393286066166183446e-13
6.960000000000000000e+02,2.437041545109903229e+00,1.447462550113199351e-04,1.920000000000000000e+02,5.760000000000000000e+02,0.000000000000000000e+00,5.208333326095271332e-03,5.208333333333333044e-03,1.747808440521331897e-05,0.000000000000000000e+00,-8.384404281969182193e-13
6.970000000000000000e+02,2.436896833472435908e+00,1.447116374692690530e-04,1.920000000000000000e+02,5.760000000000000000e+02,0.000000000000000000e+00,5.208333326095271332e-03,5.208333333333333044e-03,1.768352619925770303e-05,0.000000000000000000e+00,-8.362199821476679062e-13
6.980000000000000000e+02,2.436752156419250248e+00,1.446770531850947669e-04,1.920000000000000000e+02,5.760000000000000000e+02,0.000000000000000000e+00,5.208333326095271332e-03,5.208333333333333044e-03,1.775598527923756689e-05,0.000000000000000000e+00,-8.371081605673680315e-13
6.990000000000000000e+02,2.436607513917161683e+00,1.446425020845332936e-04,1.920000000000000000e+02,5.760000000000000000e+02,0.000000000000000000e+00,5.208333326095271332e-03,5.208333333333333044e-03,1.706941118069230703e-05,0.000000000000000000e+00,-8.411049634560185950e-13
7.000000000000000000e+02,2.436462905933066914e+00,1.446079840936105219e-04,1.920000000000000000e+02,5.760000000000000000e+02,0.000000000000000000e+00,5.208333326095271332e-03,5.208333333333333044e-03,1.725636161401277024e-05,0.000000000000000000e+00,-8.419931418757187203e-13
7.010000000000000000e+02,2.436318332433930145e+00,1.445734991386390033e-04,1.920000000000000000e+02,5.760000000000000000e+02,0.000000000000000000e+00,5.208333326095271332e-03,5.208333333333333044e-03,1.726107042133312870e-05,0.000000000000000000e+00,-8.402167850363184698e-13
7.020000000000000000e+02,2.436173793386780417e+00,1.445390471462150797e-04,1.920000000000000000e+02,5.760000000000000000e+02,0.000000000000000000e+00,5.208333326095271332e-03,5.208333333333333044e-03,1.744261606198280323e-05,0.000000000000000000e+00,-8.437694987151189707e-13
7.030000000000000000e+02,2.436029288758740030e+00,1.445046280432158467e-04,1.920000000000000000e+02,5.760000000000000000e+02,0.000000000000000000e+00,5.208333326095271332e-03,5.208333333333333044e-03,1.784446487121018799e-05,0.000000000000000000e+00,-8.411049634560185950e-13
7.040000000000000000e+02,2.435884818516981465e+00,1.444702417567960914e-04,1.920000000000000000e+02,5.760000000000000000e+02,0.000000000000000000e+00,5.208333326095271332e-03,5.208333333333333044e-03,1.747968536019229083e-05,0.000000000000000000e+00,-8.428813202954188455e-13
7.050000000000000000e+02,2.435740382628764689e+00,1.444358882143870182e-04,1.920000000000000000e+02,5.760000000000000000e+02,0.000000000000000000e+00,5.208333326095271332e-03,5.208333333333333044e-03,1.766934265991915295e-05,0.000000000000000000e+00,-8.451017663446691586e-13
7.060000000000000000e+02,2.435595981061418946e+00,1.444015673436925898e-04,1.920000000000000000e+02,5.760000000000000000e+02,0.000000000000000000e+00,5.208333326095271332e-03,5.208333333333333044e-03,1.730481835576403609e-05,0.000000000000000000e+00,-8.473222123939194717e-13
7.070000000000000000e+02,2.435451613782351199e+00,1.443672790726880089e-04,1.920000000000000000e+02,5.760000000000000000e+02,0.000000000000000000e+00,5.208333326095271332e-03,5.208333333333333044e-03,1.782697840286306639e-05,0.000000000000000000e+00,-8.424372310855687829e-13
7.080000000000000000e+02,2.435307280759018145e+00,1.443330233296169810e-04,1.920000000000000000e+02,5.760000000000000000e+02,0.000000000000000000e+00,5.208333326095271332e-03,5.208333333333333044e-03,1.753639991939350584e-05,0.000000000000000000e+00,-8.455458555545192212e-13
7.090000000000000000e+02,2.435162981958979511e+00,1.442988000429899526e-04,1.920000000000000000e+02,5.760000000000000000e+02,0.000000000000000000e+00,5.208333326095271332e-03,5.208333333333333044e-03,1.751091596205491528e-05,0.000000000000000000e+00,-8.411049634560185950e-13
7.100000000000000000e+02,2.435018717349833217e+00,1.442646091415819153e-04,1.920000000000000000e+02,5.760000000000000000e+02,0.000000000000000000e+00,5.208333326095271332e-03,5.208333333333333044e-03,1.761938199586386713e-05,0.000000000000000000e+00,-8.459899447643692838e-13
7.110000000000000000e+02,2.434874486899279766e+00,1.442304505544305900e-04,1.920000000000000000e+02,5.760000000000000000e+02,0.000000000000000000e+00,5.208333326095271332e-03,5.208333333333333044e-03,1.682187172275561221e-05,0.000000000000000000e+00,-8.451017663446691586e-13
7.120000000000000000e+02,2.434730290575065847e+00,1.441963242108340690e-04,1.920000000000000000e+02,5.760000000000000000e+02,0.000000000000000000e+00,5.208333326095271332e-03,5.208333333333333044e-03,1.719149023072090804e-05,0.000000000000000000e+00,-8.482103908136195969e-13
7.130000000000000000e+02,2.434586128345027856e+00,1.441622300403500295e-04,1.920000000000000000e+02,5.760000000000000000e+02,0.000000000000000000e+00,5.208333326095271332e-03,5.208333333333333044e-03,1.727484484333592258e-05,0.000000000000000000e+00,-8.455458555545192212e-13
7.140000000000000000e+02,2.434442000177053700e+00,1.441281679727919932e-04,1.920000000000000000e+02,5.760000000000000000e+02,0.000000000000000000e+00,5.208333326095271332e-03,5.208333333333333044e-03,1.729055106402564438e-05,0.000000000000000000e+00,-8.473222123939194717e-13
7.150000000000000000e+02,2.434297906039111670e+00,1.440941379382297061e-04,1.920000000000000000e+02,5.760000000000000000e+02,0.000000000000000000e+00,5.208333326095271332e-03,5.208333333333333044e-03,1.734312438983501046e-05,0.000000000000000000e+00,-8.508749260727199726e-13
7.160000000000000000e+02,2.434153845899244661e+00,1.440601398669864007e-04,1.920000000000000000e+02,5.760000000000000000e+02,0.000000000000000000e+00,5.208333326095271332e-03,5.208333333333333044e-03,1.754981660019271287e-05,0.000000000000000000e+00,-8.508749260727199726e-13
7.170000000000000000e+02,2.434009819725557744e+00,1.440261736896367899e-04,1.920000000000000000e+02,5.760000000000000000e+02,0.000000000000000000e+00,5.208333326095271332e-03,5.208333333333333044e-03,1.686342344898358791e-05,0.000000000000000000e+00,-8.482103908136195969e-13
7.180000000000000000e+02,2.433865827486217270e+00,1.439922393370062273e-04,1.920000000000000000e+02,5.760000000000000000e+02,0.000000000000000000e+00,5.208333326095271332e-03,5.208333333333333044e-03,1.735183410313316816e-05,0.000000000000000000e+00,-8.517631044924200978e-13
7.190000000000000000e+02,2.433721869149479300e+00,1.439583367401689180e-04,1.920000000000000000e+02,5.760000000000000000e+02,0.000000000000000000e+00,5.208333326095271332e-03,5.208333333333333044e-03,1.735443387002045718e-05,0.000000000000000000e+00,-8.495426584431697847e-13
7.200000000000000000e+02,2.433577944683647409e+00,1.439244658304459398e-04,1.920000000000000000e+02,5.760000000000000000e+02,0.000000000000000000e+00,5.208333326095271332e-03,5.208333333333333044e-03,1.744521431035386653e-05,0.000000000000000000e+00,-8.508749260727199726e-13
7.210000000000000000e+02,2.433434054090367837e+00,1.438905932785752807e-04,1.920000000000000000e+02,5.760000000000000000e+02,0.000000000000000000e+00,5.208333326095271332e-03,5.208333333333333044e-03,1.737129066112490594e-05,0.000000000000000000e+00,-8.517631044924200978e-13
7.220000000000000000e+02,2.433290197370606478e+00,1.438567197615371412e-04,1.920000000000000000e+02,5.760000000000000000e+02,0.000000000000000000e+00,5.208333326095271332e-03,5.208333333333333044e-03,1.741724556217020680e-05,0.000000000000000000e+00,-8.517631044924200978e-13
7.230000000000000000e+02,2.433146374492490160e+00,1.438228781152162486e-04,1.920000000000000000e+02,5.760000000000000000e+02,0.000000000000000000e+00,5.208333326095271332e-03,5.208333333333333044e-03,1.793951556394857754e-05,0.000000000000000000e+00,-8.526512829121202230e-13
7.240000000000000000e+02,2.433002585424317132e+00,1.437890681713789305e-04,1.920000000000000000e+02,5.760000000000000000e+02,0.000000000000000000e+00,5.208333326095271332e-03,5.208333333333333044e-03,1.730334507487061161e-05,0.000000000000000000e+00,-8.544276397515204735e-13
7.250000000000000000e+02,2.432858830134501105e+00,1.437552898149805757e-04,1.920000000000000000e+02,5.760000000000000000e+02,0.000000000000000000e+00,5.208333326095271332e-03,5.208333333333333044e-03,1.764683528849989372e-05,0.000000000000000000e+00,-8.557599073810706614e-13
7.260000000000000000e+02,2.432715108591551267e+00,1.437215429489798585e-04,1.920000000000000000e+02,5.760000000000000000e+02,0.000000000000000000e+00,5.208333326095271332e-03,5.208333333333333044e-03,1.791943589502189939e-05,0.000000000000000000e+00,-8.562039965909207240e-13
7.270000000000000000e+02,2.432571420764066961e+00,1.436878274853819820e-04,1.920000000000000000e+02,5.760000000000000000e+02,0.000000000000000000e+00,5.208333326095271332e-03,5.208333333333333044e-03,1.764272016737569688e-05,0.000000000000000000e+00,-8.553158181712205987e-13
7.280000000000000000e+02,2.432427766620725684e+00,1.436541433415849706e-04,1.920000000000000000e+02,5.760000000000000000e+02,0.000000000000000000e+00,5.208333326095271332e-03,5.208333333333333044e-03,1.717551488859841600e-05,0.000000000000000000e+00,-8.548717289613705361e-13
7.290000000000000000e+02,2.432284146130285318e+00,1.436204904385562594e-04,1.920000000000000000e+02,5.760000000000000000e+02,0.000000000000000000e+00,5.208333326095271332e-03,5.208333333333333044e-03,1.709460432514137414e-05,0.000000000000000000e+00,-8.566480858007707866e-13
7.300000000000000000e+02,2.432140559261588564e+00,1.435868686998012652e-04,1.920000000000000000e+02,5.760000000000000000e+02,0.000000000000000000e+00,5.208333326095271332e-03,5.208333333333333044e-03,1.742005814204625761e-05,0.000000000000000000e+00,-8.539835505416704109e-13
7.310000000000000000e+02,2.431997005983534077e+00,1.435532780507311069e-04,1.920000000000000000e+02,5.760000000000000000e+02,0.000000000000000000e+00,5.208333326095271332e-03,5.208333333333333044e-03,1.730253157431200831e-05,0.000000000000000000e+00,-8.575362642204709118e-13
7.320000000000000000e+02,2.431853486265116437e+00,1.435197184182479253e-04,1.920000000000000000e+02,5.760000000000000000e+02,0.000000000000000000e+00,5.208333326095271332e-03,5.208333333333333044e-03,1.792318281809286945e-05,0.000000000000000000e+00,-8.570921750106208492e-13
7.330000000000000000e+02,2.431710000075383515e+00,1.434861897304608223e-04,1.920000000000000000e+02,5.760000000000000000e+02,0.000000000000000000e+00,5.208333326095271332e-03,5.208333333333333044e-03,1.764896260213515215e-05,0.000000000000000000e+00,-8.593126210598711623e-13
7.340000000000000000e+02,2.431566547383466670e+00,1.434526919164840907e-04,1.920000000000000000e+02,5.760000000000000000e+02,0.000000000000000000e+00,5.208333326095271332e-03,5.208333333333333044e-03,1.734305470025639562e-05,0.000000000000000000e+00,-8.597567102697212249e-13
7.350000000000000000e+02,2.431423128158564761e+00,1.434192249062881904e-04,1.920000000000000000e+02,5.760000000000000000e+02,0.000000000000000000e+00,5.208333326095271332e-03,5.208333333333333044e-03,1.758306792226955865e-05,0.000000000000000000e+00,-8.553158181712205987e-13
7.360000000000000000e+02,2.431279742369932162e+00,1.433857886305869649e-04,1.920000000000000000e+02,5.760000000000000000e+02,0.000000000000000000e+00,5.208333326095271332e-03,5.208333333333333044e-03,1.697853056079374361e-05,0.000000000000000000e+00,-8.575362642204709118e-13
7.370000000000000000e+02,2.431136389986904511e+00,1.433523830207521514e-04,1.920000000000000000e+02,5.760000000000000000e+02,0.000000000000000000e+00,5.208333326095271332e-03,5.208333333333333044e-03,1.792506975088429676e-05,0.000000000000000000e+00,-8.641976023682218511e-13
7.380000000000000000e+02,2.430993070978897830e+00,1.433190080087443986e-04,1.920000000000000000e+02,5.760000000000000000e+02,0.000000000000000000e+00,5.208333326095271332e-03,5.208333333333333044e-03,1.769891017590505833e-05,0.000000000000000000e+00,-8.624212455288216006e-13
7.390000000000000000e+02,2.430849785315370770e+00,1.432856635270594360e-04,1.920000000000000000e+02,5.760000000000000000e+02,0.000000000000000000e+00,5.208333326095271332e-03,5.208333333333333044e-03,1.705898294080459153e-05,0.000000000000000000e+00,-8.624212455288216006e-13
7.400000000000000000e+02,2.430706532965861033e+00,1.432523495086835948e-04,1.920000000000000000e+02,5.760000000000000000e+02,0.000000000000000000e+00,5.208333326095271332e-03,5.208333333333333044e-03,1.753120135606224783e-05,0.000000000000000000e+00,-8.633094239485217258e-13
7.410000000000000000e+02,2.430563313899974265e+00,1.432190658870577307e-04,1.920000000000000000e+02,5.760000000000000000e+02,0.000000000000000000e+00,5.208333326095271332e-03,5.208333333333333044e-03,1.773419444325055301e-05,0.000000000000000000e+00,-8.628653347386716632e-13
7.420000000000000000e+02,2.430420128087376952e+00,1.431858125960470832e-04,1.920000000000000000e+02,5.760000000000000000e+02,0.000000000000000000e+00,5.208333326095271332e-03,5.208333333333333044e-03,1.774396901692385726e-05,0.000000000000000000e+00,-8.641976023682218511e-13
7.430000000000000000e+02,2.430276975497807523e+00,1.431525895699156887e-04,1.920000000000000000e+02,5.760000000000000000e+02,0.000000000000000000e+00,5.208333326095271332e-03,5.208333333333333044e-03,1.759653962271868029e-05,0.000000000000000000e+00,-8.637535131583717884e-13
7.440000000000000000e+02,2.430133856101062584e+00,1.431193967433051566e-04,1.920000000000000000e+02,5.760000000000000000e+02,0.000000000000000000e+00,5.208333326095271332e-03,5.208333333333333044e-03,1.730155640992340083e-05,0.000000000000000000e+00,-8.655298699977720389e-13
7.450000000000000000e+02,2.429990769867009792e+00,1.430862340512159677e-04,1.920000000000000000e+02,5.760000000000000000e+02,0.000000000000000000e+00,5.208333326095271332e-03,5.208333333333333044e-03,1.757351583804340158e-05,0.000000000000000000e+00,-8.668621376273222268e-13
7.460000000000000000e+02,2.429847716765582977e+00,1.430531014289915628e-04,1.920000000000000000e+02,5.760000000000000000e+02,0.000000000000000000e+00,5.208333326095271332e-03,5.208333333333333044e-03,1.770172727843565480e-05,0.000000000000000000e+00,-8.646416915780719137e-13
7.470000000000000000e+02,2.429704696766770144e+00,1.430199988123051697e-04,1.920000000000000000e+02,5.760000000000000000e+02,0.000000000000000000e+00,5.208333326095271332e-03,5.208333333333333044e-03,1.727906341098099663e-05,0.000000000000000000e+00,-8.655298699977720389e-13
7.480000000000000000e+02,2.429561709840630801e+00,1.429869261371466578e-04,1.920000000000000000e+02,5.760000000000000000e+02,0.000000000000000000e+00,5.208333326095271332e-03,5.208333333333333044e-03,1.798897578987447788e-05,0.000000000000000000e+00,-8.677503160470223520e-13
7.490000000000000000e+02,2.429418755957291953e+00,1.429538833398124275e-04,1.920000000000000000e+02,5.760000000000000000e+02,0.000000000000000000e+00,5.208333326095271332e-03,5.208333333333333044e-03,1.721481471912908660e-05,0.000000000000000000e+00,-8.664180484174721641e-13
7.500000000000000000e+02,2.429275835086935231e+00,1.429208703568958690e-04,1.920000000000000000e+02,5.760000000000000000e+02,0.000000000000000000e+00,5.208333326095271332e-03,5.208333333333333044e-03,1.754424028870352282e-05,0.000000000000000000e+00,-8.664180484174721641e-13
7.510000000000000000e+02,2.429132947199807990e+00,1.428878871252792042e-04,1.920000000000000000e+02,5.760000000000000000e+02,0.000000000000000000e+00,5.208333326095271332e-03,5.208333333333333044e-03,1.800567624545079893e-05,0.000000000000000000e+00,-8.681944052568724146e-13
7.520000000000000000e+02,2.428990092266221978e+00,1.428549335821251111e-04,1.920000000000000000e+02,5.760000000000000000e+02,0.000000000000000000e+00,5.208333326095271332e-03,5.208333333333333044e-03,1.759769554907382648e-05,0.000000000000000000e+00,-8.721912081455229782e-13
7.530000000000000000e+02,2.428847270256559998e+00,1.428220096648702994e-04,1.920000000000000000e+02,5.760000000000000000e+02,0.000000000000000000e+00,5.208333326095271332e-03,5.208333333333333044e-03,1.772135341131742130e-05,0.000000000000000000e+00,-8.695266728864226025e-13
7.540000000000000000e+02,2.428704481141249705e+00,1.427891153112201446e-04,1.920000000000000000e+02,5.760000000000000000e+02,0.000000000000000000e+00,5.208333326095271332e-03,5.208333333333333044e-03,1.734934620905826430e-05,0.000000000000000000e+00,-8.681944052568724146e-13
7.550000000000000000e+02,2.428561724890788032e+00,1.427562504591412061e-04,1.920000000000000000e+02,5.760000000000000000e+02,0.000000000000000000e+00,5.208333326095271332e-03,5.208333333333333044e-03,1.741674479366386017e-05,0.000000000000000000e+00,-8.708589405159727903e-13
7.560000000000000000e+02,2.428419001475742522e+00,1.427234150468577041e-04,1.920000000000000000e+02,5.760000000000000000e+02,0.000000000000000000e+00,5.208333326095271332e-03,5.208333333333333044e-03,1.731389692892892009e-05,0.000000000000000000e+00,-8.695266728864226025e-13
7.570000000000000000e+02,2.428276310866727350e+00,1.426906090128460714e-04,1.920000000000000000e+02,5.760000000000000000e+02,0.000000000000000000e+00,5.208333326095271332e-03,5.208333333333333044e-03,1.723939236214679980e-05,0.000000000000000000e+00,-8.717471189356729155e-13
7.580000000000000000e+02,2.428133653034433070e+00,1.426578322958305892e-04,1.920000000000000000e+02,5.760000000000000000e+02,0.000000000000000000e+00,5.208333326095271332e-03,5.208333333333333044e-03,1.777498120656185885e-05,0.000000000000000000e+00,-8.704148513061227277e-13
7.590000000000000000e+02,2.427991027949595093e+00,1.426250848347793761e-04,1.920000000000000000e+02,5.760000000000000000e+02,0.000000000000000000e+00,5.208333326095271332e-03,5.208333333333333044e-03,1.767018959951713891e-05,0.000000000000000000e+00,-8.735234757750731660e-13
7.600000000000000000e+02,2.427848435583026543e+00,1.425923665689009722e-04,1.920000000000000000e+02,5.760000000000000000e+02,0.000000000000000000e+00,5.208333326095271332e-03,5.208333333333333044e-03,1.719659166620513769e-05,0.000000000000000000e+00,-8.730793865652231034e-13
7.610000000000000000e+02,2.427705875905588062e+00,1.425596774376407076e-04,1.920000000000000000e+02,5.760000000000000000e+02,0.000000000000000000e+00,5.208333326095271332e-03,5.208333333333333044e-03,1.737342319701482704e-05,0.000000000000000000e+00,-8.739675649849232286e-13
7.620000000000000000e+02,2.427563348888208239e+00,1.425270173806763652e-04,1.920000000000000000e+02,5.760000000000000000e+02,0.000000000000000000e+00,5.208333326095271332e-03,5.208333333333333044e-03,1.735110933257863887e-05,0.000000000000000000e+00,-8.730793865652231034e-13
7.630000000000000000e+02,2.427420854501868952e+00,1.424943863379172322e-04,1.920000000000000000e+02,5.760000000000000000e+02,0.000000000000000000e+00,5.208333326095271332e-03,5.208333333333333044e-03,1.775984336242360896e-05,0.000000000000000000e+00,-8.744116541947732912e-13
7.640000000000000000e+02,2.427278392717616917e+00,1.424617842494991127e-04,1.920000000000000000e+02,5.760000000000000000e+02,0.000000000000000000e+00,5.208333326095271332e-03,5.208333333333333044e-03,1.728980466128452335e-05,0.000000000000000000e+00,-8.770761894538736669e-13
7.650000000000000000e+02,2.427135963506564131e+00,1.424292110557831353e-04,1.920000000000000000e+02,5.760000000000000000e+02,0.000000000000000000e+00,5.208333326095271332e-03,5.208333333333333044e-03,1.719199738237927417e-05,0.000000000000000000e+00,-8.739675649849232286e-13
7.660000000000000000e+02,2.426993566839864336e+00,1.423966666973522832e-04,1.920000000000000000e+02,5.760000000000000000e+02,0.000000000000000000e+00,5.208333326095271332e-03,5.208333333333333044e-03,1.786570518900369728e-05,0.000000000000000000e+00,-8.766321002440236043e-13
7.670000000000000000e+02,2.426851202688748987e+00,1.423641511150091450e-04,1.920000000000000000e+02,5.760000000000000000e+02,0.000000000000000000e+00,5.208333326095271332e-03,5.208333333333333044e-03,1.678923038291723293e-05,0.000000000000000000e+00,-8.770761894538736669e-13
7.680000000000000000e+02,2.426708871024496617e+00,1.423316642497742066e-04,1.920000000000000000e+02,5.760000000000000000e+02,0.000000000000000000e+00,5.208333326095271332e-03,5.208333333333333044e-03,1.742894998870023003e-05,0.000000000000000000e+00,-8.792966355031239800e-13
7.690000000000000000e+02,2.426566571818455920e+00,1.422992060428824093e-04,1.920000000000000000e+02,5.760000000000000000e+02,0.000000000000000000e+00,5.208333326095271332e-03,5.208333333333333044e-03,1.727539577577447805e-05,0.000000000000000000e+00,-8.775202786637237296e-13
7.700000000000000000e+02,2.426424305042020002e+00,1.422667764357824990e-04,1.920000000000000000e+02,5.760000000000000000e+02,0.000000000000000000e+00,5.208333326095271332e-03,5.208333333333333044e-03,1.776732266979817956e-05,0.000000000000000000e+00,-8.775202786637237296e-13
7.710000000000000000e+02,2.426282070666651247e+00,1.422343753701339633e-04,1.920000000000000000e+02,5.760000000000000000e+02,0.000000000000000000e+00,5.208333326095271332e-03,5.208333333333333044e-03,1.713729122905448843e-05,0.000000000000000000e+00,-8.761880110341735417e-13
7.720000000000000000e+02,2.426139868663863997e+00,1.422020027878055138e-04,1.920000000000000000e+02,5.760000000000000000e+02,0.000000000000000000e+00,5.208333326095271332e-03,5.208333333333333044e-03,1.767096121422283235e-05,0.000000000000000000e+00,-8.757439218243234791e-13
7.730000000000000000e+02,2.425997699005228103e+00,1.421696586308729448e-04,1.920000000000000000e+02,5.760000000000000000e+02,0.000000000000000000e+00,5.208333326095271332e-03,5.208333333333333044e-03,1.765713963520885947e-05,0.000000000000000000e+00,-8.806289031326741679e-13
7.740000000000000000e+02,2.425855561662386695e+00,1.421373428416179945e-04,1.920000000000000000e+02,5.760000000000000000e+02,0.000000000000000000e+00,5.208333326095271332e-03,5.208333333333333044e-03,1.777077916655978140e-05,0.000000000000000000e+00,-8.801848139228241052e-13
7.750000000000000000e+02,2.425713456607021534e+00,1.421050553625259876e-04,1.920000000000000000e+02,5.760000000000000000e+02,0.000000000000000000e+00,5.208333326095271332e-03,5.208333333333333044e-03,1.754223534009993573e-05,0.000000000000000000e+00,-8.828493491819244809e-13
7.760000000000000000e+02,2.425571383810887216e+00,1.420727961362844521e-04,1.920000000000000000e+02,5.760000000000000000e+02,0.000000000000000000e+00,5.208333326095271332e-03,5.208333333333333044e-03,1.715775682897273768e-05,0.000000000000000000e+00,-8.810729923425242305e-13
7.770000000000000000e+02,2.425429343245780966e+00,1.420405651057813853e-04,1.920000000000000000e+02,5.760000000000000000e+02,0.000000000000000000e+00,5.208333326095271332e-03,5.208333333333333044e-03,1.750212645348354467e-05,0.000000000000000000e+00,-8.815170815523742931e-13
7.780000000000000000e+02,2.425287334883565293e+00,1.420083622141042775e-04,1.920000000000000000e+02,5.760000000000000000e+02,0.000000000000000000e+00,5.208333326095271332e-03,5.208333333333333044e-03,1.702480946213103669e-05,0.000000000000000000e+00,-8.828493491819244809e-13
7.790000000000000000e+02,2.425145358696159992e+00,1.419761874045374287e-04,1.920000000000000000e+02,5.760000000000000000e+02,0.000000000000000000e+00,5.208333326095271332e-03,5.208333333333333044e-03,1.733767175275329695e-05,0.000000000000000000e+00,-8.837375276016246062e-13
7.800000000000000000e+02,2.425003414655541700e+00,1.419440406205619220e-04,1.920000000000000000e+02,5.760000000000000000e+02,0.000000000000000000e+00,5.208333326095271332e-03,5.208333333333333044e-03,1.714216057179647628e-05,0.000000000000000000e+00,-8.815170815523742931e-13
7.810000000000000000e+02,2.424861502826861415e+00,1.419118286777970811e-04,1.920000000000000000e+02,5.760000000000000000e+02,0.000000000000000000e+00,5.208333326095271332e-03,5.208333333333333044e-03,1.755617794610899533e-05,0.000000000000000000e+00,-8.841816168114746688e-13
7.820000000000000000e+02,2.424719623273250857e+00,1.418795536102220110e-04,1.920000000000000000e+02,5.760000000000000000e+02,0.000000000000000000e+00,5.208333326095271332e-03,5.208333333333333044e-03,1.738768813484787567e-05,0.000000000000000000e+00,-8.841816168114746688e-13
7.830000000000000000e+02,2.424577775965759852e+00,1.418473074902474424e-04,1.920000000000000000e+02,5.760000000000000000e+02,0.000000000000000000e+00,5.208333326095271332e-03,5.208333333333333044e-03,1.783511695638575979e-05,0.000000000000000000e+00,-8.850697952311747940e-13
7.840000000000000000e+02,2.424435960875780172e+00,1.418150899797131301e-04,1.920000000000000000e+02,5.760000000000000000e+02,0.000000000000000000e+00,5.208333326095271332e-03,5.208333333333333044e-03,1.709514647539765248e-05,0.000000000000000000e+00,-8.850697952311747940e-13
7.850000000000000000e+02,2.424294177974890996e+00,1.417829008893947327e-04,1.920000000000000000e+02,5.760000000000000000e+02,0.000000000000000000e+00,5.208333326095271332e-03,5.208333333333333044e-03,1.777441238719792340e-05,0.000000000000000000e+00,-8.846257060213247314e-13
7.860000000000000000e+02,2.424152427234811835e+00,1.417507400801631717e-04,1.920000000000000000e+02,5.760000000000000000e+02,0.000000000000000000e+00,5.208333326095271332e-03,5.208333333333333044e-03,1.741134555300935297e-05,0.000000000000000000e+00,-8.837375276016246062e-13
7.870000000000000000e+02,2.424010708627369670e+00,1.417186074378225496e-04,1.920000000000000000e+02,5.760000000000000000e+02,0.000000000000000000e+00,5.208333326095271332e-03,5.208333333333333044e-03,1.696814817992620573e-05,0.000000000000000000e+00,-8.881784197001252323e-13
7.880000000000000000e+02,2.423869022124511385e+00,1.416865028628519160e-04,1.920000000000000000e+02,5.760000000000000000e+02,0.000000000000000000e+00,5.208333326095271332e-03,5.208333333333333044e-03,1.761451772618714156e-05,0.000000000000000000e+00,-8.837375276016246062e-13
7.890000000000000000e+02,2.423727367698244706e+00,1.416544262652814641e-04,1.920000000000000000e+02,5.760000000000000000e+02,0.000000000000000000e+00,5.208333326095271332e-03,5.208333333333333044e-03,1.774564493917155683e-05,0.000000000000000000e+00,-8.850697952311747940e-13
7.900000000000000000e+02,2.423585745320682605e+00,1.416223775618013158e-04,1.920000000000000000e+02,5.760000000000000000e+02,0.000000000000000000e+00,5.208333326095271332e-03,5.208333333333333044e-03,1.761009437628909753e-05,0.000000000000000000e+00,-8.855138844410248566e-13
7.910000000000000000e+02,2.423444154964007780e+00,1.415903566739847854e-04,1.920000000000000000e+02,5.760000000000000000e+02,0.000000000000000000e+00,5.208333326095271332e-03,5.208333333333333044e-03,1.718210200317339692e-05,0.000000000000000000e+00,-8.859579736508749193e-13
7.920000000000000000e+02,2.423302596600477976e+00,1.415583635271277683e-04,1.920000000000000000e+02,5.760000000000000000e+02,0.000000000000000000e+00,5.208333326095271332e-03,5.208333333333333044e-03,1.727071207882202648e-05,0.000000000000000000e+00,-8.886225089099752950e-13
7.930000000000000000e+02,2.423161070202430878e+00,1.415263980494529364e-04,1.920000000000000000e+02,5.760000000000000000e+02,0.000000000000000000e+00,5.208333326095271332e-03,5.208333333333333044e-03,1.773289522356228187e-05,0.000000000000000000e+00,-8.864020628607249819e-13
7.940000000000000000e+02,2.423019575742258791e+00,1.414944601715439475e-04,1.920000000000000000e+02,5.760000000000000000e+02,0.000000000000000000e+00,5.208333326095271332e-03,5.208333333333333044e-03,1.714258311351269553e-05,0.000000000000000000e+00,-8.868461520705750445e-13
7.950000000000000000e+02,2.422878113192432181e+00,1.414625498259303583e-04,1.920000000000000000e+02,5.760000000000000000e+02,0.000000000000000000e+00,5.208333326095271332e-03,5.208333333333333044e-03,1.758249726024708334e-05,0.000000000000000000e+00,-8.877343304902751697e-13
7.960000000000000000e+02,2.422736682525486351e+00,1.414306669467736124e-04,1.920000000000000000e+02,5.760000000000000000e+02,0.000000000000000000e+00,5.208333326095271332e-03,5.208333333333333044e-03,1.774920885788121123e-05,0.000000000000000000e+00,-8.868461520705750445e-13
7.970000000000000000e+02,2.422595283714013004e+00,1.413988114696277027e-04,1.920000000000000000e+02,5.760000000000000000e+02,0.000000000000000000e+00,5.208333326095271332e-03,5.208333333333333044e-03,1.782380518863193412e-05,0.000000000000000000e+00,-8.903988657493755454e-13
7.980000000000000000e+02,2.422453916730680668e+00,1.413669833312489210e-04,1.920000000000000000e+02,5.760000000000000000e+02,0.000000000000000000e+00,5.208333326095271332e-03,5.208333333333333044e-03,1.707215241565670683e-05,0.000000000000000000e+00,-8.917311333789257333e-13
7.990000000000000000e+02,2.422312581548210275e+00,1.413351824694461295e-04,1.920000000000000000e+02,5.760000000000000000e+02,0.000000000000000000e+00,5.208333326095271332e-03,5.208333333333333044e-03,1.769198157199927646e-05,0.000000000000000000e+00,-8.926193117986258585e-13
8.000000000000000000e+02,2.422171278139387152e+00,1.413034088229586530e-04,1.920000000000000000e+02,5.760000000000000000e+02,0.000000000000000000e+00,5.208333326095271332e-03,5.208333333333333044e-03,1.768397466281547610e-05,0.000000000000000000e+00,-8.926193117986258585e-13
8.010000000000000000e+02,2.422030006477055686e+00,1.412716623313572094e-04,1.920000000000000000e+02,5.760000000000000000e+02,0.000000000000000000e+00,5.208333326095271332e-03,5.208333333333333044e-03,1.719220223107540251e-05,0.000000000000000000e+00,-8.926193117986258585e-13
8.020000000000000000e+02,2.421888766534120663e+00,1.412399429349601554e-04,1.920000000000000000e+02,5.760000000000000000e+02,0.000000000000000000e+00,5.208333326095271332e-03,5.208333333333333044e-03,1.759330372722394984e-05,0.000000000000000000e+00,-8.926193117986258585e-13
8.030000000000000000e+02,2.421747558283541490e+00,1.412082505747660761e-04,1.920000000000000000e+02,5.760000000000000000e+02,0.000000000000000000e+00,5.208333326095271332e-03,5.208333333333333044e-03,1.753637569130789685e-05,0.000000000000000000e+00,-8.970602038971264847e-13
8.040000000000000000e+02,2.421606381698352628e+00,1.411765851923940727e-04,1.920000000000000000e+02,5.760000000000000000e+02,0.000000000000000000e+00,5.208333326095271332e-03,5.208333333333333044e-03,1.751092099920342933e-05,0.000000000000000000e+00,-8.935074902183259837e-13
8.050000000000000000e+02,2.421465236751623173e+00,1.411449467300352715e-04,1.920000000000000000e+02,5.760000000000000000e+02,0.000000000000000000e+00,5.208333326095271332e-03,5.208333333333333044e-03,1.728006134237149055e-05,0.000000000000000000e+00,-8.930634010084759211e-13
8.060000000000000000e+02,2.421324123416492391e+00,1.411133351304092657e-04,1.920000000000000000e+02,5.760000000000000000e+02,0.000000000000000000e+00,5.208333326095271332e-03,5.208333333333333044e-03,1.685609899172126603e-05,0.000000000000000000e+00,-8.935074902183259837e-13
8.070000000000000000e+02,2.421183041666153279e+00,1.410817503367286087e-04,1.920000000000000000e+02,5.760000000000000000e+02,0.000000000000000000e+00,5.208333326095271332e-03,5.208333333333333044e-03,1.756866827867534312e-05,0.000000000000000000e+00,-8.957279362675762968e-13
8.080000000000000000e+02,2.421041991473860566e+00,1.410501922926656905e-04,1.920000000000000000e+02,5.760000000000000000e+02,0.000000000000000000e+00,5.208333326095271332e-03,5.208333333333333044e-03,1.741177371011707565e-05,0.000000000000000000e+00,-8.957279362675762968e-13
8.090000000000000000e+02,2.420900972812919605e+00,1.410186609423255796e-04,1.920000000000000000e+02,5.760000000000000000e+02,0.000000000000000000e+00,5.208333326095271332e-03,5.208333333333333044e-03,1.747618307142541696e-05,0.000000000000000000e+00,-8.943956686380261090e-13
8.100000000000000000e+02,2.420759985656686819e+00,1.409871562302210043e-04,1.920000000000000000e+02,5.760000000000000000e+02,0.000000000000000000e+00,5.208333326095271332e-03,5.208333333333333044e-03,1.729008620161605138e-05,0.000000000000000000e+00,-8.970602038971264847e-13
8.110000000000000000e+02,2.420619029978583914e+00,1.409556781012513194e-04,1.920000000000000000e+02,5.760000000000000000e+02,0.000000000000000000e+00,5.208333326095271332e-03,5.208333333333333044e-03,1.765286055569547944e-05,0.000000000000000000e+00,-8.988365607365267351e-13
8.120000000000000000e+02,2.420478105752082776e+00,1.409242265006823672e-04,1.920000000000000000e+02,5.760000000000000000e+02,0.000000000000000000e+00,5.208333326095271332e-03,5.208333333333333044e-03,1.778561440509195821e-05,0.000000000000000000e+00,-8.992806499463767977e-13
8.130000000000000000e+02,2.420337212950708583e+00,1.408928013741298619e-04,1.920000000000000000e+02,5.760000000000000000e+02,0.000000000000000000e+00,5.208333326095271332e-03,5.208333333333333044e-03,1.753470639559153523e-05,0.000000000000000000e+00,-8.992806499463767977e-13
8.140000000000000000e+02,2.420196351548044245e+00,1.408614026675438858e-04,1.920000000000000000e+02,5.760000000000000000e+02,0.000000000000000000e+00,5.208333326095271332e-03,5.208333333333333044e-03,1.678501579303578653e-05,0.000000000000000000e+00,-8.961720254774263594e-13
8.150000000000000000e+02,2.420055521517713082e+00,1.408300303271950112e-04,1.920000000000000000e+02,5.760000000000000000e+02,0.000000000000000000e+00,5.208333326095271332e-03,5.208333333333333044e-03,1.717207195870486822e-05,0.000000000000000000e+00,-9.001688283660769230e-13
8.160000000000000000e+02,2.419914722833413911e+00,1.407986842996617242e-04,1.920000000000000000e+02,5.760000000000000000e+02,0.000000000000000000e+00,5.208333326095271332e-03,5.208333333333333044e-03,1.733798586000196153e-05,0.000000000000000000e+00,-8.997247391562268604e-13
8.170000000000000000e+02,2.419773955468884186e+00,1.407673645318191751e-04,1.920000000000000000e+02,5.760000000000000000e+02,0.000000000000000000e+00,5.208333326095271332e-03,5.208333333333333044e-03,1.750390221795284528e-05,0.000000000000000000e+00,-8.975042931069765473e-13
8.180000000000000000e+02,2.419633219397911095e+00,1.407360709708289611e-04,1.920000000000000000e+02,5.760000000000000000e+02,0.000000000000000000e+00,5.208333326095271332e-03,5.208333333333333044e-03,1.748520226393317806e-05,0.000000000000000000e+00,-8.997247391562268604e-13
8.190000000000000000e+02,2.419492514594344001e+00,1.407048035641293943e-04,1.920000000000000000e+02,5.760000000000000000e+02,0.000000000000000000e+00,5.208333326095271332e-03,5.208333333333333044e-03,1.723997703730924128e-05,0.000000000000000000e+00,-9.028333636251772987e-13
8.200000000000000000e+02,2.419351841032089556e+00,1.406735622594270730e-04,1.920000000000000000e+02,5.760000000000000000e+02,0.000000000000000000e+00,5.208333326095271332e-03,5.208333333333333044e-03,1.723782519558357814e-05,0.000000000000000000e+00,-8.975042931069765473e-13
8.210000000000000000e+02,2.419211198685081055e+00,1.406423470046896441e-04,1.920000000000000000e+02,5.760000000000000000e+02,0.000000000000000000e+00,5.208333326095271332e-03,5.208333333333333044e-03,1.755862820963810132e-05,0.000000000000000000e+00,-9.015010959956271108e-13
8.220000000000000000e+02,2.419070587527334393e+00,1.406111577481371569e-04,1.920000000000000000e+02,5.760000000000000000e+02,0.000000000000000000e+00,5.208333326095271332e-03,5.208333333333333044e-03,1.687525086972136587e-05,0.000000000000000000e+00,-9.001688283660769230e-13
8.230000000000000000e+02,2.418930007532893001e+00,1.405799944382363708e-04,1.920000000000000000e+02,5.760000000000000000e+02,0.000000000000000000e+00,5.208333326095271332e-03,5.208333333333333044e-03,1.754455456661400175e-05,0.000000000000000000e+00,-9.032774528350273613e-13
8.240000000000000000e+02,2.418789458675870918e+00,1.405488570236946026e-04,1.920000000000000000e+02,5.760000000000000000e+02,0.000000000000000000e+00,5.208333326095271332e-03,5.208333333333333044e-03,1.701966284314309591e-05,0.000000000000000000e+00,-9.015010959956271108e-13
8.250000000000000000e+02,2.418648940930415048e+00,1.405177454534534652e-04,1.920000000000000000e+02,5.760000000000000000e+02,0.000000000000000000e+00,5.208333326095271332e-03,5.208333333333333044e-03,1.746218253762999001e-05,0.000000000000000000e+00,-9.041656312547274865e-13
8.260000000000000000e+02,2.418508454270739350e+00,1.404866596766835278e-04,1.920000000000000000e+02,5.760000000000000000e+02,0.000000000000000000e+00,5.208333326095271332e-03,5.208333333333333044e-03,1.744792243927434554e-05,0.000000000000000000e+00,-9.028333636251772987e-13
8.270000000000000000e+02,2.418367998671096863e+00,1.404555996427798981e-04,1.920000000000000000e+02,5.760000000000000000e+02,0.000000000000000000e+00,5.208333326095271332e-03,5.208333333333333044e-03,1.725957245809566870e-05,0.000000000000000000e+00,-9.028333636251772987e-13
8.280000000000000000e+02,2.418227574105792144e+00,1.404245653013572615e-04,1.920000000000000000e+02,5.760000000000000000e+02,0.000000000000000000e+00,5.208333326095271332e-03,5.208333333333333044e-03,1.744741802190248402e-05,0.000000000000000000e+00,-9.059419880941277370e-13
8.290000000000000000e+02,2.418087180549190585e+00,1.403935566022451655e-04,1.920000000000000000e+02,5.760000000000000000e+02,0.000000000000000000e+00,5.208333326095271332e-03,5.208333333333333044e-03,1.739018412268836648e-05,0.000000000000000000e+00,-9.054978988842776744e-13
8.300000000000000000e+02,2.417946817975694440e+00,1.403625734954841973e-04,1.920000000000000000e+02,5.760000000000000000e+02,0.000000000000000000e+00,5.208333326095271332e-03,5.208333333333333044e-03,1.777895010983580269e-05,0.000000000000000000e+00,-9.059419880941277370e-13
8.310000000000000000e+02,2.417806486359765916e+00,1.403316159313226774e-04,1.920000000000000000e+02,5.760000000000000000e+02,0.000000000000000000e+00,5.208333326095271332e-03,5.208333333333333044e-03,1.742879196035357903e-05,0.000000000000000000e+00,-9.032774528350273613e-13
8.320000000000000000e+02,2.417666185675900081e+00,1.403006838602124039e-04,1.920000000000000000e+02,5.760000000000000000e+02,0.000000000000000000e+00,5.208333326095271332e-03,5.208333333333333044e-03,1.770172368851543037e-05,0.000000000000000000e+00,-9.090506125630781753e-13
8.330000000000000000e+02,2.417525915898671052e+00,1.402697772328050205e-04,1.920000000000000000e+02,5.760000000000000000e+02,0.000000000000000000e+00,5.208333326095271332e-03,5.208333333333333044e-03,1.747098931990112447e-05,0.000000000000000000e+00,-9.050538096744276118e-13
8.340000000000000000e+02,2.417385677002670263e+00,1.402388959999496581e-04,1.920000000000000000e+02,5.760000000000000000e+02,0.000000000000000000e+00,5.208333326095271332e-03,5.208333333333333044e-03,1.719935033200287129e-05,0.000000000000000000e+00,-9.059419880941277370e-13
8.350000000000000000e+02,2.417245468962557542e+00,1.402080401126894660e-04,1.920000000000000000e+02,5.760000000000000000e+02,0.000000000000000000e+00,5.208333326095271332e-03,5.208333333333333044e-03,1.740081736648058956e-05,0.000000000000000000e+00,-9.059419880941277370e-13
8.360000000000000000e+02,2.417105291753034013e+00,1.401772095222582500e-04,1.920000000000000000e+02,5.760000000000000000e+02,0.000000000000000000e+00,5.208333326095271332e-03,5.208333333333333044e-03,1.739774337127528845e-05,0.000000000000000000e+00,-9.072742557236779248e-13
8.370000000000000000e+02,2.416965145348854094e+00,1.401464041800785758e-04,1.920000000000000000e+02,5.760000000000000000e+02,0.000000000000000000e+00,5.208333326095271332e-03,5.208333333333333044e-03,1.682220527431402553e-05,0.000000000000000000e+00,-9.068301665138278622e-13
8.380000000000000000e+02,2.416825029724819274e+00,1.401156240377587599e-04,1.920000000000000000e+02,5.760000000000000000e+02,0.000000000000000000e+00,5.208333326095271332e-03,5.208333333333333044e-03,1.722082863133745680e-05,0.000000000000000000e+00,-9.041656312547274865e-13
8.390000000000000000e+02,2.416684944855770123e+00,1.400848690470901322e-04,1.920000000000000000e+02,5.760000000000000000e+02,0.000000000000000000e+00,5.208333326095271332e-03,5.208333333333333044e-03,1.720287745492996915e-05,0.000000000000000000e+00,-9.059419880941277370e-13
8.400000000000000000e+02,2.416544890716606719e+00,1.400541391600451115e-04,1.920000000000000000e+02,5.760000000000000000e+02,0.000000000000000000e+00,5.208333326095271332e-03,5.208333333333333044e-03,1.780321402144895203e-05,0.000000000000000000e+00,-9.094947017729282379e-13
8.410000000000000000e+02,2.416404867202455176e+00,1.400235141509276952e-04,1.920000000000000000e+02,5.760000000000000000e+02,0.000000000000000000e+00,5.208333326095271332e-03,5.208333333333333044e-03,1.753674667860956671e-05,0.000000000000000000e+00,-9.099387909827783005e-13
8.420000000000000000e+02,2.416264874210279245e+00,1.399929921774993634e-04,1.920000000000000000e+02,5.760000000000000000e+02,0.000000000000000000e+00,5.208333326095271332e-03,5.208333333333333044e-03,1.733701583685882920e-05,0.000000000000000000e+00,-9.086065233532281127e-13
8.430000000000000000e+02,2.416124911716052814e+00,1.399624942270933183e-04,1.920000000000000000e+02,5.760000000000000000e+02,0.000000000000000000e+00,5.208333326095271332e-03,5.208333333333333044e-03,1.711163773899243302e-05,0.000000000000000000e+00,-9.077183449335279875e-13
8.440000000000000000e+02,2.415984979695556589e+00,1.399320204952302700e-04,1.920000000000000000e+02,5.760000000000000000e+02,0.000000000000000000e+00,5.208333326095271332e-03,5.208333333333333044e-03,1.731656453279617288e-05,0.000000000000000000e+00,-9.090506125630781753e-13
8.450000000000000000e+02,2.415845078124505552e+00,1.399015710496942131e-04,1.920000000000000000e+02,5.760000000000000000e+02,0.000000000000000000e+00,5.208333326095271332e-03,5.208333333333333044e-03,1.715246694700131645e-05,0.000000000000000000e+00,-9.103828801926283631e-13
8.460000000000000000e+02,2.415705206978590702e+00,1.398711459155235228e-04,1.920000000000000000e+02,5.760000000000000000e+02,0.000000000000000000e+00,5.208333326095271332e-03,5.208333333333333044e-03,1.739273767387842834e-05,0.000000000000000000e+00,-9.094947017729282379e-13
8.470000000000000000e+02,2.415565366233493272e+00,1.398407450966437969e-04,1.920000000000000000e+02,5.760000000000000000e+02,0.000000000000000000e+00,5.208333326095271332e-03,5.208333333333333044e-03,1.747165395323229379e-05,0.000000000000000000e+00,-9.103828801926283631e-13
8.480000000000000000e+02,2.415425555864909146e+00,1.398103685846872446e-04,1.920000000000000000e+02,5.760000000000000000e+02,0.000000000000000000e+00,5.208333326095271332e-03,5.208333333333333044e-03,1.735427436377889198e-05,0.000000000000000000e+00,-9.099387909827783005e-13
8.490000000000000000e+02,2.415285775848541316e+00,1.397800163633945735e-04,1.920000000000000000e+02,5.760000000000000000e+02,0.000000000000000000e+00,5.208333326095271332e-03,5.208333333333333044e-03,1.737889860528104180e-05,0.000000000000000000e+00,-9.143796830812789267e-13
8.500000000000000000e+02,2.415146026160134074e+00,1.397496884111000634e-04,1.920000000000000000e+02,5.760000000000000000e+02,0.000000000000000000e+00,5.208333326095271332e-03,5.208333333333333044e-03,1.719111636487441000e-05,0.000000000000000000e+00,-9.103828801926283631e-13
8.510000000000000000e+02,2.415006306775430822e+00,1.397193847022561977e-04,1.920000000000000000e+02,5.760000000000000000e+02,0.000000000000000000e+00,5.208333326095271332e-03,5.208333333333333044e-03,1.751347056524582332e-05,0.000000000000000000e+00,-9.112710586123284884e-13
8.520000000000000000e+02,2.414866617670222926e+00,1.396891052084289341e-04,1.920000000000000000e+02,5.760000000000000000e+02,0.000000000000000000e+00,5.208333326095271332e-03,5.208333333333333044e-03,1.751834399882311717e-05,0.000000000000000000e+00,-9.108269694024784258e-13
8.530000000000000000e+02,2.414726958820321734e+00,1.396588498989806979e-04,1.920000000000000000e+02,5.760000000000000000e+02,0.000000000000000000e+00,5.208333326095271332e-03,5.208333333333333044e-03,1.760515714172351763e-05,0.000000000000000000e+00,-9.130474154517287388e-13
8.540000000000000000e+02,2.414587330201579451e+00,1.396286187415530958e-04,1.920000000000000000e+02,5.760000000000000000e+02,0.000000000000000000e+00,5.208333326095271332e-03,5.208333333333333044e-03,1.740253158796379660e-05,0.000000000000000000e+00,-9.139355938714288641e-13
8.550000000000000000e+02,2.414447731789878038e+00,1.395984117024236726e-04,1.920000000000000000e+02,5.760000000000000000e+02,0.000000000000000000e+00,5.208333326095271332e-03,5.208333333333333044e-03,1.768636513181197554e-05,0.000000000000000000e+00,-9.126033262418786762e-13
8.560000000000000000e+02,2.414308163561129650e+00,1.395682287467714866e-04,1.920000000000000000e+02,5.760000000000000000e+02,0.000000000000000000e+00,5.208333326095271332e-03,5.208333333333333044e-03,1.748708488896833914e-05,0.000000000000000000e+00,-9.143796830812789267e-13
8.570000000000000000e+02,2.414168625491289077e+00,1.395380698388828098e-04,1.920000000000000000e+02,5.760000000000000000e+02,0.000000000000000000e+00,5.208333326095271332e-03,5.208333333333333044e-03,1.710781876179266243e-05,0.000000000000000000e+00,-9.161560399206791772e-13
8.580000000000000000e+02,2.414029117556346193e+00,1.395079349423110208e-04,1.920000000000000000e+02,5.760000000000000000e+02,0.000000000000000000e+00,5.208333326095271332e-03,5.208333333333333044e-03,1.729738941413573757e-05,0.000000000000000000e+00,-9.166001291305292398e-13
8.590000000000000000e+02,2.413889639732330394e+00,1.394778240200048383e-04,1.920000000000000000e+02,5.760000000000000000e+02,0.000000000000000000e+00,5.208333326095271332e-03,5.208333333333333044e-03,1.730545626020428814e-05,0.000000000000000000e+00,-9.126033262418786762e-13
8.600000000000000000e+02,2.413750191995293282e+00,1.394477370344098031e-04,1.920000000000000000e+02,5.760000000000000000e+02,0.000000000000000000e+00,5.208333326095271332e-03,5.208333333333333044e-03,1.732281674771258791e-05,0.000000000000000000e+00,-9.152678615009790519e-13
8.610000000000000000e+02,2.413610774321345964e+00,1.394176739475533604e-04,1.920000000000000000e+02,5.760000000000000000e+02,0.000000000000000000e+00,5.208333326095271332e-03,5.208333333333333044e-03,1.724386234694785843e-05,0.000000000000000000e+00,-9.148237722911289893e-13
8.620000000000000000e+02,2.413471386686623532e+00,1.393876347211127581e-04,1.920000000000000000e+02,5.760000000000000000e+02,0.000000000000000000e+00,5.208333326095271332e-03,5.208333333333333044e-03,1.716353967102356582e-05,0.000000000000000000e+00,-9.161560399206791772e-13
8.630000000000000000e+02,2.413332029067308593e+00,1.393576193164728619e-04,1.920000000000000000e+02,5.760000000000000000e+02,0.000000000000000000e+00,5.208333326095271332e-03,5.208333333333333044e-03,1.679321203934262710e-05,0.000000000000000000e+00,-9.148237722911289893e-13
8.640000000000000000e+02,2.413192701439612620e+00,1.393276276947754051e-04,1.920000000000000000e+02,5.760000000000000000e+02,0.000000000000000000e+00,5.208333326095271332e-03,5.208333333333333044e-03,1.716959980885228291e-05,0.000000000000000000e+00,-9.157119507108291145e-13
8.650000000000000000e+02,2.413053403779794159e+00,1.392976598169583724e-04,1.920000000000000000e+02,5.760000000000000000e+02,0.000000000000000000e+00,5.208333326095271332e-03,5.208333333333333044e-03,1.709933990317570802e-05,0.000000000000000000e+00,-9.174883075502293650e-13
8.660000000000000000e+02,2.412914136064151283e+00,1.392677156437914531e-04,1.920000000000000000e+02,5.760000000000000000e+02,0.000000000000000000e+00,5.208333326095271332e-03,5.208333333333333044e-03,1.750649517219129040e-05,0.000000000000000000e+00,-9.166001291305292398e-13
8.670000000000000000e+02,2.412774898269016255e+00,1.392377951359063991e-04,1.920000000000000000e+02,5.760000000000000000e+02,0.000000000000000000e+00,5.208333326095271332e-03,5.208333333333333044e-03,1.738024744978136133e-05,0.000000000000000000e+00,-9.157119507108291145e-13
8.680000000000000000e+02,2.412635690370760866e+00,1.392078982538220424e-04,1.920000000000000000e+02,5.760000000000000000e+02,0.000000000000000000e+00,5.208333326095271332e-03,5.208333333333333044e-03,1.738105668389694437e-05,0.000000000000000000e+00,-9.170442183403793024e-13
8.690000000000000000e+02,2.412496512345803978e+00,1.391780249579672806e-04,1.920000000000000000e+02,5.760000000000000000e+02,0.000000000000000000e+00,5.208333326095271332e-03,5.208333333333333044e-03,1.732667329351125220e-05,0.000000000000000000e+00,-9.161560399206791772e-13
8.700000000000000000e+02,2.412357364170592433e+00,1.391481752086993996e-04,1.920000000000000000e+02,5.760000000000000000e+02,0.000000000000000000e+00,5.208333326095271332e-03,5.208333333333333044e-03,1.764308575961562632e-05,0.000000000000000000e+00,-9.188205751797795529e-13
8.710000000000000000e+02,2.412218245821627249e+00,1.391183489663225595e-04,1.920000000000000000e+02,5.760000000000000000e+02,0.000000000000000000e+00,5.208333326095271332e-03,5.208333333333333044e-03,1.779376649533187673e-05,0.000000000000000000e+00,-9.179323967600794276e-13
8.720000000000000000e+02,2.412079157275430763e+00,1.390885461911018891e-04,1.920000000000000000e+02,5.760000000000000000e+02,0.000000000000000000e+00,5.208333326095271332e-03,5.208333333333333044e-03,1.704161706202243185e-05,0.000000000000000000e+00,-9.232614672782801790e-13
8.730000000000000000e+02,2.411940098508591479e+00,1.390587668432773094e-04,1.920000000000000000e+02,5.760000000000000000e+02,0.000000000000000000e+00,5.208333326095271332e-03,5.208333333333333044e-03,1.775098626131807187e-05,0.000000000000000000e+00,-9.192646643896296155e-13
8.740000000000000000e+02,2.411801069497705452e+00,1.390290108830742675e-04,1.920000000000000000e+02,5.760000000000000000e+02,0.000000000000000000e+00,5.208333326095271332e-03,5.208333333333333044e-03,1.790428175499763236e-05,0.000000000000000000e+00,-9.219291996487299912e-13
8.750000000000000000e+02,2.411662070219436682e+00,1.389992782707153644e-04,1.920000000000000000e+02,5.760000000000000000e+02,0.000000000000000000e+00,5.208333326095271332e-03,5.208333333333333044e-03,1.727442930942349494e-05,0.000000000000000000e+00,-9.201528428093297407e-13
8.760000000000000000e+02,2.411523100650467377e+00,1.389695689664285406e-04,1.920000000000000000e+02,5.760000000000000000e+02,0.000000000000000000e+00,5.208333326095271332e-03,5.208333333333333044e-03,1.772182796839868497e-05,0.000000000000000000e+00,-9.228173780684301164e-13
8.770000000000000000e+02,2.411384160767540585e+00,1.389398829304558586e-04,1.920000000000000000e+02,5.760000000000000000e+02,0.000000000000000000e+00,5.208333326095271332e-03,5.208333333333333044e-03,1.741214524505262386e-05,0.000000000000000000e+00,-9.192646643896296155e-13
8.780000000000000000e+02,2.411245250547415786e+00,1.389102201230613359e-04,1.920000000000000000e+02,5.760000000000000000e+02,0.000000000000000000e+00,5.208333326095271332e-03,5.208333333333333044e-03,1.717817616692836956e-05,0.000000000000000000e+00,-9.210410212290298659e-13
8.790000000000000000e+02,2.411106369966910190e+00,1.388805805045363931e-04,1.920000000000000000e+02,5.760000000000000000e+02,0.000000000000000000e+00,5.208333326095271332e-03,5.208333333333333044e-03,1.734596601315802997e-05,0.000000000000000000e+00,-9.223732888585800538e-13
8.800000000000000000e+02,2.410967519002877424e+00,1.388509640352069015e-04,1.920000000000000000e+02,5.760000000000000000e+02,0.000000000000000000e+00,5.208333326095271332e-03,5.208333333333333044e-03,1.775770593655433963e-05,0.000000000000000000e+00,-9.197087535994796781e-13
8.810000000000000000e+02,2.410828697632199091e+00,1.388213706754384683e-04,1.920000000000000000e+02,5.760000000000000000e+02,0.000000000000000000e+00,5.208333326095271332e-03,5.208333333333333044e-03,1.726184626689006345e-05,0.000000000000000000e+00,-9.228173780684301164e-13
8.820000000000000000e+02,2.410689905831813640e+00,1.387918003856409091e-04,1.920000000000000000e+02,5.760000000000000000e+02,0.000000000000000000e+00,5.208333326095271332e-03,5.208333333333333044e-03,1.766519281490821610e-05,0.000000000000000000e+00,-9.223732888585800538e-13
8.830000000000000000e+02,2.410551143578686162e+00,1.387622531262727200e-04,1.920000000000000000e+02,5.760000000000000000e+02,0.000000000000000000e+00,5.208333326095271332e-03,5.208333333333333044e-03,1.708358106454518273e-05,0.000000000000000000e+00,-9.237055564881302416e-13
8.840000000000000000e+02,2.410412410849829268e+00,1.387327288578453336e-04,1.920000000000000000e+02,5.760000000000000000e+02,0.000000000000000000e+00,5.208333326095271332e-03,5.208333333333333044e-03,1.713276545766868682e-05,0.000000000000000000e+00,-9.228173780684301164e-13
8.850000000000000000e+02,2.410273707622287986e+00,1.387032275409262627e-04,1.920000000000000000e+02,5.760000000000000000e+02,0.000000000000000000e+00,5.208333326095271332e-03,5.208333333333333044e-03,1.717235511640958991e-05,0.000000000000000000e+00,-9.228173780684301164e-13
8.860000000000000000e+02,2.410135033873151755e+00,1.386737491361432744e-04,1.920000000000000000e+02,5.760000000000000000e+02,0.000000000000000000e+00,5.208333326095271332e-03,5.208333333333333044e-03,1.775168832345871313e-05,0.000000000000000000e+00,-9.232614672782801790e-13
8.870000000000000000e+02,2.409996389579546872e+00,1.386442936041861254e-04,1.920000000000000000e+02,5.760000000000000000e+02,0.000000000000000000e+00,5.208333326095271332e-03,5.208333333333333044e-03,1.699808224194576247e-05,0.000000000000000000e+00,-9.237055564881302416e-13
8.880000000000000000e+02,2.409857774718640933e+00,1.386148609058107358e-04,1.920000000000000000e+02,5.760000000000000000e+02,0.000000000000000000e+00,5.208333326095271332e-03,5.208333333333333044e-03,1.737149528304259938e-05,0.000000000000000000e+00,-9.241496456979803042e-13
8.890000000000000000e+02,2.409719189267640171e+00,1.385854510018400833e-04,1.920000000000000000e+02,5.760000000000000000e+02,0.000000000000000000e+00,5.208333326095271332e-03,5.208333333333333044e-03,1.788666557250180036e-05,0.000000000000000000e+00,-9.228173780684301164e-13
8.900000000000000000e+02,2.409580633203783240e+00,1.385560638531677005e-04,1.920000000000000000e+02,5.760000000000000000e+02,0.000000000000000000e+00,5.208333326095271332e-03,5.208333333333333044e-03,1.716163165921841073e-05,0.000000000000000000e+00,-9.268141809570806799e-13
8.910000000000000000e+02,2.409442106504362968e+00,1.385266994207594901e-04,1.920000000000000000e+02,5.760000000000000000e+02,0.000000000000000000e+00,5.208333326095271332e-03,5.208333333333333044e-03,1.774843806137857722e-05,0.000000000000000000e+00,-9.263700917472306173e-13
8.920000000000000000e+02,2.409303609146697944e+00,1.384973576656550265e-04,1.920000000000000000e+02,5.760000000000000000e+02,0.000000000000000000e+00,5.208333326095271332e-03,5.208333333333333044e-03,1.735088020853888359e-05,0.000000000000000000e+00,-9.254819133275304921e-13
8.930000000000000000e+02,2.409165141108152053e+00,1.384680385489698326e-04,1.920000000000000000e+02,5.760000000000000000e+02,0.000000000000000000e+00,5.208333326095271332e-03,5.208333333333333044e-03,1.748461718694018004e-05,0.000000000000000000e+00,-9.223732888585800538e-13
8.940000000000000000e+02,2.409026702366116268e+00,1.384387420318967889e-04,1.920000000000000000e+02,5.760000000000000000e+02,0.000000000000000000e+00,5.208333326095271332e-03,5.208333333333333044e-03,1.742007783379554672e-05,0.000000000000000000e+00,-9.263700917472306173e-13
8.950000000000000000e+02,2.408888292898040184e+00,1.384094680757074890e-04,1.920000000000000000e+02,5.760000000000000000e+02,0.000000000000000000e+00,5.208333326095271332e-03,5.208333333333333044e-03,1.720468601192242224e-05,0.000000000000000000e+00,-9.268141809570806799e-13
8.960000000000000000e+02,2.408749912681400485e+00,1.383802166417539745e-04,1.920000000000000000e+02,5.760000000000000000e+02,0.000000000000000000e+00,5.208333326095271332e-03,5.208333333333333044e-03,1.730300094355870452e-05,0.000000000000000000e+00,-9.245937349078303669e-13
8.970000000000000000e+02,2.408611561693706715e+00,1.383509876914687888e-04,1.920000000000000000e+02,5.760000000000000000e+02,0.000000000000000000e+00,5.208333326095271332e-03,5.208333333333333044e-03,1.758252950576537092e-05,0.000000000000000000e+00,-9.268141809570806799e-13
8.980000000000000000e+02,2.408473239912520825e+00,1.383217811863671730e-04,1.920000000000000000e+02,5.760000000000000000e+02,0.000000000000000000e+00,5.208333326095271332e-03,5.208333333333333044e-03,1.739644282735742888e-05,0.000000000000000000e+00,-9.263700917472306173e-13
8.990000000000000000e+02,2.408334947315433627e+00,1.382925970880483665e-04,1.920000000000000000e+02,5.760000000000000000e+02,0.000000000000000000e+00,5.208333326095271332e-03,5.208333333333333044e-03,1.680604114770518201e-05,0.000000000000000000e+00,-9.254819133275304921e-13
9.000000000000000000e+02,2.408196683880075462e+00,1.382634353581945234e-04,1.920000000000000000e+02,5.760000000000000000e+02,0.000000000000000000e+00,5.208333326095271332e-03,5.208333333333333044e-03,1.754389257955950692e-05,0.000000000000000000e+00,-9.254819133275304921e-13
9.010000000000000000e+02,2.408058449444427485e+00,1.382344356440958757e-04,1.920000000000000000e+02,5.760000000000000000e+02,0.000000000000000000e+00,5.208333326095271332e-03,5.208333333333333044e-03,1.681075728371478082e-05,0.000000000000000000e+00,-9.294787162161810556e-13
9.020000000000000000e+02,2.407920243849667408e+00,1.382055947619020505e-04,1.920000000000000000e+02,5.760000000000000000e+02,0.000000000000000000e+00,5.208333326095271332e-03,5.208333333333333044e-03,1.740676786492035576e-05,0.000000000000000000e+00,-9.277023593767808052e-13
9.030000000000000000e+02,2.407782067075181942e+00,1.381767744879139597e-04,1.920000000000000000e+02,5.760000000000000000e+02,0.000000000000000000e+00,5.208333326095271332e-03,5.208333333333333044e-03,1.760440427383462995e-05,0.000000000000000000e+00,-9.250378241176804295e-13
9.040000000000000000e+02,2.407643919099965668e+00,1.381479752104725468e-04,1.920000000000000000e+02,5.760000000000000000e+02,0.000000000000000000e+00,5.208333326095271332e-03,5.208333333333333044e-03,1.796707477899223227e-05,0.000000000000000000e+00,-9.308109838457312435e-13
9.050000000000000000e+02,2.407505799902873722e+00,1.381191970934685770e-04,1.920000000000000000e+02,5.760000000000000000e+02,0.000000000000000000e+00,5.208333326095271332e-03,5.208333333333333044e-03,1.767587418803647620e-05,0.000000000000000000e+00,-9.294787162161810556e-13
9.060000000000000000e+02,2.407367709462650218e+00,1.380904402255445768e-04,1.920000000000000000e+02,5.760000000000000000e+02,0.000000000000000000e+00,5.208333326095271332e-03,5.208333333333333044e-03,1.768554431277586961e-05,0.000000000000000000e+00,-9.272582701669307426e-13
9.070000000000000000e+02,2.407229647757990421e+00,1.380617046580760352e-04,1.920000000000000000e+02,5.760000000000000000e+02,0.000000000000000000e+00,5.208333326095271332e-03,5.208333333333333044e-03,1.766672356744470947e-05,0.000000000000000000e+00,-9.290346270063309930e-13
9.080000000000000000e+02,2.407091614767569610e+00,1.380329904206557628e-04,1.920000000000000000e+02,5.760000000000000000e+02,0.000000000000000000e+00,5.208333326095271332e-03,5.208333333333333044e-03,1.718479370013910039e-05,0.000000000000000000e+00,-9.294787162161810556e-13
9.090000000000000000e+02,2.406953610470044413e+00,1.380042975288255807e-04,1.920000000000000000e+02,5.760000000000000000e+02,0.000000000000000000e+00,5.208333326095271332e-03,5.208333333333333044e-03,1.743073092213933605e-05,0.000000000000000000e+00,-9.254819133275304921e-13
9.100000000000000000e+02,2.406815634844051477e+00,1.379756259884410753e-04,1.920000000000000000e+02,5.760000000000000000e+02,0.000000000000000000e+00,5.208333326095271332e-03,5.208333333333333044e-03,1.729604779252147479e-05,0.000000000000000000e+00,-9.303668946358811809e-13
9.110000000000000000e+02,2.406677687868254534e+00,1.379469757983510134e-04,1.920000000000000000e+02,5.760000000000000000e+02,0.000000000000000000e+00,5.208333326095271332e-03,5.208333333333333044e-03,1.759811675642308228e-05,0.000000000000000000e+00,-9.285905377964809304e-13
9.120000000000000000e+02,2.406539769521297334e+00,1.379183469521493867e-04,1.920000000000000000e+02,5.760000000000000000e+02,0.000000000000000000e+00,5.208333326095271332e-03,5.208333333333333044e-03,1.755310597695914135e-05,0.000000000000000000e+00,-9.339196083146816818e-13
9.130000000000000000e+02,2.406401879781860043e+00,1.378897394393736712e-04,1.920000000000000000e+02,5.760000000000000000e+02,0.000000000000000000e+00,5.208333326095271332e-03,5.208333333333333044e-03,1.764969309388019769e-05,0.000000000000000000e+00,-9.316991622654313687e-13
9.140000000000000000e+02,2.406264018628612167e+00,1.378611532463581220e-04,1.920000000000000000e+02,5.760000000000000000e+02,0.000000000000000000e+00,5.208333326095271332e-03,5.208333333333333044e-03,1.734066368392470536e-05,0.000000000000000000e+00,-9.334755191048316192e-13
9.150000000000000000e+02,2.406126186040257409e+00,1.378325883568597913e-04,1.920000000000000000e+02,5.760000000000000000e+02,0.000000000000000000e+00,5.208333326095271332e-03,5.208333333333333044e-03,1.730113595941230338e-05,0.000000000000000000e+00,-9.312550730555813061e-13
9.160000000000000000e+02,2.405988381995507464e+00,1.378040447525295060e-04,1.920000000000000000e+02,5.760000000000000000e+02,0.000000000000000000e+00,5.208333326095271332e-03,5.208333333333333044e-03,1.717044376769674983e-05,0.000000000000000000e+00,-9.285905377964809304e-13
9.170000000000000000e+02,2.405850606473089570e+00,1.377755224132738016e-04,1.920000000000000000e+02,5.760000000000000000e+02,0.000000000000000000e+00,5.208333326095271332e-03,5.208333333333333044e-03,1.740460409968417723e-05,0.000000000000000000e+00,-9.330314298949815566e-13
9.180000000000000000e+02,2.405712859451775376e+00,1.377470213175386302e-04,1.920000000000000000e+02,5.760000000000000000e+02,0.000000000000000000e+00,5.208333326095271332e-03,5.208333333333333044e-03,1.767715753871018614e-05,0.000000000000000000e+00,-9.299228054260311183e-13
9.190000000000000000e+02,2.405575140910329424e+00,1.377185414425352008e-04,1.920000000000000000e+02,5.760000000000000000e+02,0.000000000000000000e+00,5.208333326095271332e-03,5.208333333333333044e-03,1.708891341230304206e-05,0.000000000000000000e+00,-9.330314298949815566e-13
9.200000000000000000e+02,2.405437450827567769e+00,1.376900827644230189e-04,1.920000000000000000e+02,5.760000000000000000e+02,0.000000000000000000e+00,5.208333326095271332e-03,5.208333333333333044e-03,1.726302090902769382e-05,0.000000000000000000e+00,-9.303668946358811809e-13
9.210000000000000000e+02,2.405299789182306913e+00,1.376616452584578261e-04,1.920000000000000000e+02,5.760000000000000000e+02,0.000000000000000000e+00,5.208333326095271332e-03,5.208333333333333044e-03,1.733258753752294954e-05,0.000000000000000000e+00,-9.330314298949815566e-13
9.220000000000000000e+02,2.405162155953407321e+00,1.376332288991153892e-04,1.920000000000000000e+02,5.760000000000000000e+02,0.000000000000000000e+00,5.208333326095271332e-03,5.208333333333333044e-03,1.730415505090278006e-05,0.000000000000000000e+00,-9.334755191048316192e-13
9.230000000000000000e+02,2.405024551119747223e+00,1.376048336601944175e-04,1.920000000000000000e+02,5.760000000000000000e+02,0.000000000000000000e+00,5.208333326095271332e-03,5.208333333333333044e-03,1.731813437231947034e-05,0.000000000000000000e+00,-9.330314298949815566e-13
9.240000000000000000e+02,2.404886974660232379e+00,1.375764595149027035e-04,1.920000000000000000e+02,5.760000000000000000e+02,0.000000000000000000e+00,5.208333326095271332e-03,5.208333333333333044e-03,1.696944995216851090e-05,0.000000000000000000e+00,-9.330314298949815566e-13
9.250000000000000000e+02,2.404749426553795200e+00,1.375481064359309019e-04,1.920000000000000000e+02,5.760000000000000000e+02,0.000000000000000000e+00,5.208333326095271332e-03,5.208333333333333044e-03,1.744244666577300591e-05,0.000000000000000000e+00,-9.343636975245317444e-13
9.260000000000000000e+02,2.404611906779403174e+00,1.375197743955149533e-04,1.920000000000000000e+02,5.760000000000000000e+02,0.000000000000000000e+00,5.208333326095271332e-03,5.208333333333333044e-03,1.767020550594472866e-05,0.000000000000000000e+00,-9.308109838457312435e-13
9.270000000000000000e+02,2.404474415316033564e+00,1.374914633654912154e-04,1.920000000000000000e+02,5.760000000000000000e+02,0.000000000000000000e+00,5.208333326095271332e-03,5.208333333333333044e-03,1.721845452128371206e-05,0.000000000000000000e+00,-9.352518759442318697e-13
9.280000000000000000e+02,2.404336952142717809e+00,1.374631733173415119e-04,1.920000000000000000e+02,5.760000000000000000e+02,0.000000000000000000e+00,5.208333326095271332e-03,5.208333333333333044e-03,1.724729396183661236e-05,0.000000000000000000e+00,-9.334755191048316192e-13
9.290000000000000000e+02,2.404199517238497119e+00,1.374349042222357416e-04,1.920000000000000000e+02,5.760000000000000000e+02,0.000000000000000000e+00,5.208333326095271332e-03,5.208333333333333044e-03,1.715864899207822199e-05,0.000000000000000000e+00,-9.316991622654313687e-13
9.300000000000000000e+02,2.404062110582446010e+00,1.374066560510664101e-04,1.920000000000000000e+02,5.760000000000000000e+02,0.000000000000000000e+00,5.208333326095271332e-03,5.208333333333333044e-03,1.736259363470967808e-05,0.000000000000000000e+00,-9.321432514752814313e-13
9.310000000000000000e+02,2.403924732153670973e+00,1.373784287744804510e-04,1.920000000000000000e+02,5.760000000000000000e+02,0.000000000000000000e+00,5.208333326095271332e-03,5.208333333333333044e-03,1.746646712593672235e-05,0.000000000000000000e+00,-9.325873406851314940e-13
9.320000000000000000e+02,2.403787381931306921e+00,1.373502223629068466e-04,1.920000000000000000e+02,5.760000000000000000e+02,0.000000000000000000e+00,5.208333326095271332e-03,5.208333333333333044e-03,1.765729283514331444e-05,0.000000000000000000e+00,-9.334755191048316192e-13
9.330000000000000000e+02,2.403650059894518964e+00,1.373220367865809945e-04,1.920000000000000000e+02,5.760000000000000000e+02,0.000000000000000000e+00,5.208333326095271332e-03,5.208333333333333044e-03,1.685638319685646097e-05,0.000000000000000000e+00,-9.352518759442318697e-13
9.340000000000000000e+02,2.403512766022501967e+00,1.372938720155671784e-04,1.920000000000000000e+02,5.760000000000000000e+02,0.000000000000000000e+00,5.208333326095271332e-03,5.208333333333333044e-03,1.754511873097811884e-05,0.000000000000000000e+00,-9.365841435737820575e-13
9.350000000000000000e+02,2.403375500294481437e+00,1.372657280197775681e-04,1.920000000000000000e+02,5.760000000000000000e+02,0.000000000000000000e+00,5.208333326095271332e-03,5.208333333333333044e-03,1.728322155458194892e-05,0.000000000000000000e+00,-9.370282327836321201e-13
9.360000000000000000e+02,2.403238262689713967e+00,1.372376047689902179e-04,1.920000000000000000e+02,5.760000000000000000e+02,0.000000000000000000e+00,5.208333326095271332e-03,5.208333333333333044e-03,1.732355062665550766e-05,0.000000000000000000e+00,-9.356959651540819323e-13
9.370000000000000000e+02,2.403101053187479241e+00,1.372095022328645431e-04,1.920000000000000000e+02,5.760000000000000000e+02,0.000000000000000000e+00,5.208333326095271332e-03,5.208333333333333044e-03,1.685355649683090590e-05,0.000000000000000000e+00,-9.374723219934821827e-13
9.380000000000000000e+02,2.402963871767100468e+00,1.371814203809551709e-04,1.920000000000000000e+02,5.760000000000000000e+02,0.000000000000000000e+00,5.208333326095271332e-03,5.208333333333333044e-03,1.766965431514564051e-05,0.000000000000000000e+00,-9.352518759442318697e-13
9.390000000000000000e+02,2.402826718407916839e+00,1.371533591827260622e-04,1.920000000000000000e+02,5.760000000000000000e+02,0.000000000000000000e+00,5.208333326095271332e-03,5.208333333333333044e-03,1.737032497256617536e-05,0.000000000000000000e+00,-9.361400543639319949e-13
9.400000000000000000e+02,2.402689593089308406e+00,1.371253186075605131e-04,1.920000000000000000e+02,5.760000000000000000e+02,0.000000000000000000e+00,5.208333326095271332e-03,5.208333333333333044e-03,1.757778814001579996e-05,0.000000000000000000e+00,-9.370282327836321201e-13
9.410000000000000000e+02,2.402552495790681419e+00,1.370972986247732982e-04,1.920000000000000000e+02,5.760000000000000000e+02,0.000000000000000000e+00,5.208333326095271332e-03,5.208333333333333044e-03,1.672296359118589449e-05,0.000000000000000000e+00,-9.392486788328824332e-13
9.420000000000000000e+02,2.402415426491476769e+00,1.370692992036192358e-04,1.920000000000000000e+02,5.760000000000000000e+02,0.000000000000000000e+00,5.208333326095271332e-03,5.208333333333333044e-03,1.783094261845390044e-05,0.000000000000000000e+00,-9.405809464624326210e-13
9.430000000000000000e+02,2.402278385171168207e+00,1.370413203133026743e-04,1.920000000000000000e+02,5.760000000000000000e+02,0.000000000000000000e+00,5.208333326095271332e-03,5.208333333333333044e-03,1.686422578903275783e-05,0.000000000000000000e+00,-9.356959651540819323e-13
9.440000000000000000e+02,2.402141371809244141e+00,1.370133619229848383e-04,1.920000000000000000e+02,5.760000000000000000e+02,0.000000000000000000e+00,5.208333326095271332e-03,5.208333333333333044e-03,1.752054295035955316e-05,0.000000000000000000e+00,-9.365841435737820575e-13
9.450000000000000000e+02,2.402004386385242274e+00,1.369854240017922035e-04,1.920000000000000000e+02,5.760000000000000000e+02,0.000000000000000000e+00,5.208333326095271332e-03,5.208333333333333044e-03,1.716796873510026200e-05,0.000000000000000000e+00,-9.370282327836321201e-13
9.460000000000000000e+02,2.401867428878719402e+00,1.369575065188224060e-04,1.920000000000000000e+02,5.760000000000000000e+02,0.000000000000000000e+00,5.208333326095271332e-03,5.208333333333333044e-03,1.735235581250429323e-05,0.000000000000000000e+00,-9.410250356722826837e-13
9.470000000000000000e+02,2.401730499269280728e+00,1.369296094431510452e-04,1.920000000000000000e+02,5.760000000000000000e+02,0.000000000000000000e+00,5.208333326095271332e-03,5.208333333333333044e-03,1.747955656326992101e-05,0.000000000000000000e+00,-9.365841435737820575e-13
9.480000000000000000e+02,2.401593597536535007e+00,1.369017327438369158e-04,1.920000000000000000e+02,5.760000000000000000e+02,0.000000000000000000e+00,5.208333326095271332e-03,5.208333333333333044e-03,1.787290016385840126e-05,0.000000000000000000e+00,-9.383605004131823080e-13
9.490000000000000000e+02,2.401456723660143400e+00,1.368738763899278346e-04,1.920000000000000000e+02,5.760000000000000000e+02,0.000000000000000000e+00,5.208333326095271332e-03,5.208333333333333044e-03,1.749086940712697976e-05,0.000000000000000000e+00,-9.401368572525825584e-13
9.500000000000000000e+02,2.401319877619794596e+00,1.368460403504653301e-04,1.920000000000000000e+02,5.760000000000000000e+02,0.000000000000000000e+00,5.208333326095271332e-03,5.208333333333333044e-03,1.684338941215656439e-05,0.000000000000000000e+00,-9.383605004131823080e-13
9.510000000000000000e+02,2.401183059395198605e+00,1.368182245944890335e-04,1.920000000000000000e+02,5.760000000000000000e+02,0.000000000000000000e+00,5.208333326095271332e-03,5.208333333333333044e-03,1.761940637461673555e-05,0.000000000000000000e+00,-9.396927680427324958e-13
9.520000000000000000e+02,2.401046268966108510e+00,1.367904290910410426e-04,1.920000000000000000e+02,5.760000000000000000e+02,0.000000000000000000e+00,5.208333326095271332e-03,5.208333333333333044e-03,1.780042401828779591e-05,0.000000000000000000e+00,-9.388045896230323706e-13
9.530000000000000000e+02,2.400909506312298713e+00,1.367626538091696621e-04,1.920000000000000000e+02,5.760000000000000000e+02,0.000000000000000000e+00,5.208333326095271332e-03,5.208333333333333044e-03,1.705335207640129146e-05,0.000000000000000000e+00,-9.396927680427324958e-13
9.540000000000000000e+02,2.400772771413578699e+00,1.367348987179331987e-04,1.920000000000000000e+02,5.760000000000000000e+02,0.000000000000000000e+00,5.208333326095271332e-03,5.208333333333333044e-03,1.691222812944806467e-05,0.000000000000000000e+00,-9.414691248821327463e-13
9.550000000000000000e+02,2.400636064249794366e+00,1.367071637864035114e-04,1.920000000000000000e+02,5.760000000000000000e+02,0.000000000000000000e+00,5.208333326095271332e-03,5.208333333333333044e-03,1.721170983232263906e-05,0.000000000000000000e+00,-9.396927680427324958e-13
9.560000000000000000e+02,2.400499384800811153e+00,1.366794489836682615e-04,1.920000000000000000e+02,5.760000000000000000e+02,0.000000000000000000e+00,5.208333326095271332e-03,5.208333333333333044e-03,1.747011397745381825e-05,0.000000000000000000e+00,-9.392486788328824332e-13
9.570000000000000000e+02,2.400362733046530028e+00,1.366517542788351681e-04,1.920000000000000000e+02,5.760000000000000000e+02,0.000000000000000000e+00,5.208333326095271332e-03,5.208333333333333044e-03,1.726729741716213575e-05,0.000000000000000000e+00,-9.414691248821327463e-13
9.580000000000000000e+02,2.400226108966888816e+00,1.366240796410332279e-04,1.920000000000000000e+02,5.760000000000000000e+02,0.000000000000000000e+00,5.208333326095271332e-03,5.208333333333333044e-03,1.669555869691538000e-05,0.000000000000000000e+00,-9.414691248821327463e-13
9.590000000000000000e+02,2.400089512541850656e+00,1.365964250394168075e-04,1.920000000000000000e+02,5.760000000000000000e+02,0.000000000000000000e+00,5.208333326095271332e-03,5.208333333333333044e-03,1.740389649971325726e-05,0.000000000000000000e+00,-9.401368572525825584e-13
9.600000000000000000e+02,2.399952943751409773e+00,1.365687904431664304e-04,1.920000000000000000e+02,5.760000000000000000e+02,0.000000000000000000e+00,5.208333326095271332e-03,5.208333333333333044e-03,1.695736249428479297e-05,0.000000000000000000e+00,-9.379164112033322453e-13
9.610000000000000000e+02,2.399816402695313489e+00,1.365410560937756266e-04,1.920000000000000000e+02,5.760000000000000000e+02,0.000000000000000000e+00,5.208333326095271332e-03,5.208333333333333044e-03,1.759542090230938803e-05,0.000000000000000000e+00,-9.405809464624326210e-13
9.620000000000000000e+02,2.399679889470650362e+00,1.365132246611881165e-04,1.920000000000000000e+02,5.760000000000000000e+02,0.000000000000000000e+00,5.208333326095271332e-03,5.208333333333333044e-03,1.731765422864539993e-05,0.000000000000000000e+00,-9.423573033018328715e-13
9.630000000000000000e+02,2.399543404056096563e+00,1.364854145566486037e-04,1.920000000000000000e+02,5.760000000000000000e+02,0.000000000000000000e+00,5.208333326095271332e-03,5.208333333333333044e-03,1.758223112453866872e-05,0.000000000000000000e+00,-9.396927680427324958e-13
9.640000000000000000e+02,2.399406946430709286e+00,1.364576253829331137e-04,1.920000000000000000e+02,5.760000000000000000e+02,0.000000000000000000e+00,5.208333326095271332e-03,5.208333333333333044e-03,1.736419656698119296e-05,0.000000000000000000e+00,-9.441336601412331220e-13
9.650000000000000000e+02,2.399270516573775325e+00,1.364298569359052968e-04,1.920000000000000000e+02,5.760000000000000000e+02,0.000000000000000000e+00,5.208333326095271332e-03,5.208333333333333044e-03,1.704274397472929279e-05,0.000000000000000000e+00,-9.419132140919828089e-13
9.660000000000000000e+02,2.399134114464699596e+00,1.364021090762387498e-04,1.920000000000000000e+02,5.760000000000000000e+02,0.000000000000000000e+00,5.208333326095271332e-03,5.208333333333333044e-03,1.729516683108190436e-05,0.000000000000000000e+00,-9.414691248821327463e-13
9.670000000000000000e+02,2.398997740083001595e+00,1.363743816967646688e-04,1.920000000000000000e+02,5.760000000000000000e+02,0.000000000000000000e+00,5.208333326095271332e-03,5.208333333333333044e-03,1.756188505369595386e-05,0.000000000000000000e+00,-9.428013925116829341e-13
9.680000000000000000e+02,2.398861393408291853e+00,1.363466747091595537e-04,1.920000000000000000e+02,5.760000000000000000e+02,0.000000000000000000e+00,5.208333326095271332e-03,5.208333333333333044e-03,1.707218742364425369e-05,0.000000000000000000e+00,-9.432454817215329967e-13
9.690000000000000000e+02,2.398725074420255954e+00,1.363189880373001065e-04,1.920000000000000000e+02,5.760000000000000000e+02,0.000000000000000000e+00,5.208333326095271332e-03,5.208333333333333044e-03,1.749564100548029079e-05,0.000000000000000000e+00,-9.419132140919828089e-13
9.700000000000000000e+02,2.398588783098639432e+00,1.362913216135118639e-04,1.920000000000000000e+02,5.760000000000000000e+02,0.000000000000000000e+00,5.208333326095271332e-03,5.208333333333333044e-03,1.722462724104273561e-05,0.000000000000000000e+00,-9.450218385609332472e-13
9.710000000000000000e+02,2.398452519423267759e+00,1.362636753762662986e-04,1.920000000000000000e+02,5.760000000000000000e+02,0.000000000000000000e+00,5.208333326095271332e-03,5.208333333333333044e-03,1.754444421287636228e-05,0.000000000000000000e+00,-9.401368572525825584e-13
9.720000000000000000e+02,2.398316283373995272e+00,1.362360492686765965e-04,1.920000000000000000e+02,5.760000000000000000e+02,0.000000000000000000e+00,5.208333326095271332e-03,5.208333333333333044e-03,1.715781654264431630e-05,0.000000000000000000e+00,-9.441336601412331220e-13
9.730000000000000000e+02,2.398180074930758021e+00,1.362084432374683696e-04,1.920000000000000000e+02,5.760000000000000000e+02,0.000000000000000000e+00,5.208333326095271332e-03,5.208333333333333044e-03,1.734639977284993496e-05,0.000000000000000000e+00,-9.441336601412331220e-13
9.740000000000000000e+02,2.398043894073526694e+00,1.361808572322467897e-04,1.920000000000000000e+02,5.760000000000000000e+02,0.000000000000000000e+00,5.208333326095271332e-03,5.208333333333333044e-03,1.721988843495897539e-05,0.000000000000000000e+00,-9.428013925116829341e-13
9.750000000000000000e+02,2.397907740782319941e+00,1.361532912049593389e-04,1.920000000000000000e+02,5.760000000000000000e+02,0.000000000000000000e+00,5.208333326095271332e-03,5.208333333333333044e-03,1.712989011267928126e-05,0.000000000000000000e+00,-9.450218385609332472e-13
9.760000000000000000e+02,2.397771615037210591e+00,1.361257451094927573e-04,1.920000000000000000e+02,5.760000000000000000e+02,0.000000000000000000e+00,5.208333326095271332e-03,5.208333333333333044e-03,1.755932968389202221e-05,0.000000000000000000e+00,-9.445777493510831846e-13
9.770000000000000000e+02,2.397635516818307888e+00,1.360982189013614711e-04,1.920000000000000000e+02,5.760000000000000000e+02,0.000000000000000000e+00,5.208333326095271332e-03,5.208333333333333044e-03,1.689194935441832172e-05,0.000000000000000000e+00,-9.459100169806333724e-13
9.780000000000000000e+02,2.397499446105771703e+00,1.360707125374657875e-04,1.920000000000000000e+02,5.760000000000000000e+02,0.000000000000000000e+00,5.208333326095271332e-03,5.208333333333333044e-03,1.788529674855100695e-05,0.000000000000000000e+00,-9.445777493510831846e-13
9.790000000000000000e+02,2.397363402879796546e+00,1.360432259758966034e-04,1.920000000000000000e+02,5.760000000000000000e+02,0.000000000000000000e+00,5.208333326095271332e-03,5.208333333333333044e-03,1.719622842081161592e-05,0.000000000000000000e+00,-9.441336601412331220e-13
9.800000000000000000e+02,2.397227387120617781e+00,1.360157591757811773e-04,1.920000000000000000e+02,5.760000000000000000e+02,0.000000000000000000e+00,5.208333326095271332e-03,5.208333333333333044e-03,1.762012168305295064e-05,0.000000000000000000e+00,-9.467981954003334977e-13
9.810000000000000000e+02,2.397091398808525398e+00,1.359883120971543265e-04,1.920000000000000000e+02,5.760000000000000000e+02,0.000000000000000000e+00,5.208333326095271332e-03,5.208333333333333044e-03,1.729611530928148327e-05,0.000000000000000000e+00,-9.423573033018328715e-13
9.820000000000000000e+02,2.396955437923819154e+00,1.359608847008541264e-04,1.920000000000000000e+02,5.760000000000000000e+02,0.000000000000000000e+00,5.208333326095271332e-03,5.208333333333333044e-03,1.720001754198051736e-05,0.000000000000000000e+00,-9.476863738200336229e-13
9.830000000000000000e+02,2.396819504446872529e+00,1.359334769484330061e-04,1.920000000000000000e+02,5.760000000000000000e+02,0.000000000000000000e+00,5.208333326095271332e-03,5.208333333333333044e-03,1.743899366542845088e-05,0.000000000000000000e+00,-9.459100169806333724e-13
9.840000000000000000e+02,2.396683598358068767e+00,1.359060888020845648e-04,1.920000000000000000e+02,5.760000000000000000e+02,0.000000000000000000e+00,5.208333326095271332e-03,5.208333333333333044e-03,1.710196551671632620e-05,0.000000000000000000e+00,-9.472422846101835603e-13
9.850000000000000000e+02,2.396547719637845741e+00,1.358787202245805524e-04,1.920000000000000000e+02,5.760000000000000000e+02,0.000000000000000000e+00,5.208333326095271332e-03,5.208333333333333044e-03,1.764690667404162134e-05,0.000000000000000000e+00,-9.459100169806333724e-13
9.860000000000000000e+02,2.396411868266667078e+00,1.358513711792174187e-04,1.920000000000000000e+02,5.760000000000000000e+02,0.000000000000000000e+00,5.208333326095271332e-03,5.208333333333333044e-03,1.735053796941244419e-05,0.000000000000000000e+00,-9.454659277707833098e-13
9.870000000000000000e+02,2.396276044225037261e+00,1.358240416297698007e-04,1.920000000000000000e+02,5.760000000000000000e+02,0.000000000000000000e+00,5.208333326095271332e-03,5.208333333333333044e-03,1.727292153712131452e-05,0.000000000000000000e+00,-9.454659277707833098e-13
9.880000000000000000e+02,2.396140247493497188e+00,1.357967315404511933e-04,1.920000000000000000e+02,5.760000000000000000e+02,0.000000000000000000e+00,5.208333326095271332e-03,5.208333333333333044e-03,1.735594447982346448e-05,0.000000000000000000e+00,-9.450218385609332472e-13
9.890000000000000000e+02,2.396004478052621067e+00,1.357694408758784417e-04,1.920000000000000000e+02,5.760000000000000000e+02,0.000000000000000000e+00,5.208333326095271332e-03,5.208333333333333044e-03,1.743734771795966978e-05,0.000000000000000000e+00,-9.450218385609332472e-13
9.900000000000000000e+02,2.395868735883017742e+00,1.357421696010421158e-04,1.920000000000000000e+02,5.760000000000000000e+02,0.000000000000000000e+00,5.208333326095271332e-03,5.208333333333333044e-03,1.684429232757972506e-05,0.000000000000000000e+00,-9.476863738200336229e-13
9.910000000000000000e+02,2.395733020965336468e+00,1.357149176812789439e-04,1.920000000000000000e+02,5.760000000000000000e+02,0.000000000000000000e+00,5.208333326095271332e-03,5.208333333333333044e-03,1.722797033118115081e-05,0.000000000000000000e+00,-9.476863738200336229e-13
9.920000000000000000e+02,2.395597333280256702e+00,1.356876850822488279e-04,1.920000000000000000e+02,5.760000000000000000e+02,0.000000000000000000e+00,5.208333326095271332e-03,5.208333333333333044e-03,1.747634925012141074e-05,0.000000000000000000e+00,-9.450218385609332472e-13
9.930000000000000000e+02,2.395461672808483655e+00,1.356604717699134576e-04,1.920000000000000000e+02,5.760000000000000000e+02,0.000000000000000000e+00,5.208333326095271332e-03,5.208333333333333044e-03,1.732858368965037223e-05,0.000000000000000000e+00,-9.481304630298836855e-13
9.940000000000000000e+02,2.395326039530774942e+00,1.356332777105176890e-04,1.920000000000000000e+02,5.760000000000000000e+02,0.000000000000000000e+00,5.208333326095271332e-03,5.208333333333333044e-03,1.708050196876038373e-05,0.000000000000000000e+00,-9.463541061904834351e-13
9.950000000000000000e+02,2.395190433427902388e+00,1.356061028705729565e-04,1.920000000000000000e+02,5.760000000000000000e+02,0.000000000000000000e+00,5.208333326095271332e-03,5.208333333333333044e-03,1.694212615721676153e-05,0.000000000000000000e+00,-9.481304630298836855e-13
9.960000000000000000e+02,2.395054854480686668e+00,1.355789472168423377e-04,1.920000000000000000e+02,5.760000000000000000e+02,0.000000000000000000e+00,5.208333326095271332e-03,5.208333333333333044e-03,1.701396209072679618e-05,0.000000000000000000e+00,-9.472422846101835603e-13
9.970000000000000000e+02,2.394919302669970662e+00,1.355518107163267573e-04,1.920000000000000000e+02,5.760000000000000000e+02,0.000000000000000000e+00,5.208333326095271332e-03,5.208333333333333044e-03,1.679716055872020094e-05,0.000000000000000000e+00,-9.467981954003334977e-13
9.980000000000000000e+02,2.394783777976634109e+00,1.355246933362529789e-04,1.920000000000000000e+02,5.760000000000000000e+02,0.000000000000000000e+00,5.208333326095271332e-03,5.208333333333333044e-03,1.734955070431616668e-05,0.000000000000000000e+00,-9.472422846101835603e-13
9.990000000000000000e+02,2.394648280381591832e+00,1.354975950440626283e-04,1.920000000000000000e+02,5.760000000000000000e+02,0.000000000000000000e+00,5.208333326095271332e-03,5.208333333333333044e-03,1.738507047180772123e-05,0.000000000000000000e+00,-9.454659277707833098e-13
1.000000000000000000e+03,2.394512809865783520e+00,1.354705158074019200e-04,1.920000000000000000e+02,5.760000000000000000e+02,0.000000000000000000e+00,5.208333326095271332e-03,5.208333333333333044e-03,1.726268428559275320e-05,0.000000000000000000e+00,-9.463541061904834351e-13
1.001000000000000000e+03,2.394377366410188834e+00,1.354434555941130651e-04,1.920000000000000000e+02,5.760000000000000000e+02,0.000000000000000000e+00,5.208333326095271332e-03,5.208333333333333044e-03,1.742098655571094375e-05,0.000000000000000000e+00,-9.467981954003334977e-13
1.002000000000000000e+03,2.394241949995812746e+00,1.354164143722253540e-04,1.920000000000000000e+02,5.760000000000000000e+02,0.000000000000000000e+00,5.208333326095271332e-03,5.208333333333333044e-03,1.703835550054983041e-05,0.000000000000000000e+00,-9.507949982889840612e-13
1.003000000000000000e+03,2.394106560603703748e+00,1.353893921099476750e-04,1.920000000000000000e+02,5.760000000000000000e+02,0.000000000000000000e+00,5.208333326095271332e-03,5.208333333333333044e-03,1.735742532548169271e-05,0.000000000000000000e+00,-9.499068198692839360e-13
1.004000000000000000e+03,2.393971198214932539e+00,1.353623887756617383e-04,1.920000000000000000e+02,5.760000000000000000e+02,0.000000000000000000e+00,5.208333326095271332e-03,5.208333333333333044e-03,1.744386076819526562e-05,0.000000000000000000e+00,-9.454659277707833098e-13
1.005000000000000000e+03,2.393835862810592907e+00,1.353354043379157606e-04,1.920000000000000000e+02,5.760000000000000000e+02,0.000000000000000000e+00,5.208333326095271332e-03,5.208333333333333044e-03,1.723322550593020237e-05,0.000000000000000000e+00,-9.472422846101835603e-13
1.006000000000000000e+03,2.393700554371828382e+00,1.353084387654176070e-04,1.920000000000000000e+02,5.760000000000000000e+02,0.000000000000000000e+00,5.208333326095271332e-03,5.208333333333333044e-03,1.750627752817864540e-05,0.000000000000000000e+00,-9.463541061904834351e-13
1.007000000000000000e+03,2.393565272879799366e+00,1.352814920270304006e-04,1.920000000000000000e+02,5.760000000000000000e+02,0.000000000000000000e+00,5.208333326095271332e-03,5.208333333333333044e-03,1.715928989452585431e-05,0.000000000000000000e+00,-9.481304630298836855e-13
1.008000000000000000e+03,2.393430018315708008e+00,1.352545640917671556e-04,1.920000000000000000e+02,5.760000000000000000e+02,0.000000000000000000e+00,5.208333326095271332e-03,5.208333333333333044e-03,1.752577818130404537e-05,0.000000000000000000e+00,-9.476863738200336229e-13
1.009000000000000000e+03,2.393294790660778215e+00,1.352276549287859792e-04,1.920000000000000000e+02,5.760000000000000000e+02,0.000000000000000000e+00,5.208333326095271332e-03,5.208333333333333044e-03,1.731688354561000527e-05,0.000000000000000000e+00,-9.485745522397337481e-13
1.010000000000000000e+03,2.393159589896268091e+00,1.352007645073855728e-04,1.920000000000000000e+02,5.760000000000000000e+02,0.000000000000000000e+00,5.208333326095271332e-03,5.208333333333333044e-03,1.740524933717515409e-05,0.000000000000000000e+00,-9.516831767086841865e-13
1.011000000000000000e+03,2.393024416003472599e+00,1.351738927970011115e-04,1.920000000000000000e+02,5.760000000000000000e+02,0.000000000000000000e+00,5.208333326095271332e-03,5.208333333333333044e-03,1.751780438255101042e-05,0.000000000000000000e+00,-9.499068198692839360e-13
1.012000000000000000e+03,2.392889268963704907e+00,1.351470397672015612e-04,1.920000000000000000e+02,5.760000000000000000e+02,0.000000000000000000e+00,5.208333326095271332e-03,5.208333333333333044e-03,1.700051962391701803e-05,0.000000000000000000e+00,-9.503509090791339986e-13
1.013000000000000000e+03,2.392754148758316379e+00,1.351202053876840946e-04,1.920000000000000000e+02,5.760000000000000000e+02,0.000000000000000000e+00,5.208333326095271332e-03,5.208333333333333044e-03,1.775835955994567548e-05,0.000000000000000000e+00,-9.512390874988341238e-13
1.014000000000000000e+03,2.392619055368688574e+00,1.350933896282730884e-04,1.920000000000000000e+02,5.760000000000000000e+02,0.000000000000000000e+00,5.208333326095271332e-03,5.208333333333333044e-03,1.728086398798635284e-05,0.000000000000000000e+00,-9.507949982889840612e-13
1.015000000000000000e+03,2.392483988776228809e+00,1.350665924589152444e-04,1.920000000000000000e+02,5.760000000000000000e+02,0.000000000000000000e+00,5.208333326095271332e-03,5.208333333333333044e-03,1.749713747375483810e-05,0.000000000000000000e+00,-9.516831767086841865e-13
1.016000000000000000e+03,2.392348948962380373e+00,1.350398138496778277e-04,1.920000000000000000e+02,5.760000000000000000e+02,0.000000000000000000e+00,5.208333326095271332e-03,5.208333333333333044e-03,1.719580444248028079e-05,0.000000000000000000e+00,-9.503509090791339986e-13
1.017000000000000000e+03,2.392213935908610978e+00,1.350130537707454413e-04,1.920000000000000000e+02,5.760000000000000000e+02,0.000000000000000000e+00,5.208333326095271332e-03,5.208333333333333044e-03,1.725675632942636671e-05,0.000000000000000000e+00,-9.490186414495838108e-13
1.018000000000000000e+03,2.392078949596418092e+00,1.349863121924175049e-04,1.920000000000000000e+02,5.760000000000000000e+02,0.000000000000000000e+00,5.208333326095271332e-03,5.208333333333333044e-03,1.725735933428477440e-05,0.000000000000000000e+00,-9.494627306594338734e-13
1.019000000000000000e+03,2.391943990007332488e+00,1.349595890851060329e-04,1.920000000000000000e+02,5.760000000000000000e+02,0.000000000000000000e+00,5.208333326095271332e-03,5.208333333333333044e-03,1.728305232323884097e-05,0.000000000000000000e+00,-9.503509090791339986e-13
1.020000000000000000e+03,2.391809057122911586e+00,1.349328844193331675e-04,1.920000000000000000e+02,5.760000000000000000e+02,0.000000000000000000e+00,5.208333326095271332e-03,5.208333333333333044e-03,1.762259672169167008e-05,0.000000000000000000e+00,-9.516831767086841865e-13
1.021000000000000000e+03,2.391674151031167650e+00,1.349060917434764350e-04,1.920000000000000000e+02,5.760000000000000000e+02,0.000000000000000000e+00,5.208333326095271332e-03,5.208333333333333044e-03,1.705885580094127385e-05,0.000000000000000000e+00,-9.521272659185342491e-13
1.022000000000000000e+03,2.391539271817736623e+00,1.348792134327249923e-04,1.920000000000000000e+02,5.760000000000000000e+02,0.000000000000000000e+00,5.208333326095271332e-03,5.208333333333333044e-03,1.750181197291108187e-05,0.000000000000000000e+00,-9.503509090791339986e-13
1.023000000000000000e+03,2.391404419463000863e+00,1.348523547371707114e-04,1.920000000000000000e+02,5.760000000000000000e+02,0.000000000000000000e+00,5.208333326095271332e-03,5.208333333333333044e-03,1.705206773328246550e-05,0.000000000000000000e+00,-9.490186414495838108e-13
1.024000000000000000e+03,2.391269593947698890e+00,1.348255153009697387e-04,1.920000000000000000e+02,5.760000000000000000e+02,0.000000000000000000e+00,5.208333326095271332e-03,5.208333333333333044e-03,1.690892071149360280e-05,0.000000000000000000e+00,-9.499068198692839360e-13
1.025000000000000000e+03,2.391134795252752632e+00,1.347986949434326533e-04,1.930000000000000000e+02,5.770000000000000000e+02,0.000000000000000000e+00,1.455191522836685181e-11,5.208333333333333044e-03,1.695424800476149648e-05,0.000000000000000000e+00,-9.530154443382343743e-13
1.026000000000000000e+03,2.391000023359221682e+00,1.347718935329042978e-04,1.930000000000000000e+02,5.770000000000000000e+02,0.000000000000000000e+00,1.455191522836685181e-11,5.208333333333333044e-03,1.685718343692979801e-05,0.000000000000000000e+00,-9.507949982889840612e-13
1.027000000000000000e+03,2.390865278248245129e+00,1.347451109752748121e-04,1.930000000000000000e+02,5.770000000000000000e+02,0.000000000000000000e+00,1.455191522836685181e-11,5.208333333333333044e-03,1.751333199181008728e-05,0.000000000000000000e+00,-9.521272659185342491e-13
1.028000000000000000e+03,2.390730559901055319e+00,1.347183471903584467e-04,1.930000000000000000e+02,5.770000000000000000e+02,0.000000000000000000e+00,1.455191522836685181e-11,5.208333333333333044e-03,1.737243321656387502e-05,0.000000000000000000e+00,-9.516831767086841865e-13
1.029000000000000000e+03,2.390595868298945437e+00,1.346916021089025197e-04,1.930000000000000000e+02,5.770000000000000000e+02,0.000000000000000000e+00,1.455191522836685181e-11,5.208333333333333044e-03,1.717600758168771519e-05,0.000000000000000000e+00,-9.525713551283843117e-13
1.030000000000000000e+03,2.390461203423274394e+00,1.346648756692418129e-04,1.930000000000000000e+02,5.770000000000000000e+02,0.000000000000000000e+00,1.455191522836685181e-11,5.208333333333333044e-03,1.692657313512919320e-05,0.000000000000000000e+00,-9.543477119677845621e-13
1.031000000000000000e+03,2.390326565255461055e+00,1.346381678152423821e-04,1.930000000000000000e+02,5.770000000000000000e+02,0.000000000000000000e+00,1.455191522836685181e-11,5.208333333333333044e-03,1.734402227651019442e-05,0.000000000000000000e+00,-9.525713551283843117e-13
1.032000000000000000e+03,2.390191953776968248e+00,1.346114784949594236e-04,1.930000000000000000e+02,5.770000000000000000e+02,0.000000000000000000e+00,1.455191522836685181e-11,5.208333333333333044e-03,1.757959172199003597e-05,0.000000000000000000e+00,-9.503509090791339986e-13
1.033000000000000000e+03,2.390057368969307650e+00,1.345848076597158107e-04,1.930000000000000000e+02,5.770000000000000000e+02,0.000000000000000000e+00,1.455191522836685181e-11,5.208333333333333044e-03,1.772696817886914076e-05,0.000000000000000000e+00,-9.512390874988341238e-13
1.034000000000000000e+03,2.389922810814043785e+00,1.345581552634476691e-04,1.930000000000000000e+02,5.770000000000000000e+02,0.000000000000000000e+00,1.455191522836685181e-11,5.208333333333333044e-03,1.714597596318545700e-05,0.000000000000000000e+00,-9.516831767086841865e-13
1.035000000000000000e+03,2.389788279292781148e+00,1.345315212622242651e-04,1.930000000000000000e+02,5.770000000000000000e+02,0.000000000000000000e+00,1.455191522836685181e-11,5.208333333333333044e-03,1.733744398439222338e-05,0.000000000000000000e+00,-9.521272659185342491e-13
1.036000000000000000e+03,2.389653774387167751e+00,1.345049056138850421e-04,1.930000000000000000e+02,5.770000000000000000e+02,0.000000000000000000e+00,1.455191522836685181e-11,5.208333333333333044e-03,1.780600597774271686e-05,0.000000000000000000e+00,-9.516831767086841865e-13
1.037000000000000000e+03,2.389519296078891575e+00,1.344783082777621186e-04,1.930000000000000000e+02,5.770000000000000000e+02,0.000000000000000000e+00,1.455191522836685181e-11,5.208333333333333044e-03,1.731806916592241221e-05,0.000000000000000000e+00,-9.499068198692839360e-13
1.038000000000000000e+03,2.389384844349675241e+00,1.344517292144610087e-04,1.930000000000000000e+02,5.770000000000000000e+02,0.000000000000000000e+00,1.455191522836685181e-11,5.208333333333333044e-03,1.726236234449292985e-05,0.000000000000000000e+00,-9.516831767086841865e-13
1.039000000000000000e+03,2.389250419181287999e+00,1.344251683856873664e-04,1.930000000000000000e+02,5.770000000000000000e+02,0.000000000000000000e+00,1.455191522836685181e-11,5.208333333333333044e-03,1.716432503684001010e-05,0.000000000000000000e+00,-9.534595335480844369e-13
1.040000000000000000e+03,2.389116020555534625e+00,1.343986257541059581e-04,1.930000000000000000e+02,5.770000000000000000e+02,0.000000000000000000e+00,1.455191522836685181e-11,5.208333333333333044e-03,1.734131852854290298e-05,0.000000000000000000e+00,-9.525713551283843117e-13
1.041000000000000000e+03,2.388981648454250983e+00,1.343721012832256015e-04,1.930000000000000000e+02,5.770000000000000000e+02,0.000000000000000000e+00,1.455191522836685181e-11,5.208333333333333044e-03,1.780782654579810413e-05,0.000000000000000000e+00,-9.530154443382343743e-13
1.042000000000000000e+03,2.388847302859312904e+00,1.343455949373041083e-04,1.930000000000000000e+02,5.770000000000000000e+02,0.000000000000000000e+00,1.455191522836685181e-11,5.208333333333333044e-03,1.754933461333780853e-05,0.000000000000000000e+00,-9.539036227579344995e-13
1.043000000000000000e+03,2.388712983752634411e+00,1.343191066812687579e-04,1.930000000000000000e+02,5.770000000000000000e+02,0.000000000000000000e+00,1.455191522836685181e-11,5.208333333333333044e-03,1.713253343302569169e-05,0.000000000000000000e+00,-9.512390874988341238e-13
1.044000000000000000e+03,2.388578691116151287e+00,1.342926364806484808e-04,1.930000000000000000e+02,5.770000000000000000e+02,0.000000000000000000e+00,1.455191522836685181e-11,5.208333333333333044e-03,1.743093651565074900e-05,0.000000000000000000e+00,-9.534595335480844369e-13
1.045000000000000000e+03,2.388444424931849053e+00,1.342661843015179675e-04,1.930000000000000000e+02,5.770000000000000000e+02,0.000000000000000000e+00,1.455191522836685181e-11,5.208333333333333044e-03,1.734101461458486390e-05,0.000000000000000000e+00,-9.543477119677845621e-13
1.046000000000000000e+03,2.388310185181736767e+00,1.342397501104477414e-04,1.930000000000000000e+02,5.770000000000000000e+02,0.000000000000000000e+00,1.455191522836685181e-11,5.208333333333333044e-03,1.751026761118583926e-05,0.000000000000000000e+00,-9.561240688071848126e-13
1.047000000000000000e+03,2.388175971847868784e+00,1.342133338744622270e-04,1.930000000000000000e+02,5.770000000000000000e+02,0.000000000000000000e+00,1.455191522836685181e-11,5.208333333333333044e-03,1.720094599656346444e-05,0.000000000000000000e+00,-9.494627306594338734e-13
1.048000000000000000e+03,2.388041784912304788e+00,1.341869355610034566e-04,1.930000000000000000e+02,5.770000000000000000e+02,0.000000000000000000e+00,1.455191522836685181e-11,5.208333333333333044e-03,1.723541612957134631e-05,0.000000000000000000e+00,-9.525713551283843117e-13
1.049000000000000000e+03,2.387907624357166192e+00,1.341605551378985438e-04,1.930000000000000000e+02,5.770000000000000000e+02,0.000000000000000000e+00,1.455191522836685181e-11,5.208333333333333044e-03,1.712031902752811138e-05,0.000000000000000000e+00,-9.534595335480844369e-13
1.050000000000000000e+03,2.387773490164593948e+00,1.341341925733323620e-04,1.930000000000000000e+02,5.770000000000000000e+02,0.000000000000000000e+00,1.455191522836685181e-11,5.208333333333333044e-03,1.699413497959549761e-05,0.000000000000000000e+00,-9.521272659185342491e-13
1.051000000000000000e+03,2.387639382316758319e+00,1.341078478358220382e-04,1.930000000000000000e+02,5.770000000000000000e+02,0.000000000000000000e+00,1.455191522836685181e-11,5.208333333333333044e-03,1.731993883785462081e-05,0.000000000000000000e+00,-9.521272659185342491e-13
1.052000000000000000e+03,2.387505300795864205e+00,1.340815208941955130e-04,1.930000000000000000e+02,5.770000000000000000e+02,0.000000000000000000e+00,1.455191522836685181e-11,5.208333333333333044e-03,1.706257780139529181e-05,0.000000000000000000e+00,-9.521272659185342491e-13
1.053000000000000000e+03,2.387371245584143598e+00,1.340552117175718627e-04,1.930000000000000000e+02,5.770000000000000000e+02,0.000000000000000000e+00,1.455191522836685181e-11,5.208333333333333044e-03,1.726873091094857445e-05,0.000000000000000000e+00,-9.552358903874846874e-13
1.054000000000000000e+03,2.387237216663870676e+00,1.340289202753438972e-04,1.930000000000000000e+02,5.770000000000000000e+02,0.000000000000000000e+00,1.455191522836685181e-11,5.208333333333333044e-03,1.761749638659299729e-05,0.000000000000000000e+00,-9.525713551283843117e-13
1.055000000000000000e+03,2.387103214017332053e+00,1.340026465371621414e-04,1.930000000000000000e+02,5.770000000000000000e+02,0.000000000000000000e+00,1.455191522836685181e-11,5.208333333333333044e-03,1.750071842417555258e-05,0.000000000000000000e+00,-9.539036227579344995e-13
1.056000000000000000e+03,2.386969237626857865e+00,1.339763904729214723e-04,1.930000000000000000e+02,5.770000000000000000e+02,0.000000000000000000e+00,1.455191522836685181e-11,5.208333333333333044e-03,1.697780643659104895e-05,0.000000000000000000e+00,-9.552358903874846874e-13
1.057000000000000000e+03,2.386835287474805334e+00,1.339501520527477561e-04,1.930000000000000000e+02,5.770000000000000000e+02,0.000000000000000000e+00,1.455191522836685181e-11,5.208333333333333044e-03,1.724701031341605817e-05,0.000000000000000000e+00,-9.552358903874846874e-13
1.058000000000000000e+03,2.386701363543558774e+00,1.339239312469866540e-04,1.930000000000000000e+02,5.770000000000000000e+02,0.000000000000000000e+00,1.455191522836685181e-11,5.208333333333333044e-03,1.722225970444092447e-05,0.000000000000000000e+00,-9.547918011776346248e-13
1.059000000000000000e+03,2.386567465815533584e+00,1.338977280261928070e-04,1.930000000000000000e+02,5.770000000000000000e+02,0.000000000000000000e+00,1.455191522836685181e-11,5.208333333333333044e-03,1.786721884027135754e-05,0.000000000000000000e+00,-9.539036227579344995e-13
1.060000000000000000e+03,2.386433594273171810e+00,1.338715423611209186e-04,1.930000000000000000e+02,5.770000000000000000e+02,0.000000000000000000e+00,1.455191522836685181e-11,5.208333333333333044e-03,1.737527217317813195e-05,0.000000000000000000e+00,-9.543477119677845621e-13
1.061000000000000000e+03,2.386299748898947914e+00,1.338453742227162680e-04,1.930000000000000000e+02,5.770000000000000000e+02,0.000000000000000000e+00,1.455191522836685181e-11,5.208333333333333044e-03,1.676130007734382348e-05,0.000000000000000000e+00,-9.556799795973347500e-13
1.062000000000000000e+03,2.386165929675366559e+00,1.338192235821069850e-04,1.930000000000000000e+02,5.770000000000000000e+02,0.000000000000000000e+00,1.455191522836685181e-11,5.208333333333333044e-03,1.760638727648618644e-05,0.000000000000000000e+00,-9.547918011776346248e-13
1.063000000000000000e+03,2.386032136584954610e+00,1.337930904105973009e-04,1.930000000000000000e+02,5.770000000000000000e+02,0.000000000000000000e+00,1.455191522836685181e-11,5.208333333333333044e-03,1.745872111780438703e-05,0.000000000000000000e+00,-9.561240688071848126e-13
1.064000000000000000e+03,2.385898369610276681e+00,1.337669746796596611e-04,1.930000000000000000e+02,5.770000000000000000e+02,0.000000000000000000e+00,1.455191522836685181e-11,5.208333333333333044e-03,1.757485461468718933e-05,0.000000000000000000e+00,-9.543477119677845621e-13
1.065000000000000000e+03,2.385764628733914705e+00,1.337408763609296020e-04,1.930000000000000000e+02,5.770000000000000000e+02,0.000000000000000000e+00,1.455191522836685181e-11,5.208333333333333044e-03,1.704817804273932452e-05,0.000000000000000000e+00,-9.556799795973347500e-13
1.066000000000000000e+03,2.385630913938489250e+00,1.337147954261985955e-04,1.930000000000000000e+02,5.770000000000000000e+02,0.000000000000000000e+00,1.455191522836685181e-11,5.208333333333333044e-03,1.712090000672696695e-05,0.000000000000000000e+00,-9.547918011776346248e-13
1.067000000000000000e+03,2.385497225206640870e+00,1.336887318474107690e-04,1.930000000000000000e+02,5.770000000000000000e+02,0.000000000000000000e+00,1.455191522836685181e-11,5.208333333333333044e-03,1.770333949053481181e-05,0.000000000000000000e+00,-9.556799795973347500e-13
1.068000000000000000e+03,2.385363562521045200e+00,1.336626855966559669e-04,1.930000000000000000e+02,5.770000000000000000e+02,0.000000000000000000e+00,1.455191522836685181e-11,5.208333333333333044e-03,1.732857677605272783e-05,0.000000000000000000e+00,-9.547918011776346248e-13
1.069000000000000000e+03,2.385229925864397416e+00,1.336366566461657114e-04,1.930000000000000000e+02,5.770000000000000000e+02,0.000000000000000000e+00,1.455191522836685181e-11,5.208333333333333044e-03,1.716321220758978923e-05,0.000000000000000000e+00,-9.565681580170348752e-13
1.070000000000000000e+03,2.385096315219429552e+00,1.336106449683097607e-04,1.930000000000000000e+02,5.770000000000000000e+02,0.000000000000000000e+00,1.455191522836685181e-11,5.208333333333333044e-03,1.699749600583006360e-05,0.000000000000000000e+00,-9.556799795973347500e-13
1.071000000000000000e+03,2.384962730568896738e+00,1.335846505355909046e-04,1.930000000000000000e+02,5.770000000000000000e+02,0.000000000000000000e+00,1.455191522836685181e-11,5.208333333333333044e-03,1.738738064352650630e-05,0.000000000000000000e+00,-9.530154443382343743e-13
1.072000000000000000e+03,2.384829171895575861e+00,1.335586733206419016e-04,1.930000000000000000e+02,5.770000000000000000e+02,0.000000000000000000e+00,1.455191522836685181e-11,5.208333333333333044e-03,1.794525469448795125e-05,0.000000000000000000e+00,-9.534595335480844369e-13
1.073000000000000000e+03,2.384695639182277560e+00,1.335327132962217656e-04,1.930000000000000000e+02,5.770000000000000000e+02,0.000000000000000000e+00,1.455191522836685181e-11,5.208333333333333044e-03,1.782796878022198199e-05,0.000000000000000000e+00,-9.552358903874846874e-13
1.074000000000000000e+03,2.384562132411844448e+00,1.335067704352128383e-04,1.930000000000000000e+02,5.770000000000000000e+02,0.000000000000000000e+00,1.455191522836685181e-11,5.208333333333333044e-03,1.687133247678471526e-05,0.000000000000000000e+00,-9.534595335480844369e-13
1.075000000000000000e+03,2.384428651567134239e+00,1.334808447106164799e-04,1.930000000000000000e+02,5.770000000000000000e+02,0.000000000000000000e+00,1.455191522836685181e-11,5.208333333333333044e-03,1.704560569955737090e-05,0.000000000000000000e+00,-9.530154443382343743e-13
1.076000000000000000e+03,2.384295196631036173e+00,1.334549360955518220e-04,1.930000000000000000e+02,5.770000000000000000e+02,0.000000000000000000e+00,1.455191522836685181e-11,5.208333333333333044e-03,1.737976122529414095e-05,0.000000000000000000e+00,-9.552358903874846874e-13
1.077000000000000000e+03,2.384161767586472802e+00,1.334290445632518374e-04,1.930000000000000000e+02,5.770000000000000000e+02,0.000000000000000000e+00,1.455191522836685181e-11,5.208333333333333044e-03,1.710976877877320057e-05,0.000000000000000000e+00,-9.556799795973347500e-13
1.078000000000000000e+03,2.384028364416386658e+00,1.334031700870611176e-04,1.930000000000000000e+02,5.770000000000000000e+02,0.000000000000000000e+00,1.455191522836685181e-11,5.208333333333333044e-03,1.677392352957436853e-05,0.000000000000000000e+00,-9.547918011776346248e-13
1.079000000000000000e+03,2.383894987103744700e+00,1.333773126404339210e-04,1.930000000000000000e+02,5.770000000000000000e+02,0.000000000000000000e+00,1.455191522836685181e-11,5.208333333333333044e-03,1.715573384683840685e-05,0.000000000000000000e+00,-9.561240688071848126e-13
1.080000000000000000e+03,2.383761635631551190e+00,1.333514721969307579e-04,1.930000000000000000e+02,5.770000000000000000e+02,0.000000000000000000e+00,1.455191522836685181e-11,5.208333333333333044e-03,1.758333736277088857e-05,0.000000000000000000e+00,-9.525713551283843117e-13
1.081000000000000000e+03,2.383628309796583356e+00,1.333258349650592531e-04,1.930000000000000000e+02,5.770000000000000000e+02,0.000000000000000000e+00,1.455191522836685181e-11,5.208333333333333044e-03,1.718178209687076663e-05,0.000000000000000000e+00,-9.556799795973347500e-13
1.082000000000000000e+03,2.383495009399878128e+00,1.333003967042096442e-04,1.930000000000000000e+02,5.770000000000000000e+02,0.000000000000000000e+00,1.455191522836685181e-11,5.208333333333333044e-03,1.709038768270999137e-05,0.000000000000000000e+00,-9.565681580170348752e-13
1.083000000000000000e+03,2.383361734426721945e+00,1.332749731538620847e-04,1.930000000000000000e+02,5.770000000000000000e+02,0.000000000000000000e+00,1.455191522836685181e-11,5.208333333333333044e-03,1.755098046376752380e-05,0.000000000000000000e+00,-9.587886040662851883e-13
1.084000000000000000e+03,2.383228484861864338e+00,1.332495648615447973e-04,1.930000000000000000e+02,5.770000000000000000e+02,0.000000000000000000e+00,1.455191522836685181e-11,5.208333333333333044e-03,1.681613027651675019e-05,0.000000000000000000e+00,-9.547918011776346248e-13
1.085000000000000000e+03,2.383095260689791495e+00,1.332241720727938498e-04,1.930000000000000000e+02,5.770000000000000000e+02,0.000000000000000000e+00,1.455191522836685181e-11,5.208333333333333044e-03,1.731025109394766177e-05,0.000000000000000000e+00,-9.547918011776346248e-13
1.086000000000000000e+03,2.382962061894857708e+00,1.331987949318843775e-04,1.930000000000000000e+02,5.770000000000000000e+02,0.000000000000000000e+00,1.455191522836685181e-11,5.208333333333333044e-03,1.713186656434634466e-05,0.000000000000000000e+00,-9.570122472268849378e-13
1.087000000000000000e+03,2.382828888461325345e+00,1.331734335329269722e-04,1.930000000000000000e+02,5.770000000000000000e+02,0.000000000000000000e+00,1.455191522836685181e-11,5.208333333333333044e-03,1.694412315764740607e-05,0.000000000000000000e+00,-9.565681580170348752e-13
1.088000000000000000e+03,2.382695740373385718e+00,1.331480879406982142e-04,1.930000000000000000e+02,5.770000000000000000e+02,0.000000000000000000e+00,1.455191522836685181e-11,5.208333333333333044e-03,1.723927073251396475e-05,0.000000000000000000e+00,-9.552358903874846874e-13
1.089000000000000000e+03,2.382562617615186173e+00,1.331227582010413156e-04,1.930000000000000000e+02,5.770000000000000000e+02,0.000000000000000000e+00,1.455191522836685181e-11,5.208333333333333044e-03,1.739757216755011786e-05,0.000000000000000000e+00,-9.539036227579344995e-13
1.090000000000000000e+03,2.382429520170834092e+00,1.330974443467356112e-04,1.930000000000000000e+02,5.770000000000000000e+02,0.000000000000000000e+00,1.455191522836685181e-11,5.208333333333333044e-03,1.714492132488016105e-05,0.000000000000000000e+00,-9.592326932761352509e-13
1.091000000000000000e+03,2.382296448024435520e+00,1.330721464011010158e-04,1.930000000000000000e+02,5.770000000000000000e+02,0.000000000000000000e+00,1.455191522836685181e-11,5.208333333333333044e-03,1.751682799827757340e-05,0.000000000000000000e+00,-9.565681580170348752e-13
1.092000000000000000e+03,2.382163401160056537e+00,1.330468643803521523e-04,1.930000000000000000e+02,5.770000000000000000e+02,0.000000000000000000e+00,1.455191522836685181e-11,5.208333333333333044e-03,1.782826823797001612e-05,0.000000000000000000e+00,-9.552358903874846874e-13
1.093000000000000000e+03,2.382030379561758782e+00,1.330215982952098015e-04,1.930000000000000000e+02,5.770000000000000000e+02,0.000000000000000000e+00,1.455191522836685181e-11,5.208333333333333044e-03,1.749156338039156225e-05,0.000000000000000000e+00,-9.579004256465850631e-13
1.094000000000000000e+03,2.381897383213608776e+00,1.329963481520478525e-04,1.930000000000000000e+02,5.770000000000000000e+02,0.000000000000000000e+00,1.455191522836685181e-11,5.208333333333333044e-03,1.716804917437166246e-05,0.000000000000000000e+00,-9.556799795973347500e-13
1.095000000000000000e+03,2.381764412099657502e+00,1.329711139537332340e-04,1.930000000000000000e+02,5.770000000000000000e+02,0.000000000000000000e+00,1.455191522836685181e-11,5.208333333333333044e-03,1.752620539000024255e-05,0.000000000000000000e+00,-9.534595335480844369e-13
1.096000000000000000e+03,2.381631466203954162e+00,1.329458957002590343e-04,1.930000000000000000e+02,5.770000000000000000e+02,0.000000000000000000e+00,1.455191522836685181e-11,5.208333333333333044e-03,1.673667571855681616e-05,0.000000000000000000e+00,-9.565681580170348752e-13
1.097000000000000000e+03,2.381498545510567055e+00,1.329206933892297085e-04,1.930000000000000000e+02,5.770000000000000000e+02,0.000000000000000000e+00,1.455191522836685181e-11,5.208333333333333044e-03,1.719055642752687039e-05,0.000000000000000000e+00,-9.543477119677845621e-13
1.098000000000000000e+03,2.381365650003549828e+00,1.328955070162427996e-04,1.930000000000000000e+02,5.770000000000000000e+02,0.000000000000000000e+00,1.455191522836685181e-11,5.208333333333333044e-03,1.730895683333642392e-05,0.000000000000000000e+00,-9.552358903874846874e-13
1.099000000000000000e+03,2.381232779666975663e+00,1.328703365751904275e-04,1.930000000000000000e+02,5.770000000000000000e+02,0.000000000000000000e+00,1.455191522836685181e-11,5.208333333333333044e-03,1.728835664545612608e-05,0.000000000000000000e+00,-9.543477119677845621e-13
1.100000000000000000e+03,2.381099934484915082e+00,1.328451820585048340e-04,1.930000000000000000e+02,5.770000000000000000e+02,0.000000000000000000e+00,1.455191522836685181e-11,5.208333333333333044e-03,1.725907963960357196e-05,0.000000000000000000e+00,-9.561240688071848126e-13
1.101000000000000000e+03,2.380967114441456811e+00,1.328200434573571440e-04,1.930000000000000000e+02,5.770000000000000000e+02,0.000000000000000000e+00,1.455191522836685181e-11,5.208333333333333044e-03,1.695534636741653211e-05,0.000000000000000000e+00,-9.570122472268849378e-13
1.102000000000000000e+03,2.380834319520696685e+00,1.327949207618224622e-04,1.930000000000000000e+02,5.770000000000000000e+02,0.000000000000000000e+00,1.455191522836685181e-11,5.208333333333333044e-03,1.723668462755913820e-05,0.000000000000000000e+00,-9.556799795973347500e-13
1.103000000000000000e+03,2.380701549706734088e+00,1.327698139610179197e-04,1.930000000000000000e+02,5.770000000000000000e+02,0.000000000000000000e+00,1.455191522836685181e-11,5.208333333333333044e-03,1.741866757438132501e-05,0.000000000000000000e+00,-9.570122472268849378e-13
1.104000000000000000e+03,2.380568804983691500e+00,1.327447230432173822e-04,1.930000000000000000e+02,5.770000000000000000e+02,0.000000000000000000e+00,1.455191522836685181e-11,5.208333333333333044e-03,1.769496416306636218e-05,0.000000000000000000e+00,-9.565681580170348752e-13
1.105000000000000000e+03,2.380436085335694951e+00,1.327196479959500579e-04,1.930000000000000000e+02,5.770000000000000000e+02,0.000000000000000000e+00,1.455191522836685181e-11,5.208333333333333044e-03,1.684688211163698786e-05,0.000000000000000000e+00,-9.570122472268849378e-13
1.106000000000000000e+03,2.380303390746890901e+00,1.326945888060848493e-04,1.930000000000000000e+02,5.770000000000000000e+02,0.000000000000000000e+00,1.455191522836685181e-11,5.208333333333333044e-03,1.757870247061403006e-05,0.000000000000000000e+00,-9.547918011776346248e-13
1.107000000000000000e+03,2.380170721201431139e+00,1.326695454599012319e-04,1.930000000000000000e+02,5.770000000000000000e+02,0.000000000000000000e+00,1.455191522836685181e-11,5.208333333333333044e-03,1.716580287900827128e-05,0.000000000000000000e+00,-9.547918011776346248e-13
1.108000000000000000e+03,2.380038076683487880e+00,1.326445179431529791e-04,1.930000000000000000e+02,5.770000000000000000e+02,0.000000000000000000e+00,1.455191522836685181e-11,5.208333333333333044e-03,1.681798173011984433e-05,0.000000000000000000e+00,-9.547918011776346248e-13
1.109000000000000000e+03,2.379905457177247108e+00,1.326195062411216939e-04,1.930000000000000000e+02,5.770000000000000000e+02,0.000000000000000000e+00,1.455191522836685181e-11,5.208333333333333044e-03,1.754375784313221012e-05,0.000000000000000000e+00,-9.547918011776346248e-13
1.110000000000000000e+03,2.379772862666908573e+00,1.325945103386641890e-04,1.930000000000000000e+02,5.770000000000000000e+02,0.000000000000000000e+00,1.455191522836685181e-11,5.208333333333333044e-03,1.714054851338284847e-05,0.000000000000000000e+00,-9.543477119677845621e-13
1.111000000000000000e+03,2.379640293136686235e+00,1.325695302202550146e-04,1.930000000000000000e+02,5.770000000000000000e+02,0.000000000000000000e+00,1.455191522836685181e-11,5.208333333333333044e-03,1.721334416962000147e-05,0.000000000000000000e+00,-9.565681580170348752e-13
1.112000000000000000e+03,2.379507748570816705e+00,1.325445658700221015e-04,1.930000000000000000e+02,5.770000000000000000e+02,0.000000000000000000e+00,1.455191522836685181e-11,5.208333333333333044e-03,1.661429568151061455e-05,0.000000000000000000e+00,-9.561240688071848126e-13
1.113000000000000000e+03,2.379375228953546362e+00,1.325196172717807777e-04,1.930000000000000000e+02,5.770000000000000000e+02,0.000000000000000000e+00,1.455191522836685181e-11,5.208333333333333044e-03,1.725977231877928817e-05,0.000000000000000000e+00,-9.547918011776346248e-13
1.114000000000000000e+03,2.379242734269133130e+00,1.324946844090616057e-04,1.930000000000000000e+02,5.770000000000000000e+02,0.000000000000000000e+00,1.455191522836685181e-11,5.208333333333333044e-03,1.732810867255099352e-05,0.000000000000000000e+00,-9.587886040662851883e-13
1.115000000000000000e+03,2.379110264501867800e+00,1.324697672651373246e-04,1.930000000000000000e+02,5.770000000000000000e+02,0.000000000000000000e+00,1.455191522836685181e-11,5.208333333333333044e-03,1.713789916913373095e-05,0.000000000000000000e+00,-9.587886040662851883e-13
1.116000000000000000e+03,2.378977819636046487e+00,1.324448658230449410e-04,1.930000000000000000e+02,5.770000000000000000e+02,0.000000000000000000e+00,1.455191522836685181e-11,5.208333333333333044e-03,1.697798425475867954e-05,0.000000000000000000e+00,-9.574563364367350005e-13
1.117000000000000000e+03,2.378845399655982185e+00,1.324199800656079276e-04,1.930000000000000000e+02,5.770000000000000000e+02,0.000000000000000000e+00,1.455191522836685181e-11,5.208333333333333044e-03,1.734983248173961972e-05,0.000000000000000000e+00,-9.561240688071848126e-13
1.118000000000000000e+03,2.378713004546008314e+00,1.323951099754543299e-04,1.930000000000000000e+02,5.770000000000000000e+02,0.000000000000000000e+00,1.455191522836685181e-11,5.208333333333333044e-03,1.730060255496058846e-05,0.000000000000000000e+00,-9.543477119677845621e-13
1.119000000000000000e+03,2.378580634290471174e+00,1.323702555350337879e-04,1.930000000000000000e+02,5.770000000000000000e+02,0.000000000000000000e+00,1.455191522836685181e-11,5.208333333333333044e-03,1.748219868763699090e-05,0.000000000000000000e+00,-9.565681580170348752e-13
1.120000000000000000e+03,2.378448288873747263e+00,1.323454167266327963e-04,1.930000000000000000e+02,5.770000000000000000e+02,0.000000000000000000e+00,1.455191522836685181e-11,5.208333333333333044e-03,1.726669809939251611e-05,0.000000000000000000e+00,-9.539036227579344995e-13
1.121000000000000000e+03,2.378315968280212633e+00,1.323205935323895849e-04,1.930000000000000000e+02,5.770000000000000000e+02,0.000000000000000000e+00,1.455191522836685181e-11,5.208333333333333044e-03,1.734634323981813566e-05,0.000000000000000000e+00,-9.561240688071848126e-13
1.122000000000000000e+03,2.378183672494277978e+00,1.322957859343059912e-04,1.930000000000000000e+02,5.770000000000000000e+02,0.000000000000000000e+00,1.455191522836685181e-11,5.208333333333333044e-03,1.714276003133010057e-05,0.000000000000000000e+00,-9.565681580170348752e-13
1.123000000000000000e+03,2.378051401500362871e+00,1.322709939142592778e-04,1.930000000000000000e+02,5.770000000000000000e+02,0.000000000000000000e+00,1.455191522836685181e-11,5.208333333333333044e-03,1.774403889558108665e-05,0.000000000000000000e+00,-9.570122472268849378e-13
1.124000000000000000e+03,2.377919155282910424e+00,1.322462174540131098e-04,1.930000000000000000e+02,5.770000000000000000e+02,0.000000000000000000e+00,1.455191522836685181e-11,5.208333333333333044e-03,1.750346358857914422e-05,0.000000000000000000e+00,-9.556799795973347500e-13
1.125000000000000000e+03,2.377786933826375293e+00,1.322214565352270148e-04,1.930000000000000000e+02,5.770000000000000000e+02,0.000000000000000000e+00,1.455191522836685181e-11,5.208333333333333044e-03,1.718433705152128588e-05,0.000000000000000000e+00,-9.556799795973347500e-13
1.126000000000000000e+03,2.377654737115234784e+00,1.321967111394656530e-04,1.930000000000000000e+02,5.770000000000000000e+02,0.000000000000000000e+00,1.455191522836685181e-11,5.208333333333333044e-03,1.717098907171168837e-05,0.000000000000000000e+00,-9.565681580170348752e-13
1.127000000000000000e+03,2.377522565133987076e+00,1.321719812482067581e-04,1.930000000000000000e+02,5.770000000000000000e+02,0.000000000000000000e+00,1.455191522836685181e-11,5.208333333333333044e-03,1.709729537005713376e-05,0.000000000000000000e+00,-9.561240688071848126e-13
1.128000000000000000e+03,2.377390417867146333e+00,1.321472668428490802e-04,1.930000000000000000e+02,5.770000000000000000e+02,0.000000000000000000e+00,1.455191522836685181e-11,5.208333333333333044e-03,1.745670682227298310e-05,0.000000000000000000e+00,-9.539036227579344995e-13
1.129000000000000000e+03,2.377258295299239155e+00,1.321225679047188903e-04,1.930000000000000000e+02,5.770000000000000000e+02,0.000000000000000000e+00,1.455191522836685181e-11,5.208333333333333044e-03,1.766855285133467275e-05,0.000000000000000000e+00,-9.565681580170348752e-13
1.130000000000000000e+03,2.377126197414824560e+00,1.320978844150770006e-04,1.930000000000000000e+02,5.770000000000000000e+02,0.000000000000000000e+00,1.455191522836685181e-11,5.208333333333333044e-03,1.676941381877042035e-05,0.000000000000000000e+00,-9.561240688071848126e-13
1.131000000000000000e+03,2.376994124198469560e+00,1.320732163551242941e-04,1.930000000000000000e+02,5.770000000000000000e+02,0.000000000000000000e+00,1.455191522836685181e-11,5.208333333333333044e-03,1.718677045655106768e-05,0.000000000000000000e+00,-9.556799795973347500e-13
1.132000000000000000e+03,2.376862075634762039e+00,1.320485637060078233e-04,1.930000000000000000e+02,5.770000000000000000e+02,0.000000000000000000e+00,1.455191522836685181e-11,5.208333333333333044e-03,1.688115809844683665e-05,0.000000000000000000e+00,-9.574563364367350005e-13
1.133000000000000000e+03,2.376730051708312530e+00,1.320239264488253634e-04,1.930000000000000000e+02,5.770000000000000000e+02,0.000000000000000000e+00,1.455191522836685181e-11,5.208333333333333044e-03,1.732153698015454114e-05,0.000000000000000000e+00,-9.583445148564351257e-13
1.134000000000000000e+03,2.376598052403747108e+00,1.319993045646308610e-04,1.930000000000000000e+02,5.770000000000000000e+02,0.000000000000000000e+00,1.455191522836685181e-11,5.208333333333333044e-03,1.778823519374916028e-05,0.000000000000000000e+00,-9.587886040662851883e-13
1.135000000000000000e+03,2.376466077705714497e+00,1.319746980344383368e-04,1.930000000000000000e+02,5.770000000000000000e+02,0.000000000000000000e+00,1.455191522836685181e-11,5.208333333333333044e-03,1.693645531764101080e-05,0.000000000000000000e+00,-9.570122472268849378e-13
1.136000000000000000e+03,2.376334127598874080e+00,1.319501068392264938e-04,1.930000000000000000e+02,5.770000000000000000e+02,0.000000000000000000e+00,1.455191522836685181e-11,5.208333333333333044e-03,1.731035004960894031e-05,0.000000000000000000e+00,-9.583445148564351257e-13
1.137000000000000000e+03,2.376202202067918989e+00,1.319255309599421050e-04,1.930000000000000000e+02,5.770000000000000000e+02,0.000000000000000000e+00,1.455191522836685181e-11,5.208333333333333044e-03,1.711826362804598611e-05,0.000000000000000000e+00,-9.534595335480844369e-13
1.138000000000000000e+03,2.376070301097543247e+00,1.319009703775038086e-04,1.930000000000000000e+02,5.770000000000000000e+02,0.000000000000000000e+00,1.455191522836685181e-11,5.208333333333333044e-03,1.714922516198640816e-05,0.000000000000000000e+00,-9.516831767086841865e-13
1.139000000000000000e+03,2.375938424672463078e+00,1.318764250728063359e-04,1.930000000000000000e+02,5.770000000000000000e+02,0.000000000000000000e+00,1.455191522836685181e-11,5.208333333333333044e-03,1.723791050886470984e-05,0.000000000000000000e+00,-9.592326932761352509e-13
1.140000000000000000e+03,2.375806572777434678e+00,1.318518950267223548e-04,1.930000000000000000e+02,5.770000000000000000e+02,0.000000000000000000e+00,1.455191522836685181e-11,5.208333333333333044e-03,1.759366540366498076e-05,0.000000000000000000e+00,-9.605649609056854388e-13
1.141000000000000000e+03,2.375674745610054650e+00,1.318271673849047616e-04,1.930000000000000000e+02,5.770000000000000000e+02,0.000000000000000000e+00,1.455191522836685181e-11,5.208333333333333044e-03,1.758348577836264885e-05,0.000000000000000000e+00,-9.556799795973347500e-13
1.142000000000000000e+03,2.375542943363103898e+00,1.318022469520428632e-04,1.930000000000000000e+02,5.770000000000000000e+02,0.000000000000000000e+00,1.455191522836685181e-11,5.208333333333333044e-03,1.693689044975482999e-05,0.000000000000000000e+00,-9.543477119677845621e-13
1.143000000000000000e+03,2.375411166018841502e+00,1.317773442577059692e-04,1.930000000000000000e+02,5.770000000000000000e+02,0.000000000000000000e+00,1.455191522836685181e-11,5.208333333333333044e-03,1.739184621241866255e-05,0.000000000000000000e+00,-9.592326932761352509e-13
1.144000000000000000e+03,2.375279413560218877e+00,1.317524586253141937e-04,1.930000000000000000e+02,5.770000000000000000e+02,0.000000000000000000e+00,1.455191522836685181e-11,5.208333333333333044e-03,1.766228687420156663e-05,0.000000000000000000e+00,-9.565681580170348752e-13
1.145000000000000000e+03,2.375147685970494305e+00,1.317275897245227898e-04,1.930000000000000000e+02,5.770000000000000000e+02,0.000000000000000000e+00,1.455191522836685181e-11,5.208333333333333044e-03,1.676155799864921354e-05,0.000000000000000000e+00,-9.565681580170348752e-13
1.146000000000000000e+03,2.375015983233151662e+00,1.317027373411504374e-04,1.930000000000000000e+02,5.770000000000000000e+02,0.000000000000000000e+00,1.455191522836685181e-11,5.208333333333333044e-03,1.696822240003259506e-05,0.000000000000000000e+00,-9.579004256465850631e-13
1.147000000000000000e+03,2.374884305331833811e+00,1.316779013186163876e-04,1.930000000000000000e+02,5.770000000000000000e+02,0.000000000000000000e+00,1.455191522836685181e-11,5.208333333333333044e-03,1.719669267392666593e-05,0.000000000000000000e+00,-9.574563364367350005e-13
1.148000000000000000e+03,2.374752652250299967e+00,1.316530815340643526e-04,1.930000000000000000e+02,5.770000000000000000e+02,0.000000000000000000e+00,1.455191522836685181e-11,5.208333333333333044e-03,1.744617593605296994e-05,0.000000000000000000e+00,-9.570122472268849378e-13
1.149000000000000000e+03,2.374621023972415479e+00,1.316282778864427325e-04,1.930000000000000000e+02,5.770000000000000000e+02,0.000000000000000000e+00,1.455191522836685181e-11,5.208333333333333044e-03,1.716434906367041803e-05,0.000000000000000000e+00,-9.552358903874846874e-13
1.150000000000000000e+03,2.374489420482124302e+00,1.316034902897765719e-04,1.930000000000000000e+02,5.770000000000000000e+02,0.000000000000000000e+00,1.455191522836685181e-11,5.208333333333333044e-03,1.738924193315457658e-05,0.000000000000000000e+00,-9.565681580170348752e-13
1.151000000000000000e+03,2.374357841763452104e+00,1.315787186690372103e-04,1.930000000000000000e+02,5.770000000000000000e+02,0.000000000000000000e+00,1.455191522836685181e-11,5.208333333333333044e-03,1.728000350792750685e-05,0.000000000000000000e+00,-9.596767824859853135e-13
1.152000000000000000e+03,2.374226287800496937e+00,1.315539629574431334e-04,1.930000000000000000e+02,5.770000000000000000e+02,0.000000000000000000e+00,1.455191522836685181e-11,5.208333333333333044e-03,1.718434594501529325e-05,0.000000000000000000e+00,-9.574563364367350005e-13
1.153000000000000000e+03,2.374094758577402597e+00,1.315292230946134690e-04,1.930000000000000000e+02,5.770000000000000000e+02,0.000000000000000000e+00,1.455191522836685181e-11,5.208333333333333044e-03,1.730175139018798048e-05,0.000000000000000000e+00,-9.570122472268849378e-13
1.154000000000000000e+03,2.373963254078376384e+00,1.315044990252535809e-04,1.930000000000000000e+02,5.770000000000000000e+02,0.000000000000000000e+00,1.455191522836685181e-11,5.208333333333333044e-03,1.706972106001997978e-05,0.000000000000000000e+00,-9.579004256465850631e-13
1.155000000000000000e+03,2.373831774287682439e+00,1.314797906981919184e-04,1.930000000000000000e+02,5.770000000000000000e+02,0.000000000000000000e+00,1.455191522836685181e-11,5.208333333333333044e-03,1.788897274951806345e-05,0.000000000000000000e+00,-9.539036227579344995e-13
1.156000000000000000e+03,2.373700319189615993e+00,1.314550980656550372e-04,1.930000000000000000e+02,5.770000000000000000e+02,0.000000000000000000e+00,1.455191522836685181e-11,5.208333333333333044e-03,1.743305734807235342e-05,0.000000000000000000e+00,-9.547918011776346248e-13
1.157000000000000000e+03,2.373568888768531338e+00,1.314304210827100215e-04,1.930000000000000000e+02,5.770000000000000000e+02,0.000000000000000000e+00,1.455191522836685181e-11,5.208333333333333044e-03,1.727619899750558585e-05,0.000000000000000000e+00,-9.565681580170348752e-13
1.158000000000000000e+03,2.373437483008823623e+00,1.314057597068288242e-04,1.930000000000000000e+02,5.770000000000000000e+02,0.000000000000000000e+00,1.455191522836685181e-11,5.208333333333333044e-03,1.710803226228979694e-05,0.000000000000000000e+00,-9.574563364367350005e-13
1.159000000000000000e+03,2.373306101894927522e+00,1.313811138975408074e-04,1.930000000000000000e+02,5.770000000000000000e+02,0.000000000000000000e+00,1.455191522836685181e-11,5.208333333333333044e-03,1.730027641953233087e-05,0.000000000000000000e+00,-9.561240688071848126e-13
1.160000000000000000e+03,2.373174745411311903e+00,1.313564836161525303e-04,1.930000000000000000e+02,5.770000000000000000e+02,0.000000000000000000e+00,1.455191522836685181e-11,5.208333333333333044e-03,1.759184601647242492e-05,0.000000000000000000e+00,-9.556799795973347500e-13
1.161000000000000000e+03,2.373043413542482494e+00,1.313318688255193348e-04,1.930000000000000000e+02,5.770000000000000000e+02,0.000000000000000000e+00,1.455191522836685181e-11,5.208333333333333044e-03,1.656900072293485837e-05,0.000000000000000000e+00,-9.592326932761352509e-13
1.162000000000000000e+03,2.372912106272994759e+00,1.313072694898549870e-04,1.930000000000000000e+02,5.770000000000000000e+02,0.000000000000000000e+00,1.455191522836685181e-11,5.208333333333333044e-03,1.767703228407381820e-05,0.000000000000000000e+00,-9.574563364367350005e-13
1.163000000000000000e+03,2.372780823587419263e+00,1.312826855745756330e-04,1.930000000000000000e+02,5.770000000000000000e+02,0.000000000000000000e+00,1.455191522836685181e-11,5.208333333333333044e-03,1.731417113045198637e-05,0.000000000000000000e+00,-9.583445148564351257e-13
1.164000000000000000e+03,2.372649565470377642e+00,1.312581170461663341e-04,1.930000000000000000e+02,5.770000000000000000e+02,0.000000000000000000e+00,1.455191522836685181e-11,5.208333333333333044e-03,1.740015085576924144e-05,0.000000000000000000e+00,-9.534595335480844369e-13
1.165000000000000000e+03,2.372518331906503075e+00,1.312335638720677129e-04,1.930000000000000000e+02,5.770000000000000000e+02,0.000000000000000000e+00,1.455191522836685181e-11,5.208333333333333044e-03,1.699294034309681490e-05,0.000000000000000000e+00,-9.561240688071848126e-13
1.166000000000000000e+03,2.372387122880480703e+00,1.312090260205810047e-04,1.930000000000000000e+02,5.770000000000000000e+02,0.000000000000000000e+00,1.455191522836685181e-11,5.208333333333333044e-03,1.717723122456972900e-05,0.000000000000000000e+00,-9.579004256465850631e-13
1.167000000000000000e+03,2.372255938377023643e+00,1.311845034607843569e-04,1.930000000000000000e+02,5.770000000000000000e+02,0.000000000000000000e+00,1.455191522836685181e-11,5.208333333333333044e-03,1.686592883305949606e-05,0.000000000000000000e+00,-9.543477119677845621e-13
1.168000000000000000e+03,2.372124778380856558e+00,1.311599961624612719e-04,1.930000000000000000e+02,5.770000000000000000e+02,0.000000000000000000e+00,1.455191522836685181e-11,5.208333333333333044e-03,1.743857919468696396e-05,0.000000000000000000e+00,-9.587886040662851883e-13
1.169000000000000000e+03,2.371993642876761399e+00,1.311355040960386718e-04,1.930000000000000000e+02,5.770000000000000000e+02,0.000000000000000000e+00,1.455191522836685181e-11,5.208333333333333044e-03,1.699221668536129680e-05,0.000000000000000000e+00,-9.579004256465850631e-13
1.170000000000000000e+03,2.371862531849527667e+00,1.311110272325313872e-04,1.930000000000000000e+02,5.770000000000000000e+02,0.000000000000000000e+00,1.455191522836685181e-11,5.208333333333333044e-03,1.749319614199063632e-05,0.000000000000000000e+00,-9.592326932761352509e-13
1.171000000000000000e+03,2.371731445283985273e+00,1.310865655434954283e-04,1.930000000000000000e+02,5.770000000000000000e+02,0.000000000000000000e+00,1.455191522836685181e-11,5.208333333333333044e-03,1.717023291824822950e-05,0.000000000000000000e+00,-9.579004256465850631e-13
1.172000000000000000e+03,2.371600383164986781e+00,1.310621190009837766e-04,1.930000000000000000e+02,5.770000000000000000e+02,0.000000000000000000e+00,1.455191522836685181e-11,5.208333333333333044e-03,1.758906957128649335e-05,0.000000000000000000e+00,-9.556799795973347500e-13
1.173000000000000000e+03,2.371469345477406510e+00,1.310376875775107414e-04,1.930000000000000000e+02,5.770000000000000000e+02,0.000000000000000000e+00,1.455191522836685181e-11,5.208333333333333044e-03,1.706759630924118662e-05,0.000000000000000000e+00,-9.583445148564351257e-13
1.174000000000000000e+03,2.371338332206162303e+00,1.310132712460168050e-04,1.930000000000000000e+02,5.770000000000000000e+02,0.000000000000000000e+00,1.455191522836685181e-11,5.208333333333333044e-03,1.740037736922271275e-05,0.000000000000000000e+00,-9.565681580170348752e-13
1.175000000000000000e+03,2.371207343336181328e+00,1.309888699798396469e-04,1.930000000000000000e+02,5.770000000000000000e+02,0.000000000000000000e+00,1.455191522836685181e-11,5.208333333333333044e-03,1.738625622141742397e-05,0.000000000000000000e+00,-9.574563364367350005e-13
1.176000000000000000e+03,2.371076378852431610e+00,1.309644837526867140e-04,1.930000000000000000e+02,5.770000000000000000e+02,0.000000000000000000e+00,1.455191522836685181e-11,5.208333333333333044e-03,1.760063009878375472e-05,0.000000000000000000e+00,-9.547918011776346248e-13
1.177000000000000000e+03,2.370945438739891387e+00,1.309401125386116930e-04,1.930000000000000000e+02,5.770000000000000000e+02,0.000000000000000000e+00,1.455191522836685181e-11,5.208333333333333044e-03,1.679711137653036910e-05,0.000000000000000000e+00,-9.561240688071848126e-13
1.178000000000000000e+03,2.370814522983576200e+00,1.309157563119917153e-04,1.930000000000000000e+02,5.770000000000000000e+02,0.000000000000000000e+00,1.455191522836685181e-11,5.208333333333333044e-03,1.710728699728230066e-05,0.000000000000000000e+00,-9.596767824859853135e-13
1.179000000000000000e+03,2.370683631568529570e+00,1.308914150475090339e-04,1.930000000000000000e+02,5.770000000000000000e+02,0.000000000000000000e+00,1.455191522836685181e-11,5.208333333333333044e-03,1.761136586945898113e-05,0.000000000000000000e+00,-9.587886040662851883e-13
1.180000000000000000e+03,2.370552764479811447e+00,1.308670887201313993e-04,1.930000000000000000e+02,5.770000000000000000e+02,0.000000000000000000e+00,1.455191522836685181e-11,5.208333333333333044e-03,1.731173363059559800e-05,0.000000000000000000e+00,-9.565681580170348752e-13
1.181000000000000000e+03,2.370421921702505763e+00,1.308427773050971517e-04,1.930000000000000000e+02,5.770000000000000000e+02,0.000000000000000000e+00,1.455191522836685181e-11,5.208333333333333044e-03,1.694673807878675824e-05,0.000000000000000000e+00,-9.570122472268849378e-13
1.182000000000000000e+03,2.370291103221726647e+00,1.308184807778999881e-04,1.930000000000000000e+02,5.770000000000000000e+02,0.000000000000000000e+00,1.455191522836685181e-11,5.208333333333333044e-03,1.777255390667814577e-05,0.000000000000000000e+00,-9.583445148564351257e-13
1.183000000000000000e+03,2.370160309022615763e+00,1.307941991142745424e-04,1.930000000000000000e+02,5.770000000000000000e+02,0.000000000000000000e+00,1.455191522836685181e-11,5.208333333333333044e-03,1.717744989407760770e-05,0.000000000000000000e+00,-9.547918011776346248e-13
1.184000000000000000e+03,2.370029539090323656e+00,1.307699322901851365e-04,1.930000000000000000e+02,5.770000000000000000e+02,0.000000000000000000e+00,1.455191522836685181e-11,5.208333333333333044e-03,1.718993282562565359e-05,0.000000000000000000e+00,-9.570122472268849378e-13
1.185000000000000000e+03,2.369898793410043503e+00,1.307456802818138003e-04,1.930000000000000000e+02,5.770000000000000000e+02,0.000000000000000000e+00,1.455191522836685181e-11,5.208333333333333044e-03,1.734702279024448926e-05,0.000000000000000000e+00,-9.552358903874846874e-13
1.186000000000000000e+03,2.369768071966977363e+00,1.307214430655492126e-04,1.930000000000000000e+02,5.770000000000000000e+02,0.000000000000000000e+00,1.455191522836685181e-11,5.208333333333333044e-03,1.734310761844039055e-05,0.000000000000000000e+00,-9.556799795973347500e-13
1.187000000000000000e+03,2.369637374746357494e+00,1.306972206179782985e-04,1.930000000000000000e+02,5.770000000000000000e+02,0.000000000000000000e+00,1.455191522836685181e-11,5.208333333333333044e-03,1.745157875718718056e-05,0.000000000000000000e+00,-9.579004256465850631e-13
1.188000000000000000e+03,2.369506701733441467e+00,1.306730129158758483e-04,1.930000000000000000e+02,5.770000000000000000e+02,0.000000000000000000e+00,1.455191522836685181e-11,5.208333333333333044e-03,1.744834878373764279e-05,0.000000000000000000e+00,-9.579004256465850631e-13
1.189000000000000000e+03,2.369376052913507280e+00,1.306488199361971719e-04,1.930000000000000000e+02,5.770000000000000000e+02,0.000000000000000000e+00,1.455191522836685181e-11,5.208333333333333044e-03,1.733551139737897527e-05,0.000000000000000000e+00,-9.556799795973347500e-13
1.190000000000000000e+03,2.369245428271848919e+00,1.306246416560699673e-04,1.930000000000000000e+02,5.770000000000000000e+02,0.000000000000000000e+00,1.455191522836685181e-11,5.208333333333333044e-03,1.728578474419647552e-05,0.000000000000000000e+00,-9.583445148564351257e-13
1.191000000000000000e+03,2.369114827793797673e+00,1.306004780527874633e-04,1.930000000000000000e+02,5.770000000000000000e+02,0.000000000000000000e+00,1.455191522836685181e-11,5.208333333333333044e-03,1.741868649628729485e-05,0.000000000000000000e+00,-9.565681580170348752e-13
1.192000000000000000e+03,2.368984251464694157e+00,1.305763291038016969e-04,1.930000000000000000e+02,5.770000000000000000e+02,0.000000000000000000e+00,1.455191522836685181e-11,5.208333333333333044e-03,1.731538129774228766e-05,0.000000000000000000e+00,-9.565681580170348752e-13
1.193000000000000000e+03,2.368853699269905189e+00,1.305521947867170358e-04,1.930000000000000000e+02,5.770000000000000000e+02,0.000000000000000000e+00,1.455191522836685181e-11,5.208333333333333044e-03,1.716295776087368137e-05,0.000000000000000000e+00,-9.587886040662851883e-13
1.194000000000000000e+03,2.368723171194826449e+00,1.305280750792848653e-04,1.930000000000000000e+02,5.770000000000000000e+02,0.000000000000000000e+00,1.455191522836685181e-11,5.208333333333333044e-03,1.728713353219805423e-05,0.000000000000000000e+00,-9.579004256465850631e-13
1.195000000000000000e+03,2.368592667224869608e+00,1.305039699593979778e-04,1.930000000000000000e+02,5.770000000000000000e+02,0.000000000000000000e+00,1.455191522836685181e-11,5.208333333333333044e-03,1.730171843831229602e-05,0.000000000000000000e+00,-9.556799795973347500e-13
1.196000000000000000e+03,2.368462187345463210e+00,1.304798794050855313e-04,1.930000000000000000e+02,5.770000000000000000e+02,0.000000000000000000e+00,1.455191522836685181e-11,5.208333333333333044e-03,1.685619006510054570e-05,0.000000000000000000e+00,-9.565681580170348752e-13
1.197000000000000000e+03,2.368331731542067775e+00,1.304558033945084957e-04,1.930000000000000000e+02,5.770000000000000000e+02,0.000000000000000000e+00,1.455191522836685181e-11,5.208333333333333044e-03,1.759856920524006051e-05,0.000000000000000000e+00,-9.579004256465850631e-13
1.198000000000000000e+03,2.368201299800162918e+00,1.304317419059550448e-04,1.930000000000000000e+02,5.770000000000000000e+02,0.000000000000000000e+00,1.455191522836685181e-11,5.208333333333333044e-03,1.751605909068690596e-05,0.000000000000000000e+00,-9.565681580170348752e-13
1.199000000000000000e+03,2.368070892105244241e+00,1.304076949178365179e-04,1.930000000000000000e+02,5.770000000000000000e+02,0.000000000000000000e+00,1.455191522836685181e-11,5.208333333333333044e-03,1.733737465736893461e-05,0.000000000000000000e+00,-9.574563364367350005e-13
1.200000000000000000e+03,2.367940508442840208e+00,1.303836624086835436e-04,1.930000000000000000e+02,5.770000000000000000e+02,0.000000000000000000e+00,1.455191522836685181e-11,5.208333333333333044e-03,1.712565469294309386e-05,0.000000000000000000e+00,-9.525713551283843117e-13
1.201000000000000000e+03,2.367810148565695272e+00,1.303598771406662827e-04,1.930000000000000000e+02,5.770000000000000000e+02,0.000000000000000000e+00,1.455191522836685181e-11,5.208333333333333044e-03,1.752817615198505331e-05,0.000000000000000000e+00,-9.570122472268849378e-13
1.202000000000000000e+03,2.367679812231887393e+00,1.303363338084635573e-04,1.930000000000000000e+02,5.770000000000000000e+02,0.000000000000000000e+00,1.455191522836685181e-11,5.208333333333333044e-03,1.771797270822925383e-05,0.000000000000000000e+00,-9.565681580170348752e-13
1.203000000000000000e+03,2.367549499429776994e+00,1.303128021084742265e-04,1.930000000000000000e+02,5.770000000000000000e+02,0.000000000000000000e+00,1.455191522836685181e-11,5.208333333333333044e-03,1.753123354640370808e-05,0.000000000000000000e+00,-9.583445148564351257e-13
1.204000000000000000e+03,2.367419210147039266e+00,1.302892827407401484e-04,1.930000000000000000e+02,5.770000000000000000e+02,0.000000000000000000e+00,1.455191522836685181e-11,5.208333333333333044e-03,1.742709830965485820e-05,0.000000000000000000e+00,-9.552358903874846874e-13
1.205000000000000000e+03,2.367288944371013670e+00,1.302657760256275882e-04,1.930000000000000000e+02,5.770000000000000000e+02,0.000000000000000000e+00,1.455191522836685181e-11,5.208333333333333044e-03,1.745652857000680818e-05,0.000000000000000000e+00,-9.552358903874846874e-13
1.206000000000000000e+03,2.367158702088856703e+00,1.302422821561813717e-04,1.930000000000000000e+02,5.770000000000000000e+02,0.000000000000000000e+00,1.455191522836685181e-11,5.208333333333333044e-03,1.789504257581487338e-05,0.000000000000000000e+00,-9.561240688071848126e-13
1.207000000000000000e+03,2.367028483287592522e+00,1.302188012623593653e-04,1.930000000000000000e+02,5.770000000000000000e+02,0.000000000000000000e+00,1.455191522836685181e-11,5.208333333333333044e-03,1.725527687236350308e-05,0.000000000000000000e+00,-9.579004256465850631e-13
1.208000000000000000e+03,2.366898287954154245e+00,1.301953334372217314e-04,1.930000000000000000e+02,5.770000000000000000e+02,0.000000000000000000e+00,1.455191522836685181e-11,5.208333333333333044e-03,1.748332435423036925e-05,0.000000000000000000e+00,-9.587886040662851883e-13
1.209000000000000000e+03,2.366768116075408379e+00,1.301718787500038589e-04,1.930000000000000000e+02,5.770000000000000000e+02,0.000000000000000000e+00,1.455191522836685181e-11,5.208333333333333044e-03,1.727200701316500191e-05,0.000000000000000000e+00,-9.547918011776346248e-13
1.210000000000000000e+03,2.366637967638152151e+00,1.301484372534956330e-04,1.930000000000000000e+02,5.770000000000000000e+02,0.000000000000000000e+00,1.455191522836685181e-11,5.208333333333333044e-03,1.673617671664819173e-05,0.000000000000000000e+00,-9.574563364367350005e-13
1.211000000000000000e+03,2.366507842629164582e+00,1.301250089885731560e-04,1.930000000000000000e+02,5.770000000000000000e+02,0.000000000000000000e+00,1.455191522836685181e-11,5.208333333333333044e-03,1.748785906061013735e-05,0.000000000000000000e+00,-9.565681580170348752e-13
1.212000000000000000e+03,2.366377741035177174e+00,1.301015939871566951e-04,1.930000000000000000e+02,5.770000000000000000e+02,0.000000000000000000e+00,1.455191522836685181e-11,5.208333333333333044e-03,1.716127741099730456e-05,0.000000000000000000e+00,-9.570122472268849378e-13
1.213000000000000000e+03,2.366247662842904553e+00,1.300781922742375442e-04,1.930000000000000000e+02,5.770000000000000000e+02,0.000000000000000000e+00,1.455191522836685181e-11,5.208333333333333044e-03,1.735601356789918574e-05,0.000000000000000000e+00,-9.552358903874846874e-13
1.214000000000000000e+03,2.366117608039035147e+00,1.300548038693180879e-04,1.930000000000000000e+02,5.770000000000000000e+02,0.000000000000000000e+00,1.455191522836685181e-11,5.208333333333333044e-03,1.721466707414633288e-05,0.000000000000000000e+00,-9.552358903874846874e-13
1.215000000000000000e+03,2.365987576610245835e+00,1.300314287874693327e-04,1.930000000000000000e+02,5.770000000000000000e+02,0.000000000000000000e+00,1.455191522836685181e-11,5.208333333333333044e-03,1.714368957040480714e-05,0.000000000000000000e+00,-9.570122472268849378e-13
1.216000000000000000e+03,2.365857568543206835e+00,1.300080670401245701e-04,1.930000000000000000e+02,5.770000000000000000e+02,0.000000000000000000e+00,1.455191522836685181e-11,5.208333333333333044e-03,1.740969481973748056e-05,0.000000000000000000e+00,-9.561240688071848126e-13
1.217000000000000000e+03,2.365727583824570157e+00,1.299847186356907849e-04,1.930000000000000000e+02,5.770000000000000000e+02,0.000000000000000000e+00,1.455191522836685181e-11,5.208333333333333044e-03,1.708661620433006326e-05,0.000000000000000000e+00,-9.570122472268849378e-13
1.218000000000000000e+03,2.365597622440990921e+00,1.299613835800267890e-04,1.930000000000000000e+02,5.770000000000000000e+02,0.000000000000000000e+00,1.455191522836685181e-11,5.208333333333333044e-03,1.697209965491453164e-05,0.000000000000000000e+00,-9.561240688071848126e-13
1.219000000000000000e+03,2.365467684379115365e+00,1.299380618768240466e-04,1.930000000000000000e+02,5.770000000000000000e+02,0.000000000000000000e+00,1.455191522836685181e-11,5.208333333333333044e-03,1.715519525722228404e-05,0.000000000000000000e+00,-9.547918011776346248e-13
1.220000000000000000e+03,2.365337769625583952e+00,1.299147535279127725e-04,1.930000000000000000e+02,5.770000000000000000e+02,0.000000000000000000e+00,1.455191522836685181e-11,5.208333333333333044e-03,1.724685789043178640e-05,0.000000000000000000e+00,-9.583445148564351257e-13
1.221000000000000000e+03,2.365207878167050470e+00,1.298914585335136831e-04,1.930000000000000000e+02,5.770000000000000000e+02,0.000000000000000000e+00,1.455191522836685181e-11,5.208333333333333044e-03,1.727628732077021874e-05,0.000000000000000000e+00,-9.583445148564351257e-13
1.222000000000000000e+03,2.365078009990157604e+00,1.298681768924443204e-04,1.930000000000000000e+02,5.770000000000000000e+02,0.000000000000000000e+00,1.455191522836685181e-11,5.208333333333333044e-03,1.747598533812860588e-05,0.000000000000000000e+00,-9.587886040662851883e-13
1.223000000000000000e+03,2.364948165081557363e+00,1.298449086022923345e-04,1.930000000000000000e+02,5.770000000000000000e+02,0.000000000000000000e+00,1.455191522836685181e-11,5.208333333333333044e-03,1.722805130436867006e-05,0.000000000000000000e+00,-9.565681580170348752e-13
1.224000000000000000e+03,2.364818343427898206e+00,1.298216536595604687e-04,1.930000000000000000e+02,5.770000000000000000e+02,0.000000000000000000e+00,1.455191522836685181e-11,5.208333333333333044e-03,1.708439701792282455e-05,0.000000000000000000e+00,-9.561240688071848126e-13
1.225000000000000000e+03,2.364688545015839249e+00,1.297984120597895350e-04,1.930000000000000000e+02,5.770000000000000000e+02,0.000000000000000000e+00,1.455191522836685181e-11,5.208333333333333044e-03,1.712685349927783979e-05,0.000000000000000000e+00,-9.556799795973347500e-13
1.226000000000000000e+03,2.364558769832040497e+00,1.297751837976644763e-04,1.930000000000000000e+02,5.770000000000000000e+02,0.000000000000000000e+00,1.455191522836685181e-11,5.208333333333333044e-03,1.721676746105538545e-05,0.000000000000000000e+00,-9.565681580170348752e-13
1.227000000000000000e+03,2.364429017863175719e+00,1.297519688671043277e-04,1.930000000000000000e+02,5.770000000000000000e+02,0.000000000000000000e+00,1.455191522836685181e-11,5.208333333333333044e-03,1.744419527981884636e-05,0.000000000000000000e+00,-9.543477119677845621e-13
1.228000000000000000e+03,2.364299289095912027e+00,1.297287672613404693e-04,1.930000000000000000e+02,5.770000000000000000e+02,0.000000000000000000e+00,1.455191522836685181e-11,5.208333333333333044e-03,1.711519896359307277e-05,0.000000000000000000e+00,-9.565681580170348752e-13
1.229000000000000000e+03,2.364169583516938733e+00,1.297055789729850933e-04,1.930000000000000000e+02,5.770000000000000000e+02,0.000000000000000000e+00,1.455191522836685181e-11,5.208333333333333044e-03,1.709591869215909112e-05,0.000000000000000000e+00,-9.570122472268849378e-13
1.230000000000000000e+03,2.364039901112943376e+00,1.296824039940912960e-04,1.930000000000000000e+02,5.770000000000000000e+02,0.000000000000000000e+00,1.455191522836685181e-11,5.208333333333333044e-03,1.699080261474618476e-05,0.000000000000000000e+00,-9.583445148564351257e-13
1.231000000000000000e+03,2.363910241870628592e+00,1.296592423162041163e-04,1.930000000000000000e+02,5.770000000000000000e+02,0.000000000000000000e+00,1.455191522836685181e-11,5.208333333333333044e-03,1.710880300955085157e-05,0.000000000000000000e+00,-9.565681580170348752e-13
1.232000000000000000e+03,2.363780605776697019e+00,1.296360939304087292e-04,1.930000000000000000e+02,5.770000000000000000e+02,0.000000000000000000e+00,1.455191522836685181e-11,5.208333333333333044e-03,1.737328636522600422e-05,0.000000000000000000e+00,-9.579004256465850631e-13
1.233000000000000000e+03,2.363650992817871277e+00,1.296129588273691510e-04,1.930000000000000000e+02,5.770000000000000000e+02,0.000000000000000000e+00,1.455191522836685181e-11,5.208333333333333044e-03,1.693618797868675309e-05,0.000000000000000000e+00,-9.561240688071848126e-13
1.234000000000000000e+03,2.363521402980877095e+00,1.295898369973669457e-04,1.930000000000000000e+02,5.770000000000000000e+02,0.000000000000000000e+00,1.455191522836685181e-11,5.208333333333333044e-03,1.692773953471249298e-05,0.000000000000000000e+00,-9.530154443382343743e-13
1.235000000000000000e+03,2.363391836252441980e+00,1.295667284303323417e-04,1.930000000000000000e+02,5.770000000000000000e+02,0.000000000000000000e+00,1.455191522836685181e-11,5.208333333333333044e-03,1.707571164089553630e-05,0.000000000000000000e+00,-9.579004256465850631e-13
1.236000000000000000e+03,2.363262292619327631e+00,1.295436331158739661e-04,1.930000000000000000e+02,5.770000000000000000e+02,0.000000000000000000e+00,1.455191522836685181e-11,5.208333333333333044e-03,1.722799918920119613e-05,0.000000000000000000e+00,-9.565681580170348752e-13
1.237000000000000000e+03,2.363132772068285536e+00,1.295205510433050276e-04,1.930000000000000000e+02,5.770000000000000000e+02,0.000000000000000000e+00,1.455191522836685181e-11,5.208333333333333044e-03,1.750608163250032146e-05,0.000000000000000000e+00,-9.552358903874846874e-13
1.238000000000000000e+03,2.363003274586081393e+00,1.294974822016669799e-04,1.930000000000000000e+02,5.770000000000000000e+02,0.000000000000000000e+00,1.455191522836685181e-11,5.208333333333333044e-03,1.746721801811904810e-05,0.000000000000000000e+00,-9.574563364367350005e-13
1.239000000000000000e+03,2.362873800159502213e+00,1.294744265797508260e-04,1.930000000000000000e+02,5.770000000000000000e+02,0.000000000000000000e+00,1.455191522836685181e-11,5.208333333333333044e-03,1.700969424623637857e-05,0.000000000000000000e+00,-9.570122472268849378e-13
1.240000000000000000e+03,2.362744348775335901e+00,1.294513841661169048e-04,1.930000000000000000e+02,5.770000000000000000e+02,0.000000000000000000e+00,1.455191522836685181e-11,5.208333333333333044e-03,1.680389172924816299e-05,0.000000000000000000e+00,-9.570122472268849378e-13
1.241000000000000000e+03,2.362614920420389897e+00,1.294283549491117777e-04,1.930000000000000000e+02,5.770000000000000000e+02,0.000000000000000000e+00,1.455191522836685181e-11,5.208333333333333044e-03,1.731251879214946429e-05,0.000000000000000000e+00,-9.539036227579344995e-13
1.242000000000000000e+03,2.362485515081468535e+00,1.294053389168848709e-04,1.930000000000000000e+02,5.770000000000000000e+02,0.000000000000000000e+00,1.455191522836685181e-11,5.208333333333333044e-03,1.709248313837498812e-05,0.000000000000000000e+00,-9.583445148564351257e-13
1.243000000000000000e+03,2.362356132745414783e+00,1.293823360574030855e-04,1.930000000000000000e+02,5.770000000000000000e+02,0.000000000000000000e+00,1.455191522836685181e-11,5.208333333333333044e-03,1.722103308273087370e-05,0.000000000000000000e+00,-9.547918011776346248e-13
1.244000000000000000e+03,2.362226773399055624e+00,1.293593463584638613e-04,1.930000000000000000e+02,5.770000000000000000e+02,0.000000000000000000e+00,1.455191522836685181e-11,5.208333333333333044e-03,1.684991724486321435e-05,0.000000000000000000e+00,-9.556799795973347500e-13
1.245000000000000000e+03,2.362097437029246905e+00,1.293363698077078900e-04,1.930000000000000000e+02,5.770000000000000000e+02,0.000000000000000000e+00,1.455191522836685181e-11,5.208333333333333044e-03,1.702574858058659735e-05,0.000000000000000000e+00,-9.565681580170348752e-13
1.246000000000000000e+03,2.361968123622855131e+00,1.293134063926299837e-04,1.930000000000000000e+02,5.770000000000000000e+02,0.000000000000000000e+00,1.455191522836685181e-11,5.208333333333333044e-03,1.690830573348936218e-05,0.000000000000000000e+00,-9.556799795973347500e-13
1.247000000000000000e+03,2.361838833166752583e+00,1.292904561005899986e-04,1.930000000000000000e+02,5.770000000000000000e+02,0.000000000000000000e+00,1.455191522836685181e-11,5.208333333333333044e-03,1.714409266514643746e-05,0.000000000000000000e+00,-9.579004256465850631e-13
1.248000000000000000e+03,2.361709565647834186e+00,1.292675189188219960e-04,1.930000000000000000e+02,5.770000000000000000e+02,0.000000000000000000e+00,1.455191522836685181e-11,5.208333333333333044e-03,1.722884006818784246e-05,0.000000000000000000e+00,-9.574563364367350005e-13
1.249000000000000000e+03,2.361580321052998865e+00,1.292445948344429166e-04,1.930000000000000000e+02,5.770000000000000000e+02,0.000000000000000000e+00,1.455191522836685181e-11,5.208333333333333044e-03,1.726406758012376098e-05,0.000000000000000000e+00,-9.583445148564351257e-13
1.250000000000000000e+03,2.361451099369168638e+00,1.292216838344613350e-04,1.930000000000000000e+02,5.770000000000000000e+02,0.000000000000000000e+00,1.455191522836685181e-11,5.208333333333333044e-03,1.716180399258356571e-05,0.000000000000000000e+00,-9.539036227579344995e-13
1.251000000000000000e+03,2.361321900583262412e+00,1.291987859057849950e-04,1.930000000000000000e+02,5.770000000000000000e+02,0.000000000000000000e+00,1.455191522836685181e-11,5.208333333333333044e-03,1.746565461711938118e-05,0.000000000000000000e+00,-9.543477119677845621e-13
1.252000000000000000e+03,2.361192724682222632e+00,1.291759010352270165e-04,1.930000000000000000e+02,5.770000000000000000e+02,0.000000000000000000e+00,1.455191522836685181e-11,5.208333333333333044e-03,1.699769948692647018e-05,0.000000000000000000e+00,-9.587886040662851883e-13
1.253000000000000000e+03,2.361063571653015725e+00,1.291530292095135395e-04,1.930000000000000000e+02,5.770000000000000000e+02,0.000000000000000000e+00,1.455191522836685181e-11,5.208333333333333044e-03,1.714426278466643028e-05,0.000000000000000000e+00,-9.561240688071848126e-13
1.254000000000000000e+03,2.360934441482598789e+00,1.291301704152890092e-04,1.930000000000000000e+02,5.770000000000000000e+02,0.000000000000000000e+00,1.455191522836685181e-11,5.208333333333333044e-03,1.718139061683002981e-05,0.000000000000000000e+00,-9.579004256465850631e-13
1.255000000000000000e+03,2.360805334157961344e+00,1.291073246391221394e-04,1.930000000000000000e+02,5.770000000000000000e+02,0.000000000000000000e+00,1.455191522836685181e-11,5.208333333333333044e-03,1.697975437904204019e-05,0.000000000000000000e+00,-9.561240688071848126e-13
1.256000000000000000e+03,2.360676249666092907e+00,1.290844918675111165e-04,1.930000000000000000e+02,5.770000000000000000e+02,0.000000000000000000e+00,1.455191522836685181e-11,5.208333333333333044e-03,1.747561232269206026e-05,0.000000000000000000e+00,-9.570122472268849378e-13
1.257000000000000000e+03,2.360547187994006535e+00,1.290616720868887225e-04,1.930000000000000000e+02,5.770000000000000000e+02,0.000000000000000000e+00,1.455191522836685181e-11,5.208333333333333044e-03,1.775886542514497029e-05,0.000000000000000000e+00,-9.565681580170348752e-13
1.258000000000000000e+03,2.360418149128719723e+00,1.290388652836265088e-04,1.930000000000000000e+02,5.770000000000000000e+02,0.000000000000000000e+00,1.455191522836685181e-11,5.208333333333333044e-03,1.685528127639310424e-05,0.000000000000000000e+00,-9.596767824859853135e-13
1.259000000000000000e+03,2.360289133057280608e+00,1.290160714440397299e-04,1.930000000000000000e+02,5.770000000000000000e+02,0.000000000000000000e+00,1.455191522836685181e-11,5.208333333333333044e-03,1.734540763317156571e-05,0.000000000000000000e+00,-9.547918011776346248e-13
1.260000000000000000e+03,2.360160139766723564e+00,1.289932905543904329e-04,1.930000000000000000e+02,5.770000000000000000e+02,0.000000000000000000e+00,1.455191522836685181e-11,5.208333333333333044e-03,1.671033913725659498e-05,0.000000000000000000e+00,-9.574563364367350005e-13
1.261000000000000000e+03,2.360031169310630172e+00,1.289704560927189920e-04,1.930000000000000000e+02,5.770000000000000000e+02,0.000000000000000000e+00,1.455191522836685181e-11,5.208333333333333044e-03,1.698095048153605070e-05,0.000000000000000000e+00,-9.583445148564351257e-13
1.262000000000000000e+03,2.359902221741076112e+00,1.289475695571870009e-04,1.930000000000000000e+02,5.770000000000000000e+02,0.000000000000000000e+00,1.455191522836685181e-11,5.208333333333333044e-03,1.742425885760649033e-05,0.000000000000000000e+00,-9.552358903874846874e-13
1.263000000000000000e+03,2.359773297044348794e+00,1.289246967274390490e-04,1.930000000000000000e+02,5.770000000000000000e+02,0.000000000000000000e+00,1.455191522836685181e-11,5.208333333333333044e-03,1.725488027373715041e-05,0.000000000000000000e+00,-9.552358903874846874e-13
1.264000000000000000e+03,2.359644395206965228e+00,1.289018373829664392e-04,1.930000000000000000e+02,5.770000000000000000e+02,0.000000000000000000e+00,1.455191522836685181e-11,5.208333333333333044e-03,1.725666215390057361e-05,0.000000000000000000e+00,-9.556799795973347500e-13
1.265000000000000000e+03,2.359515516215555220e+00,1.288789914120361203e-04,1.930000000000000000e+02,5.770000000000000000e+02,0.000000000000000000e+00,1.455191522836685181e-11,5.208333333333333044e-03,1.709106394384879806e-05,0.000000000000000000e+00,-9.534595335480844369e-13
1.266000000000000000e+03,2.359386660056812524e+00,1.288561587393901773e-04,1.930000000000000000e+02,5.770000000000000000e+02,0.000000000000000000e+00,1.455191522836685181e-11,5.208333333333333044e-03,1.693464480352835843e-05,0.000000000000000000e+00,-9.570122472268849378e-13
1.267000000000000000e+03,2.359257826717508166e+00,1.288333393078432067e-04,1.930000000000000000e+02,5.770000000000000000e+02,0.000000000000000000e+00,1.455191522836685181e-11,5.208333333333333044e-03,1.748324398525319631e-05,0.000000000000000000e+00,-9.534595335480844369e-13
1.268000000000000000e+03,2.359129016184431382e+00,1.288105330707809933e-04,1.930000000000000000e+02,5.770000000000000000e+02,0.000000000000000000e+00,1.455191522836685181e-11,5.208333333333333044e-03,1.737504161252920697e-05,0.000000000000000000e+00,-9.592326932761352509e-13
1.269000000000000000e+03,2.359000228444445568e+00,1.287877399884164074e-04,1.930000000000000000e+02,5.770000000000000000e+02,0.000000000000000000e+00,1.455191522836685181e-11,5.208333333333333044e-03,1.704579289826258762e-05,0.000000000000000000e+00,-9.570122472268849378e-13
1.270000000000000000e+03,2.358871463484422115e+00,1.287649600256763217e-04,1.930000000000000000e+02,5.770000000000000000e+02,0.000000000000000000e+00,1.455191522836685181e-11,5.208333333333333044e-03,1.737972639318175733e-05,0.000000000000000000e+00,-9.547918011776346248e-13
1.271000000000000000e+03,2.358742721291271049e+00,1.287421931509057191e-04,1.930000000000000000e+02,5.770000000000000000e+02,0.000000000000000000e+00,1.455191522836685181e-11,5.208333333333333044e-03,1.764505671414450059e-05,0.000000000000000000e+00,-9.547918011776346248e-13
1.272000000000000000e+03,2.358614001851935260e+00,1.287194393350202259e-04,1.930000000000000000e+02,5.770000000000000000e+02,0.000000000000000000e+00,1.455191522836685181e-11,5.208333333333333044e-03,1.713859381871146186e-05,0.000000000000000000e+00,-9.556799795973347500e-13
1.273000000000000000e+03,2.358485305153381617e+00,1.286966985509279879e-04,1.930000000000000000e+02,5.770000000000000000e+02,0.000000000000000000e+00,1.455191522836685181e-11,5.208333333333333044e-03,1.711278501351325075e-05,0.000000000000000000e+00,-9.583445148564351257e-13
1.274000000000000000e+03,2.358356631182612517e+00,1.286739707731174840e-04,1.930000000000000000e+02,5.770000000000000000e+02,0.000000000000000000e+00,1.455191522836685181e-11,5.208333333333333044e-03,1.740491273010476127e-05,0.000000000000000000e+00,-9.543477119677845621e-13
1.275000000000000000e+03,2.358227979926634355e+00,1.286512559773564162e-04,1.930000000000000000e+02,5.770000000000000000e+02,0.000000000000000000e+00,1.455191522836685181e-11,5.208333333333333044e-03,1.730871701174851196e-05,0.000000000000000000e+00,-9.552358903874846874e-13
1.276000000000000000e+03,2.358099351372491714e+00,1.286285541404643795e-04,1.930000000000000000e+02,5.770000000000000000e+02,0.000000000000000000e+00,1.455191522836685181e-11,5.208333333333333044e-03,1.721624368892539842e-05,0.000000000000000000e+00,-9.570122472268849378e-13
1.277000000000000000e+03,2.357970745507253607e+00,1.286058652401398500e-04,1.930000000000000000e+02,5.770000000000000000e+02,0.000000000000000000e+00,1.455191522836685181e-11,5.208333333333333044e-03,1.736017792463645653e-05,0.000000000000000000e+00,-9.552358903874846874e-13
1.278000000000000000e+03,2.357842162317998813e+00,1.285831892548233322e-04,1.930000000000000000e+02,5.770000000000000000e+02,0.000000000000000000e+00,1.455191522836685181e-11,5.208333333333333044e-03,1.752782263427896762e-05,0.000000000000000000e+00,-9.552358903874846874e-13
1.279000000000000000e+03,2.357713601791833202e+00,1.285605261635899951e-04,1.930000000000000000e+02,5.770000000000000000e+02,0.000000000000000000e+00,1.455191522836685181e-11,5.208333333333333044e-03,1.725216192259129878e-05,0.000000000000000000e+00,-9.570122472268849378e-13
1.280000000000000000e+03,2.357585063915887957e+00,1.285378759460621234e-04,1.930000000000000000e+02,5.770000000000000000e+02,0.000000000000000000e+00,1.455191522836685181e-11,5.208333333333333044e-03,1.691104184695228942e-05,0.000000000000000000e+00,-9.565681580170348752e-13
1.281000000000000000e+03,2.357456548677304475e+00,1.285152385823385898e-04,1.930000000000000000e+02,5.770000000000000000e+02,0.000000000000000000e+00,1.455191522836685181e-11,5.208333333333333044e-03,1.740050382034828087e-05,0.000000000000000000e+00,-9.574563364367350005e-13
1.282000000000000000e+03,2.357328056063253907e+00,1.284926140529353870e-04,1.930000000000000000e+02,5.770000000000000000e+02,0.000000000000000000e+00,1.455191522836685181e-11,5.208333333333333044e-03,1.732556343388821696e-05,0.000000000000000000e+00,-9.552358903874846874e-13
1.283000000000000000e+03,2.357199586060914953e+00,1.284700023387383829e-04,1.930000000000000000e+02,5.770000000000000000e+02,0.000000000000000000e+00,1.455191522836685181e-11,5.208333333333333044e-03,1.748613841079695844e-05,0.000000000000000000e+00,-9.552358903874846874e-13
1.284000000000000000e+03,2.357071138657493403e+00,1.284474034209610372e-04,1.930000000000000000e+02,5.770000000000000000e+02,0.000000000000000000e+00,1.455191522836685181e-11,5.208333333333333044e-03,1.714197752613018849e-05,0.000000000000000000e+00,-9.561240688071848126e-13
1.285000000000000000e+03,2.356942713840211034e+00,1.284248172811104118e-04,1.930000000000000000e+02,5.770000000000000000e+02,0.000000000000000000e+00,1.455191522836685181e-11,5.208333333333333044e-03,1.714926987712629024e-05,0.000000000000000000e+00,-9.570122472268849378e-13
1.286000000000000000e+03,2.356814311596314937e+00,1.284022439009579780e-04,1.930000000000000000e+02,5.770000000000000000e+02,0.000000000000000000e+00,1.455191522836685181e-11,5.208333333333333044e-03,1.683940618305227989e-05,0.000000000000000000e+00,-9.521272659185342491e-13
1.287000000000000000e+03,2.356685931913049981e+00,1.283796832625131357e-04,1.930000000000000000e+02,5.770000000000000000e+02,0.000000000000000000e+00,1.455191522836685181e-11,5.208333333333333044e-03,1.788747236389156916e-05,0.000000000000000000e+00,-9.547918011776346248e-13
1.288000000000000000e+03,2.356557574777705888e+00,1.283571353480033174e-04,1.930000000000000000e+02,5.770000000000000000e+02,0.000000000000000000e+00,1.455191522836685181e-11,5.208333333333333044e-03,1.719534730260715173e-05,0.000000000000000000e+00,-9.507949982889840612e-13
1.289000000000000000e+03,2.356429240177563500e+00,1.283346001398526844e-04,1.930000000000000000e+02,5.770000000000000000e+02,0.000000000000000000e+00,1.455191522836685181e-11,5.208333333333333044e-03,1.682656638817528035e-05,0.000000000000000000e+00,-9.534595335480844369e-13
1.290000000000000000e+03,2.356300928099941405e+00,1.283120776206674626e-04,1.930000000000000000e+02,5.770000000000000000e+02,0.000000000000000000e+00,1.455191522836685181e-11,5.208333333333333044e-03,1.724133835264217188e-05,0.000000000000000000e+00,-9.547918011776346248e-13
1.291000000000000000e+03,2.356172638532166186e+00,1.282895677732201402e-04,1.930000000000000000e+02,5.770000000000000000e+02,0.000000000000000000e+00,1.455191522836685181e-11,5.208333333333333044e-03,1.722252633373119228e-05,0.000000000000000000e+00,-9.570122472268849378e-13
1.292000000000000000e+03,2.356044371461585296e+00,1.282670705804376773e-04,1.930000000000000000e+02,5.770000000000000000e+02,0.000000000000000000e+00,1.455191522836685181e-11,5.208333333333333044e-03,1.734080254986986291e-05,0.000000000000000000e+00,-9.574563364367350005e-13
1.293000000000000000e+03,2.355916126875559957e+00,1.282445860253898231e-04,1.930000000000000000e+02,5.770000000000000000e+02,0.000000000000000000e+00,1.455191522836685181e-11,5.208333333333333044e-03,1.719601047671809132e-05,0.000000000000000000e+00,-9.570122472268849378e-13
1.294000000000000000e+03,2.355787904761468710e+00,1.282221140912784643e-04,1.930000000000000000e+02,5.770000000000000000e+02,0.000000000000000000e+00,1.455191522836685181e-11,5.208333333333333044e-03,1.788088511730786883e-05,0.000000000000000000e+00,-9.570122472268849378e-13
1.295000000000000000e+03,2.355659705106706969e+00,1.281996547614303061e-04,1.930000000000000000e+02,5.770000000000000000e+02,0.000000000000000000e+00,1.455191522836685181e-11,5.208333333333333044e-03,1.725138371462365142e-05,0.000000000000000000e+00,-9.574563364367350005e-13
1.296000000000000000e+03,2.355531527898688804e+00,1.281772080192870064e-04,1.930000000000000000e+02,5.770000000000000000e+02,0.000000000000000000e+00,1.455191522836685181e-11,5.208333333333333044e-03,1.734567320114421783e-05,0.000000000000000000e+00,-9.565681580170348752e-13
1.297000000000000000e+03,2.355403373124838495e+00,1.281547738483994835e-04,1.930000000000000000e+02,5.770000000000000000e+02,0.000000000000000000e+00,1.455191522836685181e-11,5.208333333333333044e-03,1.747503542850568773e-05,0.000000000000000000e+00,-9.583445148564351257e-13
1.298000000000000000e+03,2.355275240772606971e+00,1.281323522324205166e-04,1.930000000000000000e+02,5.770000000000000000e+02,0.000000000000000000e+00,1.455191522836685181e-11,5.208333333333333044e-03,1.683423506555800005e-05,0.000000000000000000e+00,-9.574563364367350005e-13
1.299000000000000000e+03,2.355147130829454039e+00,1.281099431551001105e-04,1.930000000000000000e+02,5.770000000000000000e+02,0.000000000000000000e+00,1.455191522836685181e-11,5.208333333333333044e-03,1.728916003301093833e-05,0.000000000000000000e+00,-9.552358903874846874e-13
1.300000000000000000e+03,2.355019043282854607e+00,1.280875466002785029e-04,1.930000000000000000e+02,5.770000000000000000e+02,0.000000000000000000e+00,1.455191522836685181e-11,5.208333333333333044e-03,1.716757554302743505e-05,0.000000000000000000e+00,-9.543477119677845621e-13
1.301000000000000000e+03,2.354890978120301792e+00,1.280651625518833454e-04,1.930000000000000000e+02,5.770000000000000000e+02,0.000000000000000000e+00,1.455191522836685181e-11,5.208333333333333044e-03,1.722314776786804493e-05,0.000000000000000000e+00,-9.552358903874846874e-13
1.302000000000000000e+03,2.354762935329307805e+00,1.280427909939241737e-04,1.930000000000000000e+02,5.770000000000000000e+02,0.000000000000000000e+00,1.455191522836685181e-11,5.208333333333333044e-03,1.686516077933604088e-05,0.000000000000000000e+00,-9.552358903874846874e-13
1.303000000000000000e+03,2.354634914897396847e+00,1.280204319104887760e-04,1.930000000000000000e+02,5.770000000000000000e+02,0.000000000000000000e+00,1.455191522836685181e-11,5.208333333333333044e-03,1.730245622777734635e-05,0.000000000000000000e+00,-9.556799795973347500e-13
1.304000000000000000e+03,2.354506916812110884e+00,1.279980852857398317e-04,1.930000000000000000e+02,5.770000000000000000e+02,0.000000000000000000e+00,1.455191522836685181e-11,5.208333333333333044e-03,1.764460538917007445e-05,0.000000000000000000e+00,-9.561240688071848126e-13
1.305000000000000000e+03,2.354378941061007868e+00,1.279757511039112793e-04,1.930000000000000000e+02,5.770000000000000000e+02,0.000000000000000000e+00,1.455191522836685181e-11,5.208333333333333044e-03,1.683541074654474511e-05,0.000000000000000000e+00,-9.552358903874846874e-13
1.306000000000000000e+03,2.354250987631656855e+00,1.279534293493055791e-04,1.930000000000000000e+02,5.770000000000000000e+02,0.000000000000000000e+00,1.455191522836685181e-11,5.208333333333333044e-03,1.761509693372927240e-05,0.000000000000000000e+00,-9.570122472268849378e-13
1.307000000000000000e+03,2.354123056511652212e+00,1.279311200062911648e-04,1.930000000000000000e+02,5.770000000000000000e+02,0.000000000000000000e+00,1.455191522836685181e-11,5.208333333333333044e-03,1.724246790556860180e-05,0.000000000000000000e+00,-9.552358903874846874e-13
1.308000000000000000e+03,2.353995147688593192e+00,1.279088230592992999e-04,1.930000000000000000e+02,5.770000000000000000e+02,0.000000000000000000e+00,1.455191522836685181e-11,5.208333333333333044e-03,1.702723089984326679e-05,0.000000000000000000e+00,-9.547918011776346248e-13
1.309000000000000000e+03,2.353867261150098589e+00,1.278865384928219631e-04,1.930000000000000000e+02,5.770000000000000000e+02,0.000000000000000000e+00,1.455191522836685181e-11,5.208333333333333044e-03,1.663018044598456202e-05,0.000000000000000000e+00,-9.565681580170348752e-13
1.310000000000000000e+03,2.353739396883809398e+00,1.278642662914103575e-04,1.930000000000000000e+02,5.770000000000000000e+02,0.000000000000000000e+00,1.455191522836685181e-11,5.208333333333333044e-03,1.728085791236849301e-05,0.000000000000000000e+00,-9.543477119677845621e-13
1.311000000000000000e+03,2.353611554877369727e+00,1.278420064396722548e-04,1.930000000000000000e+02,5.770000000000000000e+02,0.000000000000000000e+00,1.455191522836685181e-11,5.208333333333333044e-03,1.716506158958113458e-05,0.000000000000000000e+00,-9.543477119677845621e-13
1.312000000000000000e+03,2.353483735118448106e+00,1.278197589222699346e-04,1.930000000000000000e+02,5.770000000000000000e+02,0.000000000000000000e+00,1.455191522836685181e-11,5.208333333333333044e-03,1.721710020684208287e-05,0.000000000000000000e+00,-9.539036227579344995e-13
1.313000000000000000e+03,2.353355937594721059e+00,1.277975237239192634e-04,1.930000000000000000e+02,5.770000000000000000e+02,0.000000000000000000e+00,1.455191522836685181e-11,5.208333333333333044e-03,1.710260506918262710e-05,0.000000000000000000e+00,-9.570122472268849378e-13
1.314000000000000000e+03,2.353228162293892201e+00,1.277753008293874718e-04,1.930000000000000000e+02,5.770000000000000000e+02,0.000000000000000000e+00,1.455191522836685181e-11,5.208333333333333044e-03,1.697796256255095708e-05,0.000000000000000000e+00,-9.565681580170348752e-13
1.315000000000000000e+03,2.353100409203666921e+00,1.277530902234919887e-04,1.930000000000000000e+02,5.770000000000000000e+02,0.000000000000000000e+00,1.455191522836685181e-11,5.208333333333333044e-03,1.709055996101839102e-05,0.000000000000000000e+00,-9.583445148564351257e-13
1.316000000000000000e+03,2.352972678311779475e+00,1.277308918910990325e-04,1.930000000000000000e+02,5.770000000000000000e+02,0.000000000000000000e+00,1.455191522836685181e-11,5.208333333333333044e-03,1.676625404371911418e-05,0.000000000000000000e+00,-9.547918011776346248e-13
1.317000000000000000e+03,2.352844969605959236e+00,1.277087058171219841e-04,1.930000000000000000e+02,5.770000000000000000e+02,0.000000000000000000e+00,1.455191522836685181e-11,5.208333333333333044e-03,1.727408023286318057e-05,0.000000000000000000e+00,-9.579004256465850631e-13
1.318000000000000000e+03,2.352717283073974208e+00,1.276865319865211161e-04,1.930000000000000000e+02,5.770000000000000000e+02,0.000000000000000000e+00,1.455191522836685181e-11,5.208333333333333044e-03,1.780067885587418940e-05,0.000000000000000000e+00,-9.561240688071848126e-13
1.319000000000000000e+03,2.352589618703591512e+00,1.276643703843012350e-04,1.930000000000000000e+02,5.770000000000000000e+02,0.000000000000000000e+00,1.455191522836685181e-11,5.208333333333333044e-03,1.700702262706176902e-05,0.000000000000000000e+00,-9.547918011776346248e-13
1.320000000000000000e+03,2.352461976482595585e+00,1.276422209955114368e-04,1.930000000000000000e+02,5.770000000000000000e+02,0.000000000000000000e+00,1.455191522836685181e-11,5.208333333333333044e-03,1.719991577242357354e-05,0.000000000000000000e+00,-9.552358903874846874e-13
1.321000000000000000e+03,2.352334356585012998e+00,1.276198975862454681e-04,1.930000000000000000e+02,5.770000000000000000e+02,0.000000000000000000e+00,1.455191522836685181e-11,5.208333333333333044e-03,1.684121675762139387e-05,0.000000000000000000e+00,-9.512390874988341238e-13
1.322000000000000000e+03,2.352206759180628382e+00,1.275974043814620095e-04,1.930000000000000000e+02,5.770000000000000000e+02,0.000000000000000000e+00,1.455191522836685181e-11,5.208333333333333044e-03,1.734140269657011938e-05,0.000000000000000000e+00,-9.543477119677845621e-13
1.323000000000000000e+03,2.352079184255045252e+00,1.275749255841122118e-04,1.930000000000000000e+02,5.770000000000000000e+02,0.000000000000000000e+00,1.455191522836685181e-11,5.208333333333333044e-03,1.727641483831648128e-05,0.000000000000000000e+00,-9.534595335480844369e-13
1.324000000000000000e+03,2.351951631794445330e+00,1.275524605993476042e-04,1.930000000000000000e+02,5.770000000000000000e+02,0.000000000000000000e+00,1.455191522836685181e-11,5.208333333333333044e-03,1.715879513948161212e-05,0.000000000000000000e+00,-9.543477119677845621e-13
1.325000000000000000e+03,2.351824101785304322e+00,1.275300091378712801e-04,1.930000000000000000e+02,5.770000000000000000e+02,0.000000000000000000e+00,1.455191522836685181e-11,5.208333333333333044e-03,1.687936480290440897e-05,0.000000000000000000e+00,-9.574563364367350005e-13
1.326000000000000000e+03,2.351696594214294667e+00,1.275075710129296321e-04,1.930000000000000000e+02,5.770000000000000000e+02,0.000000000000000000e+00,1.455191522836685181e-11,5.208333333333333044e-03,1.743754150912801043e-05,0.000000000000000000e+00,-9.539036227579344995e-13
1.327000000000000000e+03,2.351569109068205599e+00,1.274851460886360240e-04,1.930000000000000000e+02,5.770000000000000000e+02,0.000000000000000000e+00,1.455191522836685181e-11,5.208333333333333044e-03,1.759073232526090757e-05,0.000000000000000000e+00,-9.543477119677845621e-13
1.328000000000000000e+03,2.351441646333946700e+00,1.274627342589010565e-04,1.930000000000000000e+02,5.770000000000000000e+02,0.000000000000000000e+00,1.455191522836685181e-11,5.208333333333333044e-03,1.702942477366974888e-05,0.000000000000000000e+00,-9.543477119677845621e-13
1.329000000000000000e+03,2.351314205998507045e+00,1.274403354369127970e-04,1.930000000000000000e+02,5.770000000000000000e+02,0.000000000000000000e+00,1.455191522836685181e-11,5.208333333333333044e-03,1.660990642398873319e-05,0.000000000000000000e+00,-9.570122472268849378e-13
1.330000000000000000e+03,2.351186788048961862e+00,1.274179495491979544e-04,1.930000000000000000e+02,5.770000000000000000e+02,0.000000000000000000e+00,1.455191522836685181e-11,5.208333333333333044e-03,1.720058256306161791e-05,0.000000000000000000e+00,-9.530154443382343743e-13
1.331000000000000000e+03,2.351059392472426346e+00,1.273955765319752188e-04,1.930000000000000000e+02,5.770000000000000000e+02,0.000000000000000000e+00,1.455191522836685181e-11,5.208333333333333044e-03,1.710359036510428131e-05,0.000000000000000000e+00,-9.565681580170348752e-13
1.332000000000000000e+03,2.350932019256100514e+00,1.273732163287727816e-04,1.930000000000000000e+02,5.770000000000000000e+02,0.000000000000000000e+00,1.455191522836685181e-11,5.208333333333333044e-03,1.705287962815121405e-05,0.000000000000000000e+00,-9.539036227579344995e-13
1.333000000000000000e+03,2.350804668387211471e+00,1.273508688887956355e-04,1.930000000000000000e+02,5.770000000000000000e+02,0.000000000000000000e+00,1.455191522836685181e-11,5.208333333333333044e-03,1.704684549453529778e-05,0.000000000000000000e+00,-9.539036227579344995e-13
1.334000000000000000e+03,2.350677339853046277e+00,1.273285341657658847e-04,1.930000000000000000e+02,5.770000000000000000e+02,0.000000000000000000e+00,1.455191522836685181e-11,5.208333333333333044e-03,1.695312031075191255e-05,0.000000000000000000e+00,-9.534595335480844369e-13
1.335000000000000000e+03,2.350550033640926628e+00,1.273062121170698030e-04,1.930000000000000000e+02,5.770000000000000000e+02,0.000000000000000000e+00,1.455191522836685181e-11,5.208333333333333044e-03,1.686979788167965169e-05,0.000000000000000000e+00,-9.561240688071848126e-13
1.336000000000000000e+03,2.350422749738223960e+00,1.272839027031171248e-04,1.930000000000000000e+02,5.770000000000000000e+02,0.000000000000000000e+00,1.455191522836685181e-11,5.208333333333333044e-03,1.693143183573782729e-05,0.000000000000000000e+00,-9.556799795973347500e-13
1.337000000000000000e+03,2.350295488132336796e+00,1.272616058868485459e-04,1.930000000000000000e+02,5.770000000000000000e+02,0.000000000000000000e+00,1.455191522836685181e-11,5.208333333333333044e-03,1.718285944418816933e-05,0.000000000000000000e+00,-9.556799795973347500e-13
1.338000000000000000e+03,2.350168248810706739e+00,1.272393216333487988e-04,1.930000000000000000e+02,5.770000000000000000e+02,0.000000000000000000e+00,1.455191522836685181e-11,5.208333333333333044e-03,1.724417548022598161e-05,0.000000000000000000e+00,-9.525713551283843117e-13
1.339000000000000000e+03,2.350041031760794930e+00,1.272170499095391194e-04,1.930000000000000000e+02,5.770000000000000000e+02,0.000000000000000000e+00,1.455191522836685181e-11,5.208333333333333044e-03,1.714912771810493618e-05,0.000000000000000000e+00,-9.547918011776346248e-13
1.340000000000000000e+03,2.349913836970107806e+00,1.271947906839288555e-04,1.930000000000000000e+02,5.770000000000000000e+02,0.000000000000000000e+00,1.455191522836685181e-11,5.208333333333333044e-03,1.706542354889512112e-05,0.000000000000000000e+00,-9.579004256465850631e-13
1.341000000000000000e+03,2.349786664426186444e+00,1.271725439264126672e-04,1.930000000000000000e+02,5.770000000000000000e+02,0.000000000000000000e+00,1.455191522836685181e-11,5.208333333333333044e-03,1.735374473247992000e-05,0.000000000000000000e+00,-9.530154443382343743e-13
1.342000000000000000e+03,2.349659514116576808e+00,1.271503096081023400e-04,1.930000000000000000e+02,5.770000000000000000e+02,0.000000000000000000e+00,1.455191522836685181e-11,5.208333333333333044e-03,1.785215371096071234e-05,0.000000000000000000e+00,-9.543477119677845621e-13
1.343000000000000000e+03,2.349532386028873265e+00,1.271280877011861637e-04,1.930000000000000000e+02,5.770000000000000000e+02,0.000000000000000000e+00,1.455191522836685181e-11,5.208333333333333044e-03,1.688332545683548006e-05,0.000000000000000000e+00,-9.570122472268849378e-13
1.344000000000000000e+03,2.349405280150692388e+00,1.271058781788119471e-04,1.930000000000000000e+02,5.770000000000000000e+02,0.000000000000000000e+00,1.455191522836685181e-11,5.208333333333333044e-03,1.701332672409039724e-05,0.000000000000000000e+00,-9.587886040662851883e-13
1.345000000000000000e+03,2.349278196469682278e+00,1.270836810149852383e-04,1.930000000000000000e+02,5.770000000000000000e+02,0.000000000000000000e+00,1.455191522836685181e-11,5.208333333333333044e-03,1.781439621196166952e-05,0.000000000000000000e+00,-9.539036227579344995e-13
1.346000000000000000e+03,2.349151134973498145e+00,1.270614961844849470e-04,1.930000000000000000e+02,5.770000000000000000e+02,0.000000000000000000e+00,1.455191522836685181e-11,5.208333333333333044e-03,1.750383930584180822e-05,0.000000000000000000e+00,-9.539036227579344995e-13
1.347000000000000000e+03,2.349024095649832944e+00,1.270393236627882360e-04,1.930000000000000000e+02,5.770000000000000000e+02,0.000000000000000000e+00,1.455191522836685181e-11,5.208333333333333044e-03,1.733080515926466807e-05,0.000000000000000000e+00,-9.561240688071848126e-13
1.348000000000000000e+03,2.348897078486409384e+00,1.270171634260073396e-04,1.930000000000000000e+02,5.770000000000000000e+02,0.000000000000000000e+00,1.455191522836685181e-11,5.208333333333333044e-03,1.720705751649471681e-05,0.000000000000000000e+00,-9.539036227579344995e-13
1.349000000000000000e+03,2.348770083470957282e+00,1.269950154508329954e-04,1.930000000000000000e+02,5.770000000000000000e+02,0.000000000000000000e+00,1.455191522836685181e-11,5.208333333333333044e-03,1.750550035638422046e-05,0.000000000000000000e+00,-9.547918011776346248e-13
1.350000000000000000e+03,2.348643110591241090e+00,1.269728797144857634e-04,1.930000000000000000e+02,5.770000000000000000e+02,0.000000000000000000e+00,1.455191522836685181e-11,5.208333333333333044e-03,1.685714602571040518e-05,0.000000000000000000e+00,-9.565681580170348752e-13
1.351000000000000000e+03,2.348516159835048800e+00,1.269507561946733084e-04,1.930000000000000000e+02,5.770000000000000000e+02,0.000000000000000000e+00,1.455191522836685181e-11,5.208333333333333044e-03,1.727283624009643914e-05,0.000000000000000000e+00,-9.543477119677845621e-13
1.352000000000000000e+03,2.348389231190179061e+00,1.269286448695516401e-04,1.930000000000000000e+02,5.770000000000000000e+02,0.000000000000000000e+00,1.455191522836685181e-11,5.208333333333333044e-03,1.687603993979576629e-05,0.000000000000000000e+00,-9.543477119677845621e-13
1.353000000000000000e+03,2.348262324644455834e+00,1.269065457176919091e-04,1.930000000000000000e+02,5.770000000000000000e+02,0.000000000000000000e+00,1.455191522836685181e-11,5.208333333333333044e-03,1.735080359663672810e-05,0.000000000000000000e+00,-9.601208716958353762e-13
1.354000000000000000e+03,2.348135440185742162e+00,1.268844587180495073e-04,1.930000000000000000e+02,5.770000000000000000e+02,0.000000000000000000e+00,1.455191522836685181e-11,5.208333333333333044e-03,1.719797658212790737e-05,0.000000000000000000e+00,-9.556799795973347500e-13
1.355000000000000000e+03,2.348008577801895758e+00,1.268623838499378031e-04,1.930000000000000000e+02,5.770000000000000000e+02,0.000000000000000000e+00,1.455191522836685181e-11,5.208333333333333044e-03,1.706149153726485804e-05,0.000000000000000000e+00,-9.521272659185342491e-13
1.356000000000000000e+03,2.347881737480798758e+00,1.268403210930032316e-04,1.930000000000000000e+02,5.770000000000000000e+02,0.000000000000000000e+00,1.455191522836685181e-11,5.208333333333333044e-03,1.744072277316392297e-05,0.000000000000000000e+00,-9.561240688071848126e-13
1.357000000000000000e+03,2.347754919210371938e+00,1.268182704272039093e-04,1.930000000000000000e+02,5.770000000000000000e+02,0.000000000000000000e+00,1.455191522836685181e-11,5.208333333333333044e-03,1.755945129634483697e-05,0.000000000000000000e+00,-9.556799795973347500e-13
1.358000000000000000e+03,2.347628122978539622e+00,1.267962318327896026e-04,1.930000000000000000e+02,5.770000000000000000e+02,0.000000000000000000e+00,1.455191522836685181e-11,5.208333333333333044e-03,1.735478057887109197e-05,0.000000000000000000e+00,-9.552358903874846874e-13
1.359000000000000000e+03,2.347501348773250562e+00,1.267742052902838122e-04,1.930000000000000000e+02,5.770000000000000000e+02,0.000000000000000000e+00,1.455191522836685181e-11,5.208333333333333044e-03,1.673872055821811158e-05,0.000000000000000000e+00,-9.539036227579344995e-13
1.360000000000000000e+03,2.347374596582470829e+00,1.267521907804674013e-04,1.930000000000000000e+02,5.770000000000000000e+02,0.000000000000000000e+00,1.455191522836685181e-11,5.208333333333333044e-03,1.712878790243089642e-05,0.000000000000000000e+00,-9.534595335480844369e-13
1.361000000000000000e+03,2.347247866394185145e+00,1.267301882843644464e-04,1.930000000000000000e+02,5.770000000000000000e+02,0.000000000000000000e+00,1.455191522836685181e-11,5.208333333333333044e-03,1.717758307546319170e-05,0.000000000000000000e+00,-9.547918011776346248e-13
1.362000000000000000e+03,2.347121158196403545e+00,1.267081977832276555e-04,1.930000000000000000e+02,5.770000000000000000e+02,0.000000000000000000e+00,1.455191522836685181e-11,5.208333333333333044e-03,1.714224963446215919e-05,0.000000000000000000e+00,-9.530154443382343743e-13
1.363000000000000000e+03,2.346994471977144503e+00,1.266862192585266583e-04,1.930000000000000000e+02,5.770000000000000000e+02,0.000000000000000000e+00,1.455191522836685181e-11,5.208333333333333044e-03,1.719449452159172134e-05,0.000000000000000000e+00,-9.534595335480844369e-13
1.364000000000000000e+03,2.346867807724452692e+00,1.266642526919361340e-04,1.930000000000000000e+02,5.770000000000000000e+02,0.000000000000000000e+00,1.455191522836685181e-11,5.208333333333333044e-03,1.763504158185882586e-05,0.000000000000000000e+00,-9.534595335480844369e-13
1.365000000000000000e+03,2.346741165426385667e+00,1.266422980653261353e-04,1.930000000000000000e+02,5.770000000000000000e+02,0.000000000000000000e+00,1.455191522836685181e-11,5.208333333333333044e-03,1.710695933064159985e-05,0.000000000000000000e+00,-9.552358903874846874e-13
1.366000000000000000e+03,2.346614545071025848e+00,1.266203553607511917e-04,1.930000000000000000e+02,5.770000000000000000e+02,0.000000000000000000e+00,1.455191522836685181e-11,5.208333333333333044e-03,1.731353390484297955e-05,0.000000000000000000e+00,-9.539036227579344995e-13
1.367000000000000000e+03,2.346487946646466316e+00,1.265984245604427746e-04,1.930000000000000000e+02,5.770000000000000000e+02,0.000000000000000000e+00,1.455191522836685181e-11,5.208333333333333044e-03,1.704942645217283581e-05,0.000000000000000000e+00,-9.530154443382343743e-13
1.368000000000000000e+03,2.346361370140818803e+00,1.265765056467999460e-04,1.930000000000000000e+02,5.770000000000000000e+02,0.000000000000000000e+00,1.455191522836685181e-11,5.208333333333333044e-03,1.725519556641502136e-05,0.000000000000000000e+00,-9.539036227579344995e-13
1.369000000000000000e+03,2.346234815542217245e+00,1.265545986023822839e-04,1.930000000000000000e+02,5.770000000000000000e+02,0.000000000000000000e+00,1.455191522836685181e-11,5.208333333333333044e-03,1.716301873308784316e-05,0.000000000000000000e+00,-9.530154443382343743e-13
1.370000000000000000e+03,2.346108282838805348e+00,1.265327034099027268e-04,1.930000000000000000e+02,5.770000000000000000e+02,0.000000000000000000e+00,1.455191522836685181e-11,5.208333333333333044e-03,1.720510328791408195e-05,0.000000000000000000e+00,-9.552358903874846874e-13
1.371000000000000000e+03,2.345981772018754352e+00,1.265108200522207431e-04,1.930000000000000000e+02,5.770000000000000000e+02,0.000000000000000000e+00,1.455191522836685181e-11,5.208333333333333044e-03,1.778880172886792519e-05,0.000000000000000000e+00,-9.539036227579344995e-13
1.372000000000000000e+03,2.345855283070242603e+00,1.264889485123366661e-04,1.930000000000000000e+02,5.770000000000000000e+02,0.000000000000000000e+00,1.455191522836685181e-11,5.208333333333333044e-03,1.696175651896896587e-05,0.000000000000000000e+00,-9.534595335480844369e-13
1.373000000000000000e+03,2.345728815981470650e+00,1.264670887733854599e-04,1.930000000000000000e+02,5.770000000000000000e+02,0.000000000000000000e+00,1.455191522836685181e-11,5.208333333333333044e-03,1.731103647422332098e-05,0.000000000000000000e+00,-9.516831767086841865e-13
1.374000000000000000e+03,2.345602370740651921e+00,1.264452408186312986e-04,1.930000000000000000e+02,5.770000000000000000e+02,0.000000000000000000e+00,1.455191522836685181e-11,5.208333333333333044e-03,1.732508519907541614e-05,0.000000000000000000e+00,-9.521272659185342491e-13
1.375000000000000000e+03,2.345475947336015832e+00,1.264234046314633103e-04,1.930000000000000000e+02,5.770000000000000000e+02,0.000000000000000000e+00,1.455191522836685181e-11,5.208333333333333044e-03,1.750832785474987506e-05,0.000000000000000000e+00,-9.565681580170348752e-13
1.376000000000000000e+03,2.345349545755822440e+00,1.264015801953906717e-04,1.930000000000000000e+02,5.770000000000000000e+02,0.000000000000000000e+00,1.455191522836685181e-11,5.208333333333333044e-03,1.702802956121205664e-05,0.000000000000000000e+00,-9.547918011776346248e-13
1.377000000000000000e+03,2.345223165988328695e+00,1.263797674940369967e-04,1.930000000000000000e+02,5.770000000000000000e+02,0.000000000000000000e+00,1.455191522836685181e-11,5.208333333333333044e-03,1.775342361070064281e-05,0.000000000000000000e+00,-9.543477119677845621e-13
1.378000000000000000e+03,2.345096808021817303e+00,1.263579665111379518e-04,1.930000000000000000e+02,5.770000000000000000e+02,0.000000000000000000e+00,1.455191522836685181e-11,5.208333333333333044e-03,1.713509006885242562e-05,0.000000000000000000e+00,-9.543477119677845621e-13
1.379000000000000000e+03,2.344970471844587401e+00,1.263361772305365664e-04,1.930000000000000000e+02,5.770000000000000000e+02,0.000000000000000000e+00,1.455191522836685181e-11,5.208333333333333044e-03,1.720957530517705364e-05,0.000000000000000000e+00,-9.539036227579344995e-13
1.380000000000000000e+03,2.344844157444947896e+00,1.263143996361796011e-04,1.930000000000000000e+02,5.770000000000000000e+02,0.000000000000000000e+00,1.455191522836685181e-11,5.208333333333333044e-03,1.693509253247756002e-05,0.000000000000000000e+00,-9.570122472268849378e-13
1.381000000000000000e+03,2.344717864505312388e+00,1.262929396370201455e-04,1.930000000000000000e+02,5.770000000000000000e+02,0.000000000000000000e+00,1.455191522836685181e-11,5.208333333333333044e-03,1.716753148919561097e-05,0.000000000000000000e+00,-9.556799795973347500e-13
1.382000000000000000e+03,2.344591592715071116e+00,1.262717902416495540e-04,1.930000000000000000e+02,5.770000000000000000e+02,0.000000000000000000e+00,1.455191522836685181e-11,5.208333333333333044e-03,1.735320002371206239e-05,0.000000000000000000e+00,-9.552358903874846874e-13
1.383000000000000000e+03,2.344465342066273106e+00,1.262506487974319363e-04,1.930000000000000000e+02,5.770000000000000000e+02,0.000000000000000000e+00,1.455191522836685181e-11,5.208333333333333044e-03,1.723414007703210794e-05,0.000000000000000000e+00,-9.556799795973347500e-13
1.384000000000000000e+03,2.344339112550030357e+00,1.262295162442489014e-04,1.930000000000000000e+02,5.770000000000000000e+02,0.000000000000000000e+00,1.455191522836685181e-11,5.208333333333333044e-03,1.707697667388883542e-05,0.000000000000000000e+00,-9.543477119677845621e-13
1.385000000000000000e+03,2.344212904157010335e+00,1.262083930187966202e-04,1.930000000000000000e+02,5.770000000000000000e+02,0.000000000000000000e+00,1.455191522836685181e-11,5.208333333333333044e-03,1.740688493528058414e-05,0.000000000000000000e+00,-9.556799795973347500e-13
1.386000000000000000e+03,2.344086716877622933e+00,1.261872793889997723e-04,1.930000000000000000e+02,5.770000000000000000e+02,0.000000000000000000e+00,1.455191522836685181e-11,5.208333333333333044e-03,1.708405702647284620e-05,0.000000000000000000e+00,-9.539036227579344995e-13
1.387000000000000000e+03,2.343960550702083534e+00,1.261661755391357018e-04,1.930000000000000000e+02,5.770000000000000000e+02,0.000000000000000000e+00,1.455191522836685181e-11,5.208333333333333044e-03,1.728412882807365904e-05,0.000000000000000000e+00,-9.543477119677845621e-13
1.388000000000000000e+03,2.343834405620478289e+00,1.261450816045395652e-04,1.930000000000000000e+02,5.770000000000000000e+02,0.000000000000000000e+00,1.455191522836685181e-11,5.208333333333333044e-03,1.685447504441600313e-05,0.000000000000000000e+00,-9.547918011776346248e-13
1.389000000000000000e+03,2.343708281622790324e+00,1.261239976889301268e-04,1.930000000000000000e+02,5.770000000000000000e+02,0.000000000000000000e+00,1.455191522836685181e-11,5.208333333333333044e-03,1.762450415609646755e-05,0.000000000000000000e+00,-9.539036227579344995e-13
1.390000000000000000e+03,2.343582178698916607e+00,1.261029238741901023e-04,1.930000000000000000e+02,5.770000000000000000e+02,0.000000000000000000e+00,1.455191522836685181e-11,5.208333333333333044e-03,1.755892263526775366e-05,0.000000000000000000e+00,-9.534595335480844369e-13
1.391000000000000000e+03,2.343456096838687497e+00,1.260818602263708498e-04,1.930000000000000000e+02,5.770000000000000000e+02,0.000000000000000000e+00,1.455191522836685181e-11,5.208333333333333044e-03,1.687708664641435560e-05,0.000000000000000000e+00,-9.561240688071848126e-13
1.392000000000000000e+03,2.343330036031888497e+00,1.260608067996140378e-04,1.930000000000000000e+02,5.770000000000000000e+02,0.000000000000000000e+00,1.455191522836685181e-11,5.208333333333333044e-03,1.740318181881816224e-05,0.000000000000000000e+00,-9.556799795973347500e-13
1.393000000000000000e+03,2.343203996268249600e+00,1.260397636388376473e-04,1.930000000000000000e+02,5.770000000000000000e+02,0.000000000000000000e+00,1.455191522836685181e-11,5.208333333333333044e-03,1.738279738965434014e-05,0.000000000000000000e+00,-9.556799795973347500e-13
1.394000000000000000e+03,2.343077977537467493e+00,1.260187307816460921e-04,1.930000000000000000e+02,5.770000000000000000e+02,0.000000000000000000e+00,1.455191522836685181e-11,5.208333333333333044e-03,1.727736665856484215e-05,0.000000000000000000e+00,-9.561240688071848126e-13
1.395000000000000000e+03,2.342951979829209108e+00,1.259977082597309270e-04,1.930000000000000000e+02,5.770000000000000000e+02,0.000000000000000000e+00,1.455191522836685181e-11,5.208333333333333044e-03,1.741182650368357422e-05,0.000000000000000000e+00,-9.547918011776346248e-13
1.396000000000000000e+03,2.342826003133108514e+00,1.259766960999245567e-04,1.930000000000000000e+02,5.770000000000000000e+02,0.000000000000000000e+00,1.455191522836685181e-11,5.208333333333333044e-03,1.688673603084831713e-05,0.000000000000000000e+00,-9.556799795973347500e-13
1.397000000000000000e+03,2.342700047438782462e+00,1.259556943250101616e-04,1.930000000000000000e+02,5.770000000000000000e+02,0.000000000000000000e+00,1.455191522836685181e-11,5.208333333333333044e-03,1.770670313517191239e-05,0.000000000000000000e+00,-9.565681580170348752e-13
1.398000000000000000e+03,2.342574112735829939e+00,1.259347029543561190e-04,1.930000000000000000e+02,5.770000000000000000e+02,0.000000000000000000e+00,1.455191522836685181e-11,5.208333333333333044e-03,1.709777106161641040e-05,0.000000000000000000e+00,-9.547918011776346248e-13
1.399000000000000000e+03,2.342448199013826837e+00,1.259137220044213498e-04,1.930000000000000000e+02,5.770000000000000000e+02,0.000000000000000000e+00,1.455191522836685181e-11,5.208333333333333044e-03,1.756211103320150539e-05,0.000000000000000000e+00,-9.534595335480844369e-13
1.400000000000000000e+03,2.342322306262336173e+00,1.258927514891613521e-04,1.930000000000000000e+02,5.770000000000000000e+02,0.000000000000000000e+00,1.455191522836685181e-11,5.208333333333333044e-03,1.718188577671830750e-05,0.000000000000000000e+00,-9.547918011776346248e-13
1.401000000000000000e+03,2.342196434470916966e+00,1.258717914203623248e-04,1.930000000000000000e+02,5.770000000000000000e+02,0.000000000000000000e+00,1.455191522836685181e-11,5.208333333333333044e-03,1.708402879778765890e-05,0.000000000000000000e+00,-9.539036227579344995e-13
1.402000000000000000e+03,2.342070583629110025e+00,1.258508418079156885e-04,1.930000000000000000e+02,5.770000000000000000e+02,0.000000000000000000e+00,1.455191522836685181e-11,5.208333333333333044e-03,1.755645458227454895e-05,0.000000000000000000e+00,-9.530154443382343743e-13
1.403000000000000000e+03,2.341944753726447725e+00,1.258299026600464719e-04,1.930000000000000000e+02,5.770000000000000000e+02,0.000000000000000000e+00,1.455191522836685181e-11,5.208333333333333044e-03,1.730966496062414089e-05,0.000000000000000000e+00,-9.552358903874846874e-13
1.404000000000000000e+03,2.341818944752465104e+00,1.258089739835077366e-04,1.930000000000000000e+02,5.770000000000000000e+02,0.000000000000000000e+00,1.455191522836685181e-11,5.208333333333333044e-03,1.715523688119156660e-05,0.000000000000000000e+00,-9.543477119677845621e-13
1.405000000000000000e+03,2.341693156696679878e+00,1.257880557837435327e-04,1.930000000000000000e+02,5.770000000000000000e+02,0.000000000000000000e+00,1.455191522836685181e-11,5.208333333333333044e-03,1.761753733313735666e-05,0.000000000000000000e+00,-9.556799795973347500e-13
1.406000000000000000e+03,2.341567389548615097e+00,1.257671480650286255e-04,1.930000000000000000e+02,5.770000000000000000e+02,0.000000000000000000e+00,1.455191522836685181e-11,5.208333333333333044e-03,1.723605468114739587e-05,0.000000000000000000e+00,-9.552358903874846874e-13
1.407000000000000000e+03,2.341441643297784481e+00,1.257462508305893839e-04,1.930000000000000000e+02,5.770000000000000000e+02,0.000000000000000000e+00,1.455191522836685181e-11,5.208333333333333044e-03,1.714180100026676303e-05,0.000000000000000000e+00,-9.552358903874846874e-13
1.408000000000000000e+03,2.341315917933703084e+00,1.257253640827081347e-04,1.930000000000000000e+02,5.770000000000000000e+02,0.000000000000000000e+00,1.455191522836685181e-11,5.208333333333333044e-03,1.711113581703220098e-05,0.000000000000000000e+00,-9.539036227579344995e-13
1.409000000000000000e+03,2.341190213445878854e+00,1.257044878228127450e-04,1.930000000000000000e+02,5.770000000000000000e+02,0.000000000000000000e+00,1.455191522836685181e-11,5.208333333333333044e-03,1.672697694938846480e-05,0.000000000000000000e+00,-9.556799795973347500e-13
1.410000000000000000e+03,2.341064529823829066e+00,1.256836220515577206e-04,1.930000000000000000e+02,5.770000000000000000e+02,0.000000000000000000e+00,1.455191522836685181e-11,5.208333333333333044e-03,1.743489441610907730e-05,0.000000000000000000e+00,-9.539036227579344995e-13
1.411000000000000000e+03,2.340938867057057227e+00,1.256627667688922938e-04,1.930000000000000000e+02,5.770000000000000000e+02,0.000000000000000000e+00,1.455191522836685181e-11,5.208333333333333044e-03,1.680847178506097845e-05,0.000000000000000000e+00,-9.565681580170348752e-13
1.412000000000000000e+03,2.340813225135086384e+00,1.256419219741231985e-04,1.930000000000000000e+02,5.770000000000000000e+02,0.000000000000000000e+00,1.455191522836685181e-11,5.208333333333333044e-03,1.747817412321547083e-05,0.000000000000000000e+00,-9.534595335480844369e-13
1.413000000000000000e+03,2.340687604047420489e+00,1.256210876659688807e-04,1.930000000000000000e+02,5.770000000000000000e+02,0.000000000000000000e+00,1.455191522836685181e-11,5.208333333333333044e-03,1.761565446981870866e-05,0.000000000000000000e+00,-9.534595335480844369e-13
1.414000000000000000e+03,2.340562003783576372e+00,1.256002638426079350e-04,1.930000000000000000e+02,5.770000000000000000e+02,0.000000000000000000e+00,1.455191522836685181e-11,5.208333333333333044e-03,1.702372715225577301e-05,0.000000000000000000e+00,-9.547918011776346248e-13
1.415000000000000000e+03,2.340436424333073973e+00,1.255794505017230418e-04,1.930000000000000000e+02,5.770000000000000000e+02,0.000000000000000000e+00,1.455191522836685181e-11,5.208333333333333044e-03,1.771677204899116214e-05,0.000000000000000000e+00,-9.556799795973347500e-13
1.416000000000000000e+03,2.340310865685433672e+00,1.255586476405398633e-04,1.930000000000000000e+02,5.770000000000000000e+02,0.000000000000000000e+00,1.455191522836685181e-11,5.208333333333333044e-03,1.723513170312264769e-05,0.000000000000000000e+00,-9.552358903874846874e-13
1.417000000000000000e+03,2.340185327830180739e+00,1.255378552558617379e-04,1.930000000000000000e+02,5.770000000000000000e+02,0.000000000000000000e+00,1.455191522836685181e-11,5.208333333333333044e-03,1.712955326810523089e-05,0.000000000000000000e+00,-9.521272659185342491e-13
1.418000000000000000e+03,2.340059810756837777e+00,1.255170733441013657e-04,1.930000000000000000e+02,5.770000000000000000e+02,0.000000000000000000e+00,1.455191522836685181e-11,5.208333333333333044e-03,1.713021803856095806e-05,0.000000000000000000e+00,-9.512390874988341238e-13
1.419000000000000000e+03,2.339934314454933606e+00,1.254963019013098928e-04,1.930000000000000000e+02,5.770000000000000000e+02,0.000000000000000000e+00,1.455191522836685181e-11,5.208333333333333044e-03,1.724999254471408188e-05,0.000000000000000000e+00,-9.539036227579344995e-13
1.420000000000000000e+03,2.339808838914008593e+00,1.254755409232022811e-04,1.930000000000000000e+02,5.770000000000000000e+02,0.000000000000000000e+00,1.455191522836685181e-11,5.208333333333333044e-03,1.754711897142335680e-05,0.000000000000000000e+00,-9.556799795973347500e-13
1.421000000000000000e+03,2.339683384123603105e+00,1.254547904051810797e-04,1.930000000000000000e+02,5.770000000000000000e+02,0.000000000000000000e+00,1.455191522836685181e-11,5.208333333333333044e-03,1.778629533797381916e-05,0.000000000000000000e+00,-9.561240688071848126e-13
1.422000000000000000e+03,2.339557950073263282e+00,1.254340503423580276e-04,1.930000000000000000e+02,5.770000000000000000e+02,0.000000000000000000e+00,1.455191522836685181e-11,5.208333333333333044e-03,1.684842973667543571e-05,0.000000000000000000e+00,-9.534595335480844369e-13
1.423000000000000000e+03,2.339432536752531711e+00,1.254133207295739488e-04,1.930000000000000000e+02,5.770000000000000000e+02,0.000000000000000000e+00,1.455191522836685181e-11,5.208333333333333044e-03,1.719076073784925725e-05,0.000000000000000000e+00,-9.556799795973347500e-13
1.424000000000000000e+03,2.339307144150970963e+00,1.253926015614160994e-04,1.930000000000000000e+02,5.770000000000000000e+02,0.000000000000000000e+00,1.455191522836685181e-11,5.208333333333333044e-03,1.712599305107541506e-05,0.000000000000000000e+00,-9.547918011776346248e-13
1.425000000000000000e+03,2.339181772258137393e+00,1.253718928322350001e-04,1.930000000000000000e+02,5.770000000000000000e+02,0.000000000000000000e+00,1.455191522836685181e-11,5.208333333333333044e-03,1.649788991536660517e-05,0.000000000000000000e+00,-9.561240688071848126e-13
1.426000000000000000e+03,2.339056421063602897e+00,1.253511945361598858e-04,1.930000000000000000e+02,5.770000000000000000e+02,0.000000000000000000e+00,1.455191522836685181e-11,5.208333333333333044e-03,1.705426217921565422e-05,0.000000000000000000e+00,-9.547918011776346248e-13
1.427000000000000000e+03,2.338931090556935821e+00,1.253305066671122313e-04,1.930000000000000000e+02,5.770000000000000000e+02,0.000000000000000000e+00,1.455191522836685181e-11,5.208333333333333044e-03,1.733266352108820768e-05,0.000000000000000000e+00,-9.547918011776346248e-13
1.428000000000000000e+03,2.338805780727715611e+00,1.253098292188187073e-04,1.930000000000000000e+02,5.770000000000000000e+02,0.000000000000000000e+00,1.455191522836685181e-11,5.208333333333333044e-03,1.675133890393024484e-05,0.000000000000000000e+00,-9.561240688071848126e-13
1.429000000000000000e+03,2.338680491565530151e+00,1.252891621848237029e-04,1.930000000000000000e+02,5.770000000000000000e+02,0.000000000000000000e+00,1.455191522836685181e-11,5.208333333333333044e-03,1.703801960445660977e-05,0.000000000000000000e+00,-9.565681580170348752e-13
1.430000000000000000e+03,2.338555223059974875e+00,1.252685055584992465e-04,1.930000000000000000e+02,5.770000000000000000e+02,0.000000000000000000e+00,1.455191522836685181e-11,5.208333333333333044e-03,1.748430219011737181e-05,0.000000000000000000e+00,-9.534595335480844369e-13
1.431000000000000000e+03,2.338429975200639888e+00,1.252478593330563620e-04,1.930000000000000000e+02,5.770000000000000000e+02,0.000000000000000000e+00,1.455191522836685181e-11,5.208333333333333044e-03,1.751563706785166236e-05,0.000000000000000000e+00,-9.552358903874846874e-13
1.432000000000000000e+03,2.338304747977138831e+00,1.252272235015537975e-04,1.930000000000000000e+02,5.770000000000000000e+02,0.000000000000000000e+00,1.455191522836685181e-11,5.208333333333333044e-03,1.708112678839219151e-05,0.000000000000000000e+00,-9.547918011776346248e-13
1.433000000000000000e+03,2.338179541379083126e+00,1.252065980569070237e-04,1.930000000000000000e+02,5.770000000000000000e+02,0.000000000000000000e+00,1.455191522836685181e-11,5.208333333333333044e-03,1.710999250020989813e-05,0.000000000000000000e+00,-9.534595335480844369e-13
1.434000000000000000e+03,2.338054355396090855e+00,1.251859829918967990e-04,1.930000000000000000e+02,5.770000000000000000e+02,0.000000000000000000e+00,1.455191522836685181e-11,5.208333333333333044e-03,1.697013553683283721e-05,0.000000000000000000e+00,-9.539036227579344995e-13
1.435000000000000000e+03,2.337929190017789871e+00,1.251653782991764068e-04,1.930000000000000000e+02,5.770000000000000000e+02,0.000000000000000000e+00,1.455191522836685181e-11,5.208333333333333044e-03,1.727609190581879311e-05,0.000000000000000000e+00,-9.556799795973347500e-13
1.436000000000000000e+03,2.337804045233820460e+00,1.251447839712789469e-04,1.930000000000000000e+02,5.770000000000000000e+02,0.000000000000000000e+00,1.455191522836685181e-11,5.208333333333333044e-03,1.719645812962733935e-05,0.000000000000000000e+00,-9.539036227579344995e-13
1.437000000000000000e+03,2.337678921033819801e+00,1.251242000006242468e-04,1.930000000000000000e+02,5.770000000000000000e+02,0.000000000000000000e+00,1.455191522836685181e-11,5.208333333333333044e-03,1.784461593097194001e-05,0.000000000000000000e+00,-9.539036227579344995e-13
1.438000000000000000e+03,2.337553817407441503e+00,1.251036263795246356e-04,1.930000000000000000e+02,5.770000000000000000e+02,0.000000000000000000e+00,1.455191522836685181e-11,5.208333333333333044e-03,1.683959723739041837e-05,0.000000000000000000e+00,-9.525713551283843117e-13
1.439000000000000000e+03,2.337428734344340064e+00,1.250830631001913673e-04,1.930000000000000000e+02,5.770000000000000000e+02,0.000000000000000000e+00,1.455191522836685181e-11,5.208333333333333044e-03,1.776912204770439671e-05,0.000000000000000000e+00,-9.539036227579344995e-13
1.440000000000000000e+03,2.337303671834185526e+00,1.250625101547396631e-04,1.930000000000000000e+02,5.770000000000000000e+02,0.000000000000000000e+00,1.455191522836685181e-11,5.208333333333333044e-03,1.714085815403709422e-05,0.000000000000000000e+00,-9.539036227579344995e-13
1.441000000000000000e+03,2.337178630032910487e+00,1.250418012750537653e-04,1.930000000000000000e+02,5.770000000000000000e+02,0.000000000000000000e+00,1.455191522836685181e-11,5.208333333333333044e-03,1.723191726372189206e-05,0.000000000000000000e+00,-9.539036227579344995e-13
1.442000000000000000e+03,2.337053609092662576e+00,1.250209402495885210e-04,1.930000000000000000e+02,5.770000000000000000e+02,0.000000000000000000e+00,1.455191522836685181e-11,5.208333333333333044e-03,1.753403085471631932e-05,0.000000000000000000e+00,-9.521272659185342491e-13
1.443000000000000000e+03,2.336928609001116541e+00,1.250000915432039823e-04,1.930000000000000000e+02,5.770000000000000000e+02,0.000000000000000000e+00,1.455191522836685181e-11,5.208333333333333044e-03,1.770691099819551311e-05,0.000000000000000000e+00,-9.547918011776346248e-13
1.444000000000000000e+03,2.336803629746490696e+00,1.249792546269656683e-04,1.930000000000000000e+02,5.770000000000000000e+02,0.000000000000000000e+00,1.455191522836685181e-11,5.208333333333333044e-03,1.772209374551067339e-05,0.000000000000000000e+00,-9.539036227579344995e-13
1.445000000000000000e+03,2.336678671317243605e+00,1.249584292461174563e-04,1.930000000000000000e+02,5.770000000000000000e+02,0.000000000000000000e+00,1.455191522836685181e-11,5.208333333333333044e-03,1.760305903378011312e-05,0.000000000000000000e+00,-9.547918011776346248e-13
1.446000000000000000e+03,2.336553733702005697e+00,1.249376152378508858e-04,1.930000000000000000e+02,5.770000000000000000e+02,0.000000000000000000e+00,1.455191522836685181e-11,5.208333333333333044e-03,1.778834881662740372e-05,0.000000000000000000e+00,-9.547918011776346248e-13
1.447000000000000000e+03,2.336428816889520643e+00,1.249168124849195480e-04,1.930000000000000000e+02,5.770000000000000000e+02,0.000000000000000000e+00,1.455191522836685181e-11,5.208333333333333044e-03,1.706770737063082475e-05,0.000000000000000000e+00,-9.547918011776346248e-13
1.448000000000000000e+03,2.336303920868627149e+00,1.248960208967299216e-04,1.930000000000000000e+02,5.770000000000000000e+02,0.000000000000000000e+00,1.455191522836685181e-11,5.208333333333333044e-03,1.717056551480534329e-05,0.000000000000000000e+00,-9.516831767086841865e-13
1.449000000000000000e+03,2.336179045628227868e+00,1.248752403999010623e-04,1.930000000000000000e+02,5.770000000000000000e+02,0.000000000000000000e+00,1.455191522836685181e-11,5.208333333333333044e-03,1.709698338690740738e-05,0.000000000000000000e+00,-9.512390874988341238e-13
1.450000000000000000e+03,2.336054191157292959e+00,1.248544709329375650e-04,1.930000000000000000e+02,5.770000000000000000e+02,0.000000000000000000e+00,1.455191522836685181e-11,5.208333333333333044e-03,1.739741828389321574e-05,0.000000000000000000e+00,-9.530154443382343743e-13
1.451000000000000000e+03,2.335929357444851195e+00,1.248337124429587969e-04,1.930000000000000000e+02,5.770000000000000000e+02,0.000000000000000000e+00,1.455191522836685181e-11,5.208333333333333044e-03,1.686649005006425625e-05,0.000000000000000000e+00,-9.521272659185342491e-13
1.452000000000000000e+03,2.335804544479964662e+00,1.248129648835638323e-04,1.930000000000000000e+02,5.770000000000000000e+02,0.000000000000000000e+00,1.455191522836685181e-11,5.208333333333333044e-03,1.726675169125913088e-05,0.000000000000000000e+00,-9.547918011776346248e-13
1.453000000000000000e+03,2.335679752251752284e+00,1.247922282133688912e-04,1.930000000000000000e+02,5.770000000000000000e+02,0.000000000000000000e+00,1.455191522836685181e-11,5.208333333333333044e-03,1.675467999155893652e-05,0.000000000000000000e+00,-9.539036227579344995e-13
1.454000000000000000e+03,2.335554980749360077e+00,1.247715023949684293e-04,1.930000000000000000e+02,5.770000000000000000e+02,0.000000000000000000e+00,1.455191522836685181e-11,5.208333333333333044e-03,1.762607988398016840e-05,0.000000000000000000e+00,-9.512390874988341238e-13
1.455000000000000000e+03,2.335430229961963811e+00,1.247507873941732968e-04,1.930000000000000000e+02,5.770000000000000000e+02,0.000000000000000000e+00,1.455191522836685181e-11,5.208333333333333044e-03,1.762542595366400127e-05,0.000000000000000000e+00,-9.530154443382343743e-13
1.456000000000000000e+03,2.335305499878784108e+00,1.247300831794373574e-04,1.930000000000000000e+02,5.770000000000000000e+02,0.000000000000000000e+00,1.455191522836685181e-11,5.208333333333333044e-03,1.688826823941727578e-05,0.000000000000000000e+00,-9.534595335480844369e-13
1.457000000000000000e+03,2.335180790489060687e+00,1.247093897214181430e-04,1.930000000000000000e+02,5.770000000000000000e+02,0.000000000000000000e+00,1.455191522836685181e-11,5.208333333333333044e-03,1.701012756056965593e-05,0.000000000000000000e+00,-9.556799795973347500e-13
1.458000000000000000e+03,2.335056101782069682e+00,1.246887069926314539e-04,1.930000000000000000e+02,5.770000000000000000e+02,0.000000000000000000e+00,1.455191522836685181e-11,5.208333333333333044e-03,1.721791137427884145e-05,0.000000000000000000e+00,-9.539036227579344995e-13
1.459000000000000000e+03,2.334931433747100105e+00,1.246680349671784919e-04,1.930000000000000000e+02,5.770000000000000000e+02,0.000000000000000000e+00,1.455191522836685181e-11,5.208333333333333044e-03,1.697292253899564484e-05,0.000000000000000000e+00,-9.561240688071848126e-13
1.460000000000000000e+03,2.334806786373483600e+00,1.246473736205241955e-04,1.930000000000000000e+02,5.770000000000000000e+02,0.000000000000000000e+00,1.455191522836685181e-11,5.208333333333333044e-03,1.746229884124091396e-05,0.000000000000000000e+00,-9.521272659185342491e-13
1.461000000000000000e+03,2.334682159650555811e+00,1.246267229293171539e-04,1.930000000000000000e+02,5.770000000000000000e+02,0.000000000000000000e+00,1.455191522836685181e-11,5.208333333333333044e-03,1.714389735627669986e-05,0.000000000000000000e+00,-9.507949982889840612e-13
1.462000000000000000e+03,2.334557553567680799e+00,1.246060828712411525e-04,1.930000000000000000e+02,5.770000000000000000e+02,0.000000000000000000e+00,1.455191522836685181e-11,5.208333333333333044e-03,1.752900460402782967e-05,0.000000000000000000e+00,-9.543477119677845621e-13
1.463000000000000000e+03,2.334432968114255491e+00,1.245854534248903270e-04,1.930000000000000000e+02,5.770000000000000000e+02,0.000000000000000000e+00,1.455191522836685181e-11,5.208333333333333044e-03,1.728677925846692454e-05,0.000000000000000000e+00,-9.547918011776346248e-13
1.464000000000000000e+03,2.334308403279687028e+00,1.245648345696661371e-04,1.930000000000000000e+02,5.770000000000000000e+02,0.000000000000000000e+00,1.455191522836685181e-11,5.208333333333333044e-03,1.697700871530823000e-05,0.000000000000000000e+00,-9.539036227579344995e-13
1.465000000000000000e+03,2.334183859053400756e+00,1.245442262856879471e-04,1.930000000000000000e+02,5.770000000000000000e+02,0.000000000000000000e+00,1.455191522836685181e-11,5.208333333333333044e-03,1.735550208253726774e-05,0.000000000000000000e+00,-9.543477119677845621e-13
1.466000000000000000e+03,2.334059335424847781e+00,1.245236285537178092e-04,1.930000000000000000e+02,5.770000000000000000e+02,0.000000000000000000e+00,1.455191522836685181e-11,5.208333333333333044e-03,1.741637452007044744e-05,0.000000000000000000e+00,-9.534595335480844369e-13
1.467000000000000000e+03,2.333934832383492974e+00,1.245030413550961973e-04,1.930000000000000000e+02,5.770000000000000000e+02,0.000000000000000000e+00,1.455191522836685181e-11,5.208333333333333044e-03,1.769172656433996998e-05,0.000000000000000000e+00,-9.530154443382343743e-13
1.468000000000000000e+03,2.333810349918819416e+00,1.244824646716851410e-04,1.930000000000000000e+02,5.770000000000000000e+02,0.000000000000000000e+00,1.455191522836685181e-11,5.208333333333333044e-03,1.730779829583928257e-05,0.000000000000000000e+00,-9.552358903874846874e-13
1.469000000000000000e+03,2.333685888020333721e+00,1.244618984858201138e-04,1.930000000000000000e+02,5.770000000000000000e+02,0.000000000000000000e+00,1.455191522836685181e-11,5.208333333333333044e-03,1.674411674201477170e-05,0.000000000000000000e+00,-9.547918011776346248e-13
1.470000000000000000e+03,2.333561446677554052e+00,1.244413427802673155e-04,1.930000000000000000e+02,5.770000000000000000e+02,0.000000000000000000e+00,1.455191522836685181e-11,5.208333333333333044e-03,1.668875824723377944e-05,0.000000000000000000e+00,-9.543477119677845621e-13
1.471000000000000000e+03,2.333437025880016780e+00,1.244207975381859965e-04,1.930000000000000000e+02,5.770000000000000000e+02,0.000000000000000000e+00,1.455191522836685181e-11,5.208333333333333044e-03,1.709551512338027625e-05,0.000000000000000000e+00,-9.534595335480844369e-13
1.472000000000000000e+03,2.333312625617274705e+00,1.244002627430957958e-04,1.930000000000000000e+02,5.770000000000000000e+02,0.000000000000000000e+00,1.455191522836685181e-11,5.208333333333333044e-03,1.723083975208476306e-05,0.000000000000000000e+00,-9.525713551283843117e-13
1.473000000000000000e+03,2.333188245878895728e+00,1.243797383788477931e-04,1.930000000000000000e+02,5.770000000000000000e+02,0.000000000000000000e+00,1.455191522836685181e-11,5.208333333333333044e-03,1.717509095708221579e-05,0.000000000000000000e+00,-9.525713551283843117e-13
1.474000000000000000e+03,2.333063886654466401e+00,1.243592244295978373e-04,1.930000000000000000e+02,5.770000000000000000e+02,0.000000000000000000e+00,1.455191522836685181e-11,5.208333333333333044e-03,1.734983084380081509e-05,0.000000000000000000e+00,-9.521272659185342491e-13
1.475000000000000000e+03,2.332939547933583935e+00,1.243387208797837784e-04,1.930000000000000000e+02,5.770000000000000000e+02,0.000000000000000000e+00,1.455191522836685181e-11,5.208333333333333044e-03,1.770246334906937650e-05,0.000000000000000000e+00,-9.547918011776346248e-13
1.476000000000000000e+03,2.332815229705873961e+00,1.243182277141052468e-04,1.930000000000000000e+02,5.770000000000000000e+02,0.000000000000000000e+00,1.455191522836685181e-11,5.208333333333333044e-03,1.706399363674916317e-05,0.000000000000000000e+00,-9.507949982889840612e-13
1.477000000000000000e+03,2.332690931960954117e+00,1.242977449175037587e-04,1.930000000000000000e+02,5.770000000000000000e+02,0.000000000000000000e+00,1.455191522836685181e-11,5.208333333333333044e-03,1.706927423849270226e-05,0.000000000000000000e+00,-9.530154443382343743e-13
1.478000000000000000e+03,2.332566654688479346e+00,1.242772724751475637e-04,1.930000000000000000e+02,5.770000000000000000e+02,0.000000000000000000e+00,1.455191522836685181e-11,5.208333333333333044e-03,1.686712435356709574e-05,0.000000000000000000e+00,-9.530154443382343743e-13
1.479000000000000000e+03,2.332442397878107698e+00,1.242568103724151656e-04,1.930000000000000000e+02,5.770000000000000000e+02,0.000000000000000000e+00,1.455191522836685181e-11,5.208333333333333044e-03,1.705857280757481833e-05,0.000000000000000000e+00,-9.521272659185342491e-13
1.480000000000000000e+03,2.332318161519513655e+00,1.242363585948821761e-04,1.930000000000000000e+02,5.770000000000000000e+02,0.000000000000000000e+00,1.455191522836685181e-11,5.208333333333333044e-03,1.689641584406641840e-05,0.000000000000000000e+00,-9.512390874988341238e-13
1.481000000000000000e+03,2.332193945602389018e+00,1.242159171283091718e-04,1.930000000000000000e+02,5.770000000000000000e+02,0.000000000000000000e+00,1.455191522836685181e-11,5.208333333333333044e-03,1.673454263276270075e-05,0.000000000000000000e+00,-9.476863738200336229e-13
1.482000000000000000e+03,2.332069750116423368e+00,1.241954859586296865e-04,1.930000000000000000e+02,5.770000000000000000e+02,0.000000000000000000e+00,1.455191522836685181e-11,5.208333333333333044e-03,1.702779076520685996e-05,0.000000000000000000e+00,-9.543477119677845621e-13
1.483000000000000000e+03,2.331945575051353359e+00,1.241750650719401826e-04,1.930000000000000000e+02,5.770000000000000000e+02,0.000000000000000000e+00,1.455191522836685181e-11,5.208333333333333044e-03,1.696655376592879301e-05,0.000000000000000000e+00,-9.525713551283843117e-13
1.484000000000000000e+03,2.331821420396898770e+00,1.241546544544906998e-04,1.930000000000000000e+02,5.770000000000000000e+02,0.000000000000000000e+00,1.455191522836685181e-11,5.208333333333333044e-03,1.723772829758485231e-05,0.000000000000000000e+00,-9.525713551283843117e-13
1.485000000000000000e+03,2.331697286142806469e+00,1.241342540926760457e-04,1.930000000000000000e+02,5.770000000000000000e+02,0.000000000000000000e+00,1.455191522836685181e-11,5.208333333333333044e-03,1.756907075179991372e-05,0.000000000000000000e+00,-9.521272659185342491e-13
1.486000000000000000e+03,2.331573172278834871e+00,1.241138639730283153e-04,1.930000000000000000e+02,5.770000000000000000e+02,0.000000000000000000e+00,1.455191522836685181e-11,5.208333333333333044e-03,1.697583539152744774e-05,0.000000000000000000e+00,-9.507949982889840612e-13
1.487000000000000000e+03,2.331449078794751717e+00,1.240934840822085963e-04,1.930000000000000000e+02,5.770000000000000000e+02,0.000000000000000000e+00,1.455191522836685181e-11,5.208333333333333044e-03,1.742938049148231412e-05,0.000000000000000000e+00,-9.516831767086841865e-13
1.488000000000000000e+03,2.331325005680346951e+00,1.240731144070011960e-04,1.930000000000000000e+02,5.770000000000000000e+02,0.000000000000000000e+00,1.455191522836685181e-11,5.208333333333333044e-03,1.710156918544741234e-05,0.000000000000000000e+00,-9.494627306594338734e-13
1.489000000000000000e+03,2.331200952925411851e+00,1.240527549343069193e-04,1.930000000000000000e+02,5.770000000000000000e+02,0.000000000000000000e+00,1.455191522836685181e-11,5.208333333333333044e-03,1.683489917020544076e-05,0.000000000000000000e+00,-9.503509090791339986e-13
1.490000000000000000e+03,2.331076920519761231e+00,1.240324056511378373e-04,1.930000000000000000e+02,5.770000000000000000e+02,0.000000000000000000e+00,1.455191522836685181e-11,5.208333333333333044e-03,1.714819722325348157e-05,0.000000000000000000e+00,-9.499068198692839360e-13
1.491000000000000000e+03,2.330952908453216565e+00,1.240120665446111888e-04,1.930000000000000000e+02,5.770000000000000000e+02,0.000000000000000000e+00,1.455191522836685181e-11,5.208333333333333044e-03,1.661924249853889661e-05,0.000000000000000000e+00,-9.499068198692839360e-13
1.492000000000000000e+03,2.330828916715613985e+00,1.239917376019451518e-04,1.930000000000000000e+02,5.770000000000000000e+02,0.000000000000000000e+00,1.455191522836685181e-11,5.208333333333333044e-03,1.670214063091544180e-05,0.000000000000000000e+00,-9.503509090791339986e-13
1.493000000000000000e+03,2.330704945296802499e+00,1.239714188104539103e-04,1.930000000000000000e+02,5.770000000000000000e+02,0.000000000000000000e+00,1.455191522836685181e-11,5.208333333333333044e-03,1.672420975747475395e-05,0.000000000000000000e+00,-9.516831767086841865e-13
1.494000000000000000e+03,2.330580994186643107e+00,1.239511101575435344e-04,1.930000000000000000e+02,5.770000000000000000e+02,0.000000000000000000e+00,1.455191522836685181e-11,5.208333333333333044e-03,1.701383061249545851e-05,0.000000000000000000e+00,-9.534595335480844369e-13
1.495000000000000000e+03,2.330457063375014126e+00,1.239308116307081859e-04,1.930000000000000000e+02,5.770000000000000000e+02,0.000000000000000000e+00,1.455191522836685181e-11,5.208333333333333044e-03,1.715083976622136763e-05,0.000000000000000000e+00,-9.516831767086841865e-13
1.496000000000000000e+03,2.330333152851797429e+00,1.239105232175259435e-04,1.930000000000000000e+02,5.770000000000000000e+02,0.000000000000000000e+00,1.455191522836685181e-11,5.208333333333333044e-03,1.708417807779976749e-05,0.000000000000000000e+00,-9.507949982889840612e-13
1.497000000000000000e+03,2.330209262606891318e+00,1.238902449056557406e-04,1.930000000000000000e+02,5.770000000000000000e+02,0.000000000000000000e+00,1.455191522836685181e-11,5.208333333333333044e-03,1.718118702072852442e-05,0.000000000000000000e+00,-9.512390874988341238e-13
1.498000000000000000e+03,2.330085392630206975e+00,1.238699766828341121e-04,1.930000000000000000e+02,5.770000000000000000e+02,0.000000000000000000e+00,1.455191522836685181e-11,5.208333333333333044e-03,1.693353066588262391e-05,0.000000000000000000e+00,-9.530154443382343743e-13
1.499000000000000000e+03,2.329961542911672900e+00,1.238497185368722133e-04,1.930000000000000000e+02,5.770000000000000000e+02,0.000000000000000000e+00,1.455191522836685181e-11,5.208333333333333044e-03,1.712651517892522431e-05,0.000000000000000000e+00,-9.499068198692839360e-13
1.500000000000000000e+03,2.329837713441214930e+00,1.238294704556528109e-04,1.930000000000000000e+02,5.770000000000000000e+02,0.000000000000000000e+00,1.455191522836685181e-11,5.208333333333333044e-03,1.709478142799932001e-05,0.000000000000000000e+00,-9.521272659185342491e-13
1.501000000000000000e+03,2.329713904155585880e+00,1.238092856292968597e-04,1.930000000000000000e+02,5.770000000000000000e+02,0.000000000000000000e+00,1.455191522836685181e-11,5.208333333333333044e-03,1.767616345351963496e-05,0.000000000000000000e+00,-9.521272659185342491e-13
1.502000000000000000e+03,2.329590114992757144e+00,1.237891628292097680e-04,1.930000000000000000e+02,5.770000000000000000e+02,0.000000000000000000e+00,1.455191522836685181e-11,5.208333333333333044e-03,1.734218212745561121e-05,0.000000000000000000e+00,-9.516831767086841865e-13
1.503000000000000000e+03,2.329466345943342453e+00,1.237690494132417007e-04,1.930000000000000000e+02,5.770000000000000000e+02,0.000000000000000000e+00,1.455191522836685181e-11,5.208333333333333044e-03,1.706697879298907144e-05,0.000000000000000000e+00,-9.530154443382343743e-13
1.504000000000000000e+03,2.329342596997808545e+00,1.237489455366076101e-04,1.930000000000000000e+02,5.770000000000000000e+02,0.000000000000000000e+00,1.455191522836685181e-11,5.208333333333333044e-03,1.712214612791480159e-05,0.000000000000000000e+00,-9.503509090791339986e-13
1.505000000000000000e+03,2.329218868146541332e+00,1.237288512665898302e-04,1.930000000000000000e+02,5.770000000000000000e+02,0.000000000000000000e+00,1.455191522836685181e-11,5.208333333333333044e-03,1.733825709827048101e-05,0.000000000000000000e+00,-9.507949982889840612e-13
1.506000000000000000e+03,2.329095159379900526e+00,1.237087666410054143e-04,1.930000000000000000e+02,5.770000000000000000e+02,0.000000000000000000e+00,1.455191522836685181e-11,5.208333333333333044e-03,1.712456444612655806e-05,0.000000000000000000e+00,-9.507949982889840612e-13
1.507000000000000000e+03,2.328971470688219192e+00,1.236886916830882456e-04,1.930000000000000000e+02,5.770000000000000000e+02,0.000000000000000000e+00,1.455191522836685181e-11,5.208333333333333044e-03,1.758485599449919316e-05,0.000000000000000000e+00,-9.490186414495838108e-13
1.508000000000000000e+03,2.328847802061807304e+00,1.236686264075549050e-04,1.930000000000000000e+02,5.770000000000000000e+02,0.000000000000000000e+00,1.455191522836685181e-11,5.208333333333333044e-03,1.755163016878699014e-05,0.000000000000000000e+00,-9.534595335480844369e-13
1.509000000000000000e+03,2.328724153490985049e+00,1.236485708236337148e-04,1.930000000000000000e+02,5.770000000000000000e+02,0.000000000000000000e+00,1.455191522836685181e-11,5.208333333333333044e-03,1.733836123207806241e-05,0.000000000000000000e+00,-9.521272659185342491e-13
1.510000000000000000e+03,2.328600524966047303e+00,1.236285249367726012e-04,1.930000000000000000e+02,5.770000000000000000e+02,0.000000000000000000e+00,1.455191522836685181e-11,5.208333333333333044e-03,1.676494828376125912e-05,0.000000000000000000e+00,-9.530154443382343743e-13
1.511000000000000000e+03,2.328476916477300040e+00,1.236084887496884121e-04,1.930000000000000000e+02,5.770000000000000000e+02,0.000000000000000000e+00,1.455191522836685181e-11,5.208333333333333044e-03,1.672967890718242710e-05,0.000000000000000000e+00,-9.503509090791339986e-13
1.512000000000000000e+03,2.328353328015036805e+00,1.235884622630514557e-04,1.930000000000000000e+02,5.770000000000000000e+02,0.000000000000000000e+00,1.455191522836685181e-11,5.208333333333333044e-03,1.679127625920654308e-05,0.000000000000000000e+00,-9.507949982889840612e-13
1.513000000000000000e+03,2.328229759569560908e+00,1.235684454759537396e-04,1.930000000000000000e+02,5.770000000000000000e+02,0.000000000000000000e+00,1.455191522836685181e-11,5.208333333333333044e-03,1.707808444181411450e-05,0.000000000000000000e+00,-9.507949982889840612e-13
1.514000000000000000e+03,2.328106211131175218e+00,1.235484383862427160e-04,1.930000000000000000e+02,5.770000000000000000e+02,0.000000000000000000e+00,1.455191522836685181e-11,5.208333333333333044e-03,1.769018220560452168e-05,0.000000000000000000e+00,-9.499068198692839360e-13
1.515000000000000000e+03,2.327982682690185712e+00,1.235284409907644679e-04,1.930000000000000000e+02,5.770000000000000000e+02,0.000000000000000000e+00,1.455191522836685181e-11,5.208333333333333044e-03,1.702174789510444404e-05,0.000000000000000000e+00,-9.490186414495838108e-13
1.516000000000000000e+03,2.327859174236898365e+00,1.235084532855478608e-04,1.930000000000000000e+02,5.770000000000000000e+02,0.000000000000000000e+00,1.455191522836685181e-11,5.208333333333333044e-03,1.737206193916028169e-05,0.000000000000000000e+00,-9.507949982889840612e-13
1.517000000000000000e+03,2.327735685761629369e+00,1.234884752659444593e-04,1.930000000000000000e+02,5.770000000000000000e+02,0.000000000000000000e+00,1.455191522836685181e-11,5.208333333333333044e-03,1.756443400676584212e-05,0.000000000000000000e+00,-9.539036227579344995e-13
1.518000000000000000e+03,2.327612217254700688e+00,1.234685069267399014e-04,1.930000000000000000e+02,5.770000000000000000e+02,0.000000000000000000e+00,1.455191522836685181e-11,5.208333333333333044e-03,1.705754302503853265e-05,0.000000000000000000e+00,-9.556799795973347500e-13
1.519000000000000000e+03,2.327488768706441391e+00,1.234485482622400387e-04,1.930000000000000000e+02,5.770000000000000000e+02,0.000000000000000000e+00,1.455191522836685181e-11,5.208333333333333044e-03,1.737877879470823929e-05,0.000000000000000000e+00,-9.525713551283843117e-13
1.520000000000000000e+03,2.327365340107174774e+00,1.234285992663427644e-04,1.930000000000000000e+02,5.770000000000000000e+02,0.000000000000000000e+00,1.455191522836685181e-11,5.208333333333333044e-03,1.700414062832898755e-05,0.000000000000000000e+00,-9.530154443382343743e-13
1.521000000000000000e+03,2.327241931447244117e+00,1.234086599325943652e-04,1.930000000000000000e+02,5.770000000000000000e+02,0.000000000000000000e+00,1.455191522836685181e-11,5.208333333333333044e-03,1.749670153620586647e-05,0.000000000000000000e+00,-9.512390874988341238e-13
1.522000000000000000e+03,2.327118542716990923e+00,1.233887302542378763e-04,1.930000000000000000e+02,5.770000000000000000e+02,0.000000000000000000e+00,1.455191522836685181e-11,5.208333333333333044e-03,1.701301620995073459e-05,0.000000000000000000e+00,-9.499068198692839360e-13
1.523000000000000000e+03,2.326995173906763803e+00,1.233688102242523567e-04,1.930000000000000000e+02,5.770000000000000000e+02,0.000000000000000000e+00,1.455191522836685181e-11,5.208333333333333044e-03,1.744768865781000456e-05,0.000000000000000000e+00,-9.530154443382343743e-13
1.524000000000000000e+03,2.326871825006930905e+00,1.233488998353853071e-04,1.930000000000000000e+02,5.770000000000000000e+02,0.000000000000000000e+00,1.455191522836685181e-11,5.208333333333333044e-03,1.724785727923386770e-05,0.000000000000000000e+00,-9.503509090791339986e-13
1.525000000000000000e+03,2.326748496007850164e+00,1.233289990801820243e-04,1.930000000000000000e+02,5.770000000000000000e+02,0.000000000000000000e+00,1.455191522836685181e-11,5.208333333333333044e-03,1.698017379990570777e-05,0.000000000000000000e+00,-9.507949982889840612e-13
1.526000000000000000e+03,2.326625186899893283e+00,1.233091079510083158e-04,1.930000000000000000e+02,5.770000000000000000e+02,0.000000000000000000e+00,1.455191522836685181e-11,5.208333333333333044e-03,1.691682841207939463e-05,0.000000000000000000e+00,-9.565681580170348752e-13
1.527000000000000000e+03,2.326501897673459052e+00,1.232892264400721016e-04,1.930000000000000000e+02,5.770000000000000000e+02,0.000000000000000000e+00,1.455191522836685181e-11,5.208333333333333044e-03,1.702484905401042305e-05,0.000000000000000000e+00,-9.507949982889840612e-13
1.528000000000000000e+03,2.326378628318920061e+00,1.232693545394402475e-04,1.930000000000000000e+02,5.770000000000000000e+02,0.000000000000000000e+00,1.455191522836685181e-11,5.208333333333333044e-03,1.690869398628718016e-05,0.000000000000000000e+00,-9.503509090791339986e-13
1.529000000000000000e+03,2.326255378826679987e+00,1.232494922410548545e-04,1.930000000000000000e+02,5.770000000000000000e+02,0.000000000000000000e+00,1.455191522836685181e-11,5.208333333333333044e-03,1.726781120918424362e-05,0.000000000000000000e+00,-9.494627306594338734e-13
1.530000000000000000e+03,2.326132149187138509e+00,1.232296395367457815e-04,1.930000000000000000e+02,5.770000000000000000e+02,0.000000000000000000e+00,1.455191522836685181e-11,5.208333333333333044e-03,1.687883158308148201e-05,0.000000000000000000e+00,-9.543477119677845621e-13
1.531000000000000000e+03,2.326008939390723285e+00,1.232097964182432765e-04,1.930000000000000000e+02,5.770000000000000000e+02,0.000000000000000000e+00,1.455191522836685181e-11,5.208333333333333044e-03,1.739675750704174363e-05,0.000000000000000000e+00,-9.512390874988341238e-13
1.532000000000000000e+03,2.325885749427844207e+00,1.231899628771875174e-04,1.930000000000000000e+02,5.770000000000000000e+02,0.000000000000000000e+00,1.455191522836685181e-11,5.208333333333333044e-03,1.689138304648707812e-05,0.000000000000000000e+00,-9.530154443382343743e-13
1.533000000000000000e+03,2.325762579288939147e+00,1.231701389051388033e-04,1.930000000000000000e+02,5.770000000000000000e+02,0.000000000000000000e+00,1.455191522836685181e-11,5.208333333333333044e-03,1.674104644152806036e-05,0.000000000000000000e+00,-9.530154443382343743e-13
1.534000000000000000e+03,2.325639428964446864e+00,1.231503244935845480e-04,1.930000000000000000e+02,5.770000000000000000e+02,0.000000000000000000e+00,1.455191522836685181e-11,5.208333333333333044e-03,1.736495818037348657e-05,0.000000000000000000e+00,-9.516831767086841865e-13
1.535000000000000000e+03,2.325516298444811891e+00,1.231305196339475740e-04,1.930000000000000000e+02,5.770000000000000000e+02,0.000000000000000000e+00,1.455191522836685181e-11,5.208333333333333044e-03,1.697999829197889893e-05,0.000000000000000000e+00,-9.525713551283843117e-13
1.536000000000000000e+03,2.325393187720498300e+00,1.231107243175915875e-04,1.930000000000000000e+02,5.770000000000000000e+02,0.000000000000000000e+00,1.455191522836685181e-11,5.208333333333333044e-03,1.750713616425759707e-05,0.000000000000000000e+00,-9.485745522397337481e-13
1.537000000000000000e+03,2.325270096781961282e+00,1.230909385358281447e-04,1.930000000000000000e+02,5.770000000000000000e+02,0.000000000000000000e+00,1.455191522836685181e-11,5.208333333333333044e-03,1.697243319251804327e-05,0.000000000000000000e+00,-9.499068198692839360e-13
1.538000000000000000e+03,2.325147025619677343e+00,1.230711622799205275e-04,1.930000000000000000e+02,5.770000000000000000e+02,0.000000000000000000e+00,1.455191522836685181e-11,5.208333333333333044e-03,1.716576066652894357e-05,0.000000000000000000e+00,-9.539036227579344995e-13
1.539000000000000000e+03,2.325023974224136314e+00,1.230513955410897072e-04,1.930000000000000000e+02,5.770000000000000000e+02,0.000000000000000000e+00,1.455191522836685181e-11,5.208333333333333044e-03,1.709914232950402106e-05,0.000000000000000000e+00,-9.539036227579344995e-13
1.540000000000000000e+03,2.324900942585826691e+00,1.230316383105178131e-04,1.930000000000000000e+02,5.770000000000000000e+02,0.000000000000000000e+00,1.455191522836685181e-11,5.208333333333333044e-03,1.721439546310899455e-05,0.000000000000000000e+00,-9.530154443382343743e-13
1.541000000000000000e+03,2.324777930695249406e+00,1.230118905793520906e-04,1.930000000000000000e+02,5.770000000000000000e+02,0.000000000000000000e+00,1.455191522836685181e-11,5.208333333333333044e-03,1.684174286761071817e-05,0.000000000000000000e+00,-9.507949982889840612e-13
1.542000000000000000e+03,2.324654938542913385e+00,1.229921523387086414e-04,1.930000000000000000e+02,5.770000000000000000e+02,0.000000000000000000e+00,1.455191522836685181e-11,5.208333333333333044e-03,1.712907771249087981e-05,0.000000000000000000e+00,-9.481304630298836855e-13
1.543000000000000000e+03,2.324531966119330217e+00,1.229724235796755133e-04,1.930000000000000000e+02,5.770000000000000000e+02,0.000000000000000000e+00,1.455191522836685181e-11,5.208333333333333044e-03,1.754838469400607677e-05,0.000000000000000000e+00,-9.516831767086841865e-13
1.544000000000000000e+03,2.324409013415036807e+00,1.229527042933153025e-04,1.930000000000000000e+02,5.770000000000000000e+02,0.000000000000000000e+00,1.455191522836685181e-11,5.208333333333333044e-03,1.717881598480914106e-05,0.000000000000000000e+00,-9.516831767086841865e-13
1.545000000000000000e+03,2.324286080420569167e+00,1.229329944706681894e-04,1.930000000000000000e+02,5.770000000000000000e+02,0.000000000000000000e+00,1.455191522836685181e-11,5.208333333333333044e-03,1.703582203251961479e-05,0.000000000000000000e+00,-9.490186414495838108e-13
1.546000000000000000e+03,2.324163167126464202e+00,1.229132941027540797e-04,1.930000000000000000e+02,5.770000000000000000e+02,0.000000000000000000e+00,1.455191522836685181e-11,5.208333333333333044e-03,1.722706567068228755e-05,0.000000000000000000e+00,-9.512390874988341238e-13
1.547000000000000000e+03,2.324040273523286793e+00,1.228936031805753152e-04,1.930000000000000000e+02,5.770000000000000000e+02,0.000000000000000000e+00,1.455191522836685181e-11,5.208333333333333044e-03,1.715090013570249667e-05,0.000000000000000000e+00,-9.476863738200336229e-13
1.548000000000000000e+03,2.323917399601588052e+00,1.228739216951177035e-04,1.930000000000000000e+02,5.770000000000000000e+02,0.000000000000000000e+00,1.455191522836685181e-11,5.208333333333333044e-03,1.697104126413721551e-05,0.000000000000000000e+00,-9.516831767086841865e-13
1.549000000000000000e+03,2.323794545351951513e+00,1.228542496373539062e-04,1.930000000000000000e+02,5.770000000000000000e+02,0.000000000000000000e+00,1.455191522836685181e-11,5.208333333333333044e-03,1.742380679773927250e-05,0.000000000000000000e+00,-9.507949982889840612e-13
1.550000000000000000e+03,2.323671710764952714e+00,1.228345869982434661e-04,1.930000000000000000e+02,5.770000000000000000e+02,0.000000000000000000e+00,1.455191522836685181e-11,5.208333333333333044e-03,1.701255355832067805e-05,0.000000000000000000e+00,-9.512390874988341238e-13
1.551000000000000000e+03,2.323548895831184069e+00,1.228149337687356262e-04,1.930000000000000000e+02,5.770000000000000000e+02,0.000000000000000000e+00,1.455191522836685181e-11,5.208333333333333044e-03,1.732808495020176747e-05,0.000000000000000000e+00,-9.512390874988341238e-13
1.552000000000000000e+03,2.323426100541244210e+00,1.227952899397704136e-04,1.930000000000000000e+02,5.770000000000000000e+02,0.000000000000000000e+00,1.455191522836685181e-11,5.208333333333333044e-03,1.741525886050197141e-05,0.000000000000000000e+00,-9.512390874988341238e-13
1.553000000000000000e+03,2.323303324885742427e+00,1.227756555022798866e-04,1.930000000000000000e+02,5.770000000000000000e+02,0.000000000000000000e+00,1.455191522836685181e-11,5.208333333333333044e-03,1.703293104998355548e-05,0.000000000000000000e+00,-9.507949982889840612e-13
1.554000000000000000e+03,2.323180568855294670e+00,1.227560304471895711e-04,1.930000000000000000e+02,5.770000000000000000e+02,0.000000000000000000e+00,1.455191522836685181e-11,5.208333333333333044e-03,1.747553351360187931e-05,0.000000000000000000e+00,-9.512390874988341238e-13
1.555000000000000000e+03,2.323057832440529769e+00,1.227364147654195722e-04,1.930000000000000000e+02,5.770000000000000000e+02,0.000000000000000000e+00,1.455191522836685181e-11,5.208333333333333044e-03,1.725055059848208647e-05,0.000000000000000000e+00,-9.507949982889840612e-13
1.556000000000000000e+03,2.322935115632084990e+00,1.227168084478857393e-04,1.930000000000000000e+02,5.770000000000000000e+02,0.000000000000000000e+00,1.455191522836685181e-11,5.208333333333333044e-03,1.775683367452391608e-05,0.000000000000000000e+00,-9.476863738200336229e-13
1.557000000000000000e+03,2.322812418420598046e+00,1.226972114855003169e-04,1.930000000000000000e+02,5.770000000000000000e+02,0.000000000000000000e+00,1.455191522836685181e-11,5.208333333333333044e-03,1.735545899578346790e-05,0.000000000000000000e+00,-9.490186414495838108e-13
1.558000000000000000e+03,2.322689740796730629e+00,1.226776238691734081e-04,1.930000000000000000e+02,5.770000000000000000e+02,0.000000000000000000e+00,1.455191522836685181e-11,5.208333333333333044e-03,1.741660604245648462e-05,0.000000000000000000e+00,-9.472422846101835603e-13
1.559000000000000000e+03,2.322567082751135992e+00,1.226580455898135171e-04,1.930000000000000000e+02,5.770000000000000000e+02,0.000000000000000000e+00,1.455191522836685181e-11,5.208333333333333044e-03,1.689784339576184366e-05,0.000000000000000000e+00,-9.521272659185342491e-13
1.560000000000000000e+03,2.322444444274501141e+00,1.226384766383285243e-04,1.930000000000000000e+02,5.770000000000000000e+02,0.000000000000000000e+00,1.455191522836685181e-11,5.208333333333333044e-03,1.709860950549171971e-05,0.000000000000000000e+00,-9.485745522397337481e-13
1.561000000000000000e+03,2.322321825377446025e+00,1.226188970552124309e-04,1.930000000000000000e+02,5.770000000000000000e+02,0.000000000000000000e+00,1.455191522836685181e-11,5.208333333333333044e-03,1.686698185166926101e-05,0.000000000000000000e+00,-9.485745522397337481e-13
1.562000000000000000e+03,2.322199226070157163e+00,1.225993072882460466e-04,1.930000000000000000e+02,5.770000000000000000e+02,0.000000000000000000e+00,1.455191522836685181e-11,5.208333333333333044e-03,1.734377581046061227e-05,0.000000000000000000e+00,-9.494627306594338734e-13
1.563000000000000000e+03,2.322076646343092410e+00,1.225797270642573714e-04,1.930000000000000000e+02,5.770000000000000000e+02,0.000000000000000000e+00,1.455191522836685181e-11,5.208333333333333044e-03,1.689202300886334917e-05,0.000000000000000000e+00,-9.499068198692839360e-13
1.564000000000000000e+03,2.321954086186782007e+00,1.225601563113433640e-04,1.930000000000000000e+02,5.770000000000000000e+02,0.000000000000000000e+00,1.455191522836685181e-11,5.208333333333333044e-03,1.717185144395703205e-05,0.000000000000000000e+00,-9.490186414495838108e-13
1.565000000000000000e+03,2.321831545591789503e+00,1.225405949906867406e-04,1.930000000000000000e+02,5.770000000000000000e+02,0.000000000000000000e+00,1.455191522836685181e-11,5.208333333333333044e-03,1.737874360075201694e-05,0.000000000000000000e+00,-9.507949982889840612e-13
1.566000000000000000e+03,2.321709024548715306e+00,1.225210430745740740e-04,1.930000000000000000e+02,5.770000000000000000e+02,0.000000000000000000e+00,1.455191522836685181e-11,5.208333333333333044e-03,1.692987582618828661e-05,0.000000000000000000e+00,-9.503509090791339986e-13
1.567000000000000000e+03,2.321586523048178030e+00,1.225015005407995483e-04,1.930000000000000000e+02,5.770000000000000000e+02,0.000000000000000000e+00,1.455191522836685181e-11,5.208333333333333044e-03,1.707857949658149701e-05,0.000000000000000000e+00,-9.467981954003334977e-13
1.568000000000000000e+03,2.321464041080807839e+00,1.224819673703842588e-04,1.930000000000000000e+02,5.770000000000000000e+02,0.000000000000000000e+00,1.455191522836685181e-11,5.208333333333333044e-03,1.732738876140038961e-05,0.000000000000000000e+00,-9.463541061904834351e-13
1.569000000000000000e+03,2.321341578637258429e+00,1.224624435464374470e-04,1.930000000000000000e+02,5.770000000000000000e+02,0.000000000000000000e+00,1.455191522836685181e-11,5.208333333333333044e-03,1.702352141245276780e-05,0.000000000000000000e+00,-9.494627306594338734e-13
1.570000000000000000e+03,2.321219135708205705e+00,1.224429290535142191e-04,1.930000000000000000e+02,5.770000000000000000e+02,0.000000000000000000e+00,1.455191522836685181e-11,5.208333333333333044e-03,1.730088469101844867e-05,0.000000000000000000e+00,-9.485745522397337481e-13
1.571000000000000000e+03,2.321096712284330454e+00,1.224234238772200297e-04,1.930000000000000000e+02,5.770000000000000000e+02,0.000000000000000000e+00,1.455191522836685181e-11,5.208333333333333044e-03,1.702149650189487709e-05,0.000000000000000000e+00,-9.467981954003334977e-13
1.572000000000000000e+03,2.320974308356321458e+00,1.224039280039548904e-04,1.930000000000000000e+02,5.770000000000000000e+02,0.000000000000000000e+00,1.455191522836685181e-11,5.208333333333333044e-03,1.683020840948175310e-05,0.000000000000000000e+00,-9.516831767086841865e-13
1.573000000000000000e+03,2.320851923914900805e+00,1.223844414207349925e-04,1.930000000000000000e+02,5.770000000000000000e+02,0.000000000000000000e+00,1.455191522836685181e-11,5.208333333333333044e-03,1.702799333744484914e-05,0.000000000000000000e+00,-9.516831767086841865e-13
1.574000000000000000e+03,2.320729558950787474e+00,1.223649641150690800e-04,1.930000000000000000e+02,5.770000000000000000e+02,0.000000000000000000e+00,1.455191522836685181e-11,5.208333333333333044e-03,1.751067067843668662e-05,0.000000000000000000e+00,-9.499068198692839360e-13
1.575000000000000000e+03,2.320607213454714657e+00,1.223454960748654799e-04,1.930000000000000000e+02,5.770000000000000000e+02,0.000000000000000000e+00,1.455191522836685181e-11,5.208333333333333044e-03,1.685354830158755993e-05,0.000000000000000000e+00,-9.481304630298836855e-13
1.576000000000000000e+03,2.320484887417425313e+00,1.223260372883634988e-04,1.930000000000000000e+02,5.770000000000000000e+02,0.000000000000000000e+00,1.455191522836685181e-11,5.208333333333333044e-03,1.735324534754654081e-05,0.000000000000000000e+00,-9.490186414495838108e-13
1.577000000000000000e+03,2.320362580829680610e+00,1.223065877440803785e-04,1.930000000000000000e+02,5.770000000000000000e+02,0.000000000000000000e+00,1.455191522836685181e-11,5.208333333333333044e-03,1.731197598092711580e-05,0.000000000000000000e+00,-9.494627306594338734e-13
1.578000000000000000e+03,2.320240293682254151e+00,1.222871474307696087e-04,1.930000000000000000e+02,5.770000000000000000e+02,0.000000000000000000e+00,1.455191522836685181e-11,5.208333333333333044e-03,1.699936261915545793e-05,0.000000000000000000e+00,-9.450218385609332472e-13
1.579000000000000000e+03,2.320118025965912878e+00,1.222677163373875602e-04,1.930000000000000000e+02,5.770000000000000000e+02,0.000000000000000000e+00,1.455191522836685181e-11,5.208333333333333044e-03,1.701225390094703599e-05,0.000000000000000000e+00,-9.490186414495838108e-13
1.580000000000000000e+03,2.319995777671461479e+00,1.222482944530678710e-04,1.930000000000000000e+02,5.770000000000000000e+02,0.000000000000000000e+00,1.455191522836685181e-11,5.208333333333333044e-03,1.686583791634871442e-05,0.000000000000000000e+00,-9.472422846101835603e-13
1.581000000000000000e+03,2.319873548789693096e+00,1.222288817670985693e-04,1.930000000000000000e+02,5.770000000000000000e+02,0.000000000000000000e+00,1.455191522836685181e-11,5.208333333333333044e-03,1.700233457054158066e-05,0.000000000000000000e+00,-9.485745522397337481e-13
1.582000000000000000e+03,2.319751339311423965e+00,1.222094782689050248e-04,1.930000000000000000e+02,5.770000000000000000e+02,0.000000000000000000e+00,1.455191522836685181e-11,5.208333333333333044e-03,1.727193384244266907e-05,0.000000000000000000e+00,-9.490186414495838108e-13
1.583000000000000000e+03,2.319629149227476539e+00,1.221900839480340108e-04,1.930000000000000000e+02,5.770000000000000000e+02,0.000000000000000000e+00,1.455191522836685181e-11,5.208333333333333044e-03,1.722965086298299637e-05,0.000000000000000000e+00,-9.481304630298836855e-13
1.584000000000000000e+03,2.319506978528681707e+00,1.221706987941423739e-04,1.930000000000000000e+02,5.770000000000000000e+02,0.000000000000000000e+00,1.455191522836685181e-11,5.208333333333333044e-03,1.703260723823097359e-05,0.000000000000000000e+00,-9.490186414495838108e-13
1.585000000000000000e+03,2.319384827205884569e+00,1.221513227969851627e-04,1.930000000000000000e+02,5.770000000000000000e+02,0.000000000000000000e+00,1.455191522836685181e-11,5.208333333333333044e-03,1.693868860653243441e-05,0.000000000000000000e+00,-9.490186414495838108e-13
1.586000000000000000e+03,2.319262695249938222e+00,1.221319559464076310e-04,1.930000000000000000e+02,5.770000000000000000e+02,0.000000000000000000e+00,1.455191522836685181e-11,5.208333333333333044e-03,1.725454516302036285e-05,0.000000000000000000e+00,-9.490186414495838108e-13
1.587000000000000000e+03,2.319140582651706861e+00,1.221125982323361043e-04,1.930000000000000000e+02,5.770000000000000000e+02,0.000000000000000000e+00,1.455191522836685181e-11,5.208333333333333044e-03,1.747233197958818608e-05,0.000000000000000000e+00,-9.481304630298836855e-13
1.588000000000000000e+03,2.319018489402059569e+00,1.220932496447728560e-04,1.930000000000000000e+02,5.770000000000000000e+02,0.000000000000000000e+00,1.455191522836685181e-11,5.208333333333333044e-03,1.660197097168012286e-05,0.000000000000000000e+00,-9.507949982889840612e-13
1.589000000000000000e+03,2.318896415491888074e+00,1.220739101737887899e-04,1.930000000000000000e+02,5.770000000000000000e+02,0.000000000000000000e+00,1.455191522836685181e-11,5.208333333333333044e-03,1.719462898943459789e-05,0.000000000000000000e+00,-9.485745522397337481e-13
1.590000000000000000e+03,2.318774360912080557e+00,1.220545798095189129e-04,1.930000000000000000e+02,5.770000000000000000e+02,0.000000000000000000e+00,1.455191522836685181e-11,5.208333333333333044e-03,1.669188807394601939e-05,0.000000000000000000e+00,-9.463541061904834351e-13
1.591000000000000000e+03,2.318652325653537183e+00,1.220352585421578768e-04,1.930000000000000000e+02,5.770000000000000000e+02,0.000000000000000000e+00,1.455191522836685181e-11,5.208333333333333044e-03,1.745295870454940053e-05,0.000000000000000000e+00,-9.476863738200336229e-13
1.592000000000000000e+03,2.318530309707174553e+00,1.220159463619558581e-04,1.930000000000000000e+02,5.770000000000000000e+02,0.000000000000000000e+00,1.455191522836685181e-11,5.208333333333333044e-03,1.680909970154845405e-05,0.000000000000000000e+00,-9.481304630298836855e-13
1.593000000000000000e+03,2.318408313063915926e+00,1.219966432592149393e-04,1.930000000000000000e+02,5.770000000000000000e+02,0.000000000000000000e+00,1.455191522836685181e-11,5.208333333333333044e-03,1.728297448602602375e-05,0.000000000000000000e+00,-9.476863738200336229e-13
1.594000000000000000e+03,2.318286335714694335e+00,1.219773492242860464e-04,1.930000000000000000e+02,5.770000000000000000e+02,0.000000000000000000e+00,1.455191522836685181e-11,5.208333333333333044e-03,1.689444817060914249e-05,0.000000000000000000e+00,-9.450218385609332472e-13
1.595000000000000000e+03,2.318164377650443253e+00,1.219580642475664821e-04,1.930000000000000000e+02,5.770000000000000000e+02,0.000000000000000000e+00,1.455191522836685181e-11,5.208333333333333044e-03,1.690024904711252338e-05,0.000000000000000000e+00,-9.485745522397337481e-13
1.596000000000000000e+03,2.318042438862123245e+00,1.219387883194966325e-04,1.930000000000000000e+02,5.770000000000000000e+02,0.000000000000000000e+00,1.455191522836685181e-11,5.208333333333333044e-03,1.729944773036666536e-05,0.000000000000000000e+00,-9.490186414495838108e-13
1.597000000000000000e+03,2.317920519340695318e+00,1.219195214305586526e-04,1.930000000000000000e+02,5.770000000000000000e+02,0.000000000000000000e+00,1.455191522836685181e-11,5.208333333333333044e-03,1.683285333545636106e-05,0.000000000000000000e+00,-9.463541061904834351e-13
1.598000000000000000e+03,2.317798619077126254e+00,1.219002635712734307e-04,1.930000000000000000e+02,5.770000000000000000e+02,0.000000000000000000e+00,1.455191522836685181e-11,5.208333333333333044e-03,1.736898278670492631e-05,0.000000000000000000e+00,-9.441336601412331220e-13
1.599000000000000000e+03,2.317676738062392605e+00,1.218810147321997342e-04,1.930000000000000000e+02,5.770000000000000000e+02,0.000000000000000000e+00,1.455191522836685181e-11,5.208333333333333044e-03,1.724605440486964123e-05,0.000000000000000000e+00,-9.454659277707833098e-13
1.600000000000000000e+03,2.317554876287487353e+00,1.218617749039317704e-04,1.930000000000000000e+02,5.770000000000000000e+02,0.000000000000000000e+00,1.455191522836685181e-11,5.208333333333333044e-03,1.741402645061117119e-05,0.000000000000000000e+00,-9.467981954003334977e-13
1.601000000000000000e+03,2.317433033743410586e+00,1.218425440770980753e-04,1.930000000000000000e+02,5.770000000000000000e+02,0.000000000000000000e+00,1.455191522836685181e-11,5.208333333333333044e-03,1.724418807451248261e-05,0.000000000000000000e+00,-9.467981954003334977e-13
1.602000000000000000e+03,2.317311210421169054e+00,1.218233222423600903e-04,1.930000000000000000e+02,5.770000000000000000e+02,0.000000000000000000e+00,1.455191522836685181e-11,5.208333333333333044e-03,1.703039712162331341e-05,0.000000000000000000e+00,-9.459100169806333724e-13
1.603000000000000000e+03,2.317189406311776612e+00,1.218041093904106579e-04,1.930000000000000000e+02,5.770000000000000000e+02,0.000000000000000000e+00,1.455191522836685181e-11,5.208333333333333044e-03,1.734620010839131314e-05,0.000000000000000000e+00,-9.476863738200336229e-13
1.604000000000000000e+03,2.317067621406262212e+00,1.217849055119731412e-04,1.930000000000000000e+02,5.770000000000000000e+02,0.000000000000000000e+00,1.455191522836685181e-11,5.208333333333333044e-03,1.709049315206258963e-05,0.000000000000000000e+00,-9.503509090791339986e-13
1.605000000000000000e+03,2.316945855695665912e+00,1.217657105978004476e-04,1.930000000000000000e+02,5.770000000000000000e+02,0.000000000000000000e+00,1.455191522836685181e-11,5.208333333333333044e-03,1.758521668926627378e-05,0.000000000000000000e+00,-9.485745522397337481e-13
1.606000000000000000e+03,2.316824109171027324e+00,1.217465246386733349e-04,1.930000000000000000e+02,5.770000000000000000e+02,0.000000000000000000e+00,1.455191522836685181e-11,5.208333333333333044e-03,1.734990490318481009e-05,0.000000000000000000e+00,-9.485745522397337481e-13
1.607000000000000000e+03,2.316702381823406931e+00,1.217273476254005334e-04,1.930000000000000000e+02,5.770000000000000000e+02,0.000000000000000000e+00,1.455191522836685181e-11,5.208333333333333044e-03,1.702677451704932778e-05,0.000000000000000000e+00,-9.436895709313830594e-13
1.608000000000000000e+03,2.316580673643851895e+00,1.217081795488172551e-04,1.930000000000000000e+02,5.770000000000000000e+02,0.000000000000000000e+00,1.455191522836685181e-11,5.208333333333333044e-03,1.715144986234890605e-05,0.000000000000000000e+00,-9.499068198692839360e-13
1.609000000000000000e+03,2.316458984623456896e+00,1.216890203997845430e-04,1.930000000000000000e+02,5.770000000000000000e+02,0.000000000000000000e+00,1.455191522836685181e-11,5.208333333333333044e-03,1.709789540354001206e-05,0.000000000000000000e+00,-9.450218385609332472e-13
1.610000000000000000e+03,2.316337314753284637e+00,1.216698701691884852e-04,1.930000000000000000e+02,5.770000000000000000e+02,0.000000000000000000e+00,1.455191522836685181e-11,5.208333333333333044e-03,1.725611532649639493e-05,0.000000000000000000e+00,-9.481304630298836855e-13
1.611000000000000000e+03,2.316215664024437793e+00,1.216507288479400523e-04,1.930000000000000000e+02,5.770000000000000000e+02,0.000000000000000000e+00,1.455191522836685181e-11,5.208333333333333044e-03,1.694145565726347627e-05,0.000000000000000000e+00,-9.472422846101835603e-13
1.612000000000000000e+03,2.316094032428007488e+00,1.216315964269737421e-04,1.930000000000000000e+02,5.770000000000000000e+02,0.000000000000000000e+00,1.455191522836685181e-11,5.208333333333333044e-03,1.733232250269719509e-05,0.000000000000000000e+00,-9.503509090791339986e-13
1.613000000000000000e+03,2.315972419955111938e+00,1.216124728972474981e-04,1.930000000000000000e+02,5.770000000000000000e+02,0.000000000000000000e+00,1.455191522836685181e-11,5.208333333333333044e-03,1.722668118462033146e-05,0.000000000000000000e+00,-9.485745522397337481e-13
1.614000000000000000e+03,2.315850826596863588e+00,1.215933582497419915e-04,1.930000000000000000e+02,5.770000000000000000e+02,0.000000000000000000e+00,1.455191522836685181e-11,5.208333333333333044e-03,1.678883910802628351e-05,0.000000000000000000e+00,-9.472422846101835603e-13
1.615000000000000000e+03,2.315729252344388200e+00,1.215742524754604315e-04,1.930000000000000000e+02,5.770000000000000000e+02,0.000000000000000000e+00,1.455191522836685181e-11,5.208333333333333044e-03,1.714040276949617964e-05,0.000000000000000000e+00,-9.472422846101835603e-13
1.616000000000000000e+03,2.315607697188821756e+00,1.215551555654271419e-04,1.930000000000000000e+02,5.770000000000000000e+02,0.000000000000000000e+00,1.455191522836685181e-11,5.208333333333333044e-03,1.764629613837471732e-05,0.000000000000000000e+00,-9.481304630298836855e-13
1.617000000000000000e+03,2.315486161121312669e+00,1.215360675106889302e-04,1.930000000000000000e+02,5.770000000000000000e+02,0.000000000000000000e+00,1.455191522836685181e-11,5.208333333333333044e-03,1.758619215852378061e-05,0.000000000000000000e+00,-9.467981954003334977e-13
1.618000000000000000e+03,2.315364644133008465e+00,1.215169883023122551e-04,1.930000000000000000e+02,5.770000000000000000e+02,0.000000000000000000e+00,1.455191522836685181e-11,5.208333333333333044e-03,1.710526917545717167e-05,0.000000000000000000e+00,-9.485745522397337481e-13
1.619000000000000000e+03,2.315243146215078429e+00,1.214979179313853950e-04,1.930000000000000000e+02,5.770000000000000000e+02,0.000000000000000000e+00,1.455191522836685181e-11,5.208333333333333044e-03,1.651531410565900085e-05,0.000000000000000000e+00,-9.472422846101835603e-13
1.620000000000000000e+03,2.315121667358691404e+00,1.214788563890159404e-04,1.930000000000000000e+02,5.770000000000000000e+02,0.000000000000000000e+00,1.455191522836685181e-11,5.208333333333333044e-03,1.716939076161677397e-05,0.000000000000000000e+00,-9.450218385609332472e-13
1.621000000000000000e+03,2.315000207541726418e+00,1.214598169663434968e-04,1.930000000000000000e+02,5.770000000000000000e+02,0.000000000000000000e+00,1.455191522836685181e-11,5.208333333333333044e-03,1.711073667138485711e-05,0.000000000000000000e+00,-9.436895709313830594e-13
1.622000000000000000e+03,2.314878766742376026e+00,1.214407993495096686e-04,1.930000000000000000e+02,5.770000000000000000e+02,0.000000000000000000e+00,1.455191522836685181e-11,5.208333333333333044e-03,1.694242157665161748e-05,0.000000000000000000e+00,-9.445777493510831846e-13
1.623000000000000000e+03,2.314757344952001805e+00,1.214217903726793073e-04,1.930000000000000000e+02,5.770000000000000000e+02,0.000000000000000000e+00,1.455191522836685181e-11,5.208333333333333044e-03,1.753929216281753512e-05,0.000000000000000000e+00,-9.463541061904834351e-13
1.624000000000000000e+03,2.314635942161932025e+00,1.214027900690231175e-04,1.930000000000000000e+02,5.770000000000000000e+02,0.000000000000000000e+00,1.455191522836685181e-11,5.208333333333333044e-03,1.759783102485928632e-05,0.000000000000000000e+00,-9.467981954003334977e-13
1.625000000000000000e+03,2.314514558363482521e+00,1.213837984496183388e-04,1.930000000000000000e+02,5.770000000000000000e+02,0.000000000000000000e+00,1.455191522836685181e-11,5.208333333333333044e-03,1.680725671213891223e-05,0.000000000000000000e+00,-9.467981954003334977e-13
1.626000000000000000e+03,2.314393193547963801e+00,1.213648155181404705e-04,1.930000000000000000e+02,5.770000000000000000e+02,0.000000000000000000e+00,1.455191522836685181e-11,5.208333333333333044e-03,1.766088181626653572e-05,0.000000000000000000e+00,-9.476863738200336229e-13
1.627000000000000000e+03,2.314271847706690366e+00,1.213458412746050305e-04,1.930000000000000000e+02,5.770000000000000000e+02,0.000000000000000000e+00,1.455191522836685181e-11,5.208333333333333044e-03,1.698977885619580512e-05,0.000000000000000000e+00,-9.463541061904834351e-13
1.628000000000000000e+03,2.314150520830974944e+00,1.213268757168908449e-04,1.930000000000000000e+02,5.770000000000000000e+02,0.000000000000000000e+00,1.455191522836685181e-11,5.208333333333333044e-03,1.695334172636487883e-05,0.000000000000000000e+00,-9.450218385609332472e-13
1.629000000000000000e+03,2.314029212912130706e+00,1.213079188415022291e-04,1.930000000000000000e+02,5.770000000000000000e+02,0.000000000000000000e+00,1.455191522836685181e-11,5.208333333333333044e-03,1.684073761329081811e-05,0.000000000000000000e+00,-9.476863738200336229e-13
1.630000000000000000e+03,2.313907923941488587e+00,1.212889706439981011e-04,1.930000000000000000e+02,5.770000000000000000e+02,0.000000000000000000e+00,1.455191522836685181e-11,5.208333333333333044e-03,1.711652444465060652e-05,0.000000000000000000e+00,-9.459100169806333724e-13
1.631000000000000000e+03,2.313786653910367974e+00,1.212700311192557549e-04,1.930000000000000000e+02,5.770000000000000000e+02,0.000000000000000000e+00,1.455191522836685181e-11,5.208333333333333044e-03,1.741523693793173982e-05,0.000000000000000000e+00,-9.472422846101835603e-13
1.632000000000000000e+03,2.313665402810104688e+00,1.212511002616431532e-04,1.930000000000000000e+02,5.770000000000000000e+02,0.000000000000000000e+00,1.455191522836685181e-11,5.208333333333333044e-03,1.695024443427361533e-05,0.000000000000000000e+00,-9.485745522397337481e-13
1.633000000000000000e+03,2.313544170632042096e+00,1.212321780651367533e-04,1.930000000000000000e+02,5.770000000000000000e+02,0.000000000000000000e+00,1.455191522836685181e-11,5.208333333333333044e-03,1.708226207572446101e-05,0.000000000000000000e+00,-9.459100169806333724e-13
1.634000000000000000e+03,2.313422957367516464e+00,1.212132645234053566e-04,1.930000000000000000e+02,5.770000000000000000e+02,0.000000000000000000e+00,1.455191522836685181e-11,5.208333333333333044e-03,1.746576424311848267e-05,0.000000000000000000e+00,-9.485745522397337481e-13
1.635000000000000000e+03,2.313301763007885814e+00,1.211943596298718946e-04,1.930000000000000000e+02,5.770000000000000000e+02,0.000000000000000000e+00,1.455191522836685181e-11,5.208333333333333044e-03,1.752432616786552010e-05,0.000000000000000000e+00,-9.490186414495838108e-13
1.636000000000000000e+03,2.313180587544509503e+00,1.211754633777590060e-04,1.930000000000000000e+02,5.770000000000000000e+02,0.000000000000000000e+00,1.455191522836685181e-11,5.208333333333333044e-03,1.724093946723084071e-05,0.000000000000000000e+00,-9.476863738200336229e-13
1.637000000000000000e+03,2.313059430968750441e+00,1.211565757601250321e-04,1.930000000000000000e+02,5.770000000000000000e+02,0.000000000000000000e+00,1.455191522836685181e-11,5.208333333333333044e-03,1.710203316383395648e-05,0.000000000000000000e+00,-9.467981954003334977e-13
1.638000000000000000e+03,2.312938293271981305e+00,1.211376967698914880e-04,1.930000000000000000e+02,5.770000000000000000e+02,0.000000000000000000e+00,1.455191522836685181e-11,5.208333333333333044e-03,1.699539842426258206e-05,0.000000000000000000e+00,-9.459100169806333724e-13
1.639000000000000000e+03,2.312817174445582769e+00,1.211188263998652209e-04,1.930000000000000000e+02,5.770000000000000000e+02,0.000000000000000000e+00,1.455191522836685181e-11,5.208333333333333044e-03,1.727918403326209791e-05,0.000000000000000000e+00,-9.445777493510831846e-13
1.640000000000000000e+03,2.312696074480937281e+00,1.210999646427570310e-04,1.930000000000000000e+02,5.770000000000000000e+02,0.000000000000000000e+00,1.455191522836685181e-11,5.208333333333333044e-03,1.709911644916042736e-05,0.000000000000000000e+00,-9.472422846101835603e-13
1.641000000000000000e+03,2.312574993369446386e+00,1.210811114911946961e-04,1.930000000000000000e+02,5.770000000000000000e+02,0.000000000000000000e+00,1.455191522836685181e-11,5.208333333333333044e-03,1.732442979346797180e-05,0.000000000000000000e+00,-9.467981954003334977e-13
1.642000000000000000e+03,2.312453931102508076e+00,1.210622669377361033e-04,1.930000000000000000e+02,5.770000000000000000e+02,0.000000000000000000e+00,1.455191522836685181e-11,5.208333333333333044e-03,1.675409267071351611e-05,0.000000000000000000e+00,-9.476863738200336229e-13
1.643000000000000000e+03,2.312332887671535886e+00,1.210434309748792105e-04,1.930000000000000000e+02,5.770000000000000000e+02,0.000000000000000000e+00,1.455191522836685181e-11,5.208333333333333044e-03,1.695310000506480169e-05,0.000000000000000000e+00,-9.450218385609332472e-13
1.644000000000000000e+03,2.312211863067938022e+00,1.210246035950697172e-04,1.930000000000000000e+02,5.770000000000000000e+02,0.000000000000000000e+00,1.455191522836685181e-11,5.208333333333333044e-03,1.760840569750090782e-05,0.000000000000000000e+00,-9.476863738200336229e-13
1.645000000000000000e+03,2.312090857283148004e+00,1.210057847907090194e-04,1.930000000000000000e+02,5.770000000000000000e+02,0.000000000000000000e+00,1.455191522836685181e-11,5.208333333333333044e-03,1.663327243546066026e-05,0.000000000000000000e+00,-9.467981954003334977e-13
1.646000000000000000e+03,2.311969870308594910e+00,1.209869745541599566e-04,1.930000000000000000e+02,5.770000000000000000e+02,0.000000000000000000e+00,1.455191522836685181e-11,5.208333333333333044e-03,1.680797759360066175e-05,0.000000000000000000e+00,-9.459100169806333724e-13
1.647000000000000000e+03,2.311848902135717587e+00,1.209681728777517034e-04,1.930000000000000000e+02,5.770000000000000000e+02,0.000000000000000000e+00,1.455191522836685181e-11,5.208333333333333044e-03,1.676588449673850552e-05,0.000000000000000000e+00,-9.454659277707833098e-13
1.648000000000000000e+03,2.311727952755961546e+00,1.209493797537850691e-04,1.930000000000000000e+02,5.770000000000000000e+02,0.000000000000000000e+00,1.455191522836685181e-11,5.208333333333333044e-03,1.732980618326244359e-05,0.000000000000000000e+00,-9.476863738200336229e-13
1.649000000000000000e+03,2.311607022160790503e+00,1.209305951745357096e-04,1.930000000000000000e+02,5.770000000000000000e+02,0.000000000000000000e+00,1.455191522836685181e-11,5.208333333333333044e-03,1.685288893486201010e-05,0.000000000000000000e+00,-9.441336601412331220e-13
1.650000000000000000e+03,2.311486110341659295e+00,1.209118191322578812e-04,1.930000000000000000e+02,5.770000000000000000e+02,0.000000000000000000e+00,1.455191522836685181e-11,5.208333333333333044e-03,1.736398718221663417e-05,0.000000000000000000e+00,-9.432454817215329967e-13
1.651000000000000000e+03,2.311365217290035634e+00,1.208930516191875852e-04,1.930000000000000000e+02,5.770000000000000000e+02,0.000000000000000000e+00,1.455191522836685181e-11,5.208333333333333044e-03,1.691698138022810490e-05,0.000000000000000000e+00,-9.476863738200336229e-13
1.652000000000000000e+03,2.311244342997408108e+00,1.208742926275446815e-04,1.930000000000000000e+02,5.770000000000000000e+02,0.000000000000000000e+00,1.455191522836685181e-11,5.208333333333333044e-03,1.736371475872491350e-05,0.000000000000000000e+00,-9.476863738200336229e-13
1.653000000000000000e+03,2.311123487455260417e+00,1.208555421495359657e-04,1.930000000000000000e+02,5.770000000000000000e+02,0.000000000000000000e+00,1.455191522836685181e-11,5.208333333333333044e-03,1.705322160988137291e-05,0.000000000000000000e+00,-9.459100169806333724e-13
1.654000000000000000e+03,2.311002650655083812e+00,1.208368001773565237e-04,1.930000000000000000e+02,5.770000000000000000e+02,0.000000000000000000e+00,1.455191522836685181e-11,5.208333333333333044e-03,1.658462533408908181e-05,0.000000000000000000e+00,-9.450218385609332472e-13
1.655000000000000000e+03,2.310881832588379758e+00,1.208180667031922125e-04,1.930000000000000000e+02,5.770000000000000000e+02,0.000000000000000000e+00,1.455191522836685181e-11,5.208333333333333044e-03,1.693816612576288502e-05,0.000000000000000000e+00,-9.459100169806333724e-13
1.656000000000000000e+03,2.310761033246659935e+00,1.207993417192211908e-04,1.930000000000000000e+02,5.770000000000000000e+02,0.000000000000000000e+00,1.455191522836685181e-11,5.208333333333333044e-03,1.731736604221567984e-05,0.000000000000000000e+00,-9.463541061904834351e-13
1.657000000000000000e+03,2.310640252621442681e+00,1.207806252176149228e-04,1.930000000000000000e+02,5.770000000000000000e+02,0.000000000000000000e+00,1.455191522836685181e-11,5.208333333333333044e-03,1.684252668619621828e-05,0.000000000000000000e+00,-9.463541061904834351e-13
1.658000000000000000e+03,2.310519490704251222e+00,1.207619171905400884e-04,1.930000000000000000e+02,5.770000000000000000e+02,0.000000000000000000e+00,1.455191522836685181e-11,5.208333333333333044e-03,1.682092798141170961e-05,0.000000000000000000e+00,-9.472422846101835603e-13
1.659000000000000000e+03,2.310398747486624771e+00,1.207432176301595185e-04,1.930000000000000000e+02,5.770000000000000000e+02,0.000000000000000000e+00,1.455191522836685181e-11,5.208333333333333044e-03,1.763682017800877313e-05,0.000000000000000000e+00,-9.432454817215329967e-13
1.660000000000000000e+03,2.310278022960095434e+00,1.207245265286336863e-04,1.930000000000000000e+02,5.770000000000000000e+02,0.000000000000000000e+00,1.455191522836685181e-11,5.208333333333333044e-03,1.713089247747372635e-05,0.000000000000000000e+00,-9.441336601412331220e-13
1.661000000000000000e+03,2.310157317116212194e+00,1.207058438781210722e-04,1.930000000000000000e+02,5.770000000000000000e+02,0.000000000000000000e+00,1.455191522836685181e-11,5.208333333333333044e-03,1.717602318649431276e-05,0.000000000000000000e+00,-9.490186414495838108e-13
1.662000000000000000e+03,2.310036629946544462e+00,1.206871696707792626e-04,1.930000000000000000e+02,5.770000000000000000e+02,0.000000000000000000e+00,1.455191522836685181e-11,5.208333333333333044e-03,1.707626788402353762e-05,0.000000000000000000e+00,-9.459100169806333724e-13
1.663000000000000000e+03,2.309915961442644328e+00,1.206685038987662638e-04,1.930000000000000000e+02,5.770000000000000000e+02,0.000000000000000000e+00,1.455191522836685181e-11,5.208333333333333044e-03,1.682632073580001466e-05,0.000000000000000000e+00,-9.476863738200336229e-13
1.664000000000000000e+03,2.309795311596093192e+00,1.206498465542405970e-04,1.930000000000000000e+02,5.770000000000000000e+02,0.000000000000000000e+00,1.455191522836685181e-11,5.208333333333333044e-03,1.715533211089490101e-05,0.000000000000000000e+00,-9.441336601412331220e-13
1.665000000000000000e+03,2.309674680398464464e+00,1.206311976293624507e-04,1.930000000000000000e+02,5.770000000000000000e+02,0.000000000000000000e+00,1.455191522836685181e-11,5.208333333333333044e-03,1.717035517915252449e-05,0.000000000000000000e+00,-9.436895709313830594e-13
1.666000000000000000e+03,2.309554067841347980e+00,1.206125571162938427e-04,1.930000000000000000e+02,5.770000000000000000e+02,0.000000000000000000e+00,1.455191522836685181e-11,5.208333333333333044e-03,1.723685003895315210e-05,0.000000000000000000e+00,-9.441336601412331220e-13
1.667000000000000000e+03,2.309433473916338020e+00,1.205939250071999080e-04,1.930000000000000000e+02,5.770000000000000000e+02,0.000000000000000000e+00,1.455191522836685181e-11,5.208333333333333044e-03,1.644155358753193218e-05,0.000000000000000000e+00,-9.467981954003334977e-13
1.668000000000000000e+03,2.309312898615045739e+00,1.205753012942487360e-04,1.930000000000000000e+02,5.770000000000000000e+02,0.000000000000000000e+00,1.455191522836685181e-11,5.208333333333333044e-03,1.747878808434006321e-05,0.000000000000000000e+00,-9.445777493510831846e-13
1.669000000000000000e+03,2.309192341929076076e+00,1.205566859696120076e-04,1.930000000000000000e+02,5.770000000000000000e+02,0.000000000000000000e+00,1.455191522836685181e-11,5.208333333333333044e-03,1.711089082507516825e-05,0.000000000000000000e+00,-9.445777493510831846e-13
1.670000000000000000e+03,2.309071803850047733e+00,1.205380790254656590e-04,1.930000000000000000e+02,5.770000000000000000e+02,0.000000000000000000e+00,1.455191522836685181e-11,5.208333333333333044e-03,1.695268852282849308e-05,0.000000000000000000e+00,-9.476863738200336229e-13
1.671000000000000000e+03,2.308951284369599399e+00,1.205194804539903836e-04,1.930000000000000000e+02,5.770000000000000000e+02,0.000000000000000000e+00,1.455191522836685181e-11,5.208333333333333044e-03,1.701825006202761209e-05,0.000000000000000000e+00,-9.419132140919828089e-13
1.672000000000000000e+03,2.308830783479350668e+00,1.205008902473718078e-04,1.930000000000000000e+02,5.770000000000000000e+02,0.000000000000000000e+00,1.455191522836685181e-11,5.208333333333333044e-03,1.703713319970196643e-05,0.000000000000000000e+00,-9.432454817215329967e-13
1.673000000000000000e+03,2.308710301170953993e+00,1.204823083978002199e-04,1.930000000000000000e+02,5.770000000000000000e+02,0.000000000000000000e+00,1.455191522836685181e-11,5.208333333333333044e-03,1.734674209295464518e-05,0.000000000000000000e+00,-9.423573033018328715e-13
1.674000000000000000e+03,2.308589837436054282e+00,1.204637348974724951e-04,1.930000000000000000e+02,5.770000000000000000e+02,0.000000000000000000e+00,1.455191522836685181e-11,5.208333333333333044e-03,1.703876694015028838e-05,0.000000000000000000e+00,-9.445777493510831846e-13
1.675000000000000000e+03,2.308469392266314202e+00,1.204451697385906854e-04,1.930000000000000000e+02,5.770000000000000000e+02,0.000000000000000000e+00,1.455191522836685181e-11,5.208333333333333044e-03,1.679175100540720764e-05,0.000000000000000000e+00,-9.459100169806333724e-13
1.676000000000000000e+03,2.308348965653402640e+00,1.204266129133635919e-04,1.930000000000000000e+02,5.770000000000000000e+02,0.000000000000000000e+00,1.455191522836685181e-11,5.208333333333333044e-03,1.705043023172653099e-05,0.000000000000000000e+00,-9.441336601412331220e-13
1.677000000000000000e+03,2.308228557588990260e+00,1.204080644140061688e-04,1.930000000000000000e+02,5.770000000000000000e+02,0.000000000000000000e+00,1.455191522836685181e-11,5.208333333333333044e-03,1.715326889063714598e-05,0.000000000000000000e+00,-9.423573033018328715e-13
1.678000000000000000e+03,2.308108168064754828e+00,1.203895242327399973e-04,1.930000000000000000e+02,5.770000000000000000e+02,0.000000000000000000e+00,1.455191522836685181e-11,5.208333333333333044e-03,1.718884641365308970e-05,0.000000000000000000e+00,-9.450218385609332472e-13
1.679000000000000000e+03,2.307987797072394098e+00,1.203709923617939771e-04,1.930000000000000000e+02,5.770000000000000000e+02,0.000000000000000000e+00,1.455191522836685181e-11,5.208333333333333044e-03,1.725550779075161627e-05,0.000000000000000000e+00,-9.441336601412331220e-13
1.680000000000000000e+03,2.307867444603601381e+00,1.203524687934038787e-04,1.930000000000000000e+02,5.770000000000000000e+02,0.000000000000000000e+00,1.455191522836685181e-11,5.208333333333333044e-03,1.706573040977542777e-05,0.000000000000000000e+00,-9.432454817215329967e-13
1.681000000000000000e+03,2.307747110670029578e+00,1.203339335701887532e-04,1.930000000000000000e+02,5.770000000000000000e+02,0.000000000000000000e+00,1.455191522836685181e-11,5.208333333333333044e-03,1.745008079126243738e-05,0.000000000000000000e+00,-9.450218385609332472e-13
1.682000000000000000e+03,2.307626795282888832e+00,1.203153871425391663e-04,1.930000000000000000e+02,5.770000000000000000e+02,0.000000000000000000e+00,1.455191522836685181e-11,5.208333333333333044e-03,1.690319756031003084e-05,0.000000000000000000e+00,-9.432454817215329967e-13
1.683000000000000000e+03,2.307506498433647746e+00,1.202968492378039822e-04,1.930000000000000000e+02,5.770000000000000000e+02,0.000000000000000000e+00,1.455191522836685181e-11,5.208333333333333044e-03,1.736253206371002637e-05,0.000000000000000000e+00,-9.463541061904834351e-13
1.684000000000000000e+03,2.307386220113867292e+00,1.202783197851104227e-04,1.930000000000000000e+02,5.770000000000000000e+02,0.000000000000000000e+00,1.455191522836685181e-11,5.208333333333333044e-03,1.689052148215521043e-05,0.000000000000000000e+00,-9.419132140919828089e-13
1.685000000000000000e+03,2.307265960315119546e+00,1.202597987468473519e-04,1.930000000000000000e+02,5.770000000000000000e+02,0.000000000000000000e+00,1.455191522836685181e-11,5.208333333333333044e-03,1.698780280043272393e-05,0.000000000000000000e+00,-9.428013925116829341e-13
1.686000000000000000e+03,2.307145719029019659e+00,1.202412860965695608e-04,1.930000000000000000e+02,5.770000000000000000e+02,0.000000000000000000e+00,1.455191522836685181e-11,5.208333333333333044e-03,1.698105842470892072e-05,0.000000000000000000e+00,-9.459100169806333724e-13
1.687000000000000000e+03,2.307025496247207652e+00,1.202227818133723577e-04,1.930000000000000000e+02,5.770000000000000000e+02,0.000000000000000000e+00,1.455191522836685181e-11,5.208333333333333044e-03,1.666068596923694204e-05,0.000000000000000000e+00,-9.445777493510831846e-13
1.688000000000000000e+03,2.306905291961327542e+00,1.202042858795991713e-04,1.930000000000000000e+02,5.770000000000000000e+02,0.000000000000000000e+00,1.455191522836685181e-11,5.208333333333333044e-03,1.725729583730842753e-05,0.000000000000000000e+00,-9.450218385609332472e-13
1.689000000000000000e+03,2.306785106163047327e+00,1.201857982796960238e-04,1.930000000000000000e+02,5.770000000000000000e+02,0.000000000000000000e+00,1.455191522836685181e-11,5.208333333333333044e-03,1.726075515009612143e-05,0.000000000000000000e+00,-9.459100169806333724e-13
1.690000000000000000e+03,2.306664938844049217e+00,1.201673189995654950e-04,1.930000000000000000e+02,5.770000000000000000e+02,0.000000000000000000e+00,1.455191522836685181e-11,5.208333333333333044e-03,1.730436856662376986e-05,0.000000000000000000e+00,-9.441336601412331220e-13
1.691000000000000000e+03,2.306544789996025635e+00,1.201488480261699997e-04,1.930000000000000000e+02,5.770000000000000000e+02,0.000000000000000000e+00,1.455191522836685181e-11,5.208333333333333044e-03,1.713538683370321043e-05,0.000000000000000000e+00,-9.419132140919828089e-13
1.692000000000000000e+03,2.306424659610674777e+00,1.201303853472722970e-04,1.930000000000000000e+02,5.770000000000000000e+02,0.000000000000000000e+00,1.455191522836685181e-11,5.208333333333333044e-03,1.724984000096733348e-05,0.000000000000000000e+00,-9.454659277707833098e-13
1.693000000000000000e+03,2.306304547679725037e+00,1.201119309512583725e-04,1.930000000000000000e+02,5.770000000000000000e+02,0.000000000000000000e+00,1.455191522836685181e-11,5.208333333333333044e-03,1.751674065248216505e-05,0.000000000000000000e+00,-9.436895709313830594e-13
1.694000000000000000e+03,2.306184454194899036e+00,1.200934848270114407e-04,1.930000000000000000e+02,5.770000000000000000e+02,0.000000000000000000e+00,1.455191522836685181e-11,5.208333333333333044e-03,1.742004465311168570e-05,0.000000000000000000e+00,-9.428013925116829341e-13
1.695000000000000000e+03,2.306064379147933163e+00,1.200750469638180797e-04,1.930000000000000000e+02,5.770000000000000000e+02,0.000000000000000000e+00,1.455191522836685181e-11,5.208333333333333044e-03,1.734177266597556932e-05,0.000000000000000000e+00,-9.450218385609332472e-13
1.696000000000000000e+03,2.305944322530582014e+00,1.200566173513001436e-04,1.930000000000000000e+02,5.770000000000000000e+02,0.000000000000000000e+00,1.455191522836685181e-11,5.208333333333333044e-03,1.699673214006703880e-05,0.000000000000000000e+00,-9.445777493510831846e-13
1.697000000000000000e+03,2.305824284334601071e+00,1.200381959793604577e-04,1.930000000000000000e+02,5.770000000000000000e+02,0.000000000000000000e+00,1.455191522836685181e-11,5.208333333333333044e-03,1.694637279849769949e-05,0.000000000000000000e+00,-9.463541061904834351e-13
1.698000000000000000e+03,2.305704264551765359e+00,1.200197828381405749e-04,1.930000000000000000e+02,5.770000000000000000e+02,0.000000000000000000e+00,1.455191522836685181e-11,5.208333333333333044e-03,1.725935231913745886e-05,0.000000000000000000e+00,-9.436895709313830594e-13
1.699000000000000000e+03,2.305584263173848125e+00,1.200013779179879788e-04,1.930000000000000000e+02,5.770000000000000000e+02,0.000000000000000000e+00,1.455191522836685181e-11,5.208333333333333044e-03,1.744254337986474122e-05,0.000000000000000000e+00,-9.432454817215329967e-13
1.700000000000000000e+03,2.305464280192637716e+00,1.199829812094287482e-04,1.930000000000000000e+02,5.770000000000000000e+02,0.000000000000000000e+00,1.455191522836685181e-11,5.208333333333333044e-03,1.720934394445080860e-05,0.000000000000000000e+00,-9.441336601412331220e-13
1.701000000000000000e+03,2.305344315599935356e+00,1.199645927031458322e-04,1.930000000000000000e+02,5.770000000000000000e+02,0.000000000000000000e+00,1.455191522836685181e-11,5.208333333333333044e-03,1.715398474501571462e-05,0.000000000000000000e+00,-9.432454817215329967e-13
1.702000000000000000e+03,2.305224369387544936e+00,1.199462123899606330e-04,1.930000000000000000e+02,5.770000000000000000e+02,0.000000000000000000e+00,1.455191522836685181e-11,5.208333333333333044e-03,1.682665869763689569e-05,0.000000000000000000e+00,-9.436895709313830594e-13
1.703000000000000000e+03,2.305104441547284555e+00,1.199278402608179887e-04,1.930000000000000000e+02,5.770000000000000000e+02,0.000000000000000000e+00,1.455191522836685181e-11,5.208333333333333044e-03,1.724156970275125873e-05,0.000000000000000000e+00,-9.432454817215329967e-13
1.704000000000000000e+03,2.304984532070977199e+00,1.199094763067729469e-04,1.930000000000000000e+02,5.770000000000000000e+02,0.000000000000000000e+00,1.455191522836685181e-11,5.208333333333333044e-03,1.702263722153141799e-05,0.000000000000000000e+00,-9.436895709313830594e-13
1.705000000000000000e+03,2.304864640950457400e+00,1.198911205189806133e-04,1.930000000000000000e+02,5.770000000000000000e+02,0.000000000000000000e+00,1.455191522836685181e-11,5.208333333333333044e-03,1.689870073519161273e-05,0.000000000000000000e+00,-9.445777493510831846e-13
1.706000000000000000e+03,2.304744768177568126e+00,1.198727728886863806e-04,1.930000000000000000e+02,5.770000000000000000e+02,0.000000000000000000e+00,1.455191522836685181e-11,5.208333333333333044e-03,1.713961609286402158e-05,0.000000000000000000e+00,-9.454659277707833098e-13
1.707000000000000000e+03,2.304624913744162118e+00,1.198544334072180139e-04,1.930000000000000000e+02,5.770000000000000000e+02,0.000000000000000000e+00,1.455191522836685181e-11,5.208333333333333044e-03,1.680200949719646195e-05,0.000000000000000000e+00,-9.441336601412331220e-13
1.708000000000000000e+03,2.304505077642097444e+00,1.198361020659790367e-04,1.930000000000000000e+02,5.770000000000000000e+02,0.000000000000000000e+00,1.455191522836685181e-11,5.208333333333333044e-03,1.696231755576705318e-05,0.000000000000000000e+00,-9.428013925116829341e-13
1.709000000000000000e+03,2.304385259863240165e+00,1.198177788564420634e-04,1.930000000000000000e+02,5.770000000000000000e+02,0.000000000000000000e+00,1.455191522836685181e-11,5.208333333333333044e-03,1.701058549166909866e-05,0.000000000000000000e+00,-9.436895709313830594e-13
1.710000000000000000e+03,2.304265460399473220e+00,1.197994637701442998e-04,1.930000000000000000e+02,5.770000000000000000e+02,0.000000000000000000e+00,1.455191522836685181e-11,5.208333333333333044e-03,1.750785739940306302e-05,0.000000000000000000e+00,-9.405809464624326210e-13
1.711000000000000000e+03,2.304145679242673772e+00,1.197811567986822303e-04,1.930000000000000000e+02,5.770000000000000000e+02,0.000000000000000000e+00,1.455191522836685181e-11,5.208333333333333044e-03,1.756944633833123820e-05,0.000000000000000000e+00,-9.410250356722826837e-13
1.712000000000000000e+03,2.304025916384738526e+00,1.197628579337079455e-04,1.930000000000000000e+02,5.770000000000000000e+02,0.000000000000000000e+00,1.455191522836685181e-11,5.208333333333333044e-03,1.713008370024366286e-05,0.000000000000000000e+00,-9.428013925116829341e-13
1.713000000000000000e+03,2.303906171817569515e+00,1.197445671669254962e-04,1.930000000000000000e+02,5.770000000000000000e+02,0.000000000000000000e+00,1.455191522836685181e-11,5.208333333333333044e-03,1.703477110615199747e-05,0.000000000000000000e+00,-9.450218385609332472e-13
1.714000000000000000e+03,2.303786445533081206e+00,1.197262844900873565e-04,1.930000000000000000e+02,5.770000000000000000e+02,0.000000000000000000e+00,1.455191522836685181e-11,5.208333333333333044e-03,1.721913066102748809e-05,0.000000000000000000e+00,-9.432454817215329967e-13
1.715000000000000000e+03,2.303666737523186292e+00,1.197080098949916997e-04,1.930000000000000000e+02,5.770000000000000000e+02,0.000000000000000000e+00,1.455191522836685181e-11,5.208333333333333044e-03,1.709326568832315613e-05,0.000000000000000000e+00,-9.428013925116829341e-13
1.716000000000000000e+03,2.303547047779813894e+00,1.196897433734796061e-04,1.930000000000000000e+02,5.770000000000000000e+02,0.000000000000000000e+00,1.455191522836685181e-11,5.208333333333333044e-03,1.686552543371813313e-05,0.000000000000000000e+00,-9.419132140919828089e-13
1.717000000000000000e+03,2.303427376294896245e+00,1.196714849174333696e-04,1.930000000000000000e+02,5.770000000000000000e+02,0.000000000000000000e+00,1.455191522836685181e-11,5.208333333333333044e-03,1.715942010279788540e-05,0.000000000000000000e+00,-9.419132140919828089e-13
1.718000000000000000e+03,2.303307723060375345e+00,1.196532345187733664e-04,1.930000000000000000e+02,5.770000000000000000e+02,0.000000000000000000e+00,1.455191522836685181e-11,5.208333333333333044e-03,1.707581000832289567e-05,0.000000000000000000e+00,-9.441336601412331220e-13
1.719000000000000000e+03,2.303188088068210071e+00,1.196349921694569036e-04,1.930000000000000000e+02,5.770000000000000000e+02,0.000000000000000000e+00,1.455191522836685181e-11,5.208333333333333044e-03,1.680497564647636625e-05,0.000000000000000000e+00,-9.401368572525825584e-13
1.720000000000000000e+03,2.303068471310345533e+00,1.196167578614763756e-04,1.930000000000000000e+02,5.770000000000000000e+02,0.000000000000000000e+00,1.455191522836685181e-11,5.208333333333333044e-03,1.701988509616656609e-05,0.000000000000000000e+00,-9.432454817215329967e-13
1.721000000000000000e+03,2.302948872778758815e+00,1.195985315868570688e-04,1.930000000000000000e+02,5.770000000000000000e+02,0.000000000000000000e+00,1.455191522836685181e-11,5.208333333333333044e-03,1.716892085491927015e-05,0.000000000000000000e+00,-9.428013925116829341e-13
1.722000000000000000e+03,2.302829292465423450e+00,1.195803133376566738e-04,1.930000000000000000e+02,5.770000000000000000e+02,0.000000000000000000e+00,1.455191522836685181e-11,5.208333333333333044e-03,1.725571045977232861e-05,0.000000000000000000e+00,-9.405809464624326210e-13
1.723000000000000000e+03,2.302709730362313412e+00,1.195621031059632524e-04,1.930000000000000000e+02,5.770000000000000000e+02,0.000000000000000000e+00,1.455191522836685181e-11,5.208333333333333044e-03,1.710462808334279933e-05,0.000000000000000000e+00,-9.445777493510831846e-13
1.724000000000000000e+03,2.302590186461431987e+00,1.195439008838940990e-04,1.930000000000000000e+02,5.770000000000000000e+02,0.000000000000000000e+00,1.455191522836685181e-11,5.208333333333333044e-03,1.732059438847563038e-05,0.000000000000000000e+00,-9.423573033018328715e-13
1.725000000000000000e+03,2.302470660754768694e+00,1.195257066635950228e-04,1.930000000000000000e+02,5.770000000000000000e+02,0.000000000000000000e+00,1.455191522836685181e-11,5.208333333333333044e-03,1.669514515004342158e-05,0.000000000000000000e+00,-9.419132140919828089e-13
1.726000000000000000e+03,2.302351153234333481e+00,1.195075204372388430e-04,1.930000000000000000e+02,5.770000000000000000e+02,0.000000000000000000e+00,1.455191522836685181e-11,5.208333333333333044e-03,1.723786003999207140e-05,0.000000000000000000e+00,-9.396927680427324958e-13
1.727000000000000000e+03,2.302231663892133628e+00,1.194893421970246572e-04,1.930000000000000000e+02,5.770000000000000000e+02,0.000000000000000000e+00,1.455191522836685181e-11,5.208333333333333044e-03,1.725966017054287468e-05,0.000000000000000000e+00,-9.428013925116829341e-13
1.728000000000000000e+03,2.302112192720198625e+00,1.194711719351769741e-04,1.930000000000000000e+02,5.770000000000000000e+02,0.000000000000000000e+00,1.455191522836685181e-11,5.208333333333333044e-03,1.702257507268165111e-05,0.000000000000000000e+00,-9.423573033018328715e-13
1.729000000000000000e+03,2.301992739710554847e+00,1.194530096439448593e-04,1.930000000000000000e+02,5.770000000000000000e+02,0.000000000000000000e+00,1.455191522836685181e-11,5.208333333333333044e-03,1.667567950242807164e-05,0.000000000000000000e+00,-9.423573033018328715e-13
1.730000000000000000e+03,2.301873304855238000e+00,1.194348553156012176e-04,1.930000000000000000e+02,5.770000000000000000e+02,0.000000000000000000e+00,1.455191522836685181e-11,5.208333333333333044e-03,1.745295004902971305e-05,0.000000000000000000e+00,-9.436895709313830594e-13
1.731000000000000000e+03,2.301753888146296223e+00,1.194167089424419658e-04,1.930000000000000000e+02,5.770000000000000000e+02,0.000000000000000000e+00,1.455191522836685181e-11,5.208333333333333044e-03,1.695700238280342767e-05,0.000000000000000000e+00,-9.428013925116829341e-13
1.732000000000000000e+03,2.301634489575781650e+00,1.193985705167855858e-04,1.930000000000000000e+02,5.770000000000000000e+02,0.000000000000000000e+00,1.455191522836685181e-11,5.208333333333333044e-03,1.678303728732757170e-05,0.000000000000000000e+00,-9.405809464624326210e-13
1.733000000000000000e+03,2.301515109135750858e+00,1.193804400309721078e-04,1.930000000000000000e+02,5.770000000000000000e+02,0.000000000000000000e+00,1.455191522836685181e-11,5.208333333333333044e-03,1.736388274969380034e-05,0.000000000000000000e+00,-9.405809464624326210e-13
1.734000000000000000e+03,2.301395746818274635e+00,1.193623174773633547e-04,1.930000000000000000e+02,5.770000000000000000e+02,0.000000000000000000e+00,1.455191522836685181e-11,5.208333333333333044e-03,1.747948903861361729e-05,0.000000000000000000e+00,-9.396927680427324958e-13
1.735000000000000000e+03,2.301276402615426875e+00,1.193442028483412477e-04,1.930000000000000000e+02,5.770000000000000000e+02,0.000000000000000000e+00,1.455191522836685181e-11,5.208333333333333044e-03,1.707525473972492812e-05,0.000000000000000000e+00,-9.388045896230323706e-13
1.736000000000000000e+03,2.301157076519288136e+00,1.193260961363082400e-04,1.930000000000000000e+02,5.770000000000000000e+02,0.000000000000000000e+00,1.455191522836685181e-11,5.208333333333333044e-03,1.735326203882767664e-05,0.000000000000000000e+00,-9.414691248821327463e-13
1.737000000000000000e+03,2.301037768521955851e+00,1.193079973336867071e-04,1.930000000000000000e+02,5.770000000000000000e+02,0.000000000000000000e+00,1.455191522836685181e-11,5.208333333333333044e-03,1.731265022372104677e-05,0.000000000000000000e+00,-9.401368572525825584e-13
1.738000000000000000e+03,2.300918478615521234e+00,1.192899064329180930e-04,1.930000000000000000e+02,5.770000000000000000e+02,0.000000000000000000e+00,1.455191522836685181e-11,5.208333333333333044e-03,1.720505015350852867e-05,0.000000000000000000e+00,-9.414691248821327463e-13
1.739000000000000000e+03,2.300799206792095930e+00,1.192718234264626253e-04,1.930000000000000000e+02,5.770000000000000000e+02,0.000000000000000000e+00,1.455191522836685181e-11,5.208333333333333044e-03,1.704358029093199463e-05,0.000000000000000000e+00,-9.405809464624326210e-13
1.740000000000000000e+03,2.300679953043787584e+00,1.192537483067995053e-04,1.930000000000000000e+02,5.770000000000000000e+02,0.000000000000000000e+00,1.455191522836685181e-11,5.208333333333333044e-03,1.721044407918387298e-05,0.000000000000000000e+00,-9.419132140919828089e-13
1.741000000000000000e+03,2.300560717376019415e+00,1.192356677669362757e-04,1.930000000000000000e+02,5.770000000000000000e+02,0.000000000000000000e+00,1.455191522836685181e-11,5.208333333333333044e-03,1.719872205158396974e-05,0.000000000000000000e+00,-9.432454817215329967e-13
1.742000000000000000e+03,2.300441499793917988e+00,1.192175821052320116e-04,1.930000000000000000e+02,5.770000000000000000e+02,0.000000000000000000e+00,1.455191522836685181e-11,5.208333333333333044e-03,1.690771738647662469e-05,0.000000000000000000e+00,-9.392486788328824332e-13
1.743000000000000000e+03,2.300322300289448840e+00,1.191995044706734951e-04,1.930000000000000000e+02,5.770000000000000000e+02,0.000000000000000000e+00,1.455191522836685181e-11,5.208333333333333044e-03,1.709431810230311390e-05,0.000000000000000000e+00,-9.379164112033322453e-13
1.744000000000000000e+03,2.300203118854632134e+00,1.191814348136105146e-04,1.930000000000000000e+02,5.770000000000000000e+02,0.000000000000000000e+00,1.455191522836685181e-11,5.208333333333333044e-03,1.715747716290016691e-05,0.000000000000000000e+00,-9.410250356722826837e-13
1.745000000000000000e+03,2.300083955481527109e+00,1.191633731066354962e-04,1.930000000000000000e+02,5.770000000000000000e+02,0.000000000000000000e+00,1.455191522836685181e-11,5.208333333333333044e-03,1.725516335750902481e-05,0.000000000000000000e+00,-9.392486788328824332e-13
1.746000000000000000e+03,2.299964810162192119e+00,1.191453193298141902e-04,1.930000000000000000e+02,5.770000000000000000e+02,0.000000000000000000e+00,1.455191522836685181e-11,5.208333333333333044e-03,1.670047631093357204e-05,0.000000000000000000e+00,-9.445777493510831846e-13
1.747000000000000000e+03,2.299845682888729037e+00,1.191272734669269865e-04,1.930000000000000000e+02,5.770000000000000000e+02,0.000000000000000000e+00,1.455191522836685181e-11,5.208333333333333044e-03,1.677970937020907774e-05,0.000000000000000000e+00,-9.405809464624326210e-13
1.748000000000000000e+03,2.299726573653224193e+00,1.191092355039348086e-04,1.930000000000000000e+02,5.770000000000000000e+02,0.000000000000000000e+00,1.455191522836685181e-11,5.208333333333333044e-03,1.738183395272850391e-05,0.000000000000000000e+00,-9.414691248821327463e-13
1.749000000000000000e+03,2.299607482447795892e+00,1.190912054282143719e-04,1.930000000000000000e+02,5.770000000000000000e+02,0.000000000000000000e+00,1.455191522836685181e-11,5.208333333333333044e-03,1.697346990511792793e-05,0.000000000000000000e+00,-9.419132140919828089e-13
1.750000000000000000e+03,2.299488409264569988e+00,1.190731832281259259e-04,1.930000000000000000e+02,5.770000000000000000e+02,0.000000000000000000e+00,1.455191522836685181e-11,5.208333333333333044e-03,1.726064586465994190e-05,0.000000000000000000e+00,-9.396927680427324958e-13
1.751000000000000000e+03,2.299369354095678109e+00,1.190551688927472991e-04,1.930000000000000000e+02,5.770000000000000000e+02,0.000000000000000000e+00,1.455191522836685181e-11,5.208333333333333044e-03,1.740534159239102782e-05,0.000000000000000000e+00,-9.388045896230323706e-13
1.752000000000000000e+03,2.299250316933263427e+00,1.190371624117005897e-04,1.930000000000000000e+02,5.770000000000000000e+02,0.000000000000000000e+00,1.455191522836685181e-11,5.208333333333333044e-03,1.661580778222023267e-05,0.000000000000000000e+00,-9.414691248821327463e-13
1.753000000000000000e+03,2.299131297769489546e+00,1.190191637750337569e-04,1.930000000000000000e+02,5.770000000000000000e+02,0.000000000000000000e+00,1.455191522836685181e-11,5.208333333333333044e-03,1.704048005771894518e-05,0.000000000000000000e+00,-9.405809464624326210e-13
1.754000000000000000e+03,2.299012296596518290e+00,1.190011729731352399e-04,1.930000000000000000e+02,5.770000000000000000e+02,0.000000000000000000e+00,1.455191522836685181e-11,5.208333333333333044e-03,1.691024746857821109e-05,0.000000000000000000e+00,-9.388045896230323706e-13
1.755000000000000000e+03,2.298893313406521699e+00,1.189831899966724434e-04,1.930000000000000000e+02,5.770000000000000000e+02,0.000000000000000000e+00,1.455191522836685181e-11,5.208333333333333044e-03,1.708170813728239872e-05,0.000000000000000000e+00,-9.383605004131823080e-13
1.756000000000000000e+03,2.298774348191682915e+00,1.189652148365445065e-04,1.930000000000000000e+02,5.770000000000000000e+02,0.000000000000000000e+00,1.455191522836685181e-11,5.208333333333333044e-03,1.735291477584876538e-05,0.000000000000000000e+00,-9.405809464624326210e-13
1.757000000000000000e+03,2.298655400944198846e+00,1.189472474838468362e-04,1.930000000000000000e+02,5.770000000000000000e+02,0.000000000000000000e+00,1.455191522836685181e-11,5.208333333333333044e-03,1.712250099285045598e-05,0.000000000000000000e+00,-9.410250356722826837e-13
1.758000000000000000e+03,2.298536471656270841e+00,1.189292879298421587e-04,1.930000000000000000e+02,5.770000000000000000e+02,0.000000000000000000e+00,1.455191522836685181e-11,5.208333333333333044e-03,1.733120087316961693e-05,0.000000000000000000e+00,-9.392486788328824332e-13
1.759000000000000000e+03,2.298417560320102471e+00,1.189113361659388090e-04,1.930000000000000000e+02,5.770000000000000000e+02,0.000000000000000000e+00,1.455191522836685181e-11,5.208333333333333044e-03,1.716684254536047369e-05,0.000000000000000000e+00,-9.414691248821327463e-13
1.760000000000000000e+03,2.298298666927919953e+00,1.188933921836718514e-04,1.930000000000000000e+02,5.770000000000000000e+02,0.000000000000000000e+00,1.455191522836685181e-11,5.208333333333333044e-03,1.690617740360515962e-05,0.000000000000000000e+00,-9.405809464624326210e-13
1.761000000000000000e+03,2.298179791471945066e+00,1.188754559746885923e-04,1.930000000000000000e+02,5.770000000000000000e+02,0.000000000000000000e+00,1.455191522836685181e-11,5.208333333333333044e-03,1.697140815249947645e-05,0.000000000000000000e+00,-9.405809464624326210e-13
1.762000000000000000e+03,2.298060933944415130e+00,1.188575275307364102e-04,1.930000000000000000e+02,5.770000000000000000e+02,0.000000000000000000e+00,1.455191522836685181e-11,5.208333333333333044e-03,1.724491018365862914e-05,0.000000000000000000e+00,-9.396927680427324958e-13
1.763000000000000000e+03,2.297942094337573238e+00,1.188396068436513574e-04,1.930000000000000000e+02,5.770000000000000000e+02,0.000000000000000000e+00,1.455191522836685181e-11,5.208333333333333044e-03,1.741583047958556436e-05,0.000000000000000000e+00,-9.379164112033322453e-13
1.764000000000000000e+03,2.297823272643664705e+00,1.188216939053511135e-04,1.930000000000000000e+02,5.770000000000000000e+02,0.000000000000000000e+00,1.455191522836685181e-11,5.208333333333333044e-03,1.691066303931726297e-05,0.000000000000000000e+00,-9.414691248821327463e-13
1.765000000000000000e+03,2.297704468854958382e+00,1.188037887078265007e-04,1.930000000000000000e+02,5.770000000000000000e+02,0.000000000000000000e+00,1.455191522836685181e-11,5.208333333333333044e-03,1.678291190683042227e-05,0.000000000000000000e+00,-9.396927680427324958e-13
1.766000000000000000e+03,2.297585682963718678e+00,1.187858912431352773e-04,1.930000000000000000e+02,5.770000000000000000e+02,0.000000000000000000e+00,1.455191522836685181e-11,5.208333333333333044e-03,1.690809043086201205e-05,0.000000000000000000e+00,-9.361400543639319949e-13
1.767000000000000000e+03,2.297466914962213558e+00,1.187680015033968115e-04,1.930000000000000000e+02,5.770000000000000000e+02,0.000000000000000000e+00,1.455191522836685181e-11,5.208333333333333044e-03,1.696525773021997593e-05,0.000000000000000000e+00,-9.379164112033322453e-13
1.768000000000000000e+03,2.297348164842732743e+00,1.187501194807872565e-04,1.930000000000000000e+02,5.770000000000000000e+02,0.000000000000000000e+00,1.455191522836685181e-11,5.208333333333333044e-03,1.716006458396887799e-05,0.000000000000000000e+00,-9.379164112033322453e-13
1.769000000000000000e+03,2.297229432597563736e+00,1.187322451675357557e-04,1.930000000000000000e+02,5.770000000000000000e+02,0.000000000000000000e+00,1.455191522836685181e-11,5.208333333333333044e-03,1.729780106181405048e-05,0.000000000000000000e+00,-9.396927680427324958e-13
1.770000000000000000e+03,2.297110718219006475e+00,1.187143785559202825e-04,1.930000000000000000e+02,5.770000000000000000e+02,0.000000000000000000e+00,1.455191522836685181e-11,5.208333333333333044e-03,1.701977019901735071e-05,0.000000000000000000e+00,-9.405809464624326210e-13
1.771000000000000000e+03,2.296992021699368891e+00,1.186965196382643332e-04,1.930000000000000000e+02,5.770000000000000000e+02,0.000000000000000000e+00,1.455191522836685181e-11,5.208333333333333044e-03,1.690344292668056290e-05,0.000000000000000000e+00,-9.401368572525825584e-13
1.772000000000000000e+03,2.296873343030962911e+00,1.186786684069348263e-04,1.930000000000000000e+02,5.770000000000000000e+02,0.000000000000000000e+00,1.455191522836685181e-11,5.208333333333333044e-03,1.722415946773673466e-05,0.000000000000000000e+00,-9.392486788328824332e-13
1.773000000000000000e+03,2.296754682206105347e+00,1.186608248543390398e-04,1.930000000000000000e+02,5.770000000000000000e+02,0.000000000000000000e+00,1.455191522836685181e-11,5.208333333333333044e-03,1.687182748349635097e-05,0.000000000000000000e+00,-9.423573033018328715e-13
1.774000000000000000e+03,2.296636039217132996e+00,1.186429889729221580e-04,1.930000000000000000e+02,5.770000000000000000e+02,0.000000000000000000e+00,1.455191522836685181e-11,5.208333333333333044e-03,1.738679144374369461e-05,0.000000000000000000e+00,-9.419132140919828089e-13
1.775000000000000000e+03,2.296517414056378659e+00,1.186251607551657675e-04,1.930000000000000000e+02,5.770000000000000000e+02,0.000000000000000000e+00,1.455191522836685181e-11,5.208333333333333044e-03,1.654613652702968248e-05,0.000000000000000000e+00,-9.410250356722826837e-13
1.776000000000000000e+03,2.296398806716188012e+00,1.186073401935854445e-04,1.930000000000000000e+02,5.770000000000000000e+02,0.000000000000000000e+00,1.455191522836685181e-11,5.208333333333333044e-03,1.717995254380036329e-05,0.000000000000000000e+00,-9.379164112033322453e-13
1.777000000000000000e+03,2.296280217188904960e+00,1.185895272807297791e-04,1.930000000000000000e+02,5.770000000000000000e+02,0.000000000000000000e+00,1.455191522836685181e-11,5.208333333333333044e-03,1.652869630879580395e-05,0.000000000000000000e+00,-9.405809464624326210e-13
1.778000000000000000e+03,2.296161645466896495e+00,1.185717220091782342e-04,1.930000000000000000e+02,5.770000000000000000e+02,0.000000000000000000e+00,1.455191522836685181e-11,5.208333333333333044e-03,1.683130144016840141e-05,0.000000000000000000e+00,-9.396927680427324958e-13
1.779000000000000000e+03,2.296043091542526948e+00,1.185539243715400475e-04,1.930000000000000000e+02,5.770000000000000000e+02,0.000000000000000000e+00,1.455191522836685181e-11,5.208333333333333044e-03,1.739801040829213973e-05,0.000000000000000000e+00,-9.379164112033322453e-13
1.780000000000000000e+03,2.295924555408165979e+00,1.185361343604530797e-04,1.930000000000000000e+02,5.770000000000000000e+02,0.000000000000000000e+00,1.455191522836685181e-11,5.208333333333333044e-03,1.731408505835589420e-05,0.000000000000000000e+00,-9.383605004131823080e-13
1.781000000000000000e+03,2.295806037056196569e+00,1.185183519685824592e-04,1.930000000000000000e+02,5.770000000000000000e+02,0.000000000000000000e+00,1.455191522836685181e-11,5.208333333333333044e-03,1.719868112637132538e-05,0.000000000000000000e+00,-9.388045896230323706e-13
1.782000000000000000e+03,2.295687536479007473e+00,1.185005771886195927e-04,1.930000000000000000e+02,5.770000000000000000e+02,0.000000000000000000e+00,1.455191522836685181e-11,5.208333333333333044e-03,1.704472372964462558e-05,0.000000000000000000e+00,-9.396927680427324958e-13
1.783000000000000000e+03,2.295569053668991444e+00,1.184828100132814468e-04,1.930000000000000000e+02,5.770000000000000000e+02,0.000000000000000000e+00,1.455191522836685181e-11,5.208333333333333044e-03,1.684436251875626216e-05,0.000000000000000000e+00,-9.423573033018328715e-13
1.784000000000000000e+03,2.295450588618562104e+00,1.184650504353094508e-04,1.930000000000000000e+02,5.770000000000000000e+02,0.000000000000000000e+00,1.455191522836685181e-11,5.208333333333333044e-03,1.704725870208816145e-05,0.000000000000000000e+00,-9.361400543639319949e-13
1.785000000000000000e+03,2.295332141320113095e+00,1.184472984474684661e-04,1.930000000000000000e+02,5.770000000000000000e+02,0.000000000000000000e+00,1.455191522836685181e-11,5.208333333333333044e-03,1.708047197146434797e-05,0.000000000000000000e+00,-9.379164112033322453e-13
1.786000000000000000e+03,2.295213711766068698e+00,1.184295540425465152e-04,1.930000000000000000e+02,5.770000000000000000e+02,0.000000000000000000e+00,1.455191522836685181e-11,5.208333333333333044e-03,1.740741256535469688e-05,0.000000000000000000e+00,-9.396927680427324958e-13
1.787000000000000000e+03,2.295095299948855416e+00,1.184118172133538064e-04,1.930000000000000000e+02,5.770000000000000000e+02,0.000000000000000000e+00,1.455191522836685181e-11,5.208333333333333044e-03,1.734036040101033535e-05,0.000000000000000000e+00,-9.396927680427324958e-13
1.788000000000000000e+03,2.294976905860901084e+00,1.183940879527219607e-04,1.930000000000000000e+02,5.770000000000000000e+02,0.000000000000000000e+00,1.455191522836685181e-11,5.208333333333333044e-03,1.725090164484857869e-05,0.000000000000000000e+00,-9.414691248821327463e-13
1.789000000000000000e+03,2.294858529494652633e+00,1.183763662535035924e-04,1.930000000000000000e+02,5.770000000000000000e+02,0.000000000000000000e+00,1.455191522836685181e-11,5.208333333333333044e-03,1.693206299327542459e-05,0.000000000000000000e+00,-9.361400543639319949e-13
1.790000000000000000e+03,2.294740170842542781e+00,1.183586521085720100e-04,1.930000000000000000e+02,5.770000000000000000e+02,0.000000000000000000e+00,1.455191522836685181e-11,5.208333333333333044e-03,1.655447842865037959e-05,0.000000000000000000e+00,-9.374723219934821827e-13
1.791000000000000000e+03,2.294621829897028675e+00,1.183409455108199023e-04,1.930000000000000000e+02,5.770000000000000000e+02,0.000000000000000000e+00,1.455191522836685181e-11,5.208333333333333044e-03,1.726258130915813297e-05,0.000000000000000000e+00,-9.405809464624326210e-13
1.792000000000000000e+03,2.294503506650579006e+00,1.183232464531597451e-04,1.930000000000000000e+02,5.770000000000000000e+02,0.000000000000000000e+00,1.455191522836685181e-11,5.208333333333333044e-03,1.709548797686720806e-05,0.000000000000000000e+00,-9.370282327836321201e-13
1.793000000000000000e+03,2.294385201095649585e+00,1.183055549285226890e-04,1.930000000000000000e+02,5.770000000000000000e+02,0.000000000000000000e+00,1.455191522836685181e-11,5.208333333333333044e-03,1.719655658327613398e-05,0.000000000000000000e+00,-9.379164112033322453e-13
1.794000000000000000e+03,2.294266913224717541e+00,1.182878709298585063e-04,1.930000000000000000e+02,5.770000000000000000e+02,0.000000000000000000e+00,1.455191522836685181e-11,5.208333333333333044e-03,1.739940283603077221e-05,0.000000000000000000e+00,-9.401368572525825584e-13
1.795000000000000000e+03,2.294148643030265777e+00,1.182701944501349126e-04,1.930000000000000000e+02,5.770000000000000000e+02,0.000000000000000000e+00,1.455191522836685181e-11,5.208333333333333044e-03,1.715840046461499833e-05,0.000000000000000000e+00,-9.419132140919828089e-13
1.796000000000000000e+03,2.294030390504786077e+00,1.182525254823375399e-04,1.930000000000000000e+02,5.770000000000000000e+02,0.000000000000000000e+00,1.455191522836685181e-11,5.208333333333333044e-03,1.710546007153568784e-05,0.000000000000000000e+00,-9.392486788328824332e-13
1.797000000000000000e+03,2.293912155640765782e+00,1.182348640194690964e-04,1.930000000000000000e+02,5.770000000000000000e+02,0.000000000000000000e+00,1.455191522836685181e-11,5.208333333333333044e-03,1.741875158892216999e-05,0.000000000000000000e+00,-9.401368572525825584e-13
1.798000000000000000e+03,2.293793938430715329e+00,1.182172100545494209e-04,1.930000000000000000e+02,5.770000000000000000e+02,0.000000000000000000e+00,1.455191522836685181e-11,5.208333333333333044e-03,1.754918963268406140e-05,0.000000000000000000e+00,-9.361400543639319949e-13
1.799000000000000000e+03,2.293675738867131830e+00,1.181995635806148726e-04,1.930000000000000000e+02,5.770000000000000000e+02,0.000000000000000000e+00,1.455191522836685181e-11,5.208333333333333044e-03,1.693912631503038393e-05,0.000000000000000000e+00,-9.388045896230323706e-13
1.800000000000000000e+03,2.293557556942540376e+00,1.181819245907186021e-04,1.930000000000000000e+02,5.770000000000000000e+02,0.000000000000000000e+00,1.455191522836685181e-11,5.208333333333333044e-03,1.720100573491358515e-05,0.000000000000000000e+00,-9.396927680427324958e-13
