time_s,time_h,max_C,max_r_m,C_center,C_surface,mean_C,loss_cumulative,water_balance,interval_mean_C,interval_loss,steps,iterations,rejections,min_dt_s,max_dt_s,worst_scaled_residual,damped_iterations
0.0,0.0,,,2.55,2.55,2.55,0.0,0.0,0.0,0.0,0.0,0.0,0.0,0.0,0.0,0.0,0.0
60.0,0.016666666666666666,,,2.55,2.327079972167419,2.538578517716774,0.01142148228316362,-6.217248937900877e-14,2.538578517716774,0.01142148228316362,41921.0,125725.0,0.0,8.57801579385864e-05,0.0015755082310325932,1.8169441715013364e-05,0.0
120.0,0.03333333333333333,,,2.55,2.2420918993595484,2.5277232561031715,0.022276743896657448,-1.709743457922741e-13,2.5277232561031715,0.010855261613493828,34940.0,104776.0,0.0,5.421743762212827e-05,0.001874989487433261,1.825176700960756e-05,0.0
180.0,0.05,,,2.55,2.1798342578558185,2.517216355129107,0.03278364487061005,-2.828848266744899e-13,2.517216355129107,0.0105069009739526,29569.0,88664.0,0.0,4.9540724518237766e-05,0.002200508137763446,1.8175529079512706e-05,0.0
240.0,0.06666666666666667,,,2.55,2.1292835836493627,2.506980096890279,0.043019903109336725,-3.8413716652030416e-13,2.506980096890279,0.010236258238726677,25345.0,76007.0,0.0,7.440249788714937e-06,0.002552063097002612,1.823394956743824e-05,0.0
300.0,0.08333333333333333,,,2.55,2.0863538720232464,2.4969693675728992,0.05303063242661551,-4.849454171562684e-13,2.4969693675728992,0.010010729317278784,21975.0,65884.0,0.0,1.4369627137966745e-05,0.002929654806017665,1.818593248314315e-05,0.0
360.0,0.1,,,2.55,2.04887299036143,2.4871528283651743,0.0628471716342579,-5.6754601018838e-13,2.4871528283651743,0.009816539207642399,19229.0,57650.0,0.0,3.244074537178676e-05,0.00333330292003437,1.8018213863169215e-05,0.0
420.0,0.11666666666666667,,,2.55,2.015460648217668,2.4775081454317798,0.07249185456757783,-6.421529974431905e-13,2.4775081454317798,0.009644682933319925,16972.0,50880.0,0.0,6.6165884504698624e-06,0.003762992909583052,1.8099250716001322e-05,0.0
480.0,0.13333333333333333,,,2.55,1.9852237452459767,2.4680180887310623,0.08198191126823404,-7.034373084024992e-13,2.4680180887310623,0.009490056700656203,15086.0,45225.0,0.0,6.19058615711765e-05,0.004218708549747745,1.814805536678924e-05,0.0
540.0,0.15,,,2.55,1.9576405425202592,2.458669081071398,0.09133091892785325,-7.487344078072056e-13,2.458669081071398,0.009349007659619213,13504.0,40480.0,0.0,3.0282207035270403e-06,0.004700446020448583,1.8077048599472814e-05,0.0
600.0,0.16666666666666666,,,2.55,1.932332229662848,2.4494492879026804,0.10055071209653117,-7.882583474838611e-13,2.4494492879026804,0.009219793168677923,12159.0,36444.0,0.0,1.4575945442629745e-05,0.005208280845209883,1.804232987757606e-05,0.0
660.0,0.18333333333333332,,,2.5499999999993457,1.908991497346391,2.4403483077253543,0.10965169227382142,-8.242295734817162e-13,2.4403483077253543,0.00910098017729025,11520.0,34560.0,0.0,0.005208333326095271,0.005208333333333333,1.788299711586783e-05,0.0
720.0,0.2,,,2.5499999999922123,1.887320850958441,2.431357050638529,0.11864294936062345,-8.473222123939195e-13,2.431357050638529,0.008991257086802023,11520.0,34560.0,0.0,0.005208333326095271,0.005208333333333333,1.783815997728005e-05,0.0
780.0,0.21666666666666667,,,2.5499999999493075,1.8670893769994483,2.422468426863446,0.12753157313568705,-8.664180484174722e-13,2.422468426863446,0.008888623775063605,11520.0,34560.0,0.0,0.005208333326095271,0.005208333333333333,1.7982427649719725e-05,0.0
840.0,0.23333333333333334,,,2.549999999722755,1.8481232996202266,2.413676307299827,0.1363236926992955,-8.770761894538737e-13,2.413676307299827,0.008792119563608463,11520.0,34560.0,0.0,0.005208333326095271,0.005208333333333333,1.790452029554345e-05,0.0
900.0,0.25,,,2.549999998765099,1.830240435786586,2.4049751841819007,0.14502481581721122,-8.877343304902752e-13,2.4049751841819007,0.008701123117915705,11520.0,34560.0,0.0,0.005208333326095271,0.005208333333333333,1.7949178192362277e-05,0.0
960.0,0.26666666666666666,,,2.5499999953857655,1.813408399812676,2.3963591827161475,0.15364081728295992,-8.926193117986259e-13,2.3963591827161475,0.008616001465748705,11520.0,34560.0,0.0,0.005208333326095271,0.005208333333333333,1.8048824959769836e-05,0.0
1020.0,0.2833333333333333,,,2.549999985118702,1.7974908201972986,2.387823393487984,0.16217660651112506,-8.908429549592256e-13,2.387823393487984,0.00853578922816515,11520.0,34560.0,0.0,0.005208333326095271,0.005208333333333333,1.780608316021995e-05,0.0
1080.0,0.3,,,2.549999957590868,1.7824858815636901,2.3793644631406523,0.1706355368584534,-8.93951579428176e-13,2.3793644631406523,0.008458930347328338,11576.0,34616.0,0.0,1.4551915228366852e-11,0.005208333333333333,1.7944700605573688e-05,0.0
1140.0,0.31666666666666665,,,2.549999891153641,1.768308225692168,2.3709776814701153,0.1790223185289942,-8.903988657493755e-13,2.3709776814701153,0.008386781670540801,11580.0,34620.0,0.0,1.4551915228366852e-11,0.005208333333333333,1.7935576678551527e-05,0.0
1200.0,0.3333333333333333,,,2.5499997445061906,1.7548377049268875,2.3626596331084655,0.18734036689064304,-8.912870441690757e-13,2.3626596331084655,0.008318048361648832,11580.0,34620.0,0.0,1.4551915228366852e-11,0.005208333333333333,1.8011926451695902e-05,0.0
1260.0,0.35,,,2.5499994446158123,1.7419702946551172,2.3544069875706004,0.1955930124285134,-8.859579736508749e-13,2.3544069875706004,0.008252645537870354,11580.0,34620.0,0.0,1.4551915228366852e-11,0.005208333333333333,1.7726326098182948e-05,0.0
1320.0,0.36666666666666664,,,2.5499988704232024,1.7297381717090088,2.3462163540667893,0.2037836459323223,-8.881784197001252e-13,2.3462163540667893,0.008190633503808872,11580.0,34620.0,0.0,1.4551915228366852e-11,0.005208333333333333,1.7885964383110186e-05,0.0
1380.0,0.38333333333333336,,,2.5499978321077448,1.7181341849960194,2.3380854298058975,0.21191457019322144,-8.810729923425242e-13,2.3380854298058975,0.008130924260899154,11580.0,34620.0,0.0,1.4551915228366852e-11,0.005208333333333333,1.7842198266347648e-05,0.0
1440.0,0.4,,,2.549996046027919,1.7069975386240661,2.3300112123508194,0.2199887876483029,-8.775202786637237e-13,2.3300112123508194,0.008074217455081472,11580.0,34620.0,0.0,1.4551915228366852e-11,0.005208333333333333,1.7809931268548715e-05,0.0
1500.0,0.4166666666666667,,,2.549993105702875,1.6962499845525076,2.3219911277954806,0.2280088722036462,-8.730793865652231e-13,2.3219911277954806,0.008020084555343303,11580.0,34620.0,0.0,1.4551915228366852e-11,0.005208333333333333,1.7841048770887835e-05,0.0
1560.0,0.43333333333333335,,,2.5499884495088216,1.6859256936910325,2.3140237531245686,0.23597624687456012,-8.708589405159728e-13,2.3140237531245686,0.007967374670913912,11580.0,34620.0,0.0,1.4551915228366852e-11,0.005208333333333333,1.783853426825615e-05,0.0
1620.0,0.45,,,2.5499813262569884,1.6760019090821197,2.306106832729219,0.24389316726991817,-8.624212455288216e-13,2.306106832729219,0.007916920395358037,11580.0,34620.0,0.0,1.4551915228366852e-11,0.005208333333333333,1.772854813784479e-05,0.0
1680.0,0.4666666666666667,,,2.549970760111583,1.6664391782647792,2.2982386944404487,0.2517613055586924,-8.588685318500211e-13,2.2982386944404487,0.007868138288774262,11580.0,34620.0,0.0,1.4551915228366852e-11,0.005208333333333333,1.7674627240888905e-05,0.0
1740.0,0.48333333333333334,,,2.549955515977103,1.6573276788127154,2.290417392806453,0.25958260719268267,-8.641976023682219e-13,2.290417392806453,0.007821301633990245,11580.0,34620.0,0.0,1.4551915228366852e-11,0.005208333333333333,1.7749647629519673e-05,0.0
1800.0,0.5,,,2.54993406671685,1.648617820038637,2.282640912912779,0.26735908708636397,-8.570921750106208e-13,2.282640912912779,0.007776479893681299,11580.0,34620.0,0.0,1.4551915228366852e-11,0.005208333333333333,1.769985773939796e-05,0.0
1860.0,0.5166666666666667,,,2.54990456313938,1.640244471073353,2.2749074312652904,0.2750925687338561,-8.535394613318203e-13,2.2749074312652904,0.007733481647492177,11580.0,34620.0,0.0,1.4551915228366852e-11,0.005208333333333333,1.771718145171749e-05,0.0
1920.0,0.5333333333333333,,,2.549864806448893,1.6321076810546074,2.2672157917410076,0.2827842082581445,-8.477663016037695e-13,2.2672157917410076,0.007691639524288374,11580.0,34620.0,0.0,1.4551915228366852e-11,0.005208333333333333,1.772565277957137e-05,0.0
1980.0,0.55,,,2.549812224706738,1.624180347786882,2.2595652167986575,0.2904347832004974,-8.446576771348191e-13,2.2595652167986575,0.007650574942352937,11580.0,34620.0,0.0,1.4551915228366852e-11,0.005208333333333333,1.7696677261256128e-05,0.0
2040.0,0.5666666666666667,,,2.549743855706743,1.6165267888577903,2.2519537804681993,0.2980462195309549,-8.455458555545192e-13,2.2519537804681993,0.007611436330457478,11580.0,34620.0,0.0,1.4551915228366852e-11,0.005208333333333333,1.7557683306099462e-05,0.0
2100.0,0.5833333333333334,,,2.549656339475261,1.609091262365578,2.2443801021113443,0.3056198978878216,-8.339995360984176e-13,2.2443801021113443,0.007573678356866749,11528.0,34568.0,0.0,1.4551915228366852e-11,0.005208333333333333,1.7692841164026507e-05,0.0
2160.0,0.6,,,2.5495459183135623,1.6018525065422837,2.236843630196913,0.31315636980225664,-8.304468224196171e-13,2.236843630196913,0.007536471914435007,11520.0,26144.0,0.0,0.005208333304381085,0.005208333333333333,1.7726251441883237e-05,0.0
2220.0,0.6166666666666667,,,2.549408441295,1.5948760547539547,2.229343611192585,0.3206563888065794,-8.353318037279678e-13,2.229343611192585,0.0075000190043227515,11520.0,23040.0,0.0,0.005208333304381085,0.005208333333333333,1.7880188288197464e-05,0.0
2280.0,0.6333333333333333,,,2.5492393777000646,1.5881035539539419,2.221878630773984,0.3281213692251874,-8.286704655802168e-13,2.221878630773984,0.007464980418608053,11520.0,23040.0,0.0,0.005208333304381085,0.005208333333333333,1.799885993106685e-05,0.0
2340.0,0.65,,,2.5490338372644996,1.5815260456510882,2.2144468050231585,0.3355531949760086,-8.326672684688674e-13,2.2144468050231585,0.007431825750821174,11520.0,23040.0,0.0,0.005208333304381085,0.005208333333333333,1.778977799904575e-05,0.0
2400.0,0.6666666666666666,,,2.5487865912076884,1.57514508421017,2.2070471699644516,0.34295283003472504,-8.233413950620161e-13,2.2070471699644516,0.0073996350587164535,11520.0,23040.0,0.0,0.005208333304381085,0.005208333333333333,1.790291471545203e-05,0.0
2460.0,0.6833333333333333,,,2.5484921004091414,1.5689499498494779,2.1996796440735062,0.35032035592566874,-8.246736626915663e-13,2.1996796440735062,0.007367525890943688,11520.0,23040.0,0.0,0.005208333304381085,0.005208333333333333,1.77669331461332e-05,0.0
2520.0,0.7,,,2.548144546668303,1.5629296703737496,2.1923431046175206,0.35765689538165885,-8.202327705930657e-13,2.1923431046175206,0.007336539455990117,11520.0,23040.0,0.0,0.005208333304381085,0.005208333333333333,1.7719997585877773e-05,0.0
2580.0,0.7166666666666667,,,2.547737870052613,1.5569912740288183,2.1850371895623373,0.3649628104368538,-8.08686451136964e-13,2.1850371895623373,0.007305915055194945,11520.0,23040.0,0.0,0.005208333304381085,0.005208333333333333,1.776583735277992e-05,0.0
2640.0,0.7333333333333333,,,2.5472658085249247,1.5512067958886555,2.177761263946199,0.3722387360529906,-8.100187187665142e-13,2.177761263946199,0.007275925616136798,11520.0,23040.0,0.0,0.005208333304381085,0.005208333333333333,1.7741215378755993e-05,0.0
2700.0,0.75,,,2.5467219479825127,1.5455909722329586,2.170513741345105,0.37948625865408886,-8.060219158778636e-13,2.170513741345105,0.00724752260109823,11520.0,23040.0,0.0,0.005208333304381085,0.005208333333333333,1.773102582671511e-05,0.0
2760.0,0.7666666666666667,,,2.546099787115601,1.5400419787684987,2.163294498456655,0.38670550154254685,-7.980283101005625e-13,2.163294498456655,0.007219242888458006,11520.0,23040.0,0.0,0.005208333304381085,0.005208333333333333,1.7504286541384235e-05,0.0
2820.0,0.7833333333333333,,,2.545392776242028,1.534553506887489,2.1561037403695473,0.39389625962965774,-7.949196856316121e-13,2.1561037403695473,0.007190758087110876,11520.0,23040.0,0.0,0.005208333304381085,0.005208333333333333,1.748766238204067e-05,0.0
2880.0,0.8,,,2.544594359287677,1.5292021880827182,2.148940257607625,0.4010597423915809,-7.94031507211912e-13,2.148940257607625,0.0071634827619231215,11520.0,23040.0,0.0,0.005208333304381085,0.005208333333333333,1.7567022629269528e-05,0.0
2940.0,0.8166666666666667,,,2.5436980552520234,1.5239417609973531,2.141803916495951,0.4081960835032576,-7.913669719528116e-13,2.141803916495951,0.00713634111167671,11520.0,23040.0,0.0,0.005208333304381085,0.005208333333333333,1.7610370248722996e-05,0.0
3000.0,0.8333333333333334,,,2.542697523141384,1.5187095323017363,2.1346941659997642,0.4153058339994465,-7.891465259035613e-13,2.1346941659997642,0.00710975049618887,11520.0,23040.0,0.0,0.005208333304381085,0.005208333333333333,1.7705211144110233e-05,0.0
3060.0,0.85,,,2.541586586811334,1.5135732940758397,2.127610806386946,0.42238919361226596,-7.878142582740111e-13,2.127610806386946,0.00708335961281948,11520.0,23040.0,0.0,0.005208333304381085,0.005208333333333333,1.7458037309388483e-05,0.0
3120.0,0.8666666666666667,,,2.5403592972684352,1.508577593623388,2.120553241407049,0.429446758592161,-7.895906151134113e-13,2.120553241407049,0.007057564979895056,11520.0,23040.0,0.0,0.005208333304381085,0.005208333333333333,1.7544056241031018e-05,0.0
3180.0,0.8833333333333333,,,2.539009996786657,1.5037350611019549,2.1135204666326417,0.4364795333665687,-7.895906151134113e-13,2.1135204666326417,0.007032774774407646,11520.0,23040.0,0.0,0.005208333304381085,0.005208333333333333,1.7574722757731886e-05,0.0
3240.0,0.9,,,2.537533333949505,1.4989470496186152,2.106512897017767,0.44348710298144645,-7.860379014346108e-13,2.106512897017767,0.007007569614877776,11520.0,23040.0,0.0,0.005208333304381085,0.005208333333333333,1.7587473564004962e-05,0.0
3300.0,0.9166666666666666,,,2.5359242182083594,1.4942314641829482,2.09952955614329,0.4504704438559244,-7.851497230149107e-13,2.09952955614329,0.006983340874477931,11520.0,23040.0,0.0,0.005208333304381085,0.005208333333333333,1.7603411507464755e-05,0.0
3360.0,0.9333333333333333,,,2.5341778302500555,1.4895389762105615,2.092569907495887,0.4574300925033299,-7.829292769656604e-13,2.092569907495887,0.006959648647405515,11520.0,23040.0,0.0,0.005208333304381085,0.005208333333333333,1.7520458715768534e-05,0.0
3420.0,0.95,,,2.5322896943617734,1.484882687304108,2.0856337467519097,0.46436625324730735,-7.829292769656604e-13,2.0856337467519097,0.006936160743977435,11520.0,23040.0,0.0,0.005208333304381085,0.005208333333333333,1.7409262261424822e-05,0.0
3480.0,0.9666666666666667,,,2.530255733037512,1.4802434653520706,2.0787208518293663,0.47127914816985195,-7.815970093361102e-13,2.0787208518293663,0.00691289492254459,11520.0,23040.0,0.0,0.005208333304381085,0.005208333333333333,1.749348670768372e-05,0.0
3540.0,0.9833333333333333,,,2.5280723341795173,1.4756178415111494,2.0718313857489816,0.4781686142502378,-7.8026474170656e-13,2.0718313857489816,0.0068894660803858945,11520.0,23040.0,0.0,0.005208333304381085,0.005208333333333333,1.7442916917325852e-05,0.0
3600.0,1.0,,,2.5257363868969156,1.4710939126858087,2.064964515925783,0.48503548407343494,-7.820410985459603e-13,2.064964515925783,0.0068668698231971045,11520.0,23040.0,0.0,0.005208333304381085,0.005208333333333333,1.7364801887047227e-05,0.0
3660.0,1.0166666666666666,,,2.5232453224928753,1.4666572894299383,2.0581199336618887,0.4918800663373275,-7.833733661755105e-13,2.0581199336618887,0.006844582263892549,11520.0,23040.0,0.0,0.005208333304381085,0.005208333333333333,1.7484558848366154e-05,0.0
3720.0,1.0333333333333334,,,2.5205970891019547,1.4622503421731234,2.0512980591031886,0.49870194089602776,-7.833733661755105e-13,2.0512980591031886,0.006821874558700259,11520.0,23040.0,0.0,0.005208333304381085,0.005208333333333333,1.721876112775503e-05,0.0
3780.0,1.05,,,2.517790015125005,1.4579179884175055,2.044498537976942,0.505501462022277,-7.807088309164101e-13,2.044498537976942,0.006799521126249188,11520.0,23040.0,0.0,0.005208333304381085,0.005208333333333333,1.7226051756758368e-05,0.0
3840.0,1.0666666666666667,,,2.5148227954243816,1.4536135346900714,2.0377206663541805,0.5122793336450394,-7.7982065249671e-13,2.0377206663541805,0.006777871622762492,11520.0,23040.0,0.0,0.005208333304381085,0.005208333333333333,1.7165782301154113e-05,0.0
3900.0,1.0833333333333333,,,2.5116945307527936,1.4493154359072353,2.030963932436052,0.5190360675631668,-7.807088309164101e-13,2.030963932436052,0.006756733918127359,11520.0,23040.0,0.0,0.005208333304381085,0.005208333333333333,1.7301267926460975e-05,0.0
3960.0,1.1,,,2.508404708343346,1.4450488159355948,2.0242288913744106,0.5257711086248044,-7.847056338050606e-13,2.0242288913744106,0.006735041061637635,11520.0,23040.0,0.0,0.005208333304381085,0.005208333333333333,1.7239118428385224e-05,0.0
4020.0,1.1166666666666667,,,2.504953239085249,1.440777035556996,2.0175151037924994,0.5324848962067152,-7.851497230149107e-13,2.0175151037924994,0.006713787581910896,11520.0,23040.0,0.0,0.005208333304381085,0.005208333333333333,1.732697242482606e-05,0.0
4080.0,1.1333333333333333,,,2.501340505176719,1.4364798066358397,2.010822247637214,0.5391777523620013,-7.847056338050606e-13,2.010822247637214,0.006692856155286051,11520.0,23040.0,0.0,0.005208333304381085,0.005208333333333333,1.7325024524113444e-05,0.0
4140.0,1.15,,,2.4975673591090413,1.4322424880729325,2.00415103855955,0.5458489614396619,-7.878142582740111e-13,2.00415103855955,0.0066712090776606635,11564.0,23084.0,0.0,5.820766091346741e-11,0.005208333333333333,1.7307148820827463e-05,0.0
4200.0,1.1666666666666667,,,2.4936351579147074,1.4280468781466178,1.9975011569666714,0.5524988430325385,-7.900347043232614e-13,1.9975011569666714,0.006649881592876582,11580.0,23100.0,0.0,5.820766091346741e-11,0.005208333333333333,1.740338539068347e-05,0.0
4260.0,1.1833333333333333,,,2.489545752651719,1.423868071916821,1.9908719621919473,0.5591280378072622,-7.904787935331115e-13,1.9908719621919473,0.006629194774723679,11580.0,23100.0,0.0,5.820766091346741e-11,0.005208333333333333,1.7351756647072563e-05,0.0
4320.0,1.2,,,2.485301310694244,1.4197800364466122,1.9842633730214552,0.5657366269777498,-7.949196856316121e-13,1.9842633730214552,0.006608589170487712,11580.0,23100.0,0.0,5.820766091346741e-11,0.005208333333333333,1.7168569371741526e-05,0.0
4380.0,1.2166666666666666,,,2.4809042422308,1.4156830840041645,1.97767527113711,0.5723247288620992,-7.904787935331115e-13,1.97767527113711,0.006588101884349383,11580.0,23100.0,0.0,5.820766091346741e-11,0.005208333333333333,1.7188909724672704e-05,0.0
4440.0,1.2333333333333334,,,2.4763571400074693,1.4115241356306425,1.9711077223071143,0.5788922776920952,-7.904787935331115e-13,1.9711077223071143,0.006567548829995972,11580.0,23100.0,0.0,5.820766091346741e-11,0.005208333333333333,1.7296155093221176e-05,0.0
4500.0,1.25,,,2.4716626976568836,1.4073976230690362,1.964560835415902,0.5854391645833026,-7.949196856316121e-13,1.964560835415902,0.006546886891207375,11580.0,23100.0,0.0,5.820766091346741e-11,0.005208333333333333,1.733880290574365e-05,0.0
4560.0,1.2666666666666666,,,2.466823945618417,1.4033189605498524,1.9580347260798334,0.5919652739193728,-7.935874180020619e-13,1.9580347260798334,0.006526109336070234,11580.0,23100.0,0.0,5.820766091346741e-11,0.005208333333333333,1.7153293079523015e-05,0.0
4620.0,1.2833333333333334,,,2.461844378782672,1.3992840081427915,1.9515286851052336,0.5984713148939691,-7.971401316808624e-13,1.9515286851052336,0.006506040974596261,11580.0,23100.0,0.0,5.820766091346741e-11,0.005208333333333333,1.7240705024216163e-05,0.0
4680.0,1.3,,,2.4567277321957315,1.3952957534097972,1.9450428323347466,0.6049571676644588,-7.94475596421762e-13,1.9450428323347466,0.00648585277048971,11580.0,23100.0,0.0,5.820766091346741e-11,0.005208333333333333,1.715137934154624e-05,0.0
4740.0,1.3166666666666667,,,2.4514777857227563,1.3913264678715083,1.9385774380673273,0.611422561931868,-8.046896482483135e-13,1.9385774380673273,0.006465394267409117,11580.0,23100.0,0.0,5.820766091346741e-11,0.005208333333333333,1.7113764062080417e-05,0.0
4800.0,1.3333333333333333,,,2.4460982624514216,1.3873598261821665,1.932131155108511,0.6178688448906852,-8.038014698286133e-13,1.932131155108511,0.006446282958817219,11580.0,23100.0,0.0,5.820766091346741e-11,0.005208333333333333,1.710683409523372e-05,0.0
4860.0,1.35,,,2.4405928805999273,1.3833605963392848,1.9257039389460566,0.624296061053139,-8.042455590384634e-13,1.9257039389460566,0.006427216162453797,11580.0,23100.0,0.0,5.820766091346741e-11,0.005208333333333333,1.7088162475538702e-05,0.0
4920.0,1.3666666666666667,,,2.4349654137424777,1.3793961633341667,1.919296539336257,0.6307034606629379,-8.046896482483135e-13,1.919296539336257,0.006407399609798942,11580.0,23100.0,0.0,5.820766091346741e-11,0.005208333333333333,1.7203103881776104e-05,0.0
4980.0,1.3833333333333333,,,2.4292197912356963,1.3754190134902204,1.912909265198591,0.6370907348006021,-8.064660050877137e-13,1.912909265198591,0.0063872741376641215,11580.0,23100.0,0.0,5.820766091346741e-11,0.005208333333333333,1.6999895298594563e-05,0.0
5040.0,1.4,,,2.4233601800769473,1.3713725140762105,1.90654198306707,0.6434580169321276,-8.020251129892131e-13,1.90654198306707,0.006367282131525483,11580.0,23100.0,0.0,5.820766091346741e-11,0.005208333333333333,1.725556837290735e-05,0.0
5100.0,1.4166666666666667,,,2.417390867413375,1.3673385568306045,1.9001945952675123,0.6498054047316801,-8.073541835074138e-13,1.9001945952675123,0.006347387799552526,11580.0,23100.0,0.0,5.820766091346741e-11,0.005208333333333333,1.7198027823098013e-05,0.0
5160.0,1.4333333333333333,,,2.4113164086671857,1.3633809581359284,1.8938668063660953,0.6561331936330954,-8.091305403468141e-13,1.8938668063660953,0.006327788901415262,11580.0,23100.0,0.0,5.820766091346741e-11,0.005208333333333333,1.7148427911312686e-05,0.0
5220.0,1.45,,,2.405141678628155,1.359460310976545,1.887558168786733,0.6624418312124589,-8.077982727172639e-13,1.887558168786733,0.006308637579363533,11580.0,23100.0,0.0,5.820766091346741e-11,0.005208333333333333,1.7194258173917627e-05,0.0
5280.0,1.4666666666666666,,,2.398871514496414,1.3554814757276747,1.8812686772966707,0.6687313227025238,-8.055778266680136e-13,1.8812686772966707,0.0062894914900648805,11580.0,23100.0,0.0,5.820766091346741e-11,0.005208333333333333,1.7267241214925566e-05,0.0
5340.0,1.4833333333333334,,,2.3925103453654897,1.3515288326768014,1.8749988581503954,0.6750011418487921,-8.122391648157645e-13,1.8749988581503954,0.00626981914626836,11580.0,23100.0,0.0,5.820766091346741e-11,0.005208333333333333,1.7127508609192523e-05,0.0
5400.0,1.5,,,2.386062394293007,1.3475675435596042,1.8687483225406032,0.6812516774585884,-8.08242361927114e-13,1.8687483225406032,0.006250535609796248,11580.0,23100.0,0.0,5.820766091346741e-11,0.005208333333333333,1.7232685206683812e-05,0.0
5460.0,1.5166666666666666,,,2.379532000749907,1.3436444122985227,1.8625171788898476,0.6874828211093389,-8.135714324453147e-13,1.8625171788898476,0.006231143650750485,11580.0,23100.0,0.0,5.820766091346741e-11,0.005208333333333333,1.716462844837135e-05,0.0
5520.0,1.5333333333333334,,,2.3729235112292324,1.3397525626172533,1.8563058943975526,0.6936941056016344,-8.126832540256146e-13,1.8563058943975526,0.0062112844922954935,11580.0,23100.0,0.0,5.820766091346741e-11,0.005208333333333333,1.709737674154235e-05,0.0
5580.0,1.55,,,2.3662412100169017,1.335814717010331,1.8501131943559468,0.6998868056432359,-8.171241461241152e-13,1.8501131943559468,0.0061927000416015406,11580.0,23100.0,0.0,5.820766091346741e-11,0.005208333333333333,1.7108081455744794e-05,0.0
5640.0,1.5666666666666667,,,2.3594891659269206,1.3318798103633007,1.8439395245556343,0.7060604754435479,-8.175682353339653e-13,1.8439395245556343,0.006173669800311957,11580.0,23100.0,0.0,5.820766091346741e-11,0.005208333333333333,1.7194673285113085e-05,0.0
5700.0,1.5833333333333333,,,2.3526713143936093,1.3279654099725475,1.8377850444053885,0.7122149555937883,-8.22897305852166e-13,1.8377850444053885,0.006154480150240485,11580.0,23100.0,0.0,5.820766091346741e-11,0.005208333333333333,1.7032686468726907e-05,0.0
5760.0,1.6,,,2.3457916504085765,1.3240691851856268,1.831649758108559,0.718350241890617,-8.237854842718662e-13,1.831649758108559,0.006135286296828687,11580.0,23100.0,0.0,5.820766091346741e-11,0.005208333333333333,1.6967751032871105e-05,0.0
5820.0,1.6166666666666667,,,2.3388541695749883,1.320112119264716,1.825533641039604,0.724466358959567,-8.286704655802168e-13,1.825533641039604,0.006116117068950029,11580.0,23100.0,0.0,5.820766091346741e-11,0.005208333333333333,1.698817361114376e-05,0.0
5880.0,1.6333333333333333,,,2.3318626898467407,1.3161598537855044,1.8194371508350415,0.7305628491641253,-8.331113576787175e-13,1.8194371508350415,0.006096490204558239,11580.0,23100.0,0.0,5.820766091346741e-11,0.005208333333333333,1.70961856014373e-05,0.0
5940.0,1.65,,,2.3248209959578987,1.3122801102664778,1.8133598755879652,0.7366401244111979,-8.36664071357518e-13,1.8133598755879652,0.00607727524707258,11580.0,23100.0,0.0,5.820766091346741e-11,0.005208333333333333,1.7028293070484378e-05,0.0
6000.0,1.6666666666666667,,,2.3177330330105583,1.30848104053041,1.8073013161254596,0.7426986838737061,-8.339995360984176e-13,1.8073013161254596,0.0060585594625081896,11580.0,23100.0,0.0,5.820766091346741e-11,0.005208333333333333,1.7079000211515342e-05,0.0
6060.0,1.6833333333333333,,,2.3106026195405085,1.3046464129838855,1.8012621329554999,0.7487378670436643,-8.357758929378178e-13,1.8012621329554999,0.0060391831699582125,11580.0,23100.0,0.0,5.820766091346741e-11,0.005208333333333333,1.720658270082551e-05,0.0
6120.0,1.7,,,2.3034329158760056,1.3007435167357186,1.795241389006748,0.7547586109924149,-8.36664071357518e-13,1.795241389006748,0.006020743948750657,11580.0,23100.0,0.0,5.820766091346741e-11,0.005208333333333333,1.703104765132465e-05,0.0
6180.0,1.7166666666666666,,,2.296226607499433,1.296878994732821,1.7892396410588771,0.7607603589402794,-8.433254095052689e-13,1.7892396410588771,0.006001747947864466,11580.0,23100.0,0.0,5.820766091346741e-11,0.005208333333333333,1.7006438627634966e-05,0.0
6240.0,1.7333333333333334,,,2.2889865078519587,1.2930574007228004,1.7832567927105962,0.7667432072885629,-8.406608742461685e-13,1.7832567927105962,0.005982848348283526,11580.0,23100.0,0.0,5.820766091346741e-11,0.005208333333333333,1.7075950695795533e-05,0.0
6300.0,1.75,,,2.2817157328164406,1.289211998948416,1.7772928397610175,0.7727071602381401,-8.419931418757187e-13,1.7772928397610175,0.005963952949577142,11580.0,23100.0,0.0,5.820766091346741e-11,0.005208333333333333,1.690714447715083e-05,0.0
6360.0,1.7666666666666666,,,2.274417222656362,1.2853207129057476,1.7713470473207902,0.7786529526783663,-8.433254095052689e-13,1.7713470473207902,0.00594579244022619,11580.0,23100.0,0.0,5.820766091346741e-11,0.005208333333333333,1.7145056397237154e-05,0.0
6420.0,1.7833333333333334,,,2.2670936768842056,1.2814035848728536,1.7654198508520442,0.7845801491471076,-8.482103908136196e-13,1.7654198508520442,0.005927196468741243,11580.0,23100.0,0.0,5.820766091346741e-11,0.005208333333333333,1.695235802778601e-05,0.0
6480.0,1.8,,,2.25974784898059,1.2774543172012638,1.7595115932927312,0.790488406706418,-8.5087492607272e-13,1.7595115932927312,0.005908257559310294,11580.0,23100.0,0.0,5.820766091346741e-11,0.005208333333333333,1.702300270394236e-05,0.0
6540.0,1.8166666666666667,,,2.252382711328055,1.2735846799227633,1.7536224487615113,0.7963775512376365,-8.517631044924201e-13,1.7536224487615113,0.005889144531218541,11580.0,23100.0,0.0,5.820766091346741e-11,0.005208333333333333,1.6997306480450207e-05,0.0
6600.0,1.8333333333333333,,,2.2450014371865215,1.269732253711916,1.7477520388811052,0.802247961118046,-8.486544800234697e-13,1.7477520388811052,0.005870409880409456,11580.0,23100.0,0.0,5.820766091346741e-11,0.005208333333333333,1.7056281619847404e-05,0.0
6660.0,1.85,,,2.2376071080097546,1.2658256359898923,1.7419004509084908,0.8080995490906563,-8.526512829121202e-13,1.7419004509084908,0.005851587972610287,11580.0,23100.0,0.0,5.820766091346741e-11,0.005208333333333333,1.709185522447951e-05,0.0
6720.0,1.8666666666666667,,,2.230202242207735,1.2619140404347946,1.7360683174127183,0.8139316825864262,-8.553158181712206e-13,1.7360683174127183,0.0058321334957698945,11580.0,23100.0,0.0,5.820766091346741e-11,0.005208333333333333,1.70461608857385e-05,0.0
6780.0,1.8833333333333333,,,2.222789107962716,1.2580374830472336,1.7302549577224648,0.8197450422766765,-8.58424442640171e-13,1.7302549577224648,0.005813359690250307,11580.0,23100.0,0.0,5.820766091346741e-11,0.005208333333333333,1.711003939925723e-05,0.0
6840.0,1.9,,,2.2153701441003566,1.2541490629162022,1.7244603309058661,0.8255396690932759,-8.57980353430321e-13,1.7244603309058661,0.005794626816599352,11580.0,23100.0,0.0,5.820766091346741e-11,0.005208333333333333,1.6965725003021347e-05,0.0
6900.0,1.9166666666666667,,,2.2079477433435017,1.2502972849418843,1.7186849132094857,0.8313150867896526,-8.615330671091215e-13,1.7186849132094857,0.0057754176963766436,11580.0,23100.0,0.0,5.820766091346741e-11,0.005208333333333333,1.703655729261503e-05,0.0
6960.0,1.9333333333333333,,,2.2005240203236296,1.246491101941291,1.712928314447262,0.8370716855518759,-8.619771563189715e-13,1.712928314447262,0.00575659876222336,11580.0,23100.0,0.0,5.820766091346741e-11,0.005208333333333333,1.709123247645355e-05,0.0
7020.0,1.95,,,2.19310092185565,1.2426602054662708,1.7071899051293409,0.8428100948697976,-8.615330671091215e-13,1.7071899051293409,0.005738409317921634,11580.0,23100.0,0.0,5.820766091346741e-11,0.005208333333333333,1.7115971552690696e-05,0.0
7080.0,1.9666666666666666,,,2.1856800223972264,1.238802485942623,1.7014698902525645,0.8485301097465745,-8.606448886894214e-13,1.7014698902525645,0.005720014876776872,11580.0,23100.0,0.0,5.820766091346741e-11,0.005208333333333333,1.698060794888487e-05,0.0
7140.0,1.9833333333333334,,,2.1782626024994176,1.2349496858227862,1.6957690886269916,0.8542309113721454,-8.628653347386717e-13,1.6957690886269916,0.005700801625570847,11580.0,23100.0,0.0,5.820766091346741e-11,0.005208333333333333,1.70629998723551e-05,0.0
7200.0,2.0,,,2.1708500121805256,1.2310928099997733,1.6900863505832513,0.8599136494158849,-8.637535131583718e-13,1.6900863505832513,0.005682738043739489,11580.0,23100.0,0.0,5.820766091346741e-11,0.005208333333333333,1.6982473914801446e-05,0.0
7260.0,2.0166666666666666,,,2.163443823559686,1.227240643192216,1.68442134406842,0.865578655930715,-8.65085780787922e-13,1.68442134406842,0.005665006514830116,11580.0,23100.0,0.0,5.820766091346741e-11,0.005208333333333333,1.6973096129852483e-05,0.0
7320.0,2.033333333333333,,,2.156045631889838,1.2233485245126758,1.678774972986916,0.8712250270122214,-8.624212455288216e-13,1.678774972986916,0.005646371081506337,11580.0,23100.0,0.0,5.820766091346741e-11,0.005208333333333333,1.6992477897273457e-05,0.0
7380.0,2.05,,,2.1486569184910533,1.21946081724893,1.6731481136366315,0.8768518863624997,-8.686384944667225e-13,1.6731481136366315,0.005626859350278343,11580.0,23100.0,0.0,5.820766091346741e-11,0.005208333333333333,1.6983958081402445e-05,0.0
7440.0,2.066666666666667,,,2.14127915663542,1.215567024681651,1.6675403936898114,0.882459606309325,-8.633094239485217e-13,1.6675403936898114,0.00560771994682534,11580.0,23100.0,0.0,5.820766091346741e-11,0.005208333333333333,1.704519450136624e-05,0.0
7500.0,2.0833333333333335,,,2.1339140282190803,1.2116952375768917,1.6619516685695714,0.8880483314295594,-8.690825836765725e-13,1.6619516685695714,0.005588725120234473,11580.0,23100.0,0.0,5.820766091346741e-11,0.005208333333333333,1.7007459217257656e-05,0.0
7560.0,2.1,,,2.1265632288503147,1.2078462666877543,1.6563818510444552,0.8936181489546758,-8.686384944667225e-13,1.6563818510444552,0.005569817525116416,11580.0,23100.0,0.0,5.820766091346741e-11,0.005208333333333333,1.7000964226082774e-05,0.0
7620.0,2.1166666666666667,,,2.119228330059542,1.2039605086612335,1.650830189471945,0.899169810527186,-8.686384944667225e-13,1.650830189471945,0.005551661572510159,11580.0,23100.0,0.0,5.820766091346741e-11,0.005208333333333333,1.6934771810406253e-05,0.0
7680.0,2.1333333333333333,,,2.111910593511019,1.2000758344518403,1.645297582896955,0.9047024171021764,-8.686384944667225e-13,1.645297582896955,0.005532606574990338,11580.0,23100.0,0.0,5.820766091346741e-11,0.005208333333333333,1.6906437559878057e-05,0.0
7740.0,2.15,,,2.104611077539161,1.1962339833701185,1.6397841674339177,0.9102158325652047,-8.775202786637237e-13,1.6397841674339177,0.005513415463028256,11580.0,23100.0,0.0,5.820766091346741e-11,0.005208333333333333,1.7019759501728373e-05,0.0
7800.0,2.1666666666666665,,,2.0973309029185767,1.1923827159184404,1.6342885258221702,0.9157114741769596,-8.699707620962727e-13,1.6342885258221702,0.005495641611754981,11580.0,23100.0,0.0,5.820766091346741e-11,0.005208333333333333,1.7066145085733567e-05,0.0
7860.0,2.183333333333333,,,2.0900711359077286,1.1885704075094832,1.6288110081043667,0.9211889918947557,-8.775202786637237e-13,1.6288110081043667,0.005477517717796083,11580.0,23100.0,0.0,5.820766091346741e-11,0.005208333333333333,1.695774064893891e-05,0.0
7920.0,2.2,,,2.082832523173982,1.1847883189087356,1.6233517768303085,0.9266482231688167,-8.748557434046234e-13,1.6233517768303085,0.00545923127406101,11580.0,23100.0,0.0,5.820766091346741e-11,0.005208333333333333,1.695035178954493e-05,0.0
7980.0,2.216666666666667,,,2.075615609919016,1.180954189079762,1.6179106924708888,0.9320893075282387,-8.72191208145523e-13,1.6179106924708888,0.005441084359422027,11580.0,23100.0,0.0,5.820766091346741e-11,0.005208333333333333,1.6781967312490704e-05,0.0
8040.0,2.2333333333333334,,,2.068420634904614,1.1771287876305563,1.6124879299365669,0.9375120700625535,-8.79296635503124e-13,1.6124879299365669,0.005422762534314803,11580.0,23100.0,0.0,5.820766091346741e-11,0.005208333333333333,1.696370586494112e-05,0.0
8100.0,2.25,,,2.061247819046393,1.1732962191766094,1.6070845061445274,0.9429154938545999,-8.72635297355373e-13,1.6070845061445274,0.00540342379204641,11580.0,23100.0,0.0,5.820766091346741e-11,0.005208333333333333,1.6906750842890562e-05,0.0
8160.0,2.2666666666666666,,,2.0540976780268294,1.1694931470217507,1.6016999265195806,0.9483000734795416,-8.775202786637237e-13,1.6016999265195806,0.005384579624941677,11580.0,23100.0,0.0,5.820766091346741e-11,0.005208333333333333,1.7004584030676433e-05,0.0
8220.0,2.283333333333333,,,2.0469708804013114,1.1657206980802706,1.5963328603718476,0.9536671396272768,-8.752998326144734e-13,1.5963328603718476,0.005367066147735139,11552.0,23072.0,0.0,5.820766091346741e-11,0.005208333333333333,1.693954245594822e-05,0.0
8280.0,2.3,,,2.0398681682322404,1.161946031090762,1.5909843996561506,0.9590156003429716,-8.775202786637237e-13,1.5909843996561506,0.005348460715694854,11520.0,23040.0,0.0,0.005208333217524341,0.005208333333333333,1.6968880505429413e-05,0.0
8340.0,2.316666666666667,,,2.0327899317277063,1.1581332977707919,1.585654360397848,0.9643456396012811,-8.708589405159728e-13,1.585654360397848,0.005330039258309412,11520.0,23040.0,0.0,0.005208333217524341,0.005208333333333333,1.706618844392203e-05,0.0
8400.0,2.3333333333333335,,,2.025736360090961,1.1543153527772045,1.5803430576061277,0.9696569423929969,-8.752998326144734e-13,1.5803430576061277,0.005311302791715836,11520.0,23040.0,0.0,0.005208333217524341,0.005208333333333333,1.700305150680441e-05,0.0
8460.0,2.35,,,2.0187077436468837,1.1505323612098786,1.575050293282949,0.9749497067161759,-8.748557434046234e-13,1.575050293282949,0.005292764323178987,11520.0,23040.0,0.0,0.005208333217524341,0.005208333333333333,1.7008902283713026e-05,0.0
8520.0,2.3666666666666667,,,2.0117046943834294,1.1467829234394173,1.5697751575577332,0.9802248424413901,-8.766321002440236e-13,1.5697751575577332,0.005275135725214262,11520.0,23040.0,0.0,0.005208333217524341,0.005208333333333333,1.695750864970134e-05,0.0
8580.0,2.3833333333333333,,,2.004727839082065,1.1430361733380476,1.5645175513896383,0.9854824486094862,-8.752998326144734e-13,1.5645175513896383,0.005257606168096082,11520.0,23040.0,0.0,0.005208333217524341,0.005208333333333333,1.6940851527602818e-05,0.0
8640.0,2.4,,,1.9977774858800745,1.1392705758024,1.5592786758257307,0.990721324173392,-8.770761894538737e-13,1.5592786758257307,0.005238875563905828,11520.0,23040.0,0.0,0.005208333217524341,0.005208333333333333,1.697106181149748e-05,0.0
8700.0,2.4166666666666665,,,1.9908536068263234,1.1354800116614996,1.5540583952022031,0.9959416047969207,-8.757439218243235e-13,1.5540583952022031,0.005220280623528767,11520.0,23040.0,0.0,0.005208333217524341,0.005208333333333333,1.7011533142521074e-05,0.0
8760.0,2.433333333333333,,,1.9839562380163667,1.1316910276647814,1.5488563571860805,1.0011436428130371,-8.819611707622244e-13,1.5488563571860805,0.005202038016116344,11520.0,23040.0,0.0,0.005208333217524341,0.005208333333333333,1.703206575767088e-05,0.0
8820.0,2.45,,,1.9770857246513698,1.1279130306700582,1.5436718254573152,1.0063281745418027,-8.819611707622244e-13,1.5436718254573152,0.00518453172876548,11520.0,23040.0,0.0,0.005208333217524341,0.005208333333333333,1.691554364914706e-05,0.0
8880.0,2.466666666666667,,,1.9702426342799373,1.1241660471485486,1.5385052842432174,1.0114947157559027,-8.79740724712974e-13,1.5385052842432174,0.005166541214099915,11520.0,23040.0,0.0,0.005208333217524341,0.005208333333333333,1.6880728897763223e-05,0.0
8940.0,2.4833333333333334,,,1.963427490850659,1.1203803320459034,1.5333574564582277,1.0166425435408986,-8.735234757750732e-13,1.5333574564582277,0.005147827784995811,11520.0,23040.0,0.0,0.005208333217524341,0.005208333333333333,1.6928347705880867e-05,0.0
9000.0,2.5,,,1.9566405846072712,1.1166477850675367,1.5282276467413871,1.0217723532577343,-8.784084570834239e-13,1.5282276467413871,0.0051298097168357894,11520.0,23040.0,0.0,0.005208333217524341,0.005208333333333333,1.6949258870280192e-05,0.0
9060.0,2.5166666666666666,,,1.9498821547089678,1.113002794799078,1.5231161319748436,1.0268838680242791,-8.770761894538737e-13,1.5231161319748436,0.005111514766544881,11520.0,23040.0,0.0,0.005208333217524341,0.005208333333333333,1.7082634283387145e-05,0.0
9120.0,2.533333333333333,,,1.9431524888456637,1.1092957920629576,1.5180228775677511,1.0319771224313745,-8.739675649849232e-13,1.5180228775677511,0.005093254407095337,11520.0,23040.0,0.0,0.005208333217524341,0.005208333333333333,1.6967692740825802e-05,0.0
9180.0,2.55,,,1.9364514046774253,1.1055543343535956,1.5129469022837418,1.0370530977153798,-8.784084570834239e-13,1.5129469022837418,0.0050759752840053626,11520.0,23040.0,0.0,0.005208333217524341,0.005208333333333333,1.6951727529073634e-05,0.0
9240.0,2.566666666666667,,,1.9297784308729224,1.1018262481949257,1.5078885459595393,1.0421114540395862,-8.744116541947733e-13,1.5078885459595393,0.005058356324206427,11520.0,23040.0,0.0,0.005208333217524341,0.005208333333333333,1.695350888459374e-05,0.0
9300.0,2.5833333333333335,,,1.9231335036045916,1.0981285383749797,1.5028490342516214,1.047150965747499,-8.79296635503124e-13,1.5028490342516214,0.005039511707912908,11520.0,23040.0,0.0,0.005208333217524341,0.005208333333333333,1.6996509729841115e-05,0.0
9360.0,2.6,,,1.9165168308495755,1.094431793054561,1.4978270015188093,1.052172998480312,-8.784084570834239e-13,1.4978270015188093,0.005022032732813045,11520.0,23040.0,0.0,0.005208333217524341,0.005208333333333333,1.6944884260656945e-05,0.0
9420.0,2.6166666666666667,,,1.9099286837259037,1.0907449917383654,1.4928223218416543,1.0571776781574687,-8.766321002440236e-13,1.4928223218416543,0.005004679677156651,11520.0,23040.0,0.0,0.005208333217524341,0.005208333333333333,1.6893673974139572e-05,0.0
9480.0,2.6333333333333333,,,1.9033691572298066,1.0870984358457316,1.4878353822432098,1.0621646177559156,-8.744116541947733e-13,1.4878353822432098,0.004986939598446945,11520.0,23040.0,0.0,0.005208333217524341,0.005208333333333333,1.698385390764458e-05,0.0
9540.0,2.65,,,1.8968382453313761,1.0834587304156886,1.4828657359793926,1.0671342640197294,-8.775202786637237e-13,1.4828657359793926,0.004969646263813901,11520.0,23040.0,0.0,0.005208333217524341,0.005208333333333333,1.689532887624938e-05,0.0
9600.0,2.6666666666666665,,,1.8903357900945743,1.0797857283138315,1.4779141813262806,1.0720858186728441,-8.748557434046234e-13,1.4779141813262806,0.0049515546531147545,11520.0,23040.0,0.0,0.005208333217524341,0.005208333333333333,1.6959397111207858e-05,0.0
9660.0,2.683333333333333,,,1.8838614608590016,1.0761348564788034,1.4729808654408536,1.0770191345582705,-8.757439218243235e-13,1.4729808654408536,0.004933315885426332,11520.0,23040.0,0.0,0.005208333217524341,0.005208333333333333,1.6992887199557282e-05,0.0
9720.0,2.7,,,1.8774150377575092,1.0724766729948807,1.4680640274732586,1.0819359725258686,-8.72635297355373e-13,1.4680640274732586,0.004916837967598027,11520.0,23040.0,0.0,0.005208333217524341,0.005208333333333333,1.699322462838466e-05,0.0
9780.0,2.716666666666667,,,1.8709966236279634,1.068780990365505,1.463165160659071,1.0868348393400538,-8.748557434046234e-13,1.463165160659071,0.004898866814185095,11520.0,23040.0,0.0,0.005208333217524341,0.005208333333333333,1.6976777914715972e-05,0.0
9840.0,2.7333333333333334,,,1.8646062628359754,1.0651249664481306,1.4582848759561646,1.0917151240429608,-8.744116541947733e-13,1.4582848759561646,0.004880284702906979,11520.0,23040.0,0.0,0.005208333217524341,0.005208333333333333,1.689983259032249e-05,0.0
9900.0,2.75,,,1.8582441539442973,1.0614830397451422,1.4534211924618736,1.096578807537248,-8.784084570834239e-13,1.4534211924618736,0.004863683494287228,11520.0,23040.0,0.0,0.005208333217524341,0.005208333333333333,1.70040245559537e-05,0.0
9960.0,2.7666666666666666,,,1.8519107136184443,1.0578851568116743,1.4485748944965045,1.1014251055026159,-8.79296635503124e-13,1.4485748944965045,0.004846297965367732,11520.0,23040.0,0.0,0.005208333217524341,0.005208333333333333,1.6922326564313306e-05,0.0
10020.0,2.783333333333333,,,1.8456060973864612,1.0543077582354734,1.4437455484408648,1.1062544515582573,-8.775202786637237e-13,1.4437455484408648,0.004829346055641528,11520.0,23040.0,0.0,0.005208333217524341,0.005208333333333333,1.6954257490255474e-05,0.0
10080.0,2.8,,,1.839330151730857,1.0507120890677308,1.4389336059149476,1.1110663940841812,-8.713030297258229e-13,1.4389336059149476,0.004811942525923925,11520.0,23040.0,0.0,0.005208333217524341,0.005208333333333333,1.700740619296704e-05,0.0
10140.0,2.816666666666667,,,1.833082429089346,1.047133030957317,1.4341396073999966,1.1158603925991277,-8.757439218243235e-13,1.4341396073999966,0.004793998514946587,11520.0,23040.0,0.0,0.005208333217524341,0.005208333333333333,1.695016909358741e-05,0.0
10200.0,2.8333333333333335,,,1.8268624555538608,1.0435502747502072,1.429362312149801,1.1206376878493278,-8.713030297258229e-13,1.429362312149801,0.004777295250200006,11520.0,23040.0,0.0,0.005208333217524341,0.005208333333333333,1.6955902752097447e-05,0.0
10260.0,2.85,,,1.820670025526159,1.0399336295120143,1.4246016777944754,1.125398322204649,-8.752998326144734e-13,1.4246016777944754,0.004760634355321336,11520.0,23040.0,0.0,0.005208333217524341,0.005208333333333333,1.697680702729275e-05,0.0
10320.0,2.8666666666666667,,,1.8145049658923593,1.0363443632282372,1.4198586100227282,1.1301413899763992,-8.72191208145523e-13,1.4198586100227282,0.004743067771750093,11520.0,23040.0,0.0,0.005208333217524341,0.005208333333333333,1.6956130030508833e-05,0.0
10380.0,2.8833333333333333,,,1.8083672853349602,1.0327813018064955,1.4151326470177827,1.1348673529813391,-8.779643678735738e-13,1.4151326470177827,0.004725963004939987,11520.0,23040.0,0.0,0.005208333217524341,0.005208333333333333,1.6882704937707727e-05,0.0
10440.0,2.9,,,1.802257143958549,1.029216466509603,1.4104229237862724,1.139577076212853,-8.744116541947733e-13,1.4104229237862724,0.004709723231513865,11520.0,23040.0,0.0,0.005208333217524341,0.005208333333333333,1.6895937025269862e-05,0.0
10500.0,2.9166666666666665,,,1.7961746353413368,1.0255966241310703,1.4057306275970025,1.1442693724021218,-8.757439218243235e-13,1.4057306275970025,0.004692296189268863,11520.0,23040.0,0.0,0.005208333217524341,0.005208333333333333,1.692633357067408e-05,0.0
10560.0,2.933333333333333,,,1.790119610913815,1.0220302524479334,1.401056265388803,1.1489437346103188,-8.779643678735738e-13,1.401056265388803,0.004674362208197135,11520.0,23040.0,0.0,0.005208333217524341,0.005208333333333333,1.6901516684949836e-05,0.0
10620.0,2.95,,,1.7840921360929927,1.0185313882637343,1.396398920717243,1.1536010792818747,-8.819611707622244e-13,1.396398920717243,0.004657344671555794,11520.0,23040.0,0.0,0.005208333217524341,0.005208333333333333,1.6951044743397556e-05,0.0
10680.0,2.966666666666667,,,1.77809252532543,1.015081052138741,1.3917583985420523,1.1582416014570698,-8.775202786637237e-13,1.3917583985420523,0.004640522175194982,11520.0,23040.0,0.0,0.005208333217524341,0.005208333333333333,1.6910614320640635e-05,0.0
10740.0,2.9833333333333334,,,1.7721207403476278,1.011607048874826,1.3871350306304708,1.1628649693686515,-8.775202786637237e-13,1.3871350306304708,0.004623367911581759,11520.0,23040.0,0.0,0.005208333217524341,0.005208333333333333,1.6928896076146313e-05,0.0
10800.0,3.0,1.7661761548165131,0.0,1.7661761548165131,1.0081232668256759,1.3825273243706002,1.167472675628521,-8.784084570834239e-13,1.3825273243706002,0.004607706259869405,11520.0,23040.0,0.0,0.005208333217524341,0.005208333333333333,1.6934028247523872e-05,0.0
10860.0,3.0166666666666666,1.760258007571423,0.0,1.760258007571423,1.004658602730851,1.3779355052877877,1.1720644947113326,-8.79296635503124e-13,1.3779355052877877,0.004591819082811674,1920.0,5760.0,0.0,0.03125,0.03125,1.6917973499475287e-05,0.0
10920.0,3.033333333333333,1.7543657460944402,0.0,1.7543657460944402,1.0011761320003418,1.373360359903369,1.1766396400957533,-8.775202786637237e-13,1.373360359903369,0.004575145384420676,1920.0,5760.0,0.0,0.03125,0.03125,1.683790084375937e-05,0.0
10980.0,3.05,1.748498971543589,0.0,1.748498971543589,0.9976750482236191,1.3688027132039235,1.1811972867951985,-8.775202786637237e-13,1.3688027132039235,0.0045576466994452424,1920.0,5760.0,0.0,0.03125,0.03125,1.6918607128851116e-05,0.0
11040.0,3.066666666666667,1.742657437039531,0.0,1.742657437039531,0.9942121779726723,1.3642627010930377,1.1857372989060824,-8.79740724712974e-13,1.3642627010930377,0.004540012110883832,1920.0,5760.0,0.0,0.03125,0.03125,1.681070773579275e-05,0.0
11100.0,3.0833333333333335,1.73684123990085,0.0,1.73684123990085,0.990765773223995,1.3597387935100176,1.1902612064891034,-8.788525462932739e-13,1.3597387935100176,0.004523907583020996,1920.0,5760.0,0.0,0.03125,0.03125,1.6755972678046964e-05,0.0
11160.0,3.1,1.7310506718942662,0.0,1.7310506718942662,0.9873100317604835,1.3552315076686314,1.1947684923304904,-8.779643678735738e-13,1.3552315076686314,0.004507285841387057,1920.0,5760.0,0.0,0.03125,0.03125,1.675039419515321e-05,0.0
11220.0,3.1166666666666667,1.7252857946637605,0.0,1.7252857946637605,0.9838066017194708,1.350740689685035,1.1992593103140865,-8.784084570834239e-13,1.350740689685035,0.004490817983596121,1920.0,5760.0,0.0,0.03125,0.03125,1.695869785145204e-05,0.0
11280.0,3.1333333333333333,1.719546539615354,0.0,1.719546539615354,0.9803666883386074,1.3462665677188475,1.203733432280273,-8.79296635503124e-13,1.3462665677188475,0.004474121966186539,1920.0,5760.0,0.0,0.03125,0.03125,1.6783676497622117e-05,0.0
11340.0,3.15,1.7138330476880737,0.0,1.7138330476880737,0.9769481290070655,1.341809850731568,1.2081901492675515,-8.801848139228241e-13,1.341809850731568,0.004456716987278489,1920.0,5760.0,0.0,0.03125,0.03125,1.6838237091851604e-05,0.0
11400.0,3.1666666666666665,1.7081455793624583,0.0,1.7081455793624583,0.9735494040418327,1.3373695439551183,1.212630456044002,-8.79296635503124e-13,1.3373695439551183,0.004440306776450503,1920.0,5760.0,0.0,0.03125,0.03125,1.6859056012695234e-05,0.0
11460.0,3.183333333333333,1.7024841198507161,0.0,1.7024841198507161,0.9701483256987831,1.3329452079564654,1.2170547920426562,-8.784084570834239e-13,1.3329452079564654,0.004424335998654326,1920.0,5760.0,0.0,0.03125,0.03125,1.6685312409016422e-05,0.0
11520.0,3.2,1.6968484788417335,0.0,1.6968484788417335,0.966702583425191,1.3285374201192675,1.2214625798798526,-8.79740724712974e-13,1.3285374201192675,0.004407787837196441,1920.0,5760.0,0.0,0.03125,0.03125,1.7009624545246163e-05,0.0
11580.0,3.216666666666667,1.6912383227779297,0.0,1.6912383227779297,0.9633007951179595,1.3241453104537826,1.2258546895453362,-8.810729923425242e-13,1.3241453104537826,0.004392109665483553,1920.0,5760.0,0.0,0.03125,0.03125,1.688366296865552e-05,0.0
11640.0,3.2333333333333334,1.6856535563071915,0.0,1.6856535563071915,0.9599104567070469,1.3197686619425026,1.2302313380566186,-8.784084570834239e-13,1.3197686619425026,0.004376648511282345,1920.0,5760.0,0.0,0.03125,0.03125,1.6735462404585106e-05,0.0
11700.0,3.25,1.6800942667622907,0.0,1.6800942667622907,0.9564871472087727,1.315408503779283,1.234591496219837,-8.79740724712974e-13,1.315408503779283,0.00436015816321844,1920.0,5760.0,0.0,0.03125,0.03125,1.6887443436989035e-05,0.0
11760.0,3.2666666666666666,1.674560298547208,0.0,1.674560298547208,0.9531224154683957,1.3110650239433508,1.2389349760557677,-8.810729923425242e-13,1.3110650239433508,0.00434347983593086,1920.0,5760.0,0.0,0.03125,0.03125,1.6788052253104393e-05,0.0
11820.0,3.283333333333333,1.6690515856856707,0.0,1.6690515856856707,0.9498211388320346,1.3067382702526176,1.2432617297465016,-8.806289031326742e-13,1.3067382702526176,0.004326753690733814,1920.0,5760.0,0.0,0.03125,0.03125,1.693892777545865e-05,0.0
11880.0,3.3,1.6635681555981816,0.0,1.6635681555981816,0.946485516558031,1.302427553116973,1.2475724468821492,-8.775202786637237e-13,1.302427553116973,0.004310717135647616,1920.0,5760.0,0.0,0.03125,0.03125,1.68614358426557e-05,0.0
11940.0,3.316666666666667,1.65810971118611,0.0,1.65810971118611,0.9431257535693444,1.2981331067371664,1.2518668932619559,-8.775202786637237e-13,1.2981331067371664,0.004294446379806783,1920.0,5760.0,0.0,0.03125,0.03125,1.6733499913763587e-05,0.0
12000.0,3.3333333333333335,1.6526757434347177,0.0,1.6526757434347177,0.9398065596295349,1.2938541198959967,1.2561458801031242,-8.788525462932739e-13,1.2938541198959967,0.0042789868411683375,1920.0,5760.0,0.0,0.03125,0.03125,1.6672030201648676e-05,0.0
12060.0,3.35,1.6472660573803939,0.0,1.6472660573803939,0.9365559065948292,1.2895907563658022,1.2604092436333187,-8.788525462932739e-13,1.2895907563658022,0.004263363530194593,1920.0,5760.0,0.0,0.03125,0.03125,1.6846951691208906e-05,0.0
12120.0,3.3666666666666667,1.641880595345413,0.0,1.641880595345413,0.9332748976631977,1.2853430596894957,1.2646569403096242,-8.801848139228241e-13,1.2853430596894957,0.004247696676305471,1920.0,5760.0,0.0,0.03125,0.03125,1.6843578425361507e-05,0.0
12180.0,3.3833333333333333,1.636518968092163,0.0,1.636518968092163,0.9299451572931089,1.2811107002786548,1.2688892997204653,-8.79740724712974e-13,1.2811107002786548,0.004232359410841075,1920.0,5760.0,0.0,0.03125,0.03125,1.6838908596196443e-05,0.0
12240.0,3.4,1.6311805960272079,0.0,1.6311805960272079,0.9266095492869555,1.2768949538696506,1.2731050461294702,-8.79296635503124e-13,1.2768949538696506,0.004215746409004879,1920.0,5760.0,0.0,0.03125,0.03125,1.684362072229079e-05,0.0
12300.0,3.4166666666666665,1.6258652569563314,0.0,1.6258652569563314,0.9233036682383029,1.2726960026674392,1.277303997331681,-8.79296635503124e-13,1.2726960026674392,0.004198951202210899,1920.0,5760.0,0.0,0.03125,0.03125,1.699361223274712e-05,0.0
12360.0,3.433333333333333,1.6205732313517174,0.0,1.6205732313517174,0.9200068963565895,1.2685127740314248,1.2814872259676986,-8.766321002440236e-13,1.2685127740314248,0.004183228636017566,1920.0,5760.0,0.0,0.03125,0.03125,1.6785376824450786e-05,0.0
12420.0,3.45,1.6153049645751172,0.0,1.6153049645751172,0.9167426131143762,1.2643442268594074,1.2856557731397147,-8.775202786637237e-13,1.2643442268594074,0.004168547172016045,1920.0,5760.0,0.0,0.03125,0.03125,1.671277932281137e-05,0.0
12480.0,3.466666666666667,1.6100607081579195,0.0,1.6100607081579195,0.9134981620829018,1.2601912477851076,1.2898087522140123,-8.801848139228241e-13,1.2601912477851076,0.004152979074297657,1920.0,5760.0,0.0,0.03125,0.03125,1.6679173861784504e-05,0.0
12540.0,3.4833333333333334,1.6048404216946035,0.0,1.6048404216946035,0.9102427880199081,1.2560538852091738,1.2939461147899474,-8.784084570834239e-13,1.2560538852091738,0.004137362575935174,1920.0,5760.0,0.0,0.03125,0.03125,1.6868101782321332e-05,0.0
12600.0,3.5,1.5996437758879987,0.0,1.5996437758879987,0.9070579191296791,1.2519322971975952,1.2980677028015262,-8.784084570834239e-13,1.2519322971975952,0.004121588011578845,1920.0,5760.0,0.0,0.03125,0.03125,1.6848802035364167e-05,0.0
12660.0,3.5166666666666666,1.5944704793048254,0.0,1.5944704793048254,0.9038785583840862,1.2478267391856828,1.3021732608134382,-8.788525462932739e-13,1.2478267391856828,0.004105558011912127,1920.0,5760.0,0.0,0.03125,0.03125,1.6868461337324396e-05,0.0
12720.0,3.533333333333333,1.589320182563172,0.0,1.589320182563172,0.9006548969073628,1.2437356951126062,1.3062643048865148,-8.788525462932739e-13,1.2437356951126062,0.004091044073076636,1920.0,5760.0,0.0,0.03125,0.03125,1.6847878706748064e-05,0.0
12780.0,3.55,1.5841923814311378,0.0,1.5841923814311378,0.8974634734451821,1.2396593935777613,1.31034060642136,-8.784084570834239e-13,1.2396593935777613,0.004076301534845328,1920.0,5760.0,0.0,0.03125,0.03125,1.697896997499508e-05,0.0
12840.0,3.566666666666667,1.5790866969918849,0.0,1.5790866969918849,0.8943202956515405,1.2355982503191314,1.314401749679989,-8.79296635503124e-13,1.2355982503191314,0.004061143258628831,1920.0,5760.0,0.0,0.03125,0.03125,1.6841247683831554e-05,0.0
12900.0,3.5833333333333335,1.5740029694249704,0.0,1.5740029694249704,0.8911979768426344,1.2315532159123304,1.3184467840867904,-8.79296635503124e-13,1.2315532159123304,0.004045034406801442,1920.0,5760.0,0.0,0.03125,0.03125,1.6888248793378902e-05,0.0
12960.0,3.6,1.5689408894132382,0.0,1.5689408894132382,0.8880249487063198,1.2275235716130404,1.3224764283860786,-8.810729923425242e-13,1.2275235716130404,0.004029644299288208,1920.0,5760.0,0.0,0.03125,0.03125,1.67743990572861e-05,0.0
13020.0,3.6166666666666667,1.5639000279148534,0.0,1.5639000279148534,0.8848296807297126,1.2235090255759367,1.3264909744231848,-8.784084570834239e-13,1.2235090255759367,0.004014546037106233,1920.0,5760.0,0.0,0.03125,0.03125,1.6786761392274842e-05,0.0
13080.0,3.6333333333333333,1.5588801417485374,0.0,1.5588801417485374,0.8817071986181816,1.2195098931686388,1.3304901068304826,-8.784084570834239e-13,1.2195098931686388,0.003999132407297949,1920.0,5760.0,0.0,0.03125,0.03125,1.6859865969218167e-05,0.0
13140.0,3.65,1.5538814090307542,0.0,1.5538814090307542,0.8786036280768833,1.2155253846692295,1.3344746153298928,-8.775202786637237e-13,1.2155253846692295,0.003984508499410161,1920.0,5760.0,0.0,0.03125,0.03125,1.699882899085844e-05,0.0
13200.0,3.6666666666666665,1.5489040511380276,0.0,1.5489040511380276,0.875455570782352,1.2115553060417183,1.3384446939574017,-8.79740724712974e-13,1.2115553060417183,0.003970078627509014,1920.0,5760.0,0.0,0.03125,0.03125,1.682001582891366e-05,0.0
13260.0,3.683333333333333,1.5439478695091682,0.0,1.5439478695091682,0.8723495920248079,1.2076007013312768,1.3423992986678426,-8.801848139228241e-13,1.2076007013312768,0.003954604710440927,1920.0,5760.0,0.0,0.03125,0.03125,1.6851887010015316e-05,0.0
13320.0,3.7,1.5390126525089427,0.0,1.5390126525089427,0.8692644161226825,1.2036611215984527,1.3463388784006671,-8.801848139228241e-13,1.2036611215984527,0.003939579732824655,1920.0,5760.0,0.0,0.03125,0.03125,1.7028715864100827e-05,0.0
13380.0,3.716666666666667,1.5340983704471698,0.0,1.5340983704471698,0.8662250095250696,1.1997358318239928,1.3502641681751275,-8.79296635503124e-13,1.1997358318239928,0.003925289774460362,1920.0,5760.0,0.0,0.03125,0.03125,1.678067129174067e-05,0.0
13440.0,3.7333333333333334,1.5292049082771324,0.0,1.5292049082771324,0.8631656843715952,1.1958255982304302,1.35417440176869,-8.79296635503124e-13,1.1958255982304302,0.003910233593562465,1920.0,5760.0,0.0,0.03125,0.03125,1.6887672637390197e-05,0.0
13500.0,3.75,1.524331911904819,0.0,1.524331911904819,0.8601164649489044,1.1919301740121582,1.3580698259869608,-8.810729923425242e-13,1.1919301740121582,0.003895424218270681,1920.0,5760.0,0.0,0.03125,0.03125,1.7043795885601736e-05,0.0
13560.0,3.7666666666666666,1.5194789466272023,0.0,1.5194789466272023,0.8570597438716437,1.18804960558716,1.3619503944119604,-8.79296635503124e-13,1.18804960558716,0.003880568424999634,1920.0,5760.0,0.0,0.03125,0.03125,1.6803974046268893e-05,0.0
13620.0,3.783333333333333,1.514645810811552,0.0,1.514645810811552,0.8539755530173865,1.1841832481754426,1.3658167518236757,-8.815170815523743e-13,1.1841832481754426,0.00386635741171523,1920.0,5760.0,0.0,0.03125,0.03125,1.675433848160973e-05,0.0
13680.0,3.8,1.50983241105202,0.0,1.50983241105202,0.850955728554387,1.1803310001374352,1.3696689998616847,-8.801848139228241e-13,1.1803310001374352,0.003852248038009058,1920.0,5760.0,0.0,0.03125,0.03125,1.6792983511437887e-05,0.0
13740.0,3.816666666666667,1.5050388923139746,0.0,1.5050388923139746,0.8479112613684275,1.1764935748386756,1.373506425160445,-8.79296635503124e-13,1.1764935748386756,0.0038374252987602004,1920.0,5760.0,0.0,0.03125,0.03125,1.6961158767680317e-05,0.0
13800.0,3.8333333333333335,1.5002653291652677,0.0,1.5002653291652677,0.8448495993283534,1.1726708193128508,1.3773291806862693,-8.79740724712974e-13,1.1726708193128508,0.0038227555258243005,1920.0,5760.0,0.0,0.03125,0.03125,1.6902062041376602e-05,0.0
13860.0,3.85,1.495511656813869,0.0,1.495511656813869,0.8418180139448641,1.1688623573441395,1.38113764265498,-8.801848139228241e-13,1.1688623573441395,0.003808461968710566,1920.0,5760.0,0.0,0.03125,0.03125,1.685052450932917e-05,0.0
13920.0,3.8666666666666667,1.4907780111309639,0.0,1.4907780111309639,0.8388564853686497,1.1650678895732896,1.3849321104258314,-8.788525462932739e-13,1.1650678895732896,0.003794467770851549,1920.0,5760.0,0.0,0.03125,0.03125,1.6955178752013157e-05,0.0
13980.0,3.8833333333333333,1.4860645777639987,0.0,1.4860645777639987,0.8359132442525016,1.1612877314665233,1.3887122685325977,-8.788525462932739e-13,1.1612877314665233,0.003780158106766269,1920.0,5760.0,0.0,0.03125,0.03125,1.677392161905827e-05,0.0
14040.0,3.9,1.4813711961415095,0.0,1.4813711961415095,0.8329765723956164,1.1575219181314482,1.3924780818676719,-8.79740724712974e-13,1.1575219181314482,0.0037658133350742832,1920.0,5760.0,0.0,0.03125,0.03125,1.684913302491677e-05,0.0
14100.0,3.9166666666666665,1.4766973153863157,0.0,1.4766973153863157,0.830061698205876,1.153770289543316,1.396229710455803,-8.810729923425242e-13,1.153770289543316,0.003751628588131087,1920.0,5760.0,0.0,0.03125,0.03125,1.70175127928371e-05,0.0
14160.0,3.933333333333333,1.4720423843210602,0.0,1.4720423843210602,0.827124926313503,1.15003308012797,1.3999669198711515,-8.784084570834239e-13,1.15003308012797,0.0037372094153485655,1920.0,5760.0,0.0,0.03125,0.03125,1.6807055226018532e-05,0.0
14220.0,3.95,1.4674059236092174,0.0,1.4674059236092174,0.8241993726360521,1.1463102394710898,1.4036897605280299,-8.801848139228241e-13,1.1463102394710898,0.0037228406568782344,1920.0,5760.0,0.0,0.03125,0.03125,1.6888640574747853e-05,0.0
14280.0,3.966666666666667,1.4627876331875982,0.0,1.4627876331875982,0.8212431337036925,1.14260121115718,1.407398788841939,-8.810729923425242e-13,1.14260121115718,0.003709028313909158,1920.0,5760.0,0.0,0.03125,0.03125,1.6717431447192666e-05,0.0
14340.0,3.9833333333333334,1.4581874752734012,0.0,1.4581874752734012,0.8182589058360558,1.1389062086564141,1.4110937913427057,-8.801848139228241e-13,1.1389062086564141,0.0036950025007667794,1920.0,5760.0,0.0,0.03125,0.03125,1.6808415025367774e-05,0.0
14400.0,4.0,1.4536055528950682,0.0,1.4536055528950682,0.8153464716159682,1.1352251464952228,1.414774853503897,-8.801848139228241e-13,1.1352251464952228,0.0036810621611914132,1920.0,5760.0,0.0,0.03125,0.03125,1.6699677113848424e-05,0.0
14460.0,4.016666666666667,1.4490422603477224,0.0,1.4490422603477224,0.8124538038972617,1.131558426722214,1.4184415732769056,-8.801848139228241e-13,1.131558426722214,0.003666719773008488,1920.0,5760.0,0.0,0.03125,0.03125,1.681941569908596e-05,0.0
14520.0,4.033333333333333,1.4444979492792251,0.0,1.4444979492792251,0.8095664860641328,1.1279055852326114,1.4220944147665087,-8.79740724712974e-13,1.1279055852326114,0.0036528414896031627,1920.0,5760.0,0.0,0.03125,0.03125,1.6808255911657566e-05,0.0
14580.0,4.05,1.439972568604954,0.0,1.439972568604954,0.8066885081252875,1.1242665806767609,1.4257334193223612,-8.775202786637237e-13,1.1242665806767609,0.0036390045558525683,1920.0,5760.0,0.0,0.03125,0.03125,1.6861633011742155e-05,0.0
14640.0,4.066666666666666,1.4354659123363935,0.0,1.4354659123363935,0.8038202125103839,1.1206413672364455,1.4293586327626748,-8.79296635503124e-13,1.1206413672364455,0.0036252134403137303,1920.0,5760.0,0.0,0.03125,0.03125,1.689910238988992e-05,0.0
14700.0,4.083333333333333,1.4309777843504772,0.0,1.4309777843504772,0.8009617171858601,1.1170298981118278,1.4329701018872936,-8.784084570834239e-13,1.1170298981118278,0.003611469124618794,1920.0,5760.0,0.0,0.03125,0.03125,1.692111568481083e-05,0.0
14760.0,4.1,1.4265080182779193,0.0,1.4265080182779193,0.7981130767838717,1.1134321261163624,1.4365678738827579,-8.79296635503124e-13,1.1134321261163624,0.0035977719954642584,1920.0,5760.0,0.0,0.03125,0.03125,1.6894046434960435e-05,0.0
14820.0,4.116666666666666,1.4220564716899702,0.0,1.4220564716899702,0.7952743219920079,1.109848003866326,1.440151996132795,-8.784084570834239e-13,1.109848003866326,0.0035841222500372903,1920.0,5760.0,0.0,0.03125,0.03125,1.6909599092930538e-05,0.0
14880.0,4.133333333333334,1.4176230188785843,0.0,1.4176230188785843,0.7924454707826312,1.1062774838635483,1.4437225161355733,-8.784084570834239e-13,1.1062774838635483,0.0035705200027781395,1920.0,5760.0,0.0,0.03125,0.03125,1.6812569719500886e-05,0.0
14940.0,4.15,1.4132075454650783,0.0,1.4132075454650783,0.7896265322275716,1.102720518545931,1.4472794814531915,-8.775202786637237e-13,1.102720518545931,0.0035569653176181397,1920.0,5760.0,0.0,0.03125,0.03125,1.6812470000524734e-05,0.0
15000.0,4.166666666666667,1.4088099447575293,0.0,1.4088099447575293,0.7868175083907586,1.0991770603252675,1.4508229396738563,-8.757439218243235e-13,1.0991770603252675,0.003543458220664798,1920.0,5760.0,0.0,0.03125,0.03125,1.6933710665993456e-05,0.0
15060.0,4.183333333333334,1.404430115350444,0.0,1.404430115350444,0.7840183956886192,1.0956470616174936,1.4543529383816296,-8.766321002440236e-13,1.0956470616174936,0.0035299987077733156,1920.0,5760.0,0.0,0.03125,0.03125,1.6854493571785424e-05,0.0
15120.0,4.2,1.4000679595464796,0.0,1.4000679595464796,0.7812291860183248,1.092130474867018,1.4578695251321068,-8.748557434046234e-13,1.092130474867018,0.003516586750477156,1920.0,5760.0,0.0,0.03125,0.03125,1.6737327386931054e-05,0.0
15180.0,4.216666666666667,1.3957233823159703,0.0,1.3957233823159703,0.778449867701159,1.0886272525660656,1.4613727474330613,-8.730793865652231e-13,1.0886272525660656,0.0035032223009546512,1920.0,5760.0,0.0,0.03125,0.03125,1.6806645427763808e-05,0.0
15240.0,4.233333333333333,1.3913962906113113,0.0,1.3913962906113113,0.7756804262505906,1.0851373472699337,1.4648626527291932,-8.730793865652231e-13,1.0851373472699337,0.0034899052961319082,1920.0,5760.0,0.0,0.03125,0.03125,1.7005134035808603e-05,0.0
15300.0,4.25,1.3870865929181075,0.0,1.3870865929181075,0.7729208449805215,1.0816607116089563,1.468339288390171,-8.72635297355373e-13,1.0816607116089563,0.003476635660977761,1920.0,5760.0,0.0,0.03125,0.03125,1.6718566920419343e-05,0.0
15360.0,4.266666666666667,1.3827941989651753,0.0,1.3827941989651753,0.7701711054767152,1.078197298297872,1.4718027017012558,-8.72191208145523e-13,1.078197298297872,0.003463413311084851,1920.0,5760.0,0.0,0.03125,0.03125,1.6857172718384918e-05,0.0
15420.0,4.283333333333333,1.3785190195407608,0.0,1.3785190195407608,0.7674311879568076,1.0747470601432187,1.4752529398559104,-8.704148513061227e-13,1.0747470601432187,0.0034502381546547187,1920.0,5760.0,0.0,0.03125,0.03125,1.6848395259172013e-05,0.0
15480.0,4.3,1.3742609663789305,0.0,1.3742609663789305,0.7647010715427796,1.0713099500492134,1.4786900499499174,-8.690825836765725e-13,1.0713099500492134,0.0034371100940069096,1920.0,5760.0,0.0,0.03125,0.03125,1.689129145186056e-05,0.0
15540.0,4.316666666666666,1.3700199520913694,0.0,1.3700199520913694,0.7619807344663481,1.0678859210224965,1.4821140789766356,-8.677503160470224e-13,1.0678859210224965,0.0034240290267181657,1920.0,5760.0,0.0,0.03125,0.03125,1.6894693125483456e-05,0.0
15600.0,4.333333333333333,1.365795890127717,0.0,1.365795890127717,0.7592701542238374,1.0644749261760156,1.485525073823117,-8.673062268371723e-13,1.0644749261760156,0.003410994846481305,1920.0,5760.0,0.0,0.03125,0.03125,1.6883717054153936e-05,0.0
15660.0,4.35,1.361588694753093,0.0,1.361588694753093,0.7565693076934427,1.0610769187322606,1.4889230812668706,-8.686384944667225e-13,1.0610769187322606,0.003398007443753641,1920.0,5760.0,0.0,0.03125,0.03125,1.685771458085016e-05,0.0
15720.0,4.366666666666666,1.3573982810353975,0.0,1.3573982810353975,0.7538781712247031,1.057691852026013,1.4923081479731204,-8.664180484174722e-13,1.057691852026013,0.0033850667062498424,1920.0,5760.0,0.0,0.03125,0.03125,1.6813170130350705e-05,0.0
15780.0,4.383333333333334,1.353224564837632,0.0,1.353224564837632,0.7511967207075255,1.0543196795066931,1.49568032049244,-8.668621376273222e-13,1.0543196795066931,0.003372172519319749,1920.0,5760.0,0.0,0.03125,0.03125,1.6787396522335217e-05,0.0
15840.0,4.4,1.3490674628123567,0.0,1.3490674628123567,0.7485249316261736,1.0509603547404522,1.4990396452586818,-8.659739592076221e-13,1.0509603547404522,0.003359324766241716,1920.0,5760.0,0.0,0.03125,0.03125,1.6942957891417825e-05,0.0
15900.0,4.416666666666667,1.3449268923965814,0.0,1.3449268923965814,0.7458627791021969,1.0476138314119985,1.5023861685871358,-8.65529869997772e-13,1.0476138314119985,0.003346523328453895,1920.0,5760.0,0.0,0.03125,0.03125,1.6876184441891968e-05,0.0
15960.0,4.433333333333334,1.3408027718061974,0.0,1.3408027718061974,0.7432102379291856,1.0442800633262606,1.5057199366728755,-8.637535131583718e-13,1.0442800633262606,0.0033337680857396445,1920.0,5760.0,0.0,0.03125,0.03125,1.69153984866069e-05,0.0
16020.0,4.45,1.3366950200295427,0.0,1.3366950200295427,0.7405672826014565,1.0409590044098826,1.5090409955892545,-8.624212455288216e-13,1.0409590044098826,0.003321058916379093,1920.0,5760.0,0.0,0.03125,0.03125,1.6835616552913966e-05,0.0
16080.0,4.466666666666667,1.3326035568199657,0.0,1.3326035568199657,0.737933887338197,1.0376506087126072,1.51234939128653,-8.624212455288216e-13,1.0376506087126072,0.003308395697275423,1920.0,5760.0,0.0,0.03125,0.03125,1.6871538551918876e-05,0.0
16140.0,4.483333333333333,1.3285283026874366,0.0,1.3285283026874366,0.7353100261041746,1.0343548304085464,1.5156451695905921,-8.615330671091215e-13,1.0343548304085464,0.003295778304062085,1920.0,5760.0,0.0,0.03125,0.03125,1.6888180325813308e-05,0.0
16200.0,4.5,1.324469178889329,0.0,1.324469178889329,0.7326956726278187,1.031071623797352,1.5189283762017878,-8.597567102697212e-13,1.031071623797352,0.003283206611195671,1920.0,5760.0,0.0,0.03125,0.03125,1.673796681239198e-05,0.0
16260.0,4.516666666666667,1.3204261074205133,0.0,1.3204261074205133,0.7300908004172679,1.0278009433053164,1.5221990566938253,-8.57980353430321e-13,1.0278009433053164,0.0032706804920375936,1920.0,5760.0,0.0,0.03125,0.03125,1.670733609237214e-05,0.0
16320.0,4.533333333333333,1.3163990110029247,0.0,1.3163990110029247,0.7274953827748123,1.024542743486389,1.5254572565127524,-8.58424442640171e-13,1.024542743486389,0.0032581998189271304,1920.0,5760.0,0.0,0.03125,0.03125,1.688069606378479e-05,0.0
16380.0,4.55,1.3123878130747326,0.0,1.3123878130747326,0.7249093928100568,1.0212969790231416,1.528703020976,-8.57980353430321e-13,1.0212969790231416,0.003245764463247549,1920.0,5760.0,0.0,0.03125,0.03125,1.6808889743216684e-05,0.0
16440.0,4.566666666666666,1.3083924377792586,0.0,1.3083924377792586,0.7223328034520398,1.0180636047276568,1.5319363952714866,-8.562039965909207e-13,1.0180636047276568,0.003233374295486692,1920.0,5760.0,0.0,0.03125,0.03125,1.6807940763006345e-05,0.0
16500.0,4.583333333333333,1.3044128099537209,0.0,1.3044128099537209,0.7197655874604877,1.0148425755423642,1.5351574244567796,-8.562039965909207e-13,1.0148425755423642,0.0032210291852930472,1920.0,5760.0,0.0,0.03125,0.03125,1.668977202316035e-05,0.0
16560.0,4.6,1.300448855117907,0.0,1.300448855117907,0.7172077174363415,1.0116338465408363,1.5383661534583075,-8.562039965909207e-13,1.0116338465408363,0.0032087290015279284,1920.0,5760.0,0.0,0.03125,0.03125,1.6891445246685165e-05,0.0
16620.0,4.616666666666666,1.2965004994628258,0.0,1.2965004994628258,0.7146591658316597,1.0084373729285225,1.541562627070622,-8.553158181712206e-13,1.0084373729285225,0.003196473612314516,1920.0,5760.0,0.0,0.03125,0.03125,1.6793895569647375e-05,0.0
16680.0,4.633333333333334,1.2925676698394084,0.0,1.2925676698394084,0.7121199049589795,1.0052531100434396,1.544746889955706,-8.544276397515205e-13,1.0052531100434396,0.003184262885084008,1920.0,5760.0,0.0,0.03125,0.03125,1.6696182630236798e-05,0.0
16740.0,4.65,1.2886502937472797,0.0,1.2886502937472797,0.709589907000197,1.0020810133568203,1.5479189866423253,-8.544276397515205e-13,1.0020810133568203,0.0031720966866194207,1920.0,5760.0,0.0,0.03125,0.03125,1.6902136488760793e-05,0.0
16800.0,4.666666666666667,1.2847482993236365,0.0,1.2847482993236365,0.7070691440150201,0.9989210384737255,1.5510789615254224,-8.517631044924201e-13,0.9989210384737255,0.00315997488309715,1920.0,5760.0,0.0,0.03125,0.03125,1.6909318745757206e-05,0.0
16860.0,4.683333333333334,1.2808616153322598,0.0,1.2808616153322598,0.7045575879490318,0.9957731411335995,1.554226858865549,-8.5131901528257e-13,0.9957731411335995,0.0031478973401266085,1920.0,5760.0,0.0,0.03125,0.03125,1.6810227055501804e-05,0.0
16920.0,4.7,1.2769901711526765,0.0,1.2769901711526765,0.7020552106414013,0.9926372772108116,1.557362722788337,-8.5087492607272e-13,0.9926372772108116,0.0031358639227880365,1920.0,5760.0,0.0,0.03125,0.03125,1.6897137365321637e-05,0.0
16980.0,4.716666666666667,1.2731338967694668,0.0,1.2731338967694668,0.6995619838322674,0.9895134027151438,1.5604865972840058,-8.499867476530198e-13,0.9895134027151438,0.0031238744956687643,1920.0,5760.0,0.0,0.03125,0.03125,1.6845518317482344e-05,0.0
17040.0,4.733333333333333,1.2692927227617559,0.0,1.2692927227617559,0.6970778791698167,0.986401473792246,1.5635985262069036,-8.499867476530198e-13,0.986401473792246,0.003111928922897884,1920.0,5760.0,0.0,0.03125,0.03125,1.668383178312888e-05,0.0
17100.0,4.75,1.26546658029286,0.0,1.26546658029286,0.6946028682170828,0.9833014467240692,1.5666985532750832,-8.473222123939195e-13,0.9833014467240692,0.003100027068179551,1920.0,5760.0,0.0,0.03125,0.03125,1.6971625466320098e-05,0.0
17160.0,4.766666666666667,1.2616554011001235,0.0,1.2616554011001235,0.6921369224584764,0.9802132779292431,1.5697867220699082,-8.486544800234697e-13,0.9802132779292431,0.0030881687948249793,1920.0,5760.0,0.0,0.03125,0.03125,1.679441141392215e-05,0.0
17220.0,4.783333333333333,1.257859117484922,0.0,1.257859117484922,0.6896800133060653,0.9771369239634615,1.5728630760356914,-8.468781231840694e-13,0.9771369239634615,0.00307635396578316,1920.0,5760.0,0.0,0.03125,0.03125,1.685012023801802e-05,0.0
17280.0,4.8,1.2540776623028558,0.0,1.2540776623028558,0.6872321121056179,0.9740723415197898,1.5759276584793618,-8.482103908136196e-13,0.9740723415197898,0.0030645824436704426,1920.0,5760.0,0.0,0.03125,0.03125,1.6816204661354707e-05,0.0
17340.0,4.816666666666666,1.2503109689541159,0.0,1.2503109689541159,0.6847931901424188,0.9710194874289924,1.5789805125701608,-8.464340339742193e-13,0.9710194874289924,0.0030528540907990027,1920.0,5760.0,0.0,0.03125,0.03125,1.669079254007487e-05,0.0
17400.0,4.833333333333333,1.2465589713740381,0.0,1.2465589713740381,0.6823632186468734,0.9679783186597887,1.582021681339365,-8.459899447643693e-13,0.9679783186597887,0.0030411687692042193,1920.0,5760.0,0.0,0.03125,0.03125,1.6743796444695197e-05,0.0
17460.0,4.85,1.24282160402383,0.0,1.24282160402383,0.6799421687999052,0.9649487923191193,1.585051207680036,-8.446576771348191e-13,0.9649487923191193,0.003029526340671106,1920.0,5760.0,0.0,0.03125,0.03125,1.6941019998293897e-05,0.0
17520.0,4.866666666666666,1.23909880188148,0.0,1.23909880188148,0.677530011738158,0.9619308656523613,1.5880691343467959,-8.428813202954188e-13,0.9619308656523613,0.003017926666759731,1920.0,5760.0,0.0,0.03125,0.03125,1.6788464077783563e-05,0.0
17580.0,4.883333333333334,1.2353905004328478,0.0,1.2353905004328478,0.6751267185590111,0.9589244960435324,1.5910755039556255,-8.419931418757187e-13,0.9589244960435324,0.003006369608829711,1920.0,5760.0,0.0,0.03125,0.03125,1.6621471281233452e-05,0.0
17640.0,4.9,1.2316966356629262,0.0,1.2316966356629262,0.6727322603254133,0.9559296410154672,1.5940703589836893,-8.433254095052689e-13,0.9559296410154672,0.0029948550280639082,1920.0,5760.0,0.0,0.03125,0.03125,1.69829149428552e-05,0.0
17700.0,4.916666666666667,1.2280171440472831,0.0,1.2280171440472831,0.6703466080705479,0.9529462582299768,1.5970537417691806,-8.424372310855688e-13,0.9529462582299768,0.002983382785491175,1920.0,5760.0,0.0,0.03125,0.03125,1.6936740959780106e-05,0.0
17760.0,4.933333333333334,1.2243519625436703,0.0,1.2243519625436703,0.667969732802326,0.9499743054879699,1.6000256945111888,-8.411049634560186e-13,0.9499743054879699,0.00297195274200833,1920.0,5760.0,0.0,0.03125,0.03125,1.6857166297531014e-05,0.0
17820.0,4.95,1.220701028583814,0.0,1.220701028583814,0.6656016055077282,0.9470137407295699,1.6029862592695903,-8.397726958264684e-13,0.9470137407295699,0.002960564758401385,1920.0,5760.0,0.0,0.03125,0.03125,1.6696155757203895e-05,0.0
17880.0,4.966666666666667,1.2170642800653688,0.0,1.2170642800653688,0.6632421971569852,0.9440645220342039,1.6059354779649562,-8.397726958264684e-13,0.9440645220342039,0.002949218695365985,1920.0,5760.0,0.0,0.03125,0.03125,1.700941752087152e-05,0.0
17940.0,4.983333333333333,1.2134416553440404,0.0,1.2134416553440404,0.6608914787076167,0.941126607620676,1.6088733923784833,-8.406608742461685e-13,0.941126607620676,0.0029379144135271264,1920.0,5760.0,0.0,0.03125,0.03125,1.696865649717519e-05,0.0
18000.0,5.0,1.2098330932258763,0.0,1.2098330932258763,0.6585494211083236,0.9381999558472202,1.6118000441519416,-8.379963389870682e-13,0.9381999558472202,0.0029266517734581996,1920.0,5760.0,0.0,0.03125,0.03125,1.67948461265651e-05,0.0
18060.0,5.016666666666667,1.2062385329597234,0.0,1.2062385329597234,0.6562159953027453,0.935284525211522,1.6147154747876409,-8.36664071357518e-13,0.935284525211522,0.002915430635699338,1920.0,5760.0,0.0,0.03125,0.03125,1.6942499998840648e-05,0.0
18120.0,5.033333333333333,1.2026579142298373,0.0,1.2026579142298373,0.653891172233085,0.9323802743507467,1.617619725648416,-8.37108160567368e-13,0.9323802743507467,0.0029042508607751484,1920.0,5760.0,0.0,0.03125,0.03125,1.6864302382182647e-05,0.0
18180.0,5.05,1.1990911771486616,0.0,1.1990911771486616,0.6515749228436056,0.9294871620415359,1.6205128379576277,-8.362199821476679e-13,0.9294871620415359,0.0028931123092117593,1920.0,5760.0,0.0,0.03125,0.03125,1.675898612857705e-05,0.0
18240.0,5.066666666666666,1.1955382622497612,0.0,1.1955382622497612,0.6492672180840022,0.926605147199984,1.623394852799181,-8.348877145181177e-13,0.926605147199984,0.0028820148415533617,1920.0,5760.0,0.0,0.03125,0.03125,1.6843878752793433e-05,0.0
18300.0,5.083333333333333,1.1919991104809073,0.0,1.1919991104809073,0.6469680289126574,0.9237341888816069,1.6262658111175592,-8.339995360984176e-13,0.9237341888816069,0.002870958318378075,1920.0,5760.0,0.0,0.03125,0.03125,1.690746243400593e-05,0.0
18360.0,5.1,1.1884736631973185,0.0,1.1884736631973185,0.6446773262997803,0.9208742462812923,1.6291257537178725,-8.348877145181177e-13,0.9208742462812923,0.0028599426003132968,1920.0,5760.0,0.0,0.03125,0.03125,1.6766322630491037e-05,0.0
18420.0,5.116666666666666,1.1849618621550504,0.0,1.1849618621550504,0.6423950812304345,0.9180252787332438,1.631974721265923,-8.331113576787175e-13,0.9180252787332438,0.0028489675480505247,1920.0,5760.0,0.0,0.03125,0.03125,1.680260488472424e-05,0.0
18480.0,5.133333333333334,1.1814636495045332,0.0,1.1814636495045332,0.6401212647074587,0.9151872457108845,1.6348127542882827,-8.326672684688674e-13,0.9151872457108845,0.0028380330223595775,1920.0,5760.0,0.0,0.03125,0.03125,1.6840739919947796e-05,0.0
18540.0,5.15,1.1779789677842518,0.0,1.1779789677842518,0.6378558477542836,0.9123601068267828,1.637639893172385,-8.322231792590173e-13,0.9123601068267828,0.002827138884102435,1920.0,5760.0,0.0,0.03125,0.03125,1.6877313025590587e-05,0.0
18600.0,5.166666666666667,1.1745077599145721,0.0,1.1745077599145721,0.6355988014176495,0.9095438218325382,1.6404561781666314,-8.304468224196171e-13,0.9095438218325382,0.0028162849942464613,1920.0,5760.0,0.0,0.03125,0.03125,1.6932653539858034e-05,0.0
18660.0,5.183333333333334,1.1710499691917058,0.0,1.1710499691917058,0.6333500967702254,0.9067383506186603,1.6432616493805086,-8.308909116294672e-13,0.9067383506186603,0.0028054712138772596,1920.0,5760.0,0.0,0.03125,0.03125,1.6719015065087538e-05,0.0
18720.0,5.2,1.1676055392818059,0.0,1.1676055392818059,0.6311097049131347,0.9039436532144499,1.6460563467847196,-8.304468224196171e-13,0.9039436532144499,0.0027946974042109616,1920.0,5760.0,0.0,0.03125,0.03125,1.67762245517297e-05,0.0
18780.0,5.216666666666667,1.1641744142152088,0.0,1.1641744142152088,0.6288775969783923,0.9011596897878464,1.6488403102113258,-8.277822871605167e-13,0.9011596897878464,0.0027839634266061753,1920.0,5760.0,0.0,0.03125,0.03125,1.677389763297599e-05,0.0
18840.0,5.233333333333333,1.1607565383807996,0.0,1.1607565383807996,0.6266537441312499,0.8983864206452701,1.6516135793539013,-8.286704655802168e-13,0.8983864206452701,0.0027732691425754736,1920.0,5760.0,0.0,0.03125,0.03125,1.670380601491258e-05,0.0
18900.0,5.25,1.1573518565205057,0.0,1.1573518565205057,0.6244381175724606,0.8956238062314739,1.6543761937676977,-8.282263763703668e-13,0.8956238062314739,0.0027626144137964112,1920.0,5760.0,0.0,0.03125,0.03125,1.683000920970478e-05,0.0
18960.0,5.266666666666667,1.153960313723924,0.0,1.153960313723924,0.6222306885404592,0.892871807129352,1.65712819286982,-8.277822871605167e-13,0.892871807129352,0.002751999102122246,1920.0,5760.0,0.0,0.03125,0.03125,1.6803734088671454e-05,0.0
19020.0,5.283333333333333,1.1505818554230662,0.0,1.1505818554230662,0.6200314283134646,0.8901303840597611,1.6598696159394122,-8.264500195309665e-13,0.8901303840597611,0.0027414230695921504,1920.0,5760.0,0.0,0.03125,0.03125,1.6794610671731064e-05,0.0
19080.0,5.3,1.1472164273872278,0.0,1.1472164273872278,0.6178403082115029,0.8873994978813198,1.6626005021178534,-8.268941087408166e-13,0.8873994978813198,0.0027308861784411877,1920.0,5760.0,0.0,0.03125,0.03125,1.69285298464662e-05,0.0
19140.0,5.316666666666666,1.1438639757179763,0.0,1.1438639757179763,0.6156572995983605,0.8846791095902123,1.6653208904089631,-8.242295734817162e-13,0.8846791095902123,0.0027203882911097854,1920.0,5760.0,0.0,0.03125,0.03125,1.6626884078336085e-05,0.0
19200.0,5.333333333333333,1.1405244468442568,0.0,1.1405244468442568,0.6134823738834604,0.8819691803199583,1.6680308196792162,-8.251177519014163e-13,0.8819691803199583,0.0027099292702529743,1920.0,5760.0,0.0,0.03125,0.03125,1.680081643871323e-05,0.0
19260.0,5.35,1.137197787517605,0.0,1.137197787517605,0.6113155025236724,0.8792696713412096,1.6707303286579653,-8.251177519014163e-13,0.8792696713412096,0.00269950897874921,1920.0,5760.0,0.0,0.03125,0.03125,1.689886104969451e-05,0.0
19320.0,5.366666666666666,1.1338839448074824,0.0,1.1338839448074824,0.6091566570250551,0.876580544061503,1.6734194559376743,-8.22453216642316e-13,0.876580544061503,0.002689127279708876,1920.0,5760.0,0.0,0.03125,0.03125,1.6839980050103947e-05,0.0
19380.0,5.383333333333334,1.1305828660967117,0.0,1.1305828660967117,0.607005808944532,0.8739017600250202,1.6760982399741569,-8.22897305852166e-13,0.8739017600250202,0.0026787840364825674,1920.0,5760.0,0.0,0.03125,0.03125,1.6911658578920122e-05,0.0
19440.0,5.4,1.1272944990770177,0.0,1.1272944990770177,0.6048629298915065,0.8712332809123514,1.6787667190868256,-8.22897305852166e-13,0.8712332809123514,0.002668479112668874,1920.0,5760.0,0.0,0.03125,0.03125,1.7030762249061746e-05,0.0
19500.0,5.416666666666667,1.124018791744684,0.0,1.124018791744684,0.6027279915294131,0.8685750685402315,1.6814249314589478,-8.206768598029157e-13,0.8685750685402315,0.0026582123721220767,1920.0,5760.0,0.0,0.03125,0.03125,1.6738116064777917e-05,0.0
19560.0,5.433333333333334,1.1207556923962922,0.0,1.1207556923962922,0.6006009655772128,0.8659270848612729,1.6840729151379072,-8.197886813832156e-13,0.8659270848612729,0.002647983678959405,1920.0,5760.0,0.0,0.03125,0.03125,1.680562652246299e-05,0.0
19620.0,5.45,1.1175051496245827,0.0,1.1175051496245827,0.598481823810828,0.8632892919637049,1.6867107080354753,-8.197886813832156e-13,0.8632892919637049,0.002637792897568096,1920.0,5760.0,0.0,0.03125,0.03125,1.6788843843201887e-05,0.0
19680.0,5.466666666666667,1.114267112314387,0.0,1.114267112314387,0.5963705380645261,0.8606616520710917,1.6893383479280875,-8.206768598029157e-13,0.8606616520710917,0.002627639892612116,1920.0,5760.0,0.0,0.03125,0.03125,1.67492982069293e-05,0.0
19740.0,5.483333333333333,1.1110415296386826,0.0,1.1110415296386826,0.5942670802322455,0.858044127542055,1.6919558724571262,-8.189005029635155e-13,0.858044127542055,0.0026175245290387425,1920.0,5760.0,0.0,0.03125,0.03125,1.6905576801293396e-05,0.0
19800.0,5.5,1.1078283510547156,0.0,1.1078283510547156,0.5921714222688715,0.8554366808699706,1.6945633191292109,-8.184564137536654e-13,0.8554366808699706,0.0026074466720847015,1920.0,5760.0,0.0,0.03125,0.03125,1.6749009382244024e-05,0.0
19860.0,5.516666666666667,1.104627526300225,0.0,1.104627526300225,0.5900835361914655,0.8528392746826893,1.697160725316493,-8.175682353339653e-13,0.8528392746826893,0.002597406187282278,1920.0,5760.0,0.0,0.03125,0.03125,1.6787411695848565e-05,0.0
19920.0,5.533333333333333,1.1014390053897585,0.0,1.1014390053897585,0.5880033940804393,0.8502518717422252,1.6997481282569582,-8.162359677044151e-13,0.8502518717422252,0.0025874029404650066,1920.0,5760.0,0.0,0.03125,0.03125,1.678985006596647e-05,0.0
19980.0,5.55,1.0982627386110644,0.0,1.0982627386110644,0.5859309680806871,0.847674434944451,1.7023255650547315,-8.171241461241152e-13,0.847674434944451,0.0025774367977732843,1920.0,5760.0,0.0,0.03125,0.03125,1.6844654367424924e-05,0.0
20040.0,5.566666666666666,1.0950986765215727,0.0,1.0950986765215727,0.5838662304026702,0.845106927318793,1.704893072680391,-8.15791878494565e-13,0.845106927318793,0.002567507625659602,1920.0,5760.0,0.0,0.03125,0.03125,1.6828455550151938e-05,0.0
20100.0,5.583333333333333,1.0919467699449594,0.0,1.0919467699449594,0.5818091533234587,0.8425493120279012,1.7074506879712847,-8.140155216551648e-13,0.8425493120279012,0.0025576152908937263,1920.0,5760.0,0.0,0.03125,0.03125,1.679807484177966e-05,0.0
20160.0,5.6,1.0888069699677847,0.0,1.0888069699677847,0.5797597091877312,0.8400015523673334,1.7099984476318524,-8.140155216551648e-13,0.8400015523673334,0.0025477596605675335,1920.0,5760.0,0.0,0.03125,0.03125,1.685379559576387e-05,0.0
20220.0,5.616666666666666,1.0856792279362133,0.0,1.0856792279362133,0.5777178704087299,0.8374636117652345,1.7125363882339522,-8.131273432354647e-13,0.8374636117652345,0.002537940602099753,1920.0,5760.0,0.0,0.03125,0.03125,1.682027998940278e-05,0.0
20280.0,5.633333333333334,1.0825634954528107,0.0,1.0825634954528107,0.5756836094691808,0.8349354537819946,1.7150645462171925,-8.126832540256146e-13,0.8349354537819946,0.002528157983240418,1920.0,5760.0,0.0,0.03125,0.03125,1.699305443002716e-05,0.0
20340.0,5.65,1.0794597243734099,0.0,1.0794597243734099,0.573656898922172,0.8324170421099187,1.7175829578892678,-8.131273432354647e-13,0.8324170421099187,0.002518411672075263,1920.0,5760.0,0.0,0.03125,0.03125,1.6683932802151865e-05,0.0
20400.0,5.666666666666667,1.0763678668040533,0.0,1.0763678668040533,0.5716377113919946,0.82990834057289,1.7200916594262976,-8.122391648157645e-13,0.82990834057289,0.002508701537029717,1920.0,5760.0,0.0,0.03125,0.03125,1.6736304314012815e-05,0.0
20460.0,5.683333333333334,1.0732878750979997,0.0,1.0732878750979997,0.5696260195749498,0.8274093131260171,1.7225906868731706,-8.122391648157645e-13,0.8274093131260171,0.002499027446873006,1920.0,5760.0,0.0,0.03125,0.03125,1.6878408370622833e-05,0.0
20520.0,5.7,1.070219701852806,0.0,1.070219701852806,0.5676217962401197,0.8249199238552964,1.7250800761438925,-8.109068971862143e-13,0.8249199238552964,0.0024893892707218194,1920.0,5760.0,0.0,0.03125,0.03125,1.6828175188339186e-05,0.0
20580.0,5.716666666666667,1.0671632999074754,0.0,1.0671632999074754,0.5656250142301026,0.8224401369772526,1.7275598630219364,-8.109068971862143e-13,0.8224401369772526,0.002479786878044001,1920.0,5760.0,0.0,0.03125,0.03125,1.679897164305132e-05,0.0
20640.0,5.733333333333333,1.0641186223396617,0.0,1.0641186223396617,0.5636356464617202,0.8199699168385916,1.7300300831605984,-8.100187187665142e-13,0.8199699168385916,0.002470220138661991,1920.0,5760.0,0.0,0.03125,0.03125,1.6797703163539892e-05,0.0
20700.0,5.75,1.0610856224629444,0.0,1.0610856224629444,0.5616536659266868,0.8175092279158355,1.7324907720833544,-8.100187187665142e-13,0.8175092279158355,0.002460688922756084,1920.0,5760.0,0.0,0.03125,0.03125,1.694815729830109e-05,0.0
20760.0,5.766666666666667,1.058064253824167,0.0,1.058064253824167,0.5596790456922538,0.815058034814969,1.7349419651842222,-8.08686451136964e-13,0.815058034814969,0.0024511931008676423,1920.0,5760.0,0.0,0.03125,0.03125,1.6755985916520527e-05,0.0
20820.0,5.783333333333333,1.0550544702008253,0.0,1.0550544702008253,0.5577117589018216,0.8126163022710683,1.7373836977281243,-8.073541835074138e-13,0.8126163022710683,0.0024417325439021077,1920.0,5760.0,0.0,0.03125,0.03125,1.6839956789587076e-05,0.0
20880.0,5.8,1.0520562255985288,0.0,1.0520562255985288,0.5557517787755215,0.8101839951479368,1.739816004851256,-8.069100942975638e-13,0.8101839951479368,0.0024323071231318067,1920.0,5760.0,0.0,0.03125,0.03125,1.6850506440017303e-05,0.0
20940.0,5.816666666666666,1.0490694742485025,0.0,1.0490694742485025,0.5537990786107739,0.8077610784377385,1.7422389215614549,-8.064660050877137e-13,0.8077610784377385,0.0024229167101987507,1920.0,5760.0,0.0,0.03125,0.03125,1.6929435195728182e-05,0.0
21000.0,5.833333333333333,1.04609417060516,0.0,1.04609417060516,0.551853631782816,0.8053475172606227,1.744652482738572,-8.051337374581635e-13,0.8053475172606227,0.002413561177117198,1920.0,5760.0,0.0,0.03125,0.03125,1.675143827519708e-05,0.0
21060.0,5.85,1.0431302693437174,0.0,1.0431302693437174,0.549915411745205,0.8029432768643459,1.7470567231348482,-8.055778266680136e-13,0.8029432768643459,0.0024042403962761696,1920.0,5760.0,0.0,0.03125,0.03125,1.692357689481552e-05,0.0
21120.0,5.866666666666666,1.0401777253578643,0.0,1.0401777253578643,0.5479843920302957,0.8005483226239034,1.74945167737529,-8.064660050877137e-13,0.8005483226239034,0.00239495424044176,1920.0,5760.0,0.0,0.03125,0.03125,1.70025379755405e-05,0.0
21180.0,5.883333333333334,1.0372364937574943,0.0,1.0372364937574943,0.546060546249695,0.798162620041146,1.7518373799580493,-8.046896482483135e-13,0.798162620041146,0.002385702582759409,1920.0,5760.0,0.0,0.03125,0.03125,1.6808224512129932e-05,0.0
21240.0,5.9,1.0343065298664702,0.0,1.0343065298664702,0.5441438480946912,0.7957861347443904,1.7542138652548054,-8.038014698286133e-13,0.7957861347443904,0.0023764852967559816,1920.0,5760.0,0.0,0.03125,0.03125,1.702934397991957e-05,0.0
21300.0,5.916666666666667,1.0313877892204475,0.0,1.0313877892204475,0.5422342713366615,0.7934188324880501,1.7565811675111471,-8.024692021990631e-13,0.7934188324880501,0.0023673022563418245,1920.0,5760.0,0.0,0.03125,0.03125,1.7004347209381338e-05,0.0
21360.0,5.933333333333334,1.0284802275647449,0.0,1.0284802275647449,0.5403317898274569,0.7910606791522367,1.7589393208469597,-8.033573806187633e-13,0.7910606791522367,0.0023581533358126355,1920.0,5760.0,0.0,0.03125,0.03125,1.689005976621162e-05,0.0
21420.0,5.95,1.0255838008522562,0.0,1.0255838008522562,0.5384363774997664,0.7887116407423858,1.761288359256811,-8.029132914089132e-13,0.7887116407423858,0.0023490384098512804,1920.0,5760.0,0.0,0.03125,0.03125,1.6843037311217302e-05,0.0
21480.0,5.966666666666667,1.0226984652414117,0.0,1.0226984652414117,0.5365480083674614,0.7863716833888575,1.7636283166103404,-8.020251129892131e-13,0.7863716833888575,0.002339957353529448,1920.0,5760.0,0.0,0.03125,0.03125,1.6904869581462755e-05,0.0
21540.0,5.983333333333333,1.0198241770941787,0.0,1.0198241770941787,0.5346666565259178,0.7840407733465486,1.7659592266526496,-8.01581023779363e-13,0.7840407733465486,0.0023309100423093403,1920.0,5760.0,0.0,0.03125,0.03125,1.6851968654856553e-05,0.0
21600.0,6.0,1.0169608929741083,0.0,1.0169608929741083,0.5327922961523204,0.7817188769945043,1.7682811230046946,-8.01136934569513e-13,0.7817188769945043,0.002321896352045058,1920.0,5760.0,0.0,0.03125,0.03125,1.690487547049577e-05,0.0
21660.0,6.016666666666667,1.0141085696444225,0.0,1.0141085696444225,0.5309249015059493,0.7794059608355212,1.7705940391636787,-7.998046669399628e-13,0.7794059608355212,0.002312916158984123,1920.0,5760.0,0.0,0.03125,0.03125,1.680826035707178e-05,0.0
21720.0,6.033333333333333,1.011267164066136,0.0,1.011267164066136,0.5290644469284466,0.7771019914957513,1.7728980085034476,-8.01136934569513e-13,0.7771019914957513,0.0023039693397687465,1920.0,5760.0,0.0,0.03125,0.03125,1.6908975810178874e-05,0.0
21780.0,6.05,1.0084366333962274,0.0,1.0084366333962274,0.527210906844067,0.7748069357243152,1.7751930642748848,-7.998046669399628e-13,0.7748069357243152,0.002295055771437091,1920.0,5760.0,0.0,0.03125,0.03125,1.6853528165510018e-05,0.0
21840.0,6.066666666666666,1.0056169349858428,0.0,1.0056169349858428,0.5253642557599115,0.7725207603928921,1.7774792396063093,-7.984723993104126e-13,0.7725207603928921,0.002286175331424417,1920.0,5760.0,0.0,0.03125,0.03125,1.6837290444886795e-05,0.0
21900.0,6.083333333333333,1.0028080263785328,0.0,1.0028080263785328,0.5235244682661435,0.7702434324953268,1.7797565675038733,-7.998046669399628e-13,0.7702434324953268,0.0022773278975641797,1920.0,5760.0,0.0,0.03125,0.03125,1.6767710416347884e-05,0.0
21960.0,6.1,1.0000098653085294,0.0,1.0000098653085294,0.5216915190361905,0.7679749191472381,1.7820250808519624,-7.993605777301127e-13,0.7679749191472381,0.0022685133480890326,1920.0,5760.0,0.0,0.03125,0.03125,1.6892511294158095e-05,0.0
22020.0,6.116666666666666,0.9972224096990638,0.0,0.9972224096990638,0.5198653828269302,0.7657151875856077,1.7842848124135942,-7.980283101005625e-13,0.7657151875856077,0.002259731561631725,1920.0,5760.0,0.0,0.03125,0.03125,1.6803707481422464e-05,0.0
22080.0,6.133333333333334,0.9944456176607066,0.0,0.9944456176607066,0.5180460344788622,0.7634642051683834,1.7865357948308203,-7.962519532611623e-13,0.7634642051683834,0.0022509824172260162,1920.0,5760.0,0.0,0.03125,0.03125,1.6683565868117662e-05,0.0
22140.0,6.15,0.9916794474897491,0.0,0.9916794474897491,0.5162334489162647,0.7612219393740752,1.7887780606251276,-7.971401316808624e-13,0.7612219393740752,0.0022422657943074182,1920.0,5760.0,0.0,0.03125,0.03125,1.6961597205721008e-05,0.0
22200.0,6.166666666666667,0.9889238576666152,0.0,0.9889238576666152,0.5144276011473368,0.7589883578013623,1.7910116421978415,-7.958078640513122e-13,0.7589883578013623,0.0022335815727139124,1920.0,5760.0,0.0,0.03125,0.03125,1.6875749523762673e-05,0.0
22260.0,6.183333333333334,0.9861788068543047,0.0,0.9861788068543047,0.5126284662643315,0.7567634281686767,1.793236571830528,-7.949196856316121e-13,0.7567634281686767,0.0022249296326866497,1920.0,5760.0,0.0,0.03125,0.03125,1.6745972864308732e-05,0.0
22320.0,6.2,0.9834442538968666,0.0,0.9834442538968666,0.5108360194436697,0.7545471183138068,1.7954528816853985,-7.94475596421762e-13,0.7545471183138068,0.0022163098548705087,1920.0,5760.0,0.0,0.03125,0.03125,1.7004673829508997e-05,0.0
22380.0,6.216666666666667,0.9807201578179046,0.0,0.9807201578179046,0.5090502359460476,0.7523393961934935,1.7976606038057132,-7.931433287922118e-13,0.7523393961934935,0.0022077221203146325,1920.0,5760.0,0.0,0.03125,0.03125,1.692075071881488e-05,0.0
22440.0,6.233333333333333,0.9780064778191078,0.0,0.9780064778191078,0.5072710911165278,0.750140229883019,1.7998597701161863,-7.94475596421762e-13,0.750140229883019,0.0021991663104729154,1920.0,5760.0,0.0,0.03125,0.03125,1.6740912420275973e-05,0.0
22500.0,6.25,0.975303173278813,0.0,0.975303173278813,0.5054985603846216,0.7479495875758154,1.8020504124233907,-7.935874180020619e-13,0.7479495875758154,0.0021906423072044117,1920.0,5760.0,0.0,0.03125,0.03125,1.6760960434193837e-05,0.0
22560.0,6.266666666666667,0.9726102037505937,0.0,0.9726102037505937,0.5037326192643582,0.7457674375830425,1.8042325624161644,-7.931433287922118e-13,0.7457674375830425,0.002182149992773691,1920.0,5760.0,0.0,0.03125,0.03125,1.676622611411658e-05,0.0
22620.0,6.283333333333333,0.9699275289618745,0.0,0.9699275289618745,0.5019732433543451,0.7435937483331918,1.8064062516660155,-7.922551503725117e-13,0.7435937483331918,0.002173689249851171,1920.0,5760.0,0.0,0.03125,0.03125,1.6787428670996327e-05,0.0
22680.0,6.3,0.9672551088125736,0.0,0.9672551088125736,0.5002204083378159,0.7414284883716793,1.808571511627529,-7.913669719528116e-13,0.7414284883716793,0.0021652599615133625,1920.0,5760.0,0.0,0.03125,0.03125,1.7013038289521355e-05,0.0
22740.0,6.316666666666666,0.9645929033737692,0.0,0.9645929033737692,0.4984740899826694,0.7392716263604354,1.810728373638772,-7.922551503725117e-13,0.7392716263604354,0.002156862011243061,1920.0,5760.0,0.0,0.03125,0.03125,1.6867321594005508e-05,0.0
22800.0,6.333333333333333,0.9619408728863925,0.0,0.9619408728863925,0.4967342641414994,0.7371231310775064,1.8128768689217016,-7.918110611626616e-13,0.7371231310775064,0.0021484952829295676,1920.0,5760.0,0.0,0.03125,0.03125,1.691815405946355e-05,0.0
22860.0,6.35,0.9592989777599401,0.0,0.9592989777599401,0.49500090675161323,0.7349829714166392,1.8150170285825704,-7.904787935331115e-13,0.7349829714166392,0.002140159660868727,1920.0,5760.0,0.0,0.03125,0.03125,1.6876548474181507e-05,0.0
22920.0,6.366666666666666,0.9566671785712182,0.0,0.9566671785712182,0.4932739938350422,0.7328511163868769,1.8171488836123335,-7.895906151134113e-13,0.7328511163868769,0.002131855029763058,1920.0,5760.0,0.0,0.03125,0.03125,1.6881146673826123e-05,0.0
22980.0,6.383333333333334,0.954045436063101,0.0,0.954045436063101,0.49155350149854415,0.7307275351121553,1.8192724648870553,-7.891465259035613e-13,0.7307275351121553,0.0021235812747217673,1920.0,5760.0,0.0,0.03125,0.03125,1.680729985646322e-05,0.0
23040.0,6.4,0.9514337111433158,0.0,0.9514337111433158,0.4898394059335959,0.7286121968308947,1.821387803168316,-7.891465259035613e-13,0.7286121968308947,0.002115338281260728,1920.0,5760.0,0.0,0.03125,0.03125,1.6900375306292284e-05,0.0
23100.0,6.416666666666667,0.948831964883248,0.0,0.948831964883248,0.4881316834163797,0.7265050708955934,1.8234949291036184,-7.878142582740111e-13,0.7265050708955934,0.0021071259353024276,1920.0,5760.0,0.0,0.03125,0.03125,1.6837867560931974e-05,0.0
23160.0,6.433333333333334,0.9462401585167717,0.0,0.9462401585167717,0.4864303103077591,0.7244061267724173,1.8255938732267942,-7.882583474838611e-13,0.7244061267724173,0.0020989441231758993,1920.0,5760.0,0.0,0.03125,0.03125,1.6903710986144393e-05,0.0
23220.0,6.45,0.9436582534390918,0.0,0.9436582534390918,0.484735263053249,0.7223153340408016,1.8276846659584107,-7.87370169064161e-13,0.7223153340408016,0.0020907927316165696,1920.0,5760.0,0.0,0.03125,0.03125,1.680770834850708e-05,0.0
23280.0,6.466666666666667,0.9410862112056164,0.0,0.9410862112056164,0.4830465181829788,0.7202326623930353,1.829767337606177,-7.878142582740111e-13,0.7202326623930353,0.0020826716477661063,1920.0,5760.0,0.0,0.03125,0.03125,1.7013228592328996e-05,0.0
23340.0,6.483333333333333,0.9385239935308404,0.0,0.9385239935308404,0.4813640523116458,0.7181580816338651,1.8318419183653492,-7.855938122247608e-13,0.7181580816338651,0.0020745807591722194,1920.0,5760.0,0.0,0.03125,0.03125,1.674391984716459e-05,0.0
23400.0,6.5,0.9359715622872523,0.0,0.9359715622872523,0.4796878421384651,0.7160915616800768,1.8339084383191375,-7.855938122247608e-13,0.7160915616800768,0.0020665199537884256,1920.0,5760.0,0.0,0.03125,0.03125,1.6826802908577567e-05,0.0
23460.0,6.516666666666667,0.9334288795042585,0.0,0.9334288795042585,0.4780178644471113,0.7140330725601041,1.8359669274391113,-7.842615445952106e-13,0.7140330725601041,0.0020584891199737832,1920.0,5760.0,0.0,0.03125,0.03125,1.6873497698866545e-05,0.0
23520.0,6.533333333333333,0.9308959073671257,0.0,0.9308959073671257,0.4763540961056534,0.7119825844136107,1.838017415585604,-7.851497230149107e-13,0.7119825844136107,0.002050488146492627,1920.0,5760.0,0.0,0.03125,0.03125,1.6899191268985942e-05,0.0
23580.0,6.55,0.9283726082159424,0.0,0.9283726082159424,0.4746965140664846,0.709940067491099,1.8400599325081182,-7.824851877558103e-13,0.709940067491099,0.002042516922514184,1920.0,5760.0,0.0,0.03125,0.03125,1.68101873584614e-05,0.0
23640.0,6.566666666666666,0.9258589445445908,0.0,0.9258589445445908,0.4730450953662451,0.7079054921534852,1.8420945078457305,-7.842615445952106e-13,0.7079054921534852,0.0020345753376122796,1920.0,5760.0,0.0,0.03125,0.03125,1.696634620517848e-05,0.0
23700.0,6.583333333333333,0.9233548789997454,0.0,0.9233548789997454,0.4713998171257403,0.7058788288717223,1.8441211711274954,-7.820410985459603e-13,0.7058788288717223,0.0020266632817649223,1920.0,5760.0,0.0,0.03125,0.03125,1.6907995033786814e-05,0.0
23760.0,6.6,0.9208603743798802,0.0,0.9208603743798802,0.46976065654985305,0.7038600482263669,1.8461399517728494,-7.833733661755105e-13,0.7038600482263669,0.0020187806453539027,1920.0,5760.0,0.0,0.03125,0.03125,1.685309380399768e-05,0.0
23820.0,6.616666666666666,0.9183753936342932,0.0,0.9183753936342932,0.4681275909274509,0.7018491209072061,1.8481508790920138,-7.7982065249671e-13,0.7018491209072061,0.0020109273191643634,1920.0,5760.0,0.0,0.03125,0.03125,1.6745544893718846e-05,0.0
23880.0,6.633333333333334,0.9158998998621497,0.0,0.9158998998621497,0.46650059763128754,0.6998460177128203,1.8501539822863982,-7.815970093361102e-13,0.6998460177128203,0.002003103194384348,1920.0,5760.0,0.0,0.03125,0.03125,1.6890423551355907e-05,0.0
23940.0,6.65,0.9134338563115365,0.0,0.9134338563115365,0.46487965411789983,0.6978507095502168,1.8521492904490025,-7.807088309164101e-13,0.6978507095502168,0.001995308162604295,1920.0,5760.0,0.0,0.03125,0.03125,1.6872170988467916e-05,0.0
24000.0,6.666666666666667,0.9109772263785302,0.0,0.9109772263785302,0.4632647379275007,0.6958631674344006,1.854136832564819,-7.8026474170656e-13,0.6958631674344006,0.0019875421158165522,1920.0,5760.0,0.0,0.03125,0.03125,1.6881016886688824e-05,0.0
24060.0,6.683333333333334,0.9085299736062866,0.0,0.9085299736062866,0.46165582668386523,0.693883362487986,1.856116637511234,-7.7982065249671e-13,0.693883362487986,0.001979804946414836,1920.0,5760.0,0.0,0.03125,0.03125,1.6919704541780492e-05,0.0
24120.0,6.7,0.9060920616841353,0.0,0.9060920616841353,0.46005289809421573,0.6919112659407934,1.8580887340584276,-7.789324740770098e-13,0.6919112659407934,0.001972096547193708,1920.0,5760.0,0.0,0.03125,0.03125,1.7056545573294818e-05,0.0
24180.0,6.716666666666667,0.9036634544466913,0.0,0.9036634544466913,0.4584559299491003,0.6899468491294448,1.8600531508697755,-7.793765632868599e-13,0.6899468491294448,0.0019644168113479563,1920.0,5760.0,0.0,0.03125,0.03125,1.689615003896528e-05,0.0
24240.0,6.733333333333333,0.9012441158729823,0.0,0.9012441158729823,0.4568649001222678,0.6879900834969734,1.8620099165022477,-7.789324740770098e-13,0.6879900834969734,0.0019567656324720496,1920.0,5760.0,0.0,0.03125,0.03125,1.6789266186695087e-05,0.0
24300.0,6.75,0.8988340100855843,0.0,0.8988340100855843,0.45527978657053986,0.6860409405924159,1.8639590594068072,-7.767120280277595e-13,0.6860409405924159,0.0019491429045595224,1920.0,5760.0,0.0,0.03125,0.03125,1.6917982278985755e-05,0.0
24360.0,6.766666666666667,0.8964331013497749,0.0,0.8964331013497749,0.45370056733367653,0.6840993920704129,1.8659006079288094,-7.776002064474596e-13,0.6840993920704129,0.0019415485220023215,1920.0,5760.0,0.0,0.03125,0.03125,1.6929576625410953e-05,0.0
24420.0,6.783333333333333,0.8940413540726935,0.0,0.8940413540726935,0.4521272205342422,0.6821654096908231,1.8678345903083995,-7.771561172376096e-13,0.6821654096908231,0.0019339823795901832,1920.0,5760.0,0.0,0.03125,0.03125,1.6812638509393342e-05,0.0
24480.0,6.8,0.8916587328025147,0.0,0.8916587328025147,0.45055972437746517,0.6802389653183134,1.8697610346809095,-7.771561172376096e-13,0.6802389653183134,0.0019264443725099723,1920.0,5760.0,0.0,0.03125,0.03125,1.6837074447173932e-05,0.0
24540.0,6.816666666666666,0.8892852022276382,0.0,0.8892852022276382,0.44899805715109414,0.6783200309219692,1.8716799690772545,-7.762679388179095e-13,0.6783200309219692,0.0019189343963449891,1920.0,5760.0,0.0,0.03125,0.03125,1.689061328743252e-05,0.0
24600.0,6.833333333333333,0.8869207271758827,0.0,0.8869207271758827,0.4474421972252532,0.6764085785748943,1.8735914214243288,-7.767120280277595e-13,0.6764085785748943,0.0019114523470743002,1920.0,5760.0,0.0,0.03125,0.03125,1.6767270948777456e-05,0.0
24660.0,6.85,0.884565272613697,0.0,0.884565272613697,0.44589212305229226,0.674504580453824,1.8754954195454008,-7.749356711883593e-13,0.674504580453824,0.0019039981210719947,1920.0,5760.0,0.0,0.03125,0.03125,1.6899919176855274e-05,0.0
24720.0,6.866666666666666,0.8822188036453764,0.0,0.8822188036453764,0.4443478131666344,0.6726080088387186,1.8773919911605073,-7.740474927686591e-13,0.6726080088387186,0.0018965716151065034,1920.0,5760.0,0.0,0.03125,0.03125,1.693895280126207e-05,0.0
24780.0,6.883333333333334,0.8798812855122946,0.0,0.8798812855122946,0.44280924618462186,0.6707188361123788,1.8792811638868472,-7.736034035588091e-13,0.6707188361123788,0.0018891727263398205,1920.0,5760.0,0.0,0.03125,0.03125,1.7029674673569076e-05,0.0
24840.0,6.9,0.8775526835921434,0.0,0.8775526835921434,0.44127640080435754,0.6688370347600539,1.881162965239174,-7.718270467194088e-13,0.6688370347600539,0.0018818013523267813,1920.0,5760.0,0.0,0.03125,0.03125,1.6790813289241034e-05,0.0
24900.0,6.916666666666667,0.8752329633981817,0.0,0.8752329633981817,0.43974925580554575,0.6669625773690396,1.8830374226301883,-7.718270467194088e-13,0.6669625773690396,0.0018744573910142877,1920.0,5760.0,0.0,0.03125,0.03125,1.684838912164242e-05,0.0
24960.0,6.933333333333334,0.8729220905784957,0.0,0.8729220905784957,0.4382277900493288,0.6650954366282996,1.8849045633709287,-7.713829575095588e-13,0.6650954366282996,0.0018671407407405522,1920.0,5760.0,0.0,0.03125,0.03125,1.673903151422923e-05,0.0
25020.0,6.95,0.8706200309152696,0.0,0.8706200309152696,0.4367119824781221,0.6632355853280649,1.886764414671163,-7.718270467194088e-13,0.6632355853280649,0.0018598513002342676,1920.0,5760.0,0.0,0.03125,0.03125,1.6907998267701645e-05,0.0
25080.0,6.966666666666667,0.8683267503240604,0.0,0.8683267503240604,0.4352018121154469,0.6613829963594513,1.888617003639777,-7.718270467194088e-13,0.6613829963594513,0.0018525889686138498,1920.0,5760.0,0.0,0.03125,0.03125,1.686010673782103e-05,0.0
25140.0,6.983333333333333,0.8660422148530899,0.0,0.8660422148530899,0.43369725806576065,0.6595376427140653,1.8904623572851635,-7.709388682997087e-13,0.6595376427140653,0.0018453536453866203,1920.0,5760.0,0.0,0.03125,0.03125,1.6793761702027427e-05,0.0
25200.0,7.0,0.8637663906825381,0.0,0.8637663906825381,0.43219829951428557,0.6576994974836183,1.8923005025156114,-7.700506898800086e-13,0.6576994974836183,0.0018381452304479836,1920.0,5760.0,0.0,0.03125,0.03125,1.684813851611465e-05,0.0
25260.0,7.016666666666667,0.8614992441238511,0.0,0.8614992441238511,0.43070491572683445,0.6558685338595378,1.894131466139692,-7.700506898800086e-13,0.6558685338595378,0.0018309636240805937,1920.0,5760.0,0.0,0.03125,0.03125,1.6839328384778367e-05,0.0
25320.0,7.033333333333333,0.859240741619051,0.0,0.859240741619051,0.4292170860496361,0.6540447251325856,1.8959552748666455,-7.687184222504584e-13,0.6540447251325856,0.0018238087269535166,1920.0,5760.0,0.0,0.03125,0.03125,1.677121956324078e-05,0.0
25380.0,7.05,0.8569908497400613,0.0,0.8569908497400613,0.42773478990915736,0.6522280446924645,1.897771955306767,-7.682743330406083e-13,0.6522280446924645,0.0018166804401213987,1920.0,5760.0,0.0,0.03125,0.03125,1.6800126798519196e-05,0.0
25440.0,7.066666666666666,0.8547495351880354,0.0,0.8547495351880354,0.42625800681192405,0.6504184660274418,1.8995815339717905,-7.673861546209082e-13,0.6504184660274418,0.0018095786650235985,1920.0,5760.0,0.0,0.03125,0.03125,1.6875393245256044e-05,0.0
25500.0,7.083333333333333,0.8525167647926948,0.0,0.8525167647926948,0.42478671634433995,0.6486159627239583,1.9013840372752737,-7.678302438307583e-13,0.6486159627239583,0.0018025033034833019,1920.0,5760.0,0.0,0.03125,0.03125,1.68514564840913e-05,0.0
25560.0,7.1,0.850292505511673,0.0,0.850292505511673,0.423320898172505,0.646820508466252,1.9031794915329805,-7.673861546209082e-13,0.646820508466252,0.001795454257706709,1920.0,5760.0,0.0,0.03125,0.03125,1.685477939914699e-05,0.0
25620.0,7.116666666666666,0.8480767244298717,0.0,0.8480767244298717,0.4218605320420315,0.6450320770359707,1.9049679229632626,-7.664979762012081e-13,0.6450320770359707,0.001788431430282092,1920.0,5760.0,0.0,0.03125,0.03125,1.688487134352304e-05,0.0
25680.0,7.133333333333334,0.8458693887588185,0.0,0.8458693887588185,0.4204055977778583,0.6432506423117927,1.9067493576874415,-7.65609797781508e-13,0.6432506423117927,0.0017814347241789574,1920.0,5760.0,0.0,0.03125,0.03125,1.6941352998868078e-05,0.0
25740.0,7.15,0.8436704658360357,0.0,0.8436704658360357,0.4189560752840647,0.6414761782690448,1.9085238217301885,-7.664979762012081e-13,0.6414761782690448,0.00177446404274711,1920.0,5760.0,0.0,0.03125,0.03125,1.6888666787064773e-05,0.0
25800.0,7.166666666666667,0.8414799231244142,0.0,0.8414799231244142,0.4175119445436823,0.6397086589793299,1.9102913410199043,-7.65609797781508e-13,0.6397086589793299,0.0017675192897157993,1920.0,5760.0,0.0,0.03125,0.03125,1.6820592173541846e-05,0.0
25860.0,7.183333333333334,0.8392977282115952,0.0,0.8392977282115952,0.4160731856185056,0.6379480586101371,1.912051941389097,-7.65609797781508e-13,0.6379480586101371,0.0017606003691927744,1920.0,5760.0,0.0,0.03125,0.03125,1.6883900625722912e-05,0.0
25920.0,7.2,0.8371238488093594,0.0,0.8371238488093594,0.41463977864890195,0.6361943514244749,1.9138056485747605,-7.642775301519578e-13,0.6361943514244749,0.0017537071856634063,1920.0,5760.0,0.0,0.03125,0.03125,1.6774620411839635e-05,0.0
25980.0,7.216666666666667,0.8349582527530217,0.0,0.8349582527530217,0.4132117038536203,0.6344475117804854,1.9155524882187502,-7.642775301519578e-13,0.6344475117804854,0.0017468396439897461,1920.0,5760.0,0.0,0.03125,0.03125,1.677127106013738e-05,0.0
26040.0,7.233333333333333,0.8328009080008301,0.0,0.8328009080008301,0.411788941529598,0.6327075141310768,1.91729248586816,-7.629452625224076e-13,0.6327075141310768,0.001739997649409617,1920.0,5760.0,0.0,0.03125,0.03125,1.6722878061103116e-05,0.0
26100.0,7.25,0.8306517826333756,0.0,0.8306517826333756,0.41037147205176827,0.6309743330235402,1.9190256669756955,-7.638334409421077e-13,0.6309743330235402,0.001733181107535676,1920.0,5760.0,0.0,0.03125,0.03125,1.6950017564213967e-05,0.0
26160.0,7.266666666666667,0.8285108448530057,0.0,0.8285108448530057,0.40895927587286507,0.6292479430991869,1.92075205690005,-7.629452625224076e-13,0.6292479430991869,0.0017263899243545144,1920.0,5760.0,0.0,0.03125,0.03125,1.6749986351485343e-05,0.0
26220.0,7.283333333333333,0.8263780629832433,0.0,0.8263780629832433,0.40755233352322784,0.6275283190929608,1.9224716809062756,-7.633893517322576e-13,0.6275283190929608,0.001719624006225668,1920.0,5760.0,0.0,0.03125,0.03125,1.6827854973291458e-05,0.0
26280.0,7.3,0.8242534054682115,0.0,0.8242534054682115,0.40615062561060605,0.6258154358330806,1.9241845641661564,-7.629452625224076e-13,0.6258154358330806,0.0017128832598807323,1920.0,5760.0,0.0,0.03125,0.03125,1.6789515805289612e-05,0.0
26340.0,7.316666666666666,0.8221368408720673,0.0,0.8221368408720673,0.40475413281996164,0.6241092682406593,1.9258907317585787,-7.620570841027074e-13,0.6241092682406593,0.0017061675924223913,1920.0,5760.0,0.0,0.03125,0.03125,1.6696435645521062e-05,0.0
26400.0,7.333333333333333,0.8200283378784365,0.0,0.8200283378784365,0.40336283591327127,0.6224097913293368,1.9275902086699022,-7.607248164731573e-13,0.6224097913293368,0.0016994769113234723,1920.0,5760.0,0.0,0.03125,0.03125,1.703213516158472e-05,0.0
26460.0,7.35,0.8179278652898566,0.0,0.8179278652898566,0.40197671572932836,0.620716980204911,1.9292830197943283,-7.607248164731573e-13,0.620716980204911,0.0016928111244259986,1920.0,5760.0,0.0,0.03125,0.03125,1.6865405502856013e-05,0.0
26520.0,7.366666666666666,0.8158353920272251,0.0,0.8158353920272251,0.4005957531835439,0.6190308100649708,1.9309691899342685,-7.602807272633072e-13,0.6190308100649708,0.0016861701399402379,1920.0,5760.0,0.0,0.03125,0.03125,1.6859848368320895e-05,0.0
26580.0,7.383333333333334,0.813750887129253,0.0,0.813750887129253,0.39921992926774663,0.6173512561985275,1.9326487438007123,-7.602807272633072e-13,0.6173512561985275,0.0016795538664437389,1920.0,5760.0,0.0,0.03125,0.03125,1.6772900086806308e-05,0.0
26640.0,7.4,0.8116743197519242,0.0,0.8116743197519242,0.397849225049984,0.6156782939856478,1.9343217060135927,-7.593925488436071e-13,0.6156782939856478,0.0016729622128803777,1920.0,5760.0,0.0,0.03125,0.03125,1.695412002622278e-05,0.0
26700.0,7.416666666666667,0.8096056591679545,0.0,0.8096056591679545,0.39648362167431983,0.6140118988970881,1.935988101102152,-7.598366380534571e-13,0.6140118988970881,0.0016663950885593994,1920.0,5760.0,0.0,0.03125,0.03125,1.6791718777532142e-05,0.0
26760.0,7.433333333333334,0.8075448747662658,0.0,0.8075448747662658,0.3951231003606343,0.6123520464939345,1.9376479535053064,-7.58948459633757e-13,0.6123520464939345,0.0016598524031544444,1920.0,5760.0,0.0,0.03125,0.03125,1.685990726938219e-05,0.0
26820.0,7.45,0.8054919360514555,0.0,0.8054919360514555,0.3937676424044222,0.6106987124272321,1.939301287572009,-7.585043704239069e-13,0.6106987124272321,0.0016533340667025914,1920.0,5760.0,0.0,0.03125,0.03125,1.6849189824589743e-05,0.0
26880.0,7.466666666666667,0.8034468126432784,0.0,0.8034468126432784,0.3924172291765902,0.6090518724376291,1.9409481275616125,-7.580602812140569e-13,0.6090518724376291,0.0016468399896033762,1920.0,5760.0,0.0,0.03125,0.03125,1.6761537696597534e-05,0.0
26940.0,7.483333333333333,0.8014094742761246,0.0,0.8014094742761246,0.39107184212325563,0.6074115023550118,1.9425884976442302,-7.576161920042068e-13,0.6074115023550118,0.0016403700826178266,1920.0,5760.0,0.0,0.03125,0.03125,1.6925256485697987e-05,0.0
27000.0,7.5,0.7993798907985112,0.0,0.7993798907985112,0.3897314627655424,0.6057775780981449,1.9442224219010977,-7.571721027943568e-13,0.6057775780981449,0.001633924256867504,1920.0,5760.0,0.0,0.03125,0.03125,1.6956845556484715e-05,0.0
27060.0,7.516666666666667,0.7973580321725723,0.0,0.7973580321725723,0.3883960726993788,0.6041500756743114,1.9458499243249312,-7.571721027943568e-13,0.6041500756743114,0.0016275024238335068,1920.0,5760.0,0.0,0.03125,0.03125,1.6911788224809873e-05,0.0
27120.0,7.533333333333333,0.7953438684735558,0.0,0.7953438684735558,0.38706565359529455,0.6025289711789559,1.9474710288202868,-7.571721027943568e-13,0.6025289711789559,0.0016211044953555087,1920.0,5760.0,0.0,0.03125,0.03125,1.675968794960427e-05,0.0
27180.0,7.55,0.7933373698893252,0.0,0.7933373698893252,0.3857401871982158,0.6009142407953263,1.9490857592039175,-7.558398351648066e-13,0.6009142407953263,0.0016147303836307751,1920.0,5760.0,0.0,0.03125,0.03125,1.6885053960764285e-05,0.0
27240.0,7.566666666666666,0.7913385067198621,0.0,0.7913385067198621,0.3844196553272623,0.5993058607941141,1.9506941392051307,-7.549516567451064e-13,0.5993058607941141,0.0016083800012131916,1920.0,5760.0,0.0,0.03125,0.03125,1.676036281968662e-05,0.0
27300.0,7.583333333333333,0.789347249376778,0.0,0.789347249376778,0.3831040398755432,0.5977038075331015,1.952296192466143,-7.553957459549565e-13,0.5977038075331015,0.00160205326101228,1920.0,5760.0,0.0,0.03125,0.03125,1.6789982171514676e-05,0.0
27360.0,7.6,0.7873635683828268,0.0,0.7873635683828268,0.38179332280995326,0.5961080574568102,1.9538919425424353,-7.545075675352564e-13,0.5961080574568102,0.0015957500762922338,1920.0,5760.0,0.0,0.03125,0.03125,1.6796456996895607e-05,0.0
27420.0,7.616666666666666,0.7853874343714203,0.0,0.7853874343714203,0.3804874861709676,0.5945185870961395,1.9554814129031062,-7.540634783254063e-13,0.5945185870961395,0.0015894703606709037,1920.0,5760.0,0.0,0.03125,0.03125,1.6829481005585366e-05,0.0
27480.0,7.633333333333334,0.7834188180861537,0.0,0.7834188180861537,0.37918651207243786,0.592935373068021,1.957064626931225,-7.536193891155563e-13,0.592935373068021,0.001583214028118849,1920.0,5760.0,0.0,0.03125,0.03125,1.6857513143291803e-05,0.0
27540.0,7.65,0.7814576903803266,0.0,0.7814576903803266,0.3778903827013867,0.5913583920750636,1.9586416079241835,-7.527312106958561e-13,0.5913583920750636,0.0015769809929583433,1920.0,5760.0,0.0,0.03125,0.03125,1.681876186083573e-05,0.0
27600.0,7.666666666666667,0.7795040222164735,0.0,0.7795040222164735,0.3765990803178052,0.5897876209052014,1.960212379094046,-7.522871214860061e-13,0.5897876209052014,0.0015707711698623981,1920.0,5760.0,0.0,0.03125,0.03125,1.6773874511860988e-05,0.0
27660.0,7.683333333333334,0.7775577846658972,0.0,0.7775577846658972,0.3753125872544454,0.5882230364313483,1.9617769635678997,-7.51843032276156e-13,0.5882230364313483,0.0015645844738537559,1920.0,5760.0,0.0,0.03125,0.03125,1.6878207112367468e-05,0.0
27720.0,7.7,0.7756189489082045,0.0,0.7756189489082045,0.37403088591661815,0.5866646156110441,1.9633353843882035,-7.522871214860061e-13,0.5866646156110441,0.0015584208203039515,1920.0,5760.0,0.0,0.03125,0.03125,1.697576977846206e-05,0.0
27780.0,7.716666666666667,0.7736874862308464,0.0,0.7736874862308464,0.372753958781986,0.5851123354861123,1.964887664513136,-7.513989430663059e-13,0.5851123354861123,0.0015522801249322937,1920.0,5760.0,0.0,0.03125,0.03125,1.6946234370131304e-05,0.0
27840.0,7.733333333333333,0.7717633680286624,0.0,0.7717633680286624,0.37148178840036017,0.5835661731823079,1.9664338268169408,-7.513989430663059e-13,0.5835661731823079,0.001546162303804883,1920.0,5760.0,0.0,0.03125,0.03125,1.6800392230302675e-05,0.0
27900.0,7.75,0.7698465658034259,0.0,0.7698465658034259,0.3702143573934951,0.5820261059089751,1.9679738940902745,-7.505107646466058e-13,0.5820261059089751,0.0015400672733336571,1920.0,5760.0,0.0,0.03125,0.03125,1.6777105316197182e-05,0.0
27960.0,7.766666666666667,0.7679370511633973,0.0,0.7679370511633973,0.3689516484548832,0.5804921109587002,1.9695078890405497,-7.496225862269057e-13,0.5804921109587002,0.0015339949502753782,1920.0,5760.0,0.0,0.03125,0.03125,1.680762734153223e-05,0.0
28020.0,7.783333333333333,0.7660347958228738,0.0,0.7660347958228738,0.36769364434955054,0.5789641657069695,1.9710358342922805,-7.496225862269057e-13,0.5789641657069695,0.001527945251730658,1920.0,5760.0,0.0,0.03125,0.03125,1.673082491802293e-05,0.0
28080.0,7.8,0.764139771601753,0.0,0.764139771601753,0.3664403279138529,0.5774422476118272,1.9725577523874234,-7.491784970170556e-13,0.5774422476118272,0.0015219180951429909,1920.0,5760.0,0.0,0.03125,0.03125,1.6718331045998585e-05,0.0
28140.0,7.816666666666666,0.7622519504250855,0.0,0.7622519504250855,0.36519168205526975,0.5759263342135297,1.9740736657857212,-7.487344078072056e-13,0.5759263342135297,0.001515913398297747,1920.0,5760.0,0.0,0.03125,0.03125,1.6796669049602842e-05,0.0
28200.0,7.833333333333333,0.7603713043226462,0.0,0.7603713043226462,0.3639476897522007,0.5744164031342096,1.9755835968650424,-7.478462293875054e-13,0.5744164031342096,0.001509931079321203,1920.0,5760.0,0.0,0.03125,0.03125,1.670696351005594e-05,0.0
28260.0,7.85,0.7584978054284962,0.0,0.7584978054284962,0.36270833405376135,0.5729124320775291,1.977087567921722,-7.487344078072056e-13,0.5729124320775291,0.001503971056679576,1920.0,5760.0,0.0,0.03125,0.03125,1.6824582966332468e-05,0.0
28320.0,7.866666666666666,0.7566314259805548,0.0,0.7566314259805548,0.36147359807957796,0.5714143988283531,1.9785856011709,-7.469580509678053e-13,0.5714143988283531,0.0014980332491780083,1920.0,5760.0,0.0,0.03125,0.03125,1.6907191952504756e-05,0.0
28380.0,7.883333333333334,0.7547721383201709,0.0,0.7547721383201709,0.36024346501958404,0.5699222812523926,1.9800777187468597,-7.474021401776554e-13,0.5699222812523926,0.0014921175759596134,1920.0,5760.0,0.0,0.03125,0.03125,1.6781801879573095e-05,0.0
28440.0,7.9,0.7529199148917012,0.0,0.7529199148917012,0.3590179181338159,0.568436057295889,1.9815639427033642,-7.465139617579553e-13,0.568436057295889,0.0014862239565044918,1920.0,5760.0,0.0,0.03125,0.03125,1.692818132502578e-05,0.0
28500.0,7.916666666666667,0.7510747282420884,0.0,0.7510747282420884,0.3577969407522095,0.5669557049852607,1.983044295013993,-7.460698725481052e-13,0.5669557049852607,0.001480352310628743,1920.0,5760.0,0.0,0.03125,0.03125,1.6779889068507335e-05,0.0
28560.0,7.933333333333334,0.7492365510204433,0.0,0.7492365510204433,0.3565805162743953,0.5654812024267775,1.9845187975724765,-7.460698725481052e-13,0.5654812024267775,0.0014745025584834899,1920.0,5760.0,0.0,0.03125,0.03125,1.6954698242954826e-05,0.0
28620.0,7.95,0.7474053559776285,0.0,0.7474053559776285,0.355368628169496,0.5640125278062239,1.9859874721930304,-7.456257833382551e-13,0.5640125278062239,0.001468674620553925,1920.0,5760.0,0.0,0.03125,0.03125,1.6754909401521023e-05,0.0
28680.0,7.966666666666667,0.745581115965847,0.0,0.745581115965847,0.3541612599759221,0.5625496593885663,1.9874503406106887,-7.44737604918555e-13,0.5625496593885663,0.001462868417658281,1920.0,5760.0,0.0,0.03125,0.03125,1.6785589029765707e-05,0.0
28740.0,7.983333333333333,0.7437638039382333,0.0,0.7437638039382333,0.3529583953011693,0.56109257551762,1.9889074244816356,-7.442935157087049e-13,0.56109257551762,0.0014570838709469045,1920.0,5760.0,0.0,0.03125,0.03125,1.678236684428703e-05,0.0
28800.0,8.0,0.7419533929484454,0.0,0.7419533929484454,0.3517600178216153,0.5596412546157188,1.990358745383537,-7.442935157087049e-13,0.5596412546157188,0.001451320901901262,1920.0,5760.0,0.0,0.03125,0.03125,1.6891354229935116e-05,0.0
28860.0,8.016666666666667,0.740149856150262,0.0,0.740149856150262,0.35056611128231613,0.5581956751833855,1.9918043248158699,-7.442935157087049e-13,0.5581956751833855,0.0014455794323329513,1920.0,5760.0,0.0,0.03125,0.03125,1.6722497171541315e-05,0.0
28920.0,8.033333333333333,0.738353166797179,0.0,0.738353166797179,0.34937665949680435,0.5567558157990047,1.9932441842002526,-7.425171588693047e-13,0.5567558157990047,0.0014398593843827614,1920.0,5760.0,0.0,0.03125,0.03125,1.6899165676194032e-05,0.0
28980.0,8.05,0.7365632982420136,0.0,0.7365632982420136,0.3481916463468867,0.5553216551184845,1.9946783448807723,-7.429612480791548e-13,0.5553216551184845,0.001434160680519673,1920.0,5760.0,0.0,0.03125,0.03125,1.6999206415309237e-05,0.0
29040.0,8.066666666666666,0.7347802239365049,0.0,0.7347802239365049,0.34701105578243957,0.553893171874945,1.9961068281243122,-7.425171588693047e-13,0.553893171874945,0.0014284832435398898,1920.0,5760.0,0.0,0.03125,0.03125,1.6824031235480365e-05,0.0
29100.0,8.083333333333334,0.7330039174309235,0.0,0.7330039174309235,0.34583487182121037,0.5524703448783799,1.997529655120878,-7.416289804496046e-13,0.5524703448783799,0.001422826996565872,1920.0,5760.0,0.0,0.03125,0.03125,1.6757132017035245e-05,0.0
29160.0,8.1,0.7312343523736777,0.0,0.7312343523736777,0.34466307854861244,0.5510531530153341,1.9989468469839236,-7.420730696594546e-13,0.5510531530153341,0.0014171918630453719,1920.0,5760.0,0.0,0.03125,0.03125,1.688315540326015e-05,0.0
29220.0,8.116666666666667,0.7294715025109285,0.0,0.7294715025109285,0.3434956601175246,0.5496415752485846,2.000358424750674,-7.411848912397545e-13,0.5496415752485846,0.001411577766750459,1920.0,5760.0,0.0,0.03125,0.03125,1.6981983696048194e-05,0.0
29280.0,8.133333333333333,0.7277153416861966,0.0,0.7277153416861966,0.3423326007480898,0.5482355906168088,2.0017644093824507,-7.402967128200544e-13,0.5482355906168088,0.0014059846317765413,1920.0,5760.0,0.0,0.03125,0.03125,1.6698775162886308e-05,0.0
29340.0,8.15,0.7259658438399881,0.0,0.7259658438399881,0.34117388472751436,0.5468351782342674,2.003164821764992,-7.402967128200544e-13,0.5468351782342674,0.0014004123825414317,1920.0,5760.0,0.0,0.03125,0.03125,1.6810856181620542e-05,0.0
29400.0,8.166666666666666,0.7242229830094046,0.0,0.7242229830094046,0.3400194964098652,0.5454403172904834,2.004559682708776,-7.402967128200544e-13,0.5454403172904834,0.001394860943784349,1920.0,5760.0,0.0,0.03125,0.03125,1.6970486318465392e-05,0.0
29460.0,8.183333333333334,0.722486733327769,0.0,0.722486733327769,0.33886942021586897,0.5440509870499194,2.005949012949341,-7.394085344003543e-13,0.5440509870499194,0.0013893302405649532,1920.0,5760.0,0.0,0.03125,0.03125,1.6800402654405632e-05,0.0
29520.0,8.2,0.7207570690242479,0.0,0.7207570690242479,0.33772364063271343,0.5426671668516571,2.0073328331476032,-7.394085344003543e-13,0.5426671668516571,0.0013838201982624121,1920.0,5760.0,0.0,0.03125,0.03125,1.6821196635907735e-05,0.0
29580.0,8.216666666666667,0.7190339644234767,0.0,0.7190339644234767,0.33658214221384547,0.5412888361090834,2.008711163890178,-7.385203559806541e-13,0.5412888361090834,0.0013783307425744014,1920.0,5760.0,0.0,0.03125,0.03125,1.6740856554450485e-05,0.0
29640.0,8.233333333333333,0.7173173939451891,0.0,0.7173173939451891,0.33544490957877104,0.5399159743095672,2.010084025689694,-7.389644451905042e-13,0.5399159743095672,0.001372861799516179,1920.0,5760.0,0.0,0.03125,0.03125,1.6714027161842863e-05,0.0
29700.0,8.25,0.7156073321038445,0.0,0.7156073321038445,0.334311927412855,0.5385485610141483,2.0114514389851137,-7.380762667708041e-13,0.5385485610141483,0.0013674132954195964,1920.0,5760.0,0.0,0.03125,0.03125,1.6714523296003467e-05,0.0
29760.0,8.266666666666667,0.7139037535082622,0.0,0.7139037535082622,0.33318318046712075,0.5371865758572169,2.012813424142046,-7.371880883511039e-13,0.5371865758572169,0.0013619851569321448,1920.0,5760.0,0.0,0.03125,0.03125,1.684683270378707e-05,0.0
29820.0,8.283333333333333,0.7122066328612563,0.0,0.7122066328612563,0.33205865355805203,0.5358299985462002,2.0141700014530617,-7.380762667708041e-13,0.5358299985462002,0.0013565773110160006,1920.0,5760.0,0.0,0.03125,0.03125,1.689016057117835e-05,0.0
29880.0,8.3,0.7105159449592724,0.0,0.7105159449592724,0.33093833156739283,0.5344788088612539,2.0155211911380086,-7.371880883511039e-13,0.5344788088612539,0.0013511896849470728,1920.0,5760.0,0.0,0.03125,0.03125,1.6837506545514516e-05,0.0
29940.0,8.316666666666666,0.7088316646920239,0.0,0.7088316646920239,0.32982219944194585,0.5331329866549402,2.0168670133443225,-7.371880883511039e-13,0.5331329866549402,0.0013458222063140403,1920.0,5760.0,0.0,0.03125,0.03125,1.673863655609228e-05,0.0
30000.0,8.333333333333334,0.7071537670421357,0.0,0.7071537670421357,0.3287102421933782,0.5317925118519232,2.0182074881473397,-7.367439991412539e-13,0.5317925118519232,0.0013404748030173864,1920.0,5760.0,0.0,0.03125,0.03125,1.6742387041966703e-05,0.0
30060.0,8.35,0.7054822270847882,0.0,0.7054822270847882,0.3276024448980187,0.5304573644486557,2.019542635550608,-7.362999099314038e-13,0.5304573644486557,0.0013351474032684623,1920.0,5760.0,0.0,0.03125,0.03125,1.69429896373164e-05,0.0
30120.0,8.366666666666667,0.7038170199873588,0.0,0.7038170199873588,0.3264987926966602,0.5291275245130679,2.0208724754861964,-7.354117315117037e-13,0.5291275245130679,0.0013298399355885211,1920.0,5760.0,0.0,0.03125,0.03125,1.691628618067541e-05,0.0
30180.0,8.383333333333333,0.7021581210090743,0.0,0.7021581210090743,0.3253992707943619,0.5278029721842602,2.0221970278150043,-7.354117315117037e-13,0.5278029721842602,0.0013245523288077676,1920.0,5760.0,0.0,0.03125,0.03125,1.6387020071898984e-05,0.0
30240.0,8.4,0.7005055055006513,0.0,0.7005055055006513,0.32430386446024817,0.5264836876721956,2.0235163123270685,-7.358558207215538e-13,0.5264836876721956,0.0013192845120643976,1920.0,5760.0,0.0,0.03125,0.03125,1.6390363128402375e-05,0.0
30300.0,8.416666666666666,0.6988591489039562,0.0,0.6988591489039562,0.32321255902731555,0.5251696512573931,2.0248303487418724,-7.345235530920036e-13,0.5251696512573931,0.00131403641480366,1920.0,5760.0,0.0,0.03125,0.03125,1.6728071093134644e-05,0.0
30360.0,8.433333333333334,0.6972190267516556,0.0,0.6972190267516556,0.32212533989222963,0.5238608432906166,2.0261391567086493,-7.340794638821535e-13,0.5238608432906166,0.001308807966776914,1920.0,5760.0,0.0,0.03125,0.03125,1.671877173238389e-05,0.0
30420.0,8.45,0.6955851146668693,0.0,0.6955851146668693,0.3210421925151294,0.522557244192576,2.02744275580669,-7.340794638821535e-13,0.522557244192576,0.0013035990980406363,1920.0,5760.0,0.0,0.03125,0.03125,1.673248686798306e-05,0.0
30480.0,8.466666666666667,0.6939573883628292,0.0,0.6939573883628292,0.31996310241942943,0.5212588344536206,2.0287411655456453,-7.336353746723034e-13,0.5212588344536206,0.0012984097389555226,1920.0,5760.0,0.0,0.03125,0.03125,1.6742518359183203e-05,0.0
30540.0,8.483333333333333,0.6923358236425382,0.0,0.6923358236425382,0.3188880551916231,0.5199655946334354,2.030034405365831,-7.336353746723034e-13,0.5199655946334354,0.0012932398201854992,1920.0,5760.0,0.0,0.03125,0.03125,1.675342452729126e-05,0.0
30600.0,8.5,0.6907203963984287,0.0,0.6907203963984287,0.317817036481084,0.518677505360739,2.0313224946385278,-7.331912854624534e-13,0.518677505360739,0.0012880892726968168,1920.0,5760.0,0.0,0.03125,0.03125,1.6749320141226454e-05,0.0
30660.0,8.516666666666667,0.689111082612029,0.0,0.689111082612029,0.3167500319998691,0.5173945473329821,2.0326054526662847,-7.331912854624534e-13,0.5173945473329821,0.001282958027757057,1920.0,5760.0,0.0,0.03125,0.03125,1.6750615418061147e-05,0.0
30720.0,8.533333333333333,0.687507858353624,0.0,0.687507858353624,0.3156870275225247,0.5161167013160484,2.033883298683219,-7.327471962526033e-13,0.5161167013160484,0.0012778460169342296,1920.0,5760.0,0.0,0.03125,0.03125,1.6755482163660033e-05,0.0
30780.0,8.55,0.685910699781924,0.0,0.685910699781924,0.3146280088858844,0.5148439481439535,2.035156051855315,-7.314149286230531e-13,0.5148439481439535,0.0012727531720957968,1920.0,5760.0,0.0,0.03125,0.03125,1.6768464777826966e-05,0.0
30840.0,8.566666666666666,0.684319583143733,0.0,0.684319583143733,0.31357296198887435,0.5135762687185458,2.0364237312807227,-7.314149286230531e-13,0.5135762687185458,0.0012676794254077456,1920.0,5760.0,0.0,0.03125,0.03125,1.6756215508221207e-05,0.0
30900.0,8.583333333333334,0.6827344847736176,0.0,0.6827344847736176,0.3125218727923164,0.512313644009212,2.0376863559900564,-7.314149286230531e-13,0.512313644009212,0.0012626247093336246,1920.0,5760.0,0.0,0.03125,0.03125,1.6445742419210886e-05,0.0
30960.0,8.6,0.6811553810935771,0.0,0.6811553810935771,0.3114747273187295,0.511056055052579,2.03894394494669,-7.309708394132031e-13,0.511056055052579,0.0012575889566336087,1920.0,5760.0,0.0,0.03125,0.03125,1.6422113057029894e-05,0.0
31020.0,8.616666666666667,0.6795822486127199,0.0,0.6795822486127199,0.3104315116521372,0.5098034829522167,2.0401965170470535,-7.296385717836529e-13,0.5098034829522167,0.0012525721003635477,1920.0,5760.0,0.0,0.03125,0.03125,1.6405076224709893e-05,0.0
31080.0,8.633333333333333,0.6780150639269368,0.0,0.6780150639269368,0.30939221193786987,0.5085559088783425,2.0414440911209275,-7.300826609935029e-13,0.5085559088783425,0.0012475740738740512,1920.0,5760.0,0.0,0.03125,0.03125,1.6477110409049933e-05,0.0
31140.0,8.65,0.6764538037185788,0.0,0.6764538037185788,0.308356814382366,0.5073133140675334,2.042686685931737,-7.291944825738028e-13,0.5073133140675334,0.001242594810809529,1920.0,5760.0,0.0,0.03125,0.03125,1.6466980837390638e-05,0.0
31200.0,8.666666666666666,0.6748984447561333,0.0,0.6748984447561333,0.30732530525297735,0.5060756798224262,2.0439243201768442,-7.291944825738028e-13,0.5060756798224262,0.0012376342451072202,1920.0,5760.0,0.0,0.03125,0.03125,1.6716853649721844e-05,0.0
31260.0,8.683333333333334,0.6733489638939076,0.0,0.6733489638939076,0.30629767087776844,0.5048429875114309,2.0451570124878407,-7.283063041541027e-13,0.5048429875114309,0.0012326923109962833,1920.0,5760.0,0.0,0.03125,0.03125,1.6725406645652047e-05,0.0
31320.0,8.7,0.6718053380717095,0.0,0.6718053380717095,0.3052738976453258,0.5036152185684337,2.0463847814308376,-7.283063041541027e-13,0.5036152185684337,0.0012277689429968303,1920.0,5760.0,0.0,0.03125,0.03125,1.6727945118191948e-05,0.0
31380.0,8.716666666666667,0.6702675443145294,0.0,0.6702675443145294,0.30425397200456267,0.5023923544925152,2.0476076455067567,-7.278622149442526e-13,0.5023923544925152,0.0012228640759190208,1920.0,5760.0,0.0,0.03125,0.03125,1.670166224023968e-05,0.0
31440.0,8.733333333333333,0.6687355597322274,0.0,0.6687355597322274,0.3032378804645194,0.5011743768476536,2.0488256231516186,-7.274181257344026e-13,0.5011743768476536,0.0012179776448620913,1920.0,5760.0,0.0,0.03125,0.03125,1.6731035449644755e-05,0.0
31500.0,8.75,0.6672093615192196,0.0,0.6672093615192196,0.30222560959416633,0.49996126726244006,2.050038732736832,-7.278622149442526e-13,0.49996126726244006,0.0012131095852134296,1920.0,5760.0,0.0,0.03125,0.03125,1.674876929402763e-05,0.0
31560.0,8.766666666666667,0.6656889269541656,0.0,0.6656889269541656,0.30121714602220934,0.4987530074297935,2.0512469925694794,-7.269740365245525e-13,0.4987530074297935,0.0012082598326476003,1920.0,5760.0,0.0,0.03125,0.03125,1.6744092079884493e-05,0.0
31620.0,8.783333333333333,0.6641742333996622,0.0,0.6641742333996622,0.30021247643689186,0.49754957910666825,2.0524504208926047,-7.269740365245525e-13,0.49754957910666825,0.0012034283231254436,1920.0,5760.0,0.0,0.03125,0.03125,1.6746409262095637e-05,0.0
31680.0,8.8,0.6626652583019287,0.0,0.6626652583019287,0.2992115875857995,0.49635096411377516,2.0536490358854977,-7.269740365245525e-13,0.49635096411377516,0.0011986149928930993,1920.0,5760.0,0.0,0.03125,0.03125,1.673842087418422e-05,0.0
31740.0,8.816666666666666,0.6611619791905061,0.0,0.6611619791905061,0.2982144662756644,0.49515714433529445,2.0548428556639786,-7.265299473147024e-13,0.49515714433529445,0.00119381977848108,1920.0,5760.0,0.0,0.03125,0.03125,1.676673673502883e-05,0.0
31800.0,8.833333333333334,0.659664373677947,0.0,0.659664373677947,0.29722109937216784,0.493968101718592,2.056031898280682,-7.260858581048524e-13,0.493968101718592,0.0011890426167033357,1920.0,5760.0,0.0,0.03125,0.03125,1.6757153697047106e-05,0.0
31860.0,8.85,0.6581724194595139,0.0,0.6581724194595139,0.29623147379974324,0.49278381827393586,2.0572161817253383,-7.256417688950023e-13,0.49278381827393586,0.0011842834446562877,1920.0,5760.0,0.0,0.03125,0.03125,1.6744757639600625e-05,0.0
31920.0,8.866666666666667,0.6566860943128777,0.0,0.6566860943128777,0.2952455765413763,0.49160427607421836,2.0583957239250563,-7.251976796851523e-13,0.49160427607421836,0.001179542199717896,1920.0,5760.0,0.0,0.03125,0.03125,1.6790429388351908e-05,0.0
31980.0,8.883333333333333,0.6552053760978152,0.0,0.6552053760978152,0.29426339463841594,0.49042945725467235,2.059570542744603,-7.247535904753022e-13,0.49042945725467235,0.0011748188195467204,1920.0,5760.0,0.0,0.03125,0.03125,1.6783331336982758e-05,0.0
32040.0,8.9,0.6537302427559106,0.0,0.6537302427559106,0.2932849151903723,0.4892593440125912,2.060740655986684,-7.247535904753022e-13,0.4892593440125912,0.0011701132420809668,1920.0,5760.0,0.0,0.03125,0.03125,1.6786805239420432e-05,0.0
32100.0,8.916666666666666,0.652260672310257,0.0,0.652260672310257,0.29231012535472084,0.48809391860705414,2.061906081392222,-7.238654120556021e-13,0.48809391860705414,0.001165425405537549,1920.0,5760.0,0.0,0.03125,0.03125,1.680312074991354e-05,0.0
32160.0,8.933333333333334,0.6507966428651625,0.0,0.6507966428651625,0.291339012346704,0.48693316335864295,2.063066836640633,-7.238654120556021e-13,0.48693316335864295,0.0011607552484111552,1920.0,5760.0,0.0,0.03125,0.03125,1.681240436009475e-05,0.0
32220.0,8.95,0.6493381326058528,0.0,0.6493381326058528,0.29037156343913534,0.4857770606491701,2.064222939350106,-7.23421322845752e-13,0.4857770606491701,0.0011561027094732627,1920.0,5760.0,0.0,0.03125,0.03125,1.6820487050898217e-05,0.0
32280.0,8.966666666666667,0.6478851197981788,0.0,0.6478851197981788,0.28940776596219875,0.48462559292139956,2.0653744070778774,-7.229772336359019e-13,0.48462559292139956,0.0011514677277712087,1920.0,5760.0,0.0,0.03125,0.03125,1.6806197151376663e-05,0.0
32340.0,8.983333333333333,0.6464375827883233,0.0,0.6464375827883233,0.2884476073032549,0.48347874267877217,2.0665212573205047,-7.229772336359019e-13,0.48347874267877217,0.0011468502426272642,1920.0,5760.0,0.0,0.03125,0.03125,1.6830660893547035e-05,0.0
32400.0,9.0,0.6449955000025126,0.0,0.6449955000025126,0.2874910749066445,0.4823364924851353,2.0676635075141423,-7.220890552162018e-13,0.4823364924851353,0.0011422501936376576,1920.0,5760.0,0.0,0.03125,0.03125,1.6828647342394125e-05,0.0
32460.0,9.016666666666667,0.6435588499467255,0.0,0.6435588499467255,0.28653815627348006,0.48119882496446414,2.068801175034814,-7.216449660063518e-13,0.48119882496446414,0.0011376675206716236,1920.0,5760.0,0.0,0.03125,0.03125,1.6840608184057245e-05,0.0
32520.0,9.033333333333333,0.6421276112064057,0.0,0.6421276112064057,0.285588838961463,0.48006572280059373,2.0699342771986844,-7.216449660063518e-13,0.48006572280059373,0.0011331021638704651,1920.0,5760.0,0.0,0.03125,0.03125,1.6827990312089836e-05,0.0
32580.0,9.05,0.6407017624461768,0.0,0.6407017624461768,0.28464311058466846,0.47893716873694764,2.071062831262331,-7.212008767965017e-13,0.47893716873694764,0.0011285540636466033,1920.0,5760.0,0.0,0.03125,0.03125,1.685326614635485e-05,0.0
32640.0,9.066666666666666,0.6392812824095558,0.0,0.6392812824095558,0.28370095881336016,0.4778131455762648,2.0721868544230135,-7.216449660063518e-13,0.4778131455762648,0.001124023160682597,1920.0,5760.0,0.0,0.03125,0.03125,1.6853266399915893e-05,0.0
32700.0,9.083333333333334,0.6378661499186686,0.0,0.6378661499186686,0.2827623713737853,0.4766936361803352,2.073306363818944,-7.207567875866516e-13,0.4766936361803352,0.0011195093959302236,1920.0,5760.0,0.0,0.03125,0.03125,1.685757102591958e-05,0.0
32760.0,9.1,0.6364563438739709,0.0,0.6364563438739709,0.28182733604796595,0.4755786234697263,2.0744213765295534,-7.203126983768016e-13,0.4755786234697263,0.001115012710609473,1920.0,5760.0,0.0,0.03125,0.03125,1.6867173436458527e-05,0.0
32820.0,9.116666666666667,0.6350518432539638,0.0,0.6350518432539638,0.2808958406735233,0.474468090423519,2.075531909575761,-7.194245199571014e-13,0.474468090423519,0.0011105330462076429,1920.0,5760.0,0.0,0.03125,0.03125,1.6836972319067938e-05,0.0
32880.0,9.133333333333333,0.6336526271149171,0.0,0.6336526271149171,0.27996787314345234,0.47336202007904044,2.0766379799202395,-7.198686091669515e-13,0.47336202007904044,0.0011060703444783669,1920.0,5760.0,0.0,0.03125,0.03125,1.6871655025870273e-05,0.0
32940.0,9.15,0.6322586745905869,0.0,0.6322586745905869,0.2790434214059278,0.47226039553160054,2.07773960446768,-7.189804307472514e-13,0.47226039553160054,0.0011016245474405992,1920.0,5760.0,0.0,0.03125,0.03125,1.6883704967064367e-05,0.0
33000.0,9.166666666666666,0.6308699648919436,0.0,0.6308699648919436,0.2781224734641166,0.47116319993422306,2.0788368000650577,-7.189804307472514e-13,0.47116319993422306,0.001097195597377692,1920.0,5760.0,0.0,0.03125,0.03125,1.6883713978183796e-05,0.0
33060.0,9.183333333333334,0.6294864773068917,0.0,0.6294864773068917,0.2772050173759653,0.4700704164973876,2.0799295835018943,-7.180922523275513e-13,0.4700704164973876,0.0010927834368364895,1920.0,5760.0,0.0,0.03125,0.03125,1.684539082288003e-05,0.0
33120.0,9.2,0.6281081911999977,0.0,0.6281081911999977,0.27629104125399545,0.4689820284887605,2.0810179715105206,-7.185363415374013e-13,0.4689820284887605,0.0010883880086262586,1920.0,5760.0,0.0,0.03125,0.03125,1.6877578409910816e-05,0.0
33180.0,9.216666666666667,0.6267350860122173,0.0,0.6267350860122173,0.27538053326510215,0.4678980192329433,2.082101980766338,-7.185363415374013e-13,0.4678980192329433,0.0010840092558177432,1920.0,5760.0,0.0,0.03125,0.03125,1.6890973960617017e-05,0.0
33240.0,9.233333333333333,0.6253671412606211,0.0,0.6253671412606211,0.2744734816303592,0.4668183721112016,2.0831816278880804,-7.176481631177012e-13,0.4668183721112016,0.0010796471217422202,1920.0,5760.0,0.0,0.03125,0.03125,1.6900622115266458e-05,0.0
33300.0,9.25,0.624004336538126,0.0,0.624004336538126,0.2735698746248118,0.46574307056121095,2.084256929438071,-7.180922523275513e-13,0.46574307056121095,0.0010753015499905194,1920.0,5760.0,0.0,0.03125,0.03125,1.6811693982213454e-05,0.0
33360.0,9.266666666666667,0.6226466515132263,0.0,0.6226466515132263,0.27266970057727663,0.46467209807679954,2.085327901922483,-7.176481631177012e-13,0.46467209807679954,0.0010709724844120683,1920.0,5760.0,0.0,0.03125,0.03125,1.683346966695359e-05,0.0
33420.0,9.283333333333333,0.621294065929723,0.0,0.621294065929723,0.27177294787012807,0.4636054382076854,2.0863945617915967,-7.176481631177012e-13,0.4636054382076854,0.001066659869113863,1920.0,5760.0,0.0,0.03125,0.03125,1.6833473717804454e-05,0.0
33480.0,9.3,0.6199465596064592,0.0,0.6199465596064592,0.27087960493909996,0.4625430745592269,2.087456925440056,-7.167599846980011e-13,0.4625430745592269,0.0010623636484595167,1920.0,5760.0,0.0,0.03125,0.03125,1.6868817002293725e-05,0.0
33540.0,9.316666666666666,0.618604112437052,0.0,0.618604112437052,0.26998966027307975,0.4614849907921589,2.0885150092071245,-7.16315895488151e-13,0.4614849907921589,0.0010580837670682703,1920.0,5760.0,0.0,0.03125,0.03125,1.6886681591247483e-05,0.0
33600.0,9.333333333333334,0.6172667043896315,0.0,0.6172667043896315,0.2691031024139012,0.46043117062234545,2.0895688293769386,-7.158718062783009e-13,0.46043117062234545,0.0010538201698140049,1920.0,5760.0,0.0,0.03125,0.03125,1.6893106204935233e-05,0.0
33660.0,9.35,0.6159343155065743,0.0,0.6159343155065743,0.26821991995613814,0.4593815978205208,2.090618402178763,-7.16315895488151e-13,0.4593815978205208,0.001049572801824243,1920.0,5760.0,0.0,0.03125,0.03125,1.689917738713089e-05,0.0
33720.0,9.366666666666667,0.6146069259042419,0.0,0.6146069259042419,0.26734010154690374,0.4583362562120417,2.091663743787242,-7.158718062783009e-13,0.4583362562120417,0.0010453416084791828,1920.0,5760.0,0.0,0.03125,0.03125,1.689920223853015e-05,0.0
33780.0,9.383333333333333,0.613284515772722,0.0,0.613284515772722,0.26646363588563615,0.45729512967663183,2.092704870322653,-7.149836278586008e-13,0.45729512967663183,0.0010411265354106974,1920.0,5760.0,0.0,0.03125,0.03125,1.6899214729475888e-05,0.0
33840.0,9.4,0.6119670653755658,0.0,0.6119670653755658,0.26559051172389203,0.4562582021481309,2.093741797851154,-7.149836278586008e-13,0.4562582021481309,0.0010369275285013239,1920.0,5760.0,0.0,0.03125,0.03125,1.6899239860851916e-05,0.0
33900.0,9.416666666666666,0.6106545550495303,0.0,0.6106545550495303,0.2647207178651376,0.4552254576142483,2.0947745423850375,-7.140954494389007e-13,0.4552254576142483,0.0010327445338832644,1920.0,5760.0,0.0,0.03125,0.03125,1.6899252492044696e-05,0.0
33960.0,9.433333333333334,0.6093469652043235,0.0,0.6093469652043235,0.26385424316453904,0.4541968801163105,2.0958031198829747,-7.145395386487507e-13,0.4541968801163105,0.0010285774979373846,1920.0,5760.0,0.0,0.03125,0.03125,1.6899277895073505e-05,0.0
34020.0,9.45,0.6080442763223429,0.0,0.6080442763223429,0.26299107652875203,0.45317245374901927,2.096827546250267,-7.136513602290506e-13,0.45317245374901927,0.0010244263672922003,1920.0,5760.0,0.0,0.03125,0.03125,1.6899290667018946e-05,0.0
34080.0,9.466666666666667,0.6067464689584245,0.0,0.6067464689584245,0.26213120691571123,0.45215216266019614,2.09784783733909,-7.136513602290506e-13,0.45215216266019614,0.001020291088822892,1920.0,5760.0,0.0,0.03125,0.03125,1.6899303479682992e-05,0.0
34140.0,9.483333333333333,0.6054535237395895,0.0,0.6054535237395895,0.26127462333441853,0.4511359910505462,2.0988640089487403,-7.132072710192006e-13,0.4511359910505462,0.0010161716096502439,1920.0,5760.0,0.0,0.03125,0.03125,1.6899329246210047e-05,0.0
34200.0,9.5,0.6041654213647865,0.0,0.6041654213647865,0.2604213148447303,0.4501239231734071,2.09987607682588,-7.127631818093505e-13,0.4501239231734071,0.0010120678771396662,1920.0,5760.0,0.0,0.03125,0.03125,1.6899342200163976e-05,0.0
34260.0,9.516666666666667,0.6028821426046442,0.0,0.6028821426046442,0.2595712705571437,0.4491159433345075,2.10088405666478,-7.123190925995004e-13,0.4491159433345075,0.0010079798389001553,1920.0,5760.0,0.0,0.03125,0.03125,1.689936824966144e-05,0.0
34320.0,9.533333333333333,0.6016036683012189,0.0,0.6016036683012189,0.2587244796325836,0.4481120358917238,2.1018879641075636,-7.123190925995004e-13,0.4481120358917238,0.001003907442783279,1920.0,5760.0,0.0,0.03125,0.03125,1.6899381307069553e-05,0.0
34380.0,9.55,0.600329979367747,0.0,0.600329979367747,0.2578809312821865,0.4471121852548419,2.1028878147444456,-7.123190925995004e-13,0.4471121852548419,0.0009998506368821282,1920.0,5760.0,0.0,0.03125,0.03125,1.689940736214731e-05,0.0
34440.0,9.566666666666666,0.5990610567883927,0.0,0.5990610567883927,0.2570406147670856,0.44611637588531305,2.103883624113976,-7.109868249699502e-13,0.44611637588531305,0.000995809369530302,1920.0,5760.0,0.0,0.03125,0.03125,1.689942046481895e-05,0.0
34500.0,9.583333333333334,0.5977968816180039,0.0,0.5977968816180039,0.25620351939819375,0.44512459229601103,2.1048754077032767,-7.118750033896504e-13,0.44512459229601103,0.0009917835893008553,1920.0,5760.0,0.0,0.03125,0.03125,1.6899433598406974e-05,0.0
34560.0,9.6,0.5965374349818638,0.0,0.5965374349818638,0.2553696345359862,0.44413681905100666,2.105863180948282,-7.114309141798003e-13,0.44413681905100666,0.000987773245005274,1920.0,5760.0,0.0,0.03125,0.03125,1.689946002564368e-05,0.0
34620.0,9.616666666666667,0.5952826980754476,0.0,0.5952826980754476,0.25453894959028206,0.4431530407653139,2.1068469592339745,-7.114309141798003e-13,0.4431530407653139,0.0009837782856924125,1920.0,5760.0,0.0,0.03125,0.03125,1.6899473309734158e-05,0.0
34680.0,9.633333333333333,0.5940326521641777,0.0,0.5940326521641777,0.2537114540200243,0.44217324210466713,2.107826757894622,-7.105427357601002e-13,0.44217324210466713,0.000979798660647449,1920.0,5760.0,0.0,0.03125,0.03125,1.689948663437752e-05,0.0
34740.0,9.65,0.5927872785831789,0.0,0.5927872785831789,0.25288713733306045,0.4411974077852767,2.108802592214013,-7.105427357601002e-13,0.4411974077852767,0.000975834319390827,1920.0,5760.0,0.0,0.03125,0.03125,1.6899513434375126e-05,0.0
34800.0,9.666666666666666,0.5915465587370391,0.0,0.5915465587370391,0.2520659890859205,0.4402255225736002,2.10977447742569,-7.096545573404001e-13,0.4402255225736002,0.0009718852116772056,1920.0,5760.0,0.0,0.03125,0.03125,1.6899526900054974e-05,0.0
34860.0,9.683333333333334,0.5903104740995664,0.0,0.5903104740995664,0.2512479988835952,0.43925757128610576,2.110742428713184,-7.096545573404001e-13,0.43925757128610576,0.0009679512874943853,1920.0,5760.0,0.0,0.03125,0.03125,1.689955398222967e-05,0.0
34920.0,9.7,0.5890790062135486,0.0,0.5890790062135486,0.2504331563793121,0.43829353878904387,2.1117064612102463,-7.096545573404001e-13,0.43829353878904387,0.0009640324970622355,1920.0,5760.0,0.0,0.03125,0.03125,1.6899567608522516e-05,0.0
34980.0,9.716666666666667,0.5878521366905174,0.0,0.5878521366905174,0.24962145127431148,0.43733340999821263,2.112666590001078,-7.0921046813055e-13,0.43733340999821263,0.000960128790831632,1920.0,5760.0,0.0,0.03125,0.03125,1.689958126558377e-05,0.0
35040.0,9.733333333333333,0.5866298472105059,0.0,0.5866298472105059,0.24881287331762167,0.43637716987872943,2.1136228301205615,-7.087663789206999e-13,0.43637716987872943,0.0009562401194833708,1920.0,5760.0,0.0,0.03125,0.03125,1.6899608730554027e-05,0.0
35100.0,9.75,0.5854121195218163,0.0,0.5854121195218163,0.24800741230583093,0.43542480344480244,2.1145751965544886,-7.087663789206999e-13,0.43542480344480244,0.0009523664339270788,1920.0,5760.0,0.0,0.03125,0.03125,1.6899622528637013e-05,0.0
35160.0,9.766666666666667,0.5841989354407796,0.0,0.5841989354407796,0.24720505808286156,0.43447629575950253,2.1155237042397887,-7.087663789206999e-13,0.43447629575950253,0.0009485076853001296,1920.0,5760.0,0.0,0.03125,0.03125,1.6899636386812664e-05,0.0
35220.0,9.783333333333333,0.5829902768515242,0.0,0.5829902768515242,0.2464058005397405,0.4335316319345359,2.1164683680647554,-7.087663789206999e-13,0.4335316319345359,0.0009446638249665611,1920.0,5760.0,0.0,0.03125,0.03125,1.6899664234221508e-05,0.0
35280.0,9.8,0.5817861257057404,0.0,0.5817861257057404,0.24560962961436925,0.43259079713001974,2.1174092028692715,-7.087663789206999e-13,0.43259079713001974,0.0009408348045159432,1920.0,5760.0,0.0,0.03125,0.03125,1.6899678233255452e-05,0.0
35340.0,9.816666666666666,0.5805864640224476,0.0,0.5805864640224476,0.24481653529129271,0.43165377655425835,2.118346223445034,-7.074341112911497e-13,0.43165377655425835,0.000937020575762303,1920.0,5760.0,0.0,0.03125,0.03125,1.689970638188464e-05,0.0
35400.0,9.833333333333334,0.5793912738877627,0.0,0.5793912738877627,0.24402650760146838,0.4307205554635161,2.1192794445357768,-7.069900220812997e-13,0.4307205554635161,0.0009332210907429971,1920.0,5760.0,0.0,0.03125,0.03125,1.689972053142874e-05,0.0
35460.0,9.85,0.578200537454668,0.0,0.578200537454668,0.24323953662203138,0.42979111916179796,2.1202088808374944,-7.074341112911497e-13,0.42979111916179796,0.0009294363017175964,1920.0,5760.0,0.0,0.03125,0.03125,1.6899734721141e-05,0.0
35520.0,9.866666666666667,0.5770142369427819,0.0,0.5770142369427819,0.24245561247606062,0.4288654530006317,2.121134546998661,-7.069900220812997e-13,0.4288654530006317,0.0009256661611667664,1920.0,5760.0,0.0,0.03125,0.03125,1.689976327061301e-05,0.0
35580.0,9.883333333333333,0.5758323546381309,0.0,0.5758323546381309,0.2416747253323431,0.4279435423788406,2.1220564576204524,-7.069900220812997e-13,0.4279435423788406,0.0009219106217911418,1920.0,5760.0,0.0,0.03125,0.03125,1.6899777610372264e-05,0.0
35640.0,9.9,0.5746548728929193,0.0,0.5746548728929193,0.24089686540513613,0.4270253727423311,2.1229746272569625,-7.061018436615996e-13,0.4270253727423311,0.0009181696365101757,1920.0,5760.0,0.0,0.03125,0.03125,1.689979201004574e-05,0.0
35700.0,9.916666666666666,0.573481774125304,0.0,0.573481774125304,0.24012202295393,0.4261109295838702,2.1238890704154234,-7.061018436615996e-13,0.4261109295838702,0.0009144431584610134,1920.0,5760.0,0.0,0.03125,0.03125,1.689982094897332e-05,0.0
35760.0,9.933333333333334,0.5723130408191672,0.0,0.5723130408191672,0.23935018828320734,0.42520019844287305,2.1247998015564207,-7.061018436615996e-13,0.42520019844287305,0.0009107311409973498,1920.0,5760.0,0.0,0.03125,0.03125,1.6899835518201292e-05,0.0
35820.0,9.95,0.5711486555238916,0.0,0.5711486555238916,0.23858135174220307,0.424293164905185,2.125706835094109,-7.056577544517495e-13,0.424293164905185,0.0009070335376882522,1920.0,5760.0,0.0,0.03125,0.03125,1.6899850117074895e-05,0.0
35880.0,9.966666666666667,0.5699886008541357,0.0,0.5699886008541357,0.23781550372466112,0.4233898146028687,2.126610185396426,-7.052136652418994e-13,0.4233898146028687,0.0009033503023170265,1920.0,5760.0,0.0,0.03125,0.03125,1.689987946362717e-05,0.0
35940.0,9.983333333333333,0.5688328594896089,0.0,0.5688328594896089,0.23705263466859186,0.42249013321398854,2.127509866785306,-7.052136652418994e-13,0.42249013321398854,0.0008996813888800337,1920.0,5760.0,0.0,0.03125,0.03125,1.6899894221239955e-05,0.0
36000.0,10.0,0.567681414174853,0.0,0.567681414174853,0.23629273505602597,0.4215941064624024,2.1284058935368915,-7.061018436615996e-13,0.4215941064624024,0.0008960267515855267,1920.0,5760.0,0.0,0.03125,0.03125,1.6899909018152406e-05,0.0
36060.0,10.016666666666667,0.5665342477190162,0.0,0.5665342477190162,0.23553579541276887,0.42070172011755064,2.129298279881744,-7.052136652418994e-13,0.42070172011755064,0.0008923863448524667,1920.0,5760.0,0.0,0.03125,0.03125,1.689992387447232e-05,0.0
36120.0,10.033333333333333,0.565391342995635,0.0,0.565391342995635,0.23478180630815254,0.4198129599942419,2.1301870400050533,-7.047695760320494e-13,0.4198129599942419,0.0008887601233093376,1920.0,5760.0,0.0,0.03125,0.03125,1.689995373465553e-05,0.0
36180.0,10.05,0.5642526829424136,0.0,0.5642526829424136,0.23403075835478623,0.4189278119524488,2.131072188046846,-7.047695760320494e-13,0.4189278119524488,0.0008851480417929481,1920.0,5760.0,0.0,0.03125,0.03125,1.689996873830661e-05,0.0
36240.0,10.066666666666666,0.5631182505610042,0.0,0.5631182505610042,0.2332826422083063,0.41804626189710176,2.1319537381021934,-7.047695760320494e-13,0.41804626189710176,0.0008815500553472472,1920.0,5760.0,0.0,0.03125,0.03125,1.689998380101676e-05,0.0
36300.0,10.083333333333334,0.5619880289167911,0.0,0.5619880289167911,0.2325374485671232,0.41716829577788017,2.1328317042214153,-7.043254868221993e-13,0.41716829577788017,0.000877966119222099,1920.0,5760.0,0.0,0.03125,0.03125,1.6900014072692516e-05,0.0
36360.0,10.1,0.5608620011386698,0.0,0.5608620011386698,0.2317951681721687,0.4162938995890086,2.1337061004102873,-7.038813976123492e-13,0.4162938995890086,0.0008743961888720826,1920.0,5760.0,0.0,0.03125,0.03125,1.022112808744946e-05,0.0
36420.0,10.116666666666667,0.5597401504188356,0.0,0.5597401504188356,0.23105579180664024,0.41542305936905366,2.1345769406302426,-7.034373084024992e-13,0.41542305936905366,0.0008708402199552578,1920.0,5760.0,0.0,0.03125,0.03125,1.022112773179182e-05,0.0
36480.0,10.133333333333333,0.5586224600125628,0.0,0.5586224600125628,0.2303193102957449,0.4145557612007218,2.1354442387985744,-7.034373084024992e-13,0.4145557612007218,0.0008672981683319565,1920.0,5760.0,0.0,0.03125,0.03125,1.0221127373210668e-05,0.0
36540.0,10.15,0.5575089132379957,0.0,0.5575089132379957,0.22958571450644044,0.41369199121065797,2.136308008788638,-7.038813976123492e-13,0.41369199121065797,0.0008637699900635285,1920.0,5760.0,0.0,0.03125,0.03125,1.0221127011920972e-05,0.0
36600.0,10.166666666666666,0.5563994934759304,0.0,0.5563994934759304,0.2288549953471768,0.41283173556924774,2.137168264430049,-7.029932191926491e-13,0.41283173556924774,0.0008602556414111069,1920.0,5760.0,0.0,0.03125,0.03125,1.0221126280881974e-05,0.0
36660.0,10.183333333333334,0.5552941841696033,0.0,0.5552941841696033,0.22812714376763354,0.4119749804904134,2.1380250195088832,-7.029932191926491e-13,0.4119749804904134,0.0008567550788343579,1920.0,5760.0,0.0,0.03125,0.03125,1.0221125911084421e-05,0.0
36720.0,10.2,0.5541929688244801,0.0,0.5541929688244801,0.22740215075845852,0.4111217122314233,2.1388782877678736,-7.029932191926491e-13,0.4111217122314233,0.0008532682589902254,1920.0,5760.0,0.0,0.03125,0.03125,1.022112553823788e-05,0.0
36780.0,10.216666666666667,0.5530958310080429,0.0,0.5530958310080429,0.2266800073510024,0.41027191709269195,2.1397280829066054,-7.025491299827991e-13,0.41027191709269195,0.0008497951387316662,1920.0,5760.0,0.0,0.03125,0.03125,1.0221124783786612e-05,0.0
36840.0,10.233333333333333,0.5520027543495826,0.0,0.5520027543495826,0.2259607046170533,0.4094255814175855,2.140574418581712,-7.025491299827991e-13,0.4094255814175855,0.0008463356751063661,1920.0,5760.0,0.0,0.03125,0.03125,1.0221124401881013e-05,0.0
36900.0,10.25,0.5509137225399842,0.0,0.5509137225399842,0.22524423366856905,0.4085826915922301,2.1414173084070676,-7.02105040772949e-13,0.4085826915922301,0.0008428898253554723,1920.0,5760.0,0.0,0.03125,0.03125,1.0221124017070128e-05,0.0
36960.0,10.266666666666667,0.5498287193315247,0.0,0.5498287193315247,0.22453058565740847,0.4077432340453184,2.14225676595398,-7.016609515630989e-13,0.4077432340453184,0.0008394575469123076,1920.0,5760.0,0.0,0.03125,0.03125,1.0221123629076105e-05,0.0
37020.0,10.283333333333333,0.5487477285376615,0.0,0.5487477285376615,0.22381975177506028,0.4069071952479175,2.143092804751381,-7.016609515630989e-13,0.4069071952479175,0.0008360387974010582,1920.0,5760.0,0.0,0.03125,0.03125,1.0221122843679994e-05,0.0
37080.0,10.3,0.5476707340328237,0.0,0.5476707340328237,0.2231117232523706,0.40607456171328227,2.1439254382860162,-7.012168623532489e-13,0.40607456171328227,0.00083263353463549,1920.0,5760.0,0.0,0.03125,0.03125,1.0221122446222535e-05,0.0
37140.0,10.316666666666666,0.5465977197522092,0.0,0.5465977197522092,0.2224064913592693,0.40524531999666447,2.144754680002634,-7.012168623532489e-13,0.40524531999666447,0.0008292417166176246,1920.0,5760.0,0.0,0.03125,0.03125,1.0221122045727761e-05,0.0
37200.0,10.333333333333334,0.5455286696915771,0.0,0.5455286696915771,0.221704047404494,0.4044194566951284,2.1455805433041704,-7.012168623532489e-13,0.4044194566951284,0.0008258633015364223,1920.0,5760.0,0.0,0.03125,0.03125,1.0221121641648439e-05,0.0
37260.0,10.35,0.5444635679070454,0.0,0.5444635679070454,0.2210043827353128,0.40359695844736215,2.146403041551937,-7.007727731433988e-13,0.40359695844736215,0.0008224982477664539,1920.0,5760.0,0.0,0.03125,0.03125,1.022112082391726e-05,0.0
37320.0,10.366666666666667,0.543402398514883,0.0,0.543402398514883,0.22030748873724582,0.4027778119334959,2.1472221880658036,-7.003286839335487e-13,0.4027778119334959,0.0008191465138665746,1920.0,5760.0,0.0,0.03125,0.03125,1.0221120409944953e-05,0.0
37380.0,10.383333333333333,0.5423451456913116,0.0,0.5423451456913116,0.21961335683378355,0.40196200387491765,2.148037996124382,-6.998845947236987e-13,0.40196200387491765,0.0008158080585785655,1920.0,5760.0,0.0,0.03125,0.03125,1.0221119992527022e-05,0.0
37440.0,10.4,0.541291793672299,0.0,0.541291793672299,0.2189219784861055,0.40114952103409146,2.148850478965208,-7.003286839335487e-13,0.40114952103409146,0.0008124828408257997,1920.0,5760.0,0.0,0.03125,0.03125,1.0221119571632217e-05,0.0
37500.0,10.416666666666666,0.5402423267533603,0.0,0.5402423267533603,0.21823334519279539,0.4003403502143801,2.14965964978492,-6.998845947236987e-13,0.4003403502143801,0.0008091708197118692,1920.0,5760.0,0.0,0.03125,0.03125,1.0221119147499087e-05,0.0
37560.0,10.433333333333334,0.5391967292893545,0.0,0.5391967292893545,0.21754744848955576,0.3995344782598613,2.1504655217394393,-6.989964163039986e-13,0.3995344782598613,0.000805871954519216,1920.0,5760.0,0.0,0.03125,0.03125,1.0221118288043014e-05,0.0
37620.0,10.45,0.5381549856942894,0.0,0.5381549856942894,0.21686427994892063,0.3987318920551543,2.151268107944147,-6.985523270941485e-13,0.3987318920551543,0.0008025862047077745,1920.0,5760.0,0.0,0.03125,0.03125,1.0221117852924012e-05,0.0
37680.0,10.466666666666667,0.5371170804411155,0.0,0.5371170804411155,0.21618383117996617,0.3979325785252401,2.1520674214740603,-6.994405055138486e-13,0.3979325785252401,0.0007993135299135713,1920.0,5760.0,0.0,0.03125,0.03125,1.0221117414443874e-05,0.0
37740.0,10.483333333333333,0.5360829980615331,0.0,0.5360829980615331,0.2155060938280202,0.3971365246352929,2.1528634753640077,-6.989964163039986e-13,0.3971365246352929,0.0007960538899473369,1920.0,5760.0,0.0,0.03125,0.03125,1.0221116972018357e-05,0.0
37800.0,10.5,0.5350527231457922,0.0,0.5350527231457922,0.21483105957436907,0.3963437173905008,2.1536562826088006,-6.985523270941485e-13,0.3963437173905008,0.0007928072447931078,1920.0,5760.0,0.0,0.03125,0.03125,1.0221116525888887e-05,0.0
37860.0,10.516666666666667,0.5340262403424955,0.0,0.5340262403424955,0.21415872013596435,0.39555414383589355,2.1544458561634072,-6.989964163039986e-13,0.39555414383589355,0.0007895735546068134,1920.0,5760.0,0.0,0.03125,0.03125,1.0221115622100096e-05,0.0
37920.0,10.533333333333333,0.5330035343584022,0.0,0.5330035343584022,0.21348906726512584,0.39476779105617893,2.155232208943122,-6.985523270941485e-13,0.39476779105617893,0.0007863527797148752,1920.0,5760.0,0.0,0.03125,0.03125,1.0221115164369117e-05,0.0
37980.0,10.55,0.5319845899582327,0.0,0.5319845899582327,0.21282209274924496,0.39398464617556617,2.1560153538237348,-6.989964163039986e-13,0.39398464617556617,0.000783144880612759,1920.0,5760.0,0.0,0.03125,0.03125,1.0221114702794162e-05,0.0
38040.0,10.566666666666666,0.5309693919644757,0.0,0.5309693919644757,0.21215778841048455,0.3932046963576033,2.1567953036416982,-6.981082378842984e-13,0.3932046963576033,0.0007799498179635585,1920.0,5760.0,0.0,0.03125,0.03125,1.022111423734022e-05,0.0
38100.0,10.583333333333334,0.5299579252571878,0.0,0.5299579252571878,0.21149614610547865,0.39242792880500654,2.157572071194295,-6.981082378842984e-13,0.39242792880500654,0.0007767675525965513,1920.0,5760.0,0.0,0.03125,0.03125,1.0221113767682267e-05,0.0
38160.0,10.6,0.5289501747738081,0.0,0.5289501747738081,0.21083715772502912,0.3916543307595006,2.1583456692398006,-6.985523270941485e-13,0.3916543307595006,0.0007735980455057472,1920.0,5760.0,0.0,0.03125,0.03125,1.0221112816470034e-05,0.0
38220.0,10.616666666666667,0.5279461255089618,0.0,0.5279461255089618,0.21018081519380158,0.39088388950165254,2.1591161104976493,-6.981082378842984e-13,0.39088388950165254,0.0007704412578484303,1920.0,5760.0,0.0,0.03125,0.03125,1.0221112334548438e-05,0.0
38280.0,10.633333333333333,0.5269457625142656,0.0,0.5269457625142656,0.20952711047001948,0.3901165923507097,2.159883407648593,-6.972200594645983e-13,0.3901165923507097,0.0007672971509437048,1920.0,5760.0,0.0,0.03125,0.03125,1.0221111848560762e-05,0.0
38340.0,10.65,0.5259490708981416,0.0,0.5259490708981416,0.20887603554515585,0.3893524266644387,2.160647573334864,-6.972200594645983e-13,0.3893524266644387,0.0007641656862710039,1920.0,5760.0,0.0,0.03125,0.03125,1.0221111358171466e-05,0.0
38400.0,10.666666666666666,0.5249560358256242,0.0,0.5249560358256242,0.20822758244362433,0.3885913798389701,2.1614086201603326,-6.972200594645983e-13,0.3885913798389701,0.0007610468254686198,1920.0,5760.0,0.0,0.03125,0.03125,1.0221110863637983e-05,0.0
38460.0,10.683333333333334,0.5239666425181699,0.0,0.5239666425181699,0.2075817432224682,0.3878334393086389,2.162166560690665,-6.958877918350481e-13,0.3878334393086389,0.0007579405303322169,1920.0,5760.0,0.0,0.03125,0.03125,1.022111036462043e-05,0.0
38520.0,10.7,0.522980876253468,0.0,0.522980876253468,0.20693850997104696,0.3870785925458255,2.1629214074534784,-6.958877918350481e-13,0.3870785925458255,0.0007548467628133227,1920.0,5760.0,0.0,0.03125,0.03125,1.022110935326384e-05,0.0
38580.0,10.716666666666667,0.5219987223652545,0.0,0.5219987223652545,0.20629787481072281,0.38632682706080745,2.163673172938496,-6.963318810448982e-13,0.38632682706080745,0.0007517654850178431,1920.0,5760.0,0.0,0.03125,0.03125,1.0221108840839911e-05,0.0
38640.0,10.733333333333333,0.5210201662431218,0.0,0.5210201662431218,0.20565982989454445,0.38557813040160294,2.164421869597701,-6.958877918350481e-13,0.38557813040160294,0.0007486966592045233,1920.0,5760.0,0.0,0.03125,0.03125,1.022110832406792e-05,0.0
38700.0,10.75,0.5200451933323317,0.0,0.5200451933323317,0.20502436740692914,0.3848324901538197,2.1651675098454843,-6.958877918350481e-13,0.3848324901538197,0.0007456402477834522,1920.0,5760.0,0.0,0.03125,0.03125,1.6409410399188515e-05,0.0
38760.0,10.766666666666667,0.5190737891336311,0.0,0.5190737891336311,0.20439147956334416,0.3840898939405055,2.165910106058799,-6.954437026251981e-13,0.3840898939405055,0.0007425962133145216,1920.0,5760.0,0.0,0.03125,0.03125,1.6409399169732948e-05,0.0
38820.0,10.783333333333333,0.5181059392030639,0.0,0.5181059392030639,0.2037611586099853,0.3833503294220004,2.166649670577305,-6.945555242054979e-13,0.3833503294220004,0.0007395645185058837,1920.0,5760.0,0.0,0.03125,0.03125,1.6409387818430756e-05,0.0
38880.0,10.8,0.5171416291517876,0.0,0.5171416291517876,0.20313339682345555,0.38261378429578724,2.1673862157035173,-6.954437026251981e-13,0.38261378429578724,0.0007365451262124295,1920.0,5760.0,0.0,0.03125,0.03125,1.6409376352954303e-05,0.0
38940.0,10.816666666666666,0.5161808446458879,0.0,0.5161808446458879,0.2025081865104405,0.38188024629635353,2.1681197537029515,-6.945555242054979e-13,0.38188024629635353,0.0007335379994342115,1920.0,5760.0,0.0,0.03125,0.03125,1.640935311032398e-05,0.0
39000.0,10.833333333333334,0.5152235714061952,0.0,0.5152235714061952,0.2018855200073833,0.38114970319503855,2.1688502968042664,-6.94999613415348e-13,0.38114970319503855,0.0007305431013149109,1920.0,5760.0,0.0,0.03125,0.03125,1.6409341348670445e-05,0.0
39060.0,10.85,0.5142697952081012,0.0,0.5142697952081012,0.20126538968015772,0.3804221427998989,2.169577857199407,-6.941114349956479e-13,0.3804221427998989,0.0007275603951402589,1920.0,5760.0,0.0,0.03125,0.03125,1.6409329503843056e-05,0.0
39120.0,10.866666666666667,0.5133195018813774,0.0,0.5133195018813774,0.20064778792374038,0.37969755295556296,2.1703024470437433,-6.936673457857978e-13,0.37969755295556296,0.0007245898443364579,1920.0,5760.0,0.0,0.03125,0.03125,1.6409317583669074e-05,0.0
39180.0,10.883333333333333,0.5123726773099926,0.0,0.5123726773099926,0.20003270716188024,0.3789759215430944,2.171024078456212,-6.936673457857978e-13,0.3789759215430944,0.0007216314124686237,1920.0,5760.0,0.0,0.03125,0.03125,1.6409305394171115e-05,0.0
39240.0,10.9,0.5114293074319308,0.0,0.5114293074319308,0.19942013984676776,0.3782572364798553,2.171742763519451,-6.936673457857978e-13,0.3782572364798553,0.0007186850632391738,1920.0,5760.0,0.0,0.03125,0.03125,1.640929334735451e-05,0.0
39300.0,10.916666666666666,0.5104893782390136,0.0,0.5104893782390136,0.1988100784587029,0.37754148571936863,2.172458514279937,-6.941114349956479e-13,0.37754148571936863,0.0007157507604862565,1920.0,5760.0,0.0,0.03125,0.03125,1.640928124885792e-05,0.0
39360.0,10.933333333333334,0.5095528757767158,0.0,0.5095528757767158,0.1982025155057601,0.37682865725118697,2.173171342748119,-6.936673457857978e-13,0.37682865725118697,0.0007128284681821395,1920.0,5760.0,0.0,0.03125,0.03125,1.640926890614041e-05,0.0
39420.0,10.95,0.508619786143991,0.0,0.508619786143991,0.19759744352345418,0.37611873910075544,2.173881260898551,-6.936673457857978e-13,0.37611873910075544,0.000709918150431604,1920.0,5760.0,0.0,0.03125,0.03125,1.6409256528574958e-05,0.0
39480.0,10.966666666666667,0.5076900954930883,0.0,0.5076900954930883,0.19699485507440304,0.3754117193292856,2.1745882806700214,-6.927791673660977e-13,0.3754117193292856,0.0007070197714703394,1920.0,5760.0,0.0,0.03125,0.03125,1.6409231302733435e-05,0.0
39540.0,10.983333333333333,0.5067637900293788,0.0,0.5067637900293788,0.19639474274799,0.37470758603362253,2.1752924139656846,-6.927791673660977e-13,0.37470758603362253,0.0007041332956633125,1920.0,5760.0,0.0,0.03125,0.03125,1.640921847240736e-05,0.0
39600.0,11.0,0.5058408560111756,0.0,0.5058408560111756,0.19579709916002513,0.37400632734611916,2.175993672653188,-6.927791673660977e-13,0.37400632734611916,0.0007012586875031615,1920.0,5760.0,0.0,0.03125,0.03125,1.6409205443103896e-05,0.0
39660.0,11.016666666666667,0.5049212797495554,0.0,0.5049212797495554,0.1952019169524047,0.3733079314345106,2.1766920685647966,-6.927791673660977e-13,0.3733079314345106,0.0006983959116085503,1920.0,5760.0,0.0,0.03125,0.03125,1.6409192422097856e-05,0.0
39720.0,11.033333333333333,0.5040050476081867,0.0,0.5040050476081867,0.1946091887927696,0.3726123865017883,2.177387613497519,-6.927791673660977e-13,0.3726123865017883,0.0006955449327225324,1920.0,5760.0,0.0,0.03125,0.03125,1.6409179417566485e-05,0.0
39780.0,11.05,0.5030921460031509,0.0,0.5030921460031509,0.19401890737416352,0.37191968078607773,2.17808031921323,-6.918909889463976e-13,0.37191968078607773,0.0006927057157109249,1920.0,5760.0,0.0,0.03125,0.03125,1.640916624090158e-05,0.0
39840.0,11.066666666666666,0.5021825614027672,0.0,0.5021825614027672,0.1934310654146886,0.3712298025605173,2.1787701974387907,-6.918909889463976e-13,0.3712298025605173,0.0006898782255606438,1920.0,5760.0,0.0,0.03125,0.03125,1.6409152705397242e-05,0.0
39900.0,11.083333333333334,0.5012762803274207,0.0,0.5012762803274207,0.19284565565716108,0.3705427401331405,2.179457259866169,-6.905587213168474e-13,0.3705427401331405,0.0006870624273780645,1920.0,5760.0,0.0,0.03125,0.03125,1.6409139409768473e-05,0.0
39960.0,11.1,0.5003732893493867,0.0,0.5003732893493867,0.19226267086876597,0.3698584818467527,2.1801415181525563,-6.910028105266974e-13,0.3698584818467527,0.0006842582863873562,1920.0,5760.0,0.0,0.03125,0.03125,1.640912577469898e-05,0.0
40020.0,11.116666666666667,0.4994735750926575,0.0,0.4994735750926575,0.19168210384071022,0.36917701607882336,2.180822983920485,-6.914468997365475e-13,0.36917701607882336,0.0006814657679288322,1920.0,5760.0,0.0,0.03125,0.03125,1.6409112006292907e-05,0.0
40080.0,11.133333333333333,0.498577124232771,0.0,0.498577124232771,0.1911039473878752,0.368498331241366,2.1815016687579423,-6.914468997365475e-13,0.368498331241366,0.000678684837457267,1920.0,5760.0,0.0,0.03125,0.03125,1.6409098308798414e-05,0.0
40140.0,11.15,0.49768392349663737,0.0,0.49768392349663737,0.19052819434846852,0.36782241578082653,2.1821775842184827,-6.905587213168474e-13,0.36782241578082653,0.0006759154605402488,1920.0,5760.0,0.0,0.03125,0.03125,1.640908430267401e-05,0.0
40200.0,11.166666666666666,0.4967939596623685,0.0,0.4967939596623685,0.18995483758367498,0.36714925817796984,2.182850741821339,-6.910028105266974e-13,0.36714925817796984,0.0006731576028564875,1920.0,5760.0,0.0,0.03125,0.03125,1.640907019272282e-05,0.0
40260.0,11.183333333333334,0.49590721955910594,0.0,0.49590721955910594,0.18938386997730636,0.36647884694777594,2.1835211530515335,-6.905587213168474e-13,0.36647884694777594,0.0006704112301941392,1920.0,5760.0,0.0,0.03125,0.03125,1.6409055988859533e-05,0.0
40320.0,11.2,0.49502369006685304,0.0,0.49502369006685304,0.18881528443545137,0.3658111706393268,2.1841888293599827,-6.901146321069973e-13,0.3658111706393268,0.0006676763084491362,1920.0,5760.0,0.0,0.03125,0.03125,1.6901360106207355e-05,0.0
40380.0,11.216666666666667,0.49414335811630217,0.0,0.49414335811630217,0.18824907388612427,0.3651462178357035,2.1848537821636063,-6.901146321069973e-13,0.3651462178357035,0.0006649528036234926,1920.0,5760.0,0.0,0.03125,0.03125,1.69013793682765e-05,0.0
40440.0,11.233333333333333,0.4932662106886671,0.0,0.4932662106886671,0.18768523127891293,0.36448397715388026,2.18551602284543,-6.896705428971472e-13,0.36448397715388026,0.0006622406818236208,1920.0,5760.0,0.0,0.03125,0.03125,1.6901398669970537e-05,0.0
40500.0,11.25,0.4923922348155152,0.0,0.4923922348155152,0.18712374958462652,0.363824437244622,2.1861755627546886,-6.892264536872972e-13,0.363824437244622,0.000659539909258644,1920.0,5760.0,0.0,0.03125,0.03125,1.6901418020508077e-05,0.0
40560.0,11.266666666666667,0.49152141757859796,0.0,0.49152141757859796,0.1865646217949432,0.363167586792383,2.1868324132069272,-6.896705428971472e-13,0.363167586792383,0.0006568504522386978,1920.0,5760.0,0.0,0.03125,0.03125,1.6901437408320552e-05,0.0
40620.0,11.283333333333333,0.490653746109684,0.0,0.490653746109684,0.1860078409220565,0.3625134145152105,2.1874865854841006,-6.887823644774471e-13,0.3625134145152105,0.000654172277173238,1920.0,5760.0,0.0,0.03125,0.03125,1.690145684255336e-05,0.0
40680.0,11.3,0.48978920759039185,0.0,0.48978920759039185,0.18545339999832153,0.36186190916464134,2.18813809083467,-6.883382752675971e-13,0.36186190916464134,0.0006515053505693524,1920.0,5760.0,0.0,0.03125,0.03125,1.690147631161796e-05,0.0
40740.0,11.316666666666666,0.4889277892520246,0.0,0.4889277892520246,0.1849012920759022,0.36121305952561095,2.1887869404737,-6.887823644774471e-13,0.36121305952561095,0.0006488496390300505,1920.0,5760.0,0.0,0.03125,0.03125,1.2655876708349428e-05,0.0
40800.0,11.333333333333334,0.4880694783754031,0.0,0.4880694783754031,0.18435151022641633,0.3605668544163584,2.1894331455829525,-6.887823644774471e-13,0.3605668544163584,0.000646205109252576,1920.0,5760.0,0.0,0.03125,0.03125,1.690150062868424e-05,0.0
40860.0,11.35,0.4872142622907003,0.0,0.4872142622907003,0.18380404754058194,0.3599232826883321,2.1900767173109794,-6.883382752675971e-13,0.3599232826883321,0.0006435717280266972,1920.0,5760.0,0.0,0.03125,0.03125,1.69015321088368e-05,0.0
40920.0,11.366666666666667,0.48636212837727755,0.0,0.48636212837727755,0.1832588971278627,0.35928233322609937,2.1907176667732124,-6.87894186057747e-13,0.35928233322609937,0.0006409494622330207,1920.0,5760.0,0.0,0.03125,0.03125,1.323960547298595e-05,0.0
40980.0,11.383333333333333,0.4855130640635199,0.0,0.4855130640635199,0.18271605211611425,0.35864399494725785,2.1913560050520537,-6.883382752675971e-13,0.35864399494725785,0.0006383382788412708,1920.0,5760.0,0.0,0.03125,0.03125,1.6901563835178118e-05,0.0
41040.0,11.4,0.4846670568266722,0.0,0.4846670568266722,0.18217550565122959,0.3580082568023496,2.1919917431969624,-6.87894186057747e-13,0.3580082568023496,0.0006357381449086166,1920.0,5760.0,0.0,0.03125,0.03125,1.6901595841589172e-05,0.0
41100.0,11.416666666666666,0.4838240941926765,0.0,0.4838240941926765,0.1816372508967853,0.35737510777477166,2.1926248922245404,-6.87894186057747e-13,0.35737510777477166,0.0006331490275779429,1920.0,5760.0,0.0,0.03125,0.03125,1.386867973713897e-05,0.0
41160.0,11.433333333333334,0.4829841637360087,0.0,0.4829841637360087,0.18110128103368792,0.3567445368806952,2.1932554631186165,-6.883382752675971e-13,0.3567445368806952,0.0006305708940761702,1920.0,5760.0,0.0,0.03125,0.03125,1.4061715766173607e-05,0.0
41220.0,11.45,0.4821472530795168,0.0,0.4821472530795168,0.18056758925981994,0.35611653316898295,2.193883466830329,-6.87894186057747e-13,0.35611653316898295,0.0006280037117125612,1920.0,5760.0,0.0,0.03125,0.03125,1.4289491907531201e-05,0.0
41280.0,11.466666666666667,0.48131334989425933,0.0,0.48131334989425933,0.1800361687896872,0.3554910857211064,2.194508914278206,-6.874500968478969e-13,0.3554910857211064,0.0006254474478770068,1920.0,5760.0,0.0,0.03125,0.03125,1.4513557328552152e-05,0.0
41340.0,11.483333333333333,0.48048244189934386,0.0,0.48048244189934386,0.17950701285406617,0.3548681836510679,2.195131816348244,-6.87894186057747e-13,0.3548681836510679,0.0006229020700383432,1920.0,5760.0,0.0,0.03125,0.03125,1.4736258522403467e-05,0.0
41400.0,11.5,0.47965451686176763,0.0,0.47965451686176763,0.1789801146996519,0.354247816105326,2.195752183893987,-6.870060076380469e-13,0.354247816105326,0.0006203675457426676,1920.0,5760.0,0.0,0.03125,0.03125,1.4958044689626736e-05,0.0
41460.0,11.516666666666667,0.4788295625962552,0.0,0.4788295625962552,0.17845546758870617,0.3536299722627139,2.1963700277365983,-6.874500968478969e-13,0.3536299722627139,0.0006178438426116356,1920.0,5760.0,0.0,0.03125,0.03125,1.5196777461442535e-05,0.0
41520.0,11.533333333333333,0.4780075669651019,0.0,0.4780075669651019,0.17793306479870696,0.3530146413343732,2.1969853586649393,-6.874500968478969e-13,0.3530146413343732,0.0006153309283407773,1920.0,5760.0,0.0,0.03125,0.03125,1.541704042057655e-05,0.0
41580.0,11.55,0.477188517878012,0.0,0.477188517878012,0.17741289962199888,0.35240181256367614,2.197598187435637,-6.865619184281968e-13,0.35240181256367614,0.0006128287706978298,1920.0,5760.0,0.0,0.03125,0.03125,1.5667096099927763e-05,0.0
41640.0,11.566666666666666,0.47637240329194197,0.0,0.47637240329194197,0.1768949653654432,0.3517914752261545,2.198208524773158,-6.874500968478969e-13,0.3517914752261545,0.0006103373375210408,1920.0,5760.0,0.0,0.03125,0.03125,1.5887597598292644e-05,0.0
41700.0,11.583333333333334,0.4755592112109415,0.0,0.4755592112109415,0.1763792553500701,0.3511836186294376,2.1988163813698756,-6.865619184281968e-13,0.3511836186294376,0.000607856596717511,1920.0,5760.0,0.0,0.03125,0.03125,1.613757998942226e-05,0.0
41760.0,11.6,0.47474892968599613,0.0,0.47474892968599613,0.175865762910732,0.3505782321131763,2.199421767886137,-6.865619184281968e-13,0.3505782321131763,0.0006053865162615106,1920.0,5760.0,0.0,0.03125,0.03125,1.6809732331102526e-05,0.0
41820.0,11.616666666666667,0.4739415468148712,0.0,0.4739415468148712,0.17535448139575702,0.3499753050489835,2.2000246949503297,-6.865619184281968e-13,0.3499753050489835,0.0006029270641928333,1920.0,5760.0,0.0,0.03125,0.03125,1.664217016550112e-05,0.0
41880.0,11.633333333333333,0.4731370507419531,0.0,0.4731370507419531,0.1748454041666045,0.34937482684036886,2.200625173158945,-6.861178292183467e-13,0.34937482684036886,0.000600478208615117,1920.0,5760.0,0.0,0.03125,0.03125,1.690336114232683e-05,0.0
41940.0,11.65,0.4723354296580955,0.0,0.4723354296580955,0.1743385245975216,0.3487767869226749,2.201223213076639,-6.856737400084967e-13,0.3487767869226749,0.0005980399176942132,1920.0,5760.0,0.0,0.03125,0.03125,1.7150079672882705e-05,0.0
42000.0,11.666666666666666,0.4715366718004623,0.0,0.4715366718004623,0.1738338360752013,0.348181174763018,2.2018188252362956,-6.861178292183467e-13,0.348181174763018,0.0005956121596565288,1920.0,5760.0,0.0,0.03125,0.03125,1.739256174595014e-05,0.0
42060.0,11.683333333333334,0.4707407654523728,0.0,0.4707407654523728,0.1733313319984419,0.34758797986023127,2.202412020139083,-6.856737400084967e-13,0.34758797986023127,0.0005931949027873976,1920.0,5760.0,0.0,0.03125,0.03125,1.7701528012730736e-05,0.0
42120.0,11.7,0.4699476989431475,0.0,0.4699476989431475,0.1728310057778084,0.3469971917448019,2.2030028082545123,-6.856737400084967e-13,0.3469971917448019,0.0005907881154294383,1920.0,5760.0,0.0,0.03125,0.03125,1.795435749158817e-05,0.0
42180.0,11.716666666666667,0.4691574606479533,0.0,0.4691574606479533,0.17233285083529515,0.3464087999788203,2.2035912000204934,-6.861178292183467e-13,0.3464087999788203,0.0005883917659809409,1920.0,5760.0,0.0,0.03125,0.03125,1.8211951119052626e-05,0.0
42240.0,11.733333333333333,0.4683700389876505,0.0,0.4683700389876505,0.17183686060399064,0.34582279415592604,2.2041772058433877,-6.861178292183467e-13,0.34582279415592604,0.0005860058228942552,1920.0,5760.0,0.0,0.03125,0.03125,1.8486021826937836e-05,0.0
42300.0,11.75,0.4675854224286387,0.0,0.4675854224286387,0.17134302852774394,0.3452391639012521,2.2047608360980617,-6.861178292183467e-13,0.3452391639012521,0.0005836302546741745,1920.0,5760.0,0.0,0.03125,0.03125,1.876741854397252e-05,0.0
42360.0,11.766666666666667,0.4668035994827054,0.0,0.4668035994827054,0.17085134806083377,0.3446578988713768,2.205342101127938,-6.852296507986466e-13,0.3446578988713768,0.0005812650298763539,1920.0,5760.0,0.0,0.03125,0.03125,1.9075062484410386e-05,0.0
42420.0,11.783333333333333,0.4660245587068722,0.0,0.4660245587068722,0.17036181266763828,0.34407898875427034,2.2059210112450436,-6.856737400084967e-13,0.34407898875427034,0.0005789101171057113,1920.0,5760.0,0.0,0.03125,0.03125,1.9384540266461535e-05,0.0
42480.0,11.8,0.4652482887032432,0.0,0.4652482887032432,0.16987441582230886,0.3435024232692557,2.2064975767300585,-6.856737400084967e-13,0.3435024232692557,0.0005765654850148628,1920.0,5760.0,0.0,0.03125,0.03125,1.9666174902721095e-05,0.0
42540.0,11.816666666666666,0.4644747781188553,0.0,0.4644747781188553,0.16938915100844487,0.34292819216695347,2.207071807832361,-6.852296507986466e-13,0.34292819216695347,0.0005742311023025483,1920.0,5760.0,0.0,0.03125,0.03125,1.997771237016457e-05,0.0
42600.0,11.833333333333334,0.46370401564552527,0.0,0.46370401564552527,0.16890601171877176,0.3423562852292418,2.207643714770073,-6.852296507986466e-13,0.3423562852292418,0.0005719069377120904,1920.0,5760.0,0.0,0.03125,0.03125,2.028673829325538e-05,0.0
42660.0,11.85,0.4629359900197001,0.0,0.4629359900197001,0.16842499145482032,0.3417866922692116,2.208213307730103,-6.852296507986466e-13,0.3417866922692116,0.0005695929600298383,1920.0,5760.0,0.0,0.03125,0.03125,2.0588586811259737e-05,0.0
42720.0,11.866666666666667,0.4621706900223073,0.0,0.4621706900223073,0.1679460837266101,0.3412194031311284,2.2087805968681864,-6.847855615887966e-13,0.3412194031311284,0.0005672891380836542,1920.0,5760.0,0.0,0.03125,0.03125,2.0894219136132248e-05,0.0
42780.0,11.883333333333333,0.4614081044786049,0.0,0.4614081044786049,0.1674692820523349,0.3406544076903872,2.2093455923089276,-6.852296507986466e-13,0.3406544076903872,0.0005649954407413833,1920.0,5760.0,0.0,0.03125,0.03125,2.123932676750263e-05,0.0
42840.0,11.9,0.4606482222580325,0.0,0.4606482222580325,0.16699457995805084,0.34009169585347787,2.209908304145837,-6.847855615887966e-13,0.34009169585347787,0.0005627118369093595,1920.0,5760.0,0.0,0.03125,0.03125,2.156208075513384e-05,0.0
42900.0,11.916666666666666,0.45989103227406286,0.0,0.45989103227406286,0.1665219709773672,0.3395312575579471,2.210468742441368,-6.847855615887966e-13,0.3395312575579471,0.0005604382955309139,1920.0,5760.0,0.0,0.03125,0.03125,2.1853572107260165e-05,0.0
42960.0,11.933333333333334,0.4591365234840527,0.0,0.4591365234840527,0.16605144865114155,0.3389730827723619,2.211026917226953,-6.847855615887966e-13,0.3389730827723619,0.0005581747855848935,1920.0,5760.0,0.0,0.03125,0.03125,2.2185436648130348e-05,0.0
43020.0,11.95,0.45838468488909645,0.0,0.45838468488909645,0.16558300652717634,0.33841716149627804,2.211582838503037,-6.847855615887966e-13,0.33841716149627804,0.0005559212760842151,1920.0,5760.0,0.0,0.03125,0.03125,2.2544753874769173e-05,0.0
43080.0,11.966666666666667,0.45763550553387744,0.0,0.45763550553387744,0.16511663815992014,0.3378634837602035,2.2121365162391116,-6.847855615887966e-13,0.3378634837602035,0.0005536777360744097,1920.0,5760.0,0.0,0.03125,0.03125,2.2899878605131976e-05,0.0
43140.0,11.983333333333333,0.45688897450652294,0.0,0.45688897450652294,0.16465233711017094,0.3373120396255716,2.212687960373744,-6.843414723789465e-13,0.3373120396255716,0.00055144413463219,1920.0,5760.0,0.0,0.03125,0.03125,2.3255854776330802e-05,0.0
43200.0,12.0,0.45614508093845496,0.0,0.45614508093845496,0.164190096944784,0.3367628191847079,2.213237180814608,-6.838973831690964e-13,0.3367628191847079,0.0005492204408640505,1920.0,5760.0,0.0,0.03125,0.03125,2.3593057126451396e-05,0.0
43260.0,12.016666666666667,0.45540381400424645,0.0,0.45540381400424645,0.16372991123638272,0.33621581256080285,2.213784187438513,-6.838973831690964e-13,0.33621581256080285,0.0005470066239048617,1920.0,5760.0,0.0,0.03125,0.03125,2.3975234701212932e-05,0.0
43320.0,12.033333333333333,0.4546651629214751,0.0,0.4546651629214751,0.16327177356307335,0.3356710099078865,2.21432899009143,-6.834532939592464e-13,0.3356710099078865,0.0005448026529164968,1920.0,5760.0,0.0,0.03125,0.03125,2.4315348536321047e-05,0.0
43380.0,12.05,0.4539291169505778,0.0,0.4539291169505778,0.16281567750816292,0.33512840141080036,2.214871598588516,-6.834532939592464e-13,0.33512840141080036,0.0005426084970864655,1920.0,5760.0,0.0,0.03125,0.03125,2.4681314774440667e-05,0.0
43440.0,12.066666666666666,0.4531956653947059,0.0,0.4531956653947059,0.16236161665988194,0.33458797728517364,2.2154120227141427,-6.834532939592464e-13,0.33458797728517364,0.0005404241256265706,1920.0,5760.0,0.0,0.03125,0.03125,2.507807441292331e-05,0.0
43500.0,12.083333333333334,0.45246479759958125,0.0,0.45246479759958125,0.16190958461111044,0.33404972777740244,2.215950272221914,-6.830092047493963e-13,0.33404972777740244,0.0005382495077715959,1920.0,5760.0,0.0,0.03125,0.03125,2.5434844886047854e-05,0.0
43560.0,12.1,0.4517365029533524,0.0,0.4517365029533524,0.16145957495910804,0.3335136431646245,2.216486356834692,-6.830092047493963e-13,0.3335136431646245,0.0005360846127779888,1920.0,5760.0,0.0,0.03125,0.03125,2.5813233414396557e-05,0.0
43620.0,12.116666666666667,0.45101077088645025,0.0,0.45101077088645025,0.16101158130524879,0.3329797137547016,2.217020286244615,-6.834532939592464e-13,0.3329797137547016,0.0005339294099225783,1920.0,5760.0,0.0,0.03125,0.03125,2.6225406570645495e-05,0.0
43680.0,12.133333333333333,0.45028759087144654,0.0,0.45028759087144654,0.16056559725475913,0.33244792988620103,2.217552070113116,-6.825651155395462e-13,0.33244792988620103,0.0005317838685013158,1920.0,5760.0,0.0,0.03125,0.03125,2.6596410834158516e-05,0.0
43740.0,12.15,0.44956695242290906,0.0,0.44956695242290906,0.16012161641646178,0.33191828192837247,2.2180817180709442,-6.830092047493963e-13,0.33191828192837247,0.0005296479578280251,1920.0,5760.0,0.0,0.03125,0.03125,2.7001513022329477e-05,0.0
43800.0,12.166666666666666,0.4488488450972611,0.0,0.4488488450972611,0.15967963240252273,0.3313907602811393,2.2186092397181776,-6.830092047493963e-13,0.3313907602811393,0.0005275216472331838,1920.0,5760.0,0.0,0.03125,0.03125,2.741689334928933e-05,0.0
43860.0,12.183333333333334,0.4481332584926393,0.0,0.4481332584926393,0.1592396388282031,0.33086535537507744,2.21913464462424,-6.821210263296962e-13,0.33086535537507744,0.000525404906062719,1920.0,5760.0,0.0,0.03125,0.03125,2.7821315489405508e-05,0.0
43920.0,12.2,0.44742018224875146,0.0,0.44742018224875146,0.1588016293116167,0.33034205767140035,2.219657942327917,-6.825651155395462e-13,0.33034205767140035,0.0005232977036768315,1920.0,5760.0,0.0,0.03125,0.03125,2.8267786308401365e-05,0.0
43980.0,12.216666666666667,0.4467096060467368,0.0,0.4467096060467368,0.15836559747349063,0.32982085766195235,2.220179142337366,-6.816769371198461e-13,0.32982085766195235,0.0005212000094488345,1920.0,5760.0,0.0,0.03125,0.03125,2.8672790290940886e-05,0.0
44040.0,12.233333333333333,0.4460015196090238,0.0,0.4460015196090238,0.1579315369369319,0.32930174586918765,2.22069825413013,-6.821210263296962e-13,0.32930174586918765,0.0005191117927640286,1920.0,5760.0,0.0,0.03125,0.03125,2.911385243075311e-05,0.0
44100.0,12.25,0.4452959126991908,0.0,0.4452959126991908,0.15749944132719898,0.3287847128461699,2.2212152871531483,-6.816769371198461e-13,0.3287847128461699,0.0005170330230185814,1920.0,5760.0,0.0,0.03125,0.03125,2.9589742352458606e-05,0.0
44160.0,12.266666666666667,0.4445927751218268,0.0,0.4445927751218268,0.15706930427147747,0.3282697491765513,2.2217302508227665,-6.821210263296962e-13,0.3282697491765513,0.000514963669618451,1920.0,5760.0,0.0,0.03125,0.03125,2.9983500528173688e-05,0.0
44220.0,12.283333333333333,0.4438920967223913,0.0,0.4438920967223913,0.15664111939866218,0.327756845474573,2.2222431545247447,-6.821210263296962e-13,0.327756845474573,0.0005129037019783167,1920.0,5760.0,0.0,0.03125,0.03125,3.046896318422059e-05,0.0
44280.0,12.3,0.4431938673870742,0.0,0.4431938673870742,0.15621488033914316,0.3272459923850528,2.2227540076142653,-6.816769371198461e-13,0.3272459923850528,0.0005108530895205509,1920.0,5760.0,0.0,0.03125,0.03125,3.091157839258185e-05,0.0
44340.0,12.316666666666666,0.44249807704266,0.0,0.44249807704266,0.15579058072459828,0.32673718058337814,2.2232628194159396,-6.821210263296962e-13,0.32673718058337814,0.0005088118016742018,1920.0,5760.0,0.0,0.03125,0.03125,3.132880635969889e-05,0.0
44400.0,12.333333333333334,0.4418047156563864,0.0,0.4418047156563864,0.15536821418778943,0.3262304007755043,2.2237695992238136,-6.821210263296962e-13,0.3262304007755043,0.0005067798078740017,1920.0,5760.0,0.0,0.03125,0.03125,3.181204223541615e-05,0.0
44460.0,12.35,0.44111377323580847,0.0,0.44111377323580847,0.15494777436236648,0.3257256436979453,2.224274356301373,-6.812328479099961e-13,0.3257256436979453,0.0005047570775594227,1920.0,5760.0,0.0,0.03125,0.03125,3.232629042529194e-05,0.0
44520.0,12.366666666666667,0.44042523982866155,0.0,0.44042523982866155,0.15452925488267485,0.32522290011777155,2.224777099881547,-6.812328479099961e-13,0.32522290011777155,0.000502743580173724,1920.0,5760.0,0.0,0.03125,0.03125,3.276608474733955e-05,0.0
44580.0,12.383333333333333,0.4397391055227222,0.0,0.4397391055227222,0.1541126493835694,0.3247221608326086,2.22527783916671,-6.812328479099961e-13,0.3247221608326086,0.0005007392851630658,1920.0,5760.0,0.0,0.03125,0.03125,3.3292057768606216e-05,0.0
44640.0,12.4,0.4390553604456724,0.0,0.4390553604456724,0.15369795150023438,0.3242234166706331,2.2257765833286856,-6.812328479099961e-13,0.3242234166706331,0.0004987441619756112,1920.0,5760.0,0.0,0.03125,0.03125,3.373712001496388e-05,0.0
44700.0,12.416666666666666,0.4383739947649647,0.0,0.4383739947649647,0.15328515486800814,0.3237266584905728,2.226273341508746,-6.80788758700146e-13,0.3237266584905728,0.0004967581800606819,1920.0,5760.0,0.0,0.03125,0.03125,3.425740314434548e-05,0.0
44760.0,12.433333333333334,0.4376949986876837,0.0,0.4376949986876837,0.1528742531222156,0.3232318771817038,2.226768122817614,-6.816769371198461e-13,0.3232318771817038,0.0004947813088679393,1920.0,5760.0,0.0,0.03125,0.03125,3.4778696967891195e-05,0.0
44820.0,12.45,0.4370183624604123,0.0,0.4370183624604123,0.1524652398980036,0.3227390636638583,2.2272609363354605,-6.812328479099961e-13,0.3227390636638583,0.0004928135178465747,1920.0,5760.0,0.0,0.03125,0.03125,3.530556857107054e-05,0.0
44880.0,12.466666666666667,0.43634407636909706,0.0,0.43634407636909706,0.15205810883018556,0.3222482088874136,2.227751791111905,-6.812328479099961e-13,0.3222482088874136,0.0004908547764445587,1920.0,5760.0,0.0,0.03125,0.03125,3.579440567826902e-05,0.0
44940.0,12.483333333333333,0.4356721307389106,0.0,0.4356721307389106,0.15165285355308974,0.3217593038333056,2.228240696166013,-6.812328479099961e-13,0.3217593038333056,0.0004889050541078872,1920.0,5760.0,0.0,0.03125,0.03125,3.63703187049638e-05,0.0
45000.0,12.5,0.43500251593412026,0.0,0.43500251593412026,0.15124946770041492,0.3212723395130261,2.228727660486293,-6.80788758700146e-13,0.3212723395130261,0.00048696432027988236,1920.0,5760.0,0.0,0.03125,0.03125,3.6859104358002614e-05,0.0
45060.0,12.516666666666667,0.4343352223579524,0.0,0.4343352223579524,0.1508479449050914,0.32078730696862523,2.2292126930306932,-6.812328479099961e-13,0.32078730696862523,0.00048503254440050546,1920.0,5760.0,0.0,0.03125,0.03125,3.7442149704404355e-05,0.0
45120.0,12.533333333333333,0.4336702404524597,0.0,0.4336702404524597,0.15044827879914888,0.3203041972727197,2.229695802726599,-6.812328479099961e-13,0.3203041972727197,0.0004831096959057127,1920.0,5760.0,0.0,0.03125,0.03125,3.796662768379232e-05,0.0
45180.0,12.55,0.43300756069838586,0.0,0.43300756069838586,0.15005046301359057,0.3198230015284929,2.2301769984708257,-6.812328479099961e-13,0.3198230015284929,0.00048119574422683,1920.0,5760.0,0.0,0.03125,0.03125,3.8534750541955565e-05,0.0
45240.0,12.566666666666666,0.4323471736150356,0.0,0.4323471736150356,0.14965449117827268,0.31934371086970353,2.2306562891296156,-6.80788758700146e-13,0.31934371086970353,0.00047929065878996626,1920.0,5760.0,0.0,0.03125,0.03125,3.9084922607331e-05,0.0
45300.0,12.583333333333334,0.4316890697601402,0.0,0.4316890697601402,0.14926035692179182,0.3188663164606881,2.231133683538631,-6.80788758700146e-13,0.3188663164606881,0.0004773944090154486,1920.0,5760.0,0.0,0.03125,0.03125,3.964807550474533e-05,0.0
45360.0,12.6,0.43103323972972557,0.0,0.43103323972972557,0.14886805387137758,0.31839080949637105,2.2316091905029483,-6.803446694902959e-13,0.31839080949637105,0.00047550696431730173,1920.0,5760.0,0.0,0.03125,0.03125,4.023927967452338e-05,0.0
45420.0,12.616666666666667,0.4303796741579798,0.0,0.4303796741579798,0.14847757565279232,0.3179171812022677,2.232082818797051,-6.80788758700146e-13,0.3179171812022677,0.0004736282941027429,1920.0,5760.0,0.0,0.03125,0.03125,4.081571545914884e-05,0.0
45480.0,12.633333333333333,0.42972836371712314,0.0,0.42972836371712314,0.14808891589023696,0.31744542283449617,2.232554577164823,-6.80788758700146e-13,0.31744542283449617,0.00047175836777171707,1920.0,5760.0,0.0,0.03125,0.03125,4.144614426816831e-05,0.0
45540.0,12.65,0.42907929911727655,0.0,0.42907929911727655,0.14770206820626322,0.31697552567977977,2.2330244743195395,-6.803446694902959e-13,0.31697552567977977,0.00046989715471646527,1920.0,5760.0,0.0,0.03125,0.03125,4.2015452229775935e-05,0.0
45600.0,12.666666666666666,0.4284324711063297,0.0,0.4284324711063297,0.14731702622169315,0.31650748105545917,2.233492518943861,-6.799005802804459e-13,0.31650748105545917,0.0004680446243211096,1920.0,5760.0,0.0,0.03125,0.03125,4.266787312218222e-05,0.0
45660.0,12.683333333333334,0.4277878704698117,0.0,0.4277878704698117,0.14693378355554468,0.3160412803094979,2.2339587196898223,-6.794564910705958e-13,0.3160412803094979,0.0004662007459612957,1920.0,5760.0,0.0,0.03125,0.03125,4.327331910693638e-05,0.0
45720.0,12.7,0.4271454880307608,0.0,0.4271454880307608,0.14655233382496377,0.3155769148204941,2.2344230851788263,-6.794564910705958e-13,0.3155769148204941,0.00046436548900383927,1920.0,5760.0,0.0,0.03125,0.03125,4.3933699549406766e-05,0.0
45780.0,12.716666666666667,0.42650531464959457,0.0,0.42650531464959457,0.14617267064516357,0.3151143759976875,2.234885624001633,-6.794564910705958e-13,0.3151143759976875,0.00046253882280641965,1920.0,5760.0,0.0,0.03125,0.03125,4.454561682232313e-05,0.0
45840.0,12.733333333333333,0.42586734122398046,0.0,0.42586734122398046,0.14579478762936982,0.31465365528097006,2.23534634471835,-6.794564910705958e-13,0.31465365528097006,0.0004607207167173112,1920.0,5760.0,0.0,0.03125,0.03125,4.516524055109567e-05,0.0
45900.0,12.75,0.4252315586887073,0.0,0.4252315586887073,0.14541867838877348,0.3141947441408951,2.235805255858425,-6.794564910705958e-13,0.3141947441408951,0.00045891114007513015,1920.0,5760.0,0.0,0.03125,0.03125,4.582381413494898e-05,0.0
45960.0,12.766666666666667,0.42459795801555617,0.0,0.42459795801555617,0.14504433653248916,0.313737634078687,2.2362623659206338,-6.790124018607457e-13,0.313737634078687,0.00045711006220862025,1920.0,5760.0,0.0,0.03125,0.03125,4.651440665117455e-05,0.0
46020.0,12.783333333333333,0.42396653021317254,0.0,0.42396653021317254,0.14467175566752177,0.31328231662625067,2.23671768337307,-6.790124018607457e-13,0.31328231662625067,0.00045531745243647804,1920.0,5760.0,0.0,0.03125,0.03125,4.719663180728059e-05,0.0
46080.0,12.8,0.42333726632693747,0.0,0.42333726632693747,0.14430092939873718,0.31282878334618275,2.2371712166531372,-6.799005802804459e-13,0.31282878334618275,0.0004535332800672025,1920.0,5760.0,0.0,0.03125,0.03125,4.784073863873126e-05,0.0
46140.0,12.816666666666666,0.42271015743884083,0.0,0.42271015743884083,0.1439318513288435,0.3123770258317842,2.2376229741675364,-6.790124018607457e-13,0.3123770258317842,0.00045175751439897264,1920.0,5760.0,0.0,0.03125,0.03125,4.8549953665839575e-05,0.0
46200.0,12.833333333333334,0.422085194667354,0.0,0.422085194667354,0.14356451505837536,0.3119270357070645,2.238072964292256,-6.794564910705958e-13,0.3119270357070645,0.00044999012471957423,1920.0,5760.0,0.0,0.03125,0.03125,4.920542135417983e-05,0.0
46260.0,12.85,0.42146236916730284,0.0,0.42146236916730284,0.14319891418568662,0.31147880462675837,2.2385211953725626,-6.790124018607457e-13,0.31147880462675837,0.0004482310803063397,1920.0,5760.0,0.0,0.03125,0.03125,4.993354446169333e-05,0.0
46320.0,12.866666666666667,0.42084167212974066,0.0,0.42084167212974066,0.14283504230695024,0.3110323242763325,2.238967675722989,-6.785683126508957e-13,0.3110323242763325,0.00044648035042612775,1920.0,5760.0,0.0,0.03125,0.03125,5.064698858665393e-05,0.0
46380.0,12.883333333333333,0.4202230947818225,0.0,0.4202230947818225,0.14247289301616356,0.3105875863719972,2.239412413627324,-6.785683126508957e-13,0.3105875863719972,0.0004447379043353425,1920.0,5760.0,0.0,0.03125,0.03125,5.137021800008936e-05,0.0
46440.0,12.9,0.4196066283866793,0.0,0.4196066283866793,0.14211245990516086,0.310144582660717,2.239855417338604,-6.785683126508957e-13,0.310144582660717,0.00044300371127996735,1920.0,5760.0,0.0,0.03125,0.03125,5.209408009327997e-05,0.0
46500.0,12.916666666666666,0.41899226424329145,0.0,0.41899226424329145,0.14175373656363266,0.30970330492022174,2.2402966950791,-6.781242234410456e-13,0.30970330492022174,0.0004412777404956537,1920.0,5760.0,0.0,0.03125,0.03125,5.2805923508751134e-05,0.0
46560.0,12.933333333333334,0.41837999368636536,0.0,0.41837999368636536,0.14139671657915176,0.3092637449590133,2.2407362550403076,-6.790124018607457e-13,0.3092637449590133,0.00043955996120781897,1920.0,5760.0,0.0,0.03125,0.03125,5.359422144142205e-05,0.0
46620.0,12.95,0.41776980808620634,0.0,0.41776980808620634,0.14104139353720513,0.308825894616382,2.2411741053829393,-6.785683126508957e-13,0.308825894616382,0.000437850342631788,1920.0,5760.0,0.0,0.03125,0.03125,5.436286769832573e-05,0.0
46680.0,12.966666666666667,0.4171616988485959,0.0,0.4171616988485959,0.14068776102123307,0.30838974576240913,2.241610254236912,-6.785683126508957e-13,0.30838974576240913,0.0004361488539729671,1920.0,5760.0,0.0,0.03125,0.03125,5.509879626202265e-05,0.0
46740.0,12.983333333333333,0.4165556574146666,0.0,0.4165556574146666,0.14033581261267467,0.30795529029798235,2.242044709701339,-6.785683126508957e-13,0.30795529029798235,0.0004344554644270461,1920.0,5760.0,0.0,0.03125,0.03125,5.587280486871698e-05,0.0
46800.0,13.0,0.41595167526077803,0.0,0.41595167526077803,0.13998554189101983,0.30752252015480225,2.2424774798445193,-6.781242234410456e-13,0.30752252015480225,0.00043277014318022843,1920.0,5760.0,0.0,0.03125,0.03125,5.6657803701764154e-05,0.0
46860.0,13.016666666666667,0.4153497438983942,0.0,0.4153497438983942,0.13963694243386748,0.3070914272953925,2.2429085727039286,-6.785683126508957e-13,0.3070914272953925,0.0004310928594095026,1920.0,5760.0,0.0,0.03125,0.03125,5.745258295793051e-05,0.0
46920.0,13.033333333333333,0.41474985487395893,0.0,0.41474985487395893,0.1392900078169905,0.30666200371310953,2.2433379962862117,-6.785683126508957e-13,0.30666200371310953,0.0004294235822829285,1920.0,5760.0,0.0,0.03125,0.03125,5.829308716137597e-05,0.0
46980.0,13.05,0.4141519997687744,0.0,0.4141519997687744,0.13894473161440657,0.30623424143214995,2.2437657585671715,-6.785683126508957e-13,0.30623424143214995,0.0004277622809599744,1920.0,5760.0,0.0,0.03125,0.03125,5.908135857276202e-05,0.0
47040.0,13.066666666666666,0.41355617019887736,0.0,0.41355617019887736,0.1386011073984559,0.30580813250755734,2.2441918674917636,-6.790124018607457e-13,0.30580813250755734,0.0004261089245918634,1920.0,5760.0,0.0,0.03125,0.03125,5.991549504963921e-05,0.0
47100.0,13.083333333333334,0.4129623578149173,0.0,0.4129623578149173,0.1382591287398848,0.3053836690252365,2.2446163309740856,-6.776801342311956e-13,0.3053836690252365,0.00042446348232196614,1920.0,5760.0,0.0,0.03125,0.03125,6.072776922048632e-05,0.0
47160.0,13.1,0.41237055430203523,0.0,0.41237055430203523,0.1379187892079353,0.3049608431019493,2.2450391568973718,-6.785683126508957e-13,0.3049608431019493,0.0004228259232862166,1920.0,5760.0,0.0,0.03125,0.03125,6.156852293708666e-05,0.0
47220.0,13.116666666666667,0.41178075137974074,0.0,0.41178075137974074,0.1375800823704413,0.3045396468853364,2.245460353113985,-6.781242234410456e-13,0.3045396468853364,0.00042119621661355433,1920.0,5760.0,0.0,0.03125,0.03125,6.244333950753104e-05,0.0
47280.0,13.133333333333333,0.4111929408017913,0.0,0.4111929408017913,0.13724300179393048,0.30412007255390955,2.2458799274454115,-6.785683126508957e-13,0.30412007255390955,0.0004195743314264038,1920.0,5760.0,0.0,0.03125,0.03125,6.327440149411025e-05,0.0
47340.0,13.15,0.41060711435607267,0.0,0.41060711435607267,0.13690754104373234,0.30370211231706923,2.246297887682253,-6.776801342311956e-13,0.30370211231706923,0.0004179602368411786,1920.0,5760.0,0.0,0.03125,0.03125,6.413619064125037e-05,0.0
47400.0,13.166666666666666,0.41002326386447485,0.0,0.41002326386447485,0.1365736936840919,0.30328575841509997,2.2467142415842214,-6.785683126508957e-13,0.30328575841509997,0.0004163539019688082,1920.0,5760.0,0.0,0.03125,0.03125,6.506318009847827e-05,0.0
47460.0,13.183333333333334,0.409441381182776,0.0,0.409441381182776,0.1362414532782895,0.3028710031191848,2.2471289968801367,-6.785683126508957e-13,0.3028710031191848,0.00041475529591530235,1920.0,5760.0,0.0,0.03125,0.03125,6.592163692582981e-05,0.0
47520.0,13.2,0.40886145820051883,0.0,0.40886145820051883,0.1359108133887661,0.30245783873140253,2.247542161267919,-6.781242234410456e-13,0.30245783873140253,0.0004131643877823391,1920.0,5760.0,0.0,0.03125,0.03125,6.680876035642149e-05,0.0
47580.0,13.216666666666667,0.408283486840893,0.0,0.408283486840893,0.13558176757725465,0.30204625758473436,2.247953742414587,-6.785683126508957e-13,0.30204625758473436,0.0004115811466678842,1920.0,5760.0,0.0,0.03125,0.03125,6.77693882584606e-05,0.0
47640.0,13.233333333333333,0.4077074590606147,0.0,0.4077074590606147,0.1352543094049166,0.30163625204306765,2.2483637479562537,-6.785683126508957e-13,0.30163625204306765,0.00041000554166682626,1920.0,5760.0,0.0,0.03125,0.03125,6.868084722607392e-05,0.0
47700.0,13.25,0.4071333668498086,0.0,0.4071333668498086,0.13492843243248373,0.3012278145011962,2.2487721854981255,-6.781242234410456e-13,0.3012278145011962,0.00040843754187164824,1920.0,5760.0,0.0,0.03125,0.03125,6.965227189790213e-05,0.0
47760.0,13.266666666666667,0.4065612022318881,0.0,0.4065612022318881,0.1346041302204065,0.3008209373848231,2.2491790626144987,-6.781242234410456e-13,0.3008209373848231,0.00040687711637313047,1920.0,5760.0,0.0,0.03125,0.03125,7.05728273967582e-05,0.0
47820.0,13.283333333333333,0.4059909572634369,0.0,0.4059909572634369,0.1342813963290062,0.30041561315056237,2.2495843868487597,-6.776801342311956e-13,0.30041561315056237,0.00040532423426106376,1920.0,5760.0,0.0,0.03125,0.03125,7.156853063455937e-05,0.0
47880.0,13.3,0.40542262403409135,0.0,0.40542262403409135,0.13396022431863316,0.30001183428593736,2.249988165713385,-6.776801342311956e-13,0.30001183428593736,0.00040377886462499176,1920.0,5760.0,0.0,0.03125,0.03125,7.252316398266452e-05,0.0
47940.0,13.316666666666666,0.4048561946664234,0.0,0.4048561946664234,0.1336406077498301,0.29960959330938197,2.25039040668994,-6.781242234410456e-13,0.29960959330938197,0.0004022409765549934,1920.0,5760.0,0.0,0.03125,0.03125,7.350637867370456e-05,0.0
48000.0,13.333333333333334,0.4042916613158207,0.0,0.4042916613158207,0.1333225401835003,0.2992088827702397,2.2507911172290824,-6.776801342311956e-13,0.2992088827702397,0.0004007105391424717,1920.0,5760.0,0.0,0.03125,0.03125,7.447965024622053e-05,0.0
48060.0,13.35,0.40372901617037193,0.0,0.40372901617037193,0.13300601518108038,0.2988096952487589,2.2511903047505633,-6.776801342311956e-13,0.2988096952487589,0.000399187521480974,1920.0,5760.0,0.0,0.03125,0.03125,7.547425585060835e-05,0.0
48120.0,13.366666666666667,0.40316825145074825,0.0,0.40316825145074825,0.13269102630471835,0.2984120233560916,2.25158797664323,-6.781242234410456e-13,0.2984120233560916,0.0003976718926670287,1920.0,5760.0,0.0,0.03125,0.03125,7.648581438109072e-05,0.0
48180.0,13.383333333333333,0.40260935941008746,0.0,0.40260935941008746,0.13237756711745619,0.29801585973429073,2.251984140265031,-6.781242234410456e-13,0.29801585973429073,0.0003961636218010225,1920.0,5760.0,0.0,0.03125,0.03125,7.750092915940034e-05,0.0
48240.0,13.4,0.4020523323338778,0.0,0.4020523323338778,0.13206563118341672,0.29762119705630297,2.252378802943019,-6.776801342311956e-13,0.29762119705630297,0.0003946626779880746,1920.0,5760.0,0.0,0.03125,0.03125,7.851363457348404e-05,0.0
48300.0,13.416666666666666,0.40149716253984075,0.0,0.40149716253984075,0.13175521206799523,0.29722802802596393,2.252771971973358,-6.781242234410456e-13,0.29722802802596393,0.00039316903033895353,1920.0,5760.0,0.0,0.03125,0.03125,7.957867141565595e-05,0.0
48360.0,13.433333333333334,0.4009438423778172,0.0,0.4009438423778172,0.13144630333805576,0.29683634537799286,2.253163654621329,-6.781242234410456e-13,0.29683634537799286,0.00039168264797100505,1920.0,5760.0,0.0,0.03125,0.03125,8.063734439978994e-05,0.0
48420.0,13.45,0.40039236422965085,0.0,0.40039236422965085,0.13113889856213012,0.29644614187798324,2.253553858121338,-6.785683126508957e-13,0.29644614187798324,0.00039020350000909727,1920.0,5760.0,0.0,0.03125,0.03125,8.17326667372187e-05,0.0
48480.0,13.466666666666667,0.39984272050907255,0.0,0.39984272050907255,0.13083299131062326,0.29605741032239724,2.2539425896769245,-6.781242234410456e-13,0.29605741032239724,0.00038873155558660175,1920.0,5760.0,0.0,0.03125,0.03125,8.278550978905273e-05,0.0
48540.0,13.483333333333333,0.3992949036615878,0.0,0.3992949036615878,0.13052857515602082,0.2956701435385507,2.254329856460771,-6.781242234410456e-13,0.2956701435385507,0.0003872667838463726,1920.0,5760.0,0.0,0.03125,0.03125,8.387391337619975e-05,0.0
48600.0,13.5,0.39874890616436015,0.0,0.39874890616436015,0.1302256436731009,0.29528433438460905,2.2547156656147127,-6.781242234410456e-13,0.29528433438460905,0.0003858091539417608,1920.0,5760.0,0.0,0.03125,0.03125,8.501766213780443e-05,0.0
48660.0,13.516666666666667,0.3982047205260969,0.0,0.3982047205260969,0.12992419043915018,0.29489997574957183,2.2551000242497503,-6.776801342311956e-13,0.29489997574957183,0.00038435863503763734,1920.0,5760.0,0.0,0.03125,0.03125,8.609941835075155e-05,0.0
48720.0,13.533333333333333,0.39766233928693717,0.0,0.39766233928693717,0.12962420903418312,0.29451706055326066,2.2554829394460616,-6.776801342311956e-13,0.29451706055326066,0.0003829151963114415,1920.0,5760.0,0.0,0.03125,0.03125,8.721714980959316e-05,0.0
48780.0,13.55,0.39712175501833596,0.0,0.39712175501833596,0.12932569304116454,0.2941355817463057,2.2558644182530156,-6.785683126508957e-13,0.2941355817463057,0.00038147880695423573,1920.0,5760.0,0.0,0.03125,0.03125,8.841894965360599e-05,0.0
48840.0,13.566666666666666,0.3965829603229533,0.0,0.3965829603229533,0.12902863604623624,0.29375553231013446,2.2562444676891875,-6.776801342311956e-13,0.29375553231013446,0.00038004943617178855,1920.0,5760.0,0.0,0.03125,0.03125,8.954622797526478e-05,0.0
48900.0,13.583333333333334,0.3960459478345387,0.0,0.3960459478345387,0.1287330316389451,0.2933769052569486,2.2566230947423733,-6.776801342311956e-13,0.2933769052569486,0.00037862705318566744,1920.0,5760.0,0.0,0.03125,0.03125,9.066047037190657e-05,0.0
48960.0,13.6,0.39551071021782014,0.0,0.39551071021782014,0.1284388734124769,0.2929996936297141,2.2570003063696076,-6.781242234410456e-13,0.2929996936297141,0.00037721162723433827,1920.0,5760.0,0.0,0.03125,0.03125,9.186966660761582e-05,0.0
49020.0,13.616666666666667,0.39497724016839136,0.0,0.39497724016839136,0.1281461549638908,0.29262389050214027,2.257376109497182,-6.776801342311956e-13,0.29262389050214027,0.0003758031275743011,1920.0,5760.0,0.0,0.03125,0.03125,9.306716963113292e-05,0.0
49080.0,13.633333333333333,0.394445530412599,0.0,0.394445530412599,0.12785486989435738,0.29224948897865866,2.257750511020663,-6.785683126508957e-13,0.29224948897865866,0.00037440152348121574,1920.0,5760.0,0.0,0.03125,0.03125,9.431141859817896e-05,0.0
49140.0,13.65,0.3939155737074313,0.0,0.3939155737074313,0.12756501180939991,0.29187648219440787,2.258123517804914,-6.781242234410456e-13,0.29187648219440787,0.0003730067842510573,1920.0,5760.0,0.0,0.03125,0.03125,9.549700688130027e-05,0.0
49200.0,13.666666666666666,0.393387362840407,0.0,0.393387362840407,0.1272765743191371,0.29150486331520625,2.258495136684115,-6.785683126508957e-13,0.29150486331520625,0.00037161887920127395,1920.0,5760.0,0.0,0.03125,0.03125,9.669663011790535e-05,0.0
49260.0,13.683333333333334,0.39286089062946355,0.0,0.39286089062946355,0.12698955103852902,0.2911346255375344,2.258865374461787,-6.785683126508957e-13,0.2911346255375344,0.00037023777767196154,1920.0,5760.0,0.0,0.03125,0.03125,9.793112109299942e-05,0.0
49320.0,13.7,0.39233614992284604,0.0,0.39233614992284604,0.1267039355876252,0.29076576208850746,2.259234237910814,-6.785683126508957e-13,0.29076576208850746,0.0003688634490270502,1920.0,5760.0,0.0,0.03125,0.03125,9.911645909386125e-05,0.0
49380.0,13.716666666666667,0.3918131335989964,0.0,0.3918131335989964,0.12641972159181458,0.2903982662258523,2.2596017337734695,-6.781242234410456e-13,0.2903982662258523,0.0003674958626554987,1920.0,5760.0,0.0,0.03125,0.03125,0.00010044969224937284,0.0
49440.0,13.733333333333333,0.3912918345664435,0.0,0.3912918345664435,0.12613690268207764,0.2900321312378798,2.259967868761442,-6.781242234410456e-13,0.2900321312378798,0.00036613498797249814,1920.0,5760.0,0.0,0.03125,0.03125,0.00010172213056231698,0.0
49500.0,13.75,0.39077224576369274,0.0,0.39077224576369274,0.12585547249523987,0.28966735044345904,2.2603326495558624,-6.785683126508957e-13,0.28966735044345904,0.00036478079442069,1920.0,5760.0,0.0,0.03125,0.03125,0.00010306009526834213,0.0
49560.0,13.766666666666667,0.39025436015911624,0.0,0.39025436015911624,0.12557542467422786,0.2893039171919878,2.2606960828073337,-6.785683126508957e-13,0.2893039171919878,0.0003634332514713842,1920.0,5760.0,0.0,0.03125,0.03125,0.00010433089175070321,0.0
49620.0,13.783333333333333,0.38973817075084327,0.0,0.38973817075084327,0.12529675286832662,0.2889418248633618,2.2610581751359593,-6.785683126508957e-13,0.2889418248633618,0.0003620923286257917,1920.0,5760.0,0.0,0.03125,0.03125,0.00010564277675878025,0.0
49680.0,13.8,0.38922367056665125,0.0,0.38922367056665125,0.12501945073343762,0.2885810668679457,2.2614189331313757,-6.785683126508957e-13,0.2885810668679457,0.00036075799541626744,1920.0,5760.0,0.0,0.03125,0.03125,0.00010691183457587836,0.0
49740.0,13.816666666666666,0.38871085266385663,0.0,0.38871085266385663,0.12474351193233914,0.2882216366465383,2.261778363352783,-6.785683126508957e-13,0.2882216366465383,0.0003594302214075437,1920.0,5760.0,0.0,0.03125,0.03125,0.00010819340788426673,0.0
49800.0,13.833333333333334,0.3881997101292052,0.0,0.3881997101292052,0.12446893013494739,0.28786352767034035,2.262136472328981,-6.781242234410456e-13,0.28786352767034035,0.0003581089761979944,1920.0,5760.0,0.0,0.03125,0.03125,0.00010953039055706443,0.0
49860.0,13.85,0.387690236078766,0.0,0.387690236078766,0.12419569901857826,0.2875067334409195,2.262493266558402,-6.781242234410456e-13,0.2875067334409195,0.0003567942294208785,1920.0,5760.0,0.0,0.03125,0.03125,0.00011090629926076508,0.0
49920.0,13.866666666666667,0.38718242365782046,0.0,0.38718242365782046,0.1239238122682105,0.287151247490174,2.262848752509148,-6.781242234410456e-13,0.287151247490174,0.00035548595074560936,1920.0,5760.0,0.0,0.03125,0.03125,0.00011230453537356795,0.0
49980.0,13.883333333333333,0.38667626604075694,0.0,0.38667626604075694,0.12365326357674997,0.2867970633802953,2.263202936619027,-6.776801342311956e-13,0.2867970633802953,0.0003541841098790132,1920.0,5760.0,0.0,0.03125,0.03125,0.00011366450826559079,0.0
50040.0,13.9,0.38617175643096147,0.0,0.38617175643096147,0.12338404664529277,0.28644417470372857,2.2635558252955934,-6.776801342311956e-13,0.28644417470372857,0.00035288867656659977,1920.0,5760.0,0.0,0.03125,0.03125,0.00011510669908234771,0.0
50100.0,13.916666666666666,0.3856688880607113,0.0,0.3856688880607113,0.1231161551833918,0.28609257508313496,2.2639074249161872,-6.776801342311956e-13,0.28609257508313496,0.00035159962059383074,1920.0,5760.0,0.0,0.03125,0.03125,0.00011651273616414531,0.0
50160.0,13.933333333333334,0.385167654191067,0.0,0.385167654191067,0.12284958290932046,0.2857422581713471,2.264257741827975,-6.781242234410456e-13,0.2857422581713471,0.0003503169117873947,1920.0,5760.0,0.0,0.03125,0.03125,0.0001179590507568015,0.0
50220.0,13.95,0.38466804811176825,0.0,0.38466804811176825,0.12258432355033955,0.28539321765133085,2.2646067823479914,-6.776801342311956e-13,0.28539321765133085,0.00034904052001647737,1920.0,5760.0,0.0,0.03125,0.03125,0.00011937542606792107,0.0
50280.0,13.966666666666667,0.3841700631411227,0.0,0.3841700631411227,0.12232037084296199,0.28504544723613673,2.2649545527631854,-6.776801342311956e-13,0.28504544723613673,0.000347770415194041,1920.0,5760.0,0.0,0.03125,0.03125,0.00012082757543541212,0.0
50340.0,13.983333333333333,0.38367369262590467,0.0,0.38367369262590467,0.12205771853321702,0.2846989406688591,2.2653010593304637,-6.772360450213455e-13,0.2846989406688591,0.0003465065672780942,1920.0,5760.0,0.0,0.03125,0.03125,0.00012230579248943043,0.0
50400.0,14.0,0.38317892994124625,0.0,0.38317892994124625,0.12179636037691852,0.2843536917225861,2.2656463082767364,-6.772360450213455e-13,0.2843536917225861,0.0003452489462729648,1920.0,5760.0,0.0,0.03125,0.03125,0.00012379727314469142,0.0
50460.0,14.016666666666667,0.38268576849053304,0.0,0.38268576849053304,0.12153629013992823,0.2840096942003552,2.265990305798967,-6.776801342311956e-13,0.2840096942003552,0.0003439975222305828,1920.0,5760.0,0.0,0.03125,0.03125,0.00012527997685091453,0.0
50520.0,14.033333333333333,0.38219420170529766,0.0,0.38219420170529766,0.12127750159842121,0.28366694193510356,2.2663330580642187,-6.776801342311956e-13,0.28366694193510356,0.00034275226525174113,1920.0,5760.0,0.0,0.03125,0.03125,0.00012681801613901501,0.0
50580.0,14.05,0.3817042230451158,0.0,0.3817042230451158,0.12101998853914911,0.2833254287896167,2.2666745712097063,-6.767919558114954e-13,0.2833254287896167,0.0003415131454873751,1920.0,5760.0,0.0,0.03125,0.03125,0.0001283458086085995,0.0
50640.0,14.066666666666666,0.3812158259975007,0.0,0.3812158259975007,0.12076374475970458,0.2829851486564766,2.267014851342846,-6.772360450213455e-13,0.2829851486564766,0.0003402801331398161,1920.0,5760.0,0.0,0.03125,0.03125,0.0001298853181913774,0.0
50700.0,14.083333333333334,0.3807290040777983,0.0,0.3807290040777983,0.12050876406878389,0.28264609545801284,2.2673539045413102,-6.767919558114954e-13,0.28264609545801284,0.00033905319846406676,1920.0,5760.0,0.0,0.03125,0.03125,0.0001314413523680508,0.0
50760.0,14.1,0.38024375082908435,0.0,0.38024375082908435,0.12025504028644834,0.28230826314624397,2.267691736853079,-6.767919558114954e-13,0.28230826314624397,0.0003378323117690563,1920.0,5760.0,0.0,0.03125,0.03125,0.00013303127109468853,0.0
50820.0,14.116666666666667,0.37976005982205885,0.0,0.37976005982205885,0.1200025672443858,0.28197164570282524,2.268028354296498,-6.763478666016454e-13,0.28197164570282524,0.0003366174434188906,1920.0,5760.0,0.0,0.03125,0.03125,0.0001345661224043,0.0
50880.0,14.133333333333333,0.37927792465494337,0.0,0.37927792465494337,0.11975133878616999,0.28163623713899094,2.268363762860332,-6.767919558114954e-13,0.28163623713899094,0.000335408563834113,1920.0,5760.0,0.0,0.03125,0.03125,0.00013620250171992665,0.0
50940.0,14.15,0.37879733895337625,0.0,0.37879733895337625,0.11950134876751915,0.2813020314954978,2.268697968503825,-6.767919558114954e-13,0.2813020314954978,0.00033420564349293343,1920.0,5760.0,0.0,0.03125,0.03125,0.00013778451781797817,0.0
51000.0,14.166666666666666,0.37831829637031167,0.0,0.37831829637031167,0.11925259105655354,0.2809690228425654,2.2690309771567576,-6.767919558114954e-13,0.2809690228425654,0.000333008652932477,1920.0,5760.0,0.0,0.03125,0.03125,0.00013944820256881296,0.0
51060.0,14.183333333333334,0.3778407905859145,0.0,0.3778407905859145,0.11900505953405101,0.28063720527981595,2.2693627947195076,-6.763478666016454e-13,0.28063720527981595,0.0003318175627500137,1920.0,5760.0,0.0,0.03125,0.03125,0.00014108703205484998,0.0
51120.0,14.2,0.3773648153074583,0.0,0.3773648153074583,0.11875874809370125,0.28030657293621175,2.2696934270631117,-6.763478666016454e-13,0.28030657293621175,0.00033063234360418013,1920.0,5760.0,0.0,0.03125,0.03125,0.00014272379676655444,0.0
51180.0,14.216666666666667,0.37689036426922407,0.0,0.37689036426922407,0.11851365064235816,0.2799771199699949,2.270022880029328,-6.767919558114954e-13,0.2799771199699949,0.00032945296621619607,1920.0,5760.0,0.0,0.03125,0.03125,0.0001444110322196413,0.0
51240.0,14.233333333333333,0.37641743123239585,0.0,0.37641743123239585,0.11826976110029118,0.27964884056862394,2.270351159430699,-6.767919558114954e-13,0.27964884056862394,0.0003282794013710756,1920.0,5760.0,0.0,0.03125,0.03125,0.0001460740569448829,0.0
51300.0,14.25,0.37594600998496186,0.0,0.37594600998496186,0.11802707340143427,0.2793217289487057,2.2706782710506177,-6.763478666016454e-13,0.2793217289487057,0.0003271116199188236,1920.0,5760.0,0.0,0.03125,0.03125,0.0001477523837067203,0.0
51360.0,14.266666666666667,0.37547609434161006,0.0,0.37547609434161006,0.11778558149363233,0.2789957793559303,2.2710042206433934,-6.763478666016454e-13,0.2789957793559303,0.00032594959277562944,1920.0,5760.0,0.0,0.03125,0.03125,0.00014946424897956773,0.0
51420.0,14.283333333333333,0.3750076781436281,0.0,0.3750076781436281,0.1175452793388868,0.2786709860650048,2.2713290139343183,-6.767919558114954e-13,0.2786709860650048,0.0003247932909250431,1920.0,5760.0,0.0,0.03125,0.03125,0.0001512178966168278,0.0
51480.0,14.3,0.37454075525880237,0.0,0.37454075525880237,0.11730616091359847,0.27834734337958594,2.2716526566197373,-6.767919558114954e-13,0.27834734337958594,0.0003236426854191529,1920.0,5760.0,0.0,0.03125,0.03125,0.00015293794991222886,0.0
51540.0,14.316666666666666,0.3740753195813168,0.0,0.3740753195813168,0.1170682202088079,0.2780248456322063,2.271975154367117,-6.763478666016454e-13,0.2780248456322063,0.00032249774737973827,1920.0,5760.0,0.0,0.03125,0.03125,0.0001547118423658645,0.0
51600.0,14.333333333333334,0.3736113650316526,0.0,0.3736113650316526,0.11683145123043448,0.2777034871842072,2.2722965128151165,-6.763478666016454e-13,0.2777034871842072,0.00032135844799942987,1920.0,5760.0,0.0,0.03125,0.03125,0.0001564660434401476,0.0
51660.0,14.35,0.37314888555648806,0.0,0.37314888555648806,0.11659584799951163,0.2773832624256639,2.2726167375736592,-6.767919558114954e-13,0.2773832624256639,0.000320224758542836,1920.0,5760.0,0.0,0.03125,0.03125,0.00015824876085058465,0.0
51720.0,14.366666666666667,0.3726878751285982,0.0,0.3726878751285982,0.11636140455242043,0.2770641657753166,2.2729358342240067,-6.763478666016454e-13,0.2770641657753166,0.0003190966503476801,1920.0,5760.0,0.0,0.03125,0.03125,0.00016006242374944681,0.0
51780.0,14.383333333333333,0.372228327746755,0.0,0.372228327746755,0.11612811494112099,0.27674619168049114,2.2732538083188327,-6.759037773917953e-13,0.27674619168049114,0.0003179740948259074,1920.0,5760.0,0.0,0.03125,0.03125,0.00016187738555942195,0.0
51840.0,14.4,0.3717702374356285,0.0,0.3717702374356285,0.11589597323338091,0.27642933461702596,2.2735706653822976,-6.763478666016454e-13,0.27642933461702596,0.0003168570634647941,1920.0,5760.0,0.0,0.03125,0.03125,0.0001637112940127629,0.0
51900.0,14.416666666666666,0.37131359824568655,0.0,0.37131359824568655,0.11566497351300058,0.27611358908919786,2.2738864109101256,-6.763478666016454e-13,0.27611358908919786,0.0003157455278280339,1920.0,5760.0,0.0,0.03125,0.03125,0.00016553958502774663,0.0
51960.0,14.433333333333334,0.370858404253097,0.0,0.370858404253097,0.11543510988003568,0.27579894962964135,2.2742010503696823,-6.759037773917953e-13,0.27579894962964135,0.0003146394595568129,1920.0,5760.0,0.0,0.03125,0.03125,0.000167359157158249,0.0
52020.0,14.45,0.37040464955962804,0.0,0.37040464955962804,0.11520637645101824,0.27548541079927036,2.274514589200053,-6.763478666016454e-13,0.27548541079927036,0.0003135388303708736,1920.0,5760.0,0.0,0.03125,0.03125,0.00016929385505790962,0.0
52080.0,14.466666666666667,0.3699523282925504,0.0,0.3699523282925504,0.11497876735917321,0.2751729671872008,2.2748270328121225,-6.763478666016454e-13,0.2751729671872008,0.00031244361206956834,1920.0,5760.0,0.0,0.03125,0.03125,0.00017116115167037263,0.0
52140.0,14.483333333333333,0.36950143460453905,0.0,0.36950143460453905,0.11475227675463255,0.27486161341066806,2.2751383865886554,-6.763478666016454e-13,0.27486161341066806,0.00031135377653288937,1920.0,5760.0,0.0,0.03125,0.03125,0.0001730628988783035,0.0
52200.0,14.5,0.3690519626735744,0.0,0.3690519626735744,0.11452689880464643,0.2745513441149455,2.275448655884378,-6.763478666016454e-13,0.2745513441149455,0.0003102692957224939,1920.0,5760.0,0.0,0.03125,0.03125,0.00017497537367743994,0.0
52260.0,14.516666666666667,0.36860390670284626,0.0,0.36860390670284626,0.11430262769379185,0.27424215397326307,2.2757578460260603,-6.763478666016454e-13,0.27424215397326307,0.00030919014168270207,1920.0,5760.0,0.0,0.03125,0.03125,0.0001768948605397731,0.0
52320.0,14.533333333333333,0.36815726092065504,0.0,0.36815726092065504,0.11407945762417679,0.27393403768672164,2.276065962312602,-6.759037773917953e-13,0.27393403768672164,0.00030811628654150096,1920.0,5760.0,0.0,0.03125,0.03125,0.00017884446278938055,0.0
52380.0,14.55,0.36771201958031535,0.0,0.36771201958031535,0.11385738281564253,0.27362698998421003,2.2763730100151136,-6.763478666016454e-13,0.27362698998421003,0.00030704770251150905,1920.0,5760.0,0.0,0.03125,0.03125,0.0001808062851325156,0.0
52440.0,14.566666666666666,0.3672681769600584,0.0,0.3672681769600584,0.11363639750596208,0.2733210056223196,2.2766789943770047,-6.754596881819452e-13,0.2733210056223196,0.0003059843618909461,1920.0,5760.0,0.0,0.03125,0.03125,0.0001828116761980361,0.0
52500.0,14.583333333333334,0.3668257273629363,0.0,0.3668257273629363,0.11341649595103491,0.2730160793852547,2.2769839206140694,-6.759037773917953e-13,0.2730160793852547,0.0003049262370645711,1920.0,5760.0,0.0,0.03125,0.03125,0.0001847778990243069,0.0
52560.0,14.6,0.36638466511672496,0.0,0.36638466511672496,0.11319767242507932,0.27271220608475044,2.277287793914574,-6.754596881819452e-13,0.27271220608475044,0.00030387330050461405,1920.0,5760.0,0.0,0.03125,0.03125,0.00018681002153790347,0.0
52620.0,14.616666666666667,0.3659449845738276,0.0,0.3659449845738276,0.11297992122082104,0.2724093805599791,2.2775906194393456,-6.750155989720952e-13,0.2724093805599791,0.00030282552477168683,1920.0,5760.0,0.0,0.03125,0.03125,0.00018882262628680297,0.0
52680.0,14.633333333333333,0.3655066801111803,0.0,0.3655066801111803,0.11276323664967768,0.27210759767746323,2.277892402321861,-6.754596881819452e-13,0.27210759767746323,0.0003017828825156849,1920.0,5760.0,0.0,0.03125,0.03125,0.00019086733716810095,0.0
52740.0,14.65,0.3650697461301556,0.0,0.3650697461301556,0.11254761304194104,0.2718068523309868,2.278193147668338,-6.750155989720952e-13,0.2718068523309868,0.0003007453464766623,1920.0,5760.0,0.0,0.03125,0.03125,0.00019285327911626544,0.0
52800.0,14.666666666666666,0.36463417705646617,0.0,0.36463417705646617,0.11233304474695475,0.27150713944150096,2.2784928605578236,-6.750155989720952e-13,0.27150713944150096,0.0002997128894856975,1920.0,5760.0,0.0,0.03125,0.03125,0.00019499021157960489,0.0
52860.0,14.683333333333334,0.364199967340071,0.0,0.364199967340071,0.11211952613328906,0.2712084539570351,2.278791546042289,-6.754596881819452e-13,0.2712084539570351,0.0002986854844657382,1920.0,5760.0,0.0,0.03125,0.03125,0.0001970086349164952,0.0
52920.0,14.7,0.36376711145508056,0.0,0.36376711145508056,0.11190705158891205,0.2709107908526028,2.2790892091467216,-6.754596881819452e-13,0.2709107908526028,0.0002976631044324338,1920.0,5760.0,0.0,0.03125,0.03125,0.00019915774879416414,0.0
52980.0,14.716666666666667,0.3633356038996614,0.0,0.3633356038996614,0.11169561552135687,0.2706141451301076,2.2793858548692167,-6.754596881819452e-13,0.2706141451301076,0.000296645722494945,1920.0,5760.0,0.0,0.03125,0.03125,0.00020124228175005126,0.0
53040.0,14.733333333333333,0.362905439195942,0.0,0.362905439195942,0.11148521235788539,0.2703185118182513,2.2796814881810734,-6.750155989720952e-13,0.2703185118182513,0.00029563331185673933,1920.0,5760.0,0.0,0.03125,0.03125,0.00020337943388925008,0.0
53100.0,14.75,0.36247661188991925,0.0,0.36247661188991925,0.11127583654564915,0.27002388597243515,2.2799761140268897,-6.750155989720952e-13,0.27002388597243515,0.00029462584581637074,1920.0,5760.0,0.0,0.03125,0.03125,0.00020553947652904552,0.0
53160.0,14.766666666666667,0.3620491165513636,0.0,0.3620491165513636,0.11106748255184502,0.2697302626746663,2.280269737324658,-6.754596881819452e-13,0.2697302626746663,0.0002936232977682389,1920.0,5760.0,0.0,0.03125,0.03125,0.00020768933511436193,0.0
53220.0,14.783333333333333,0.36162294777372744,0.0,0.36162294777372744,0.11086014486386878,0.26943763703346335,2.280562362965861,-6.754596881819452e-13,0.26943763703346335,0.00029262564120333074,1920.0,5760.0,0.0,0.03125,0.03125,0.00020981258238550655,0.0
53280.0,14.8,0.3611981001740489,0.0,0.3611981001740489,0.11065381798946396,0.2691460041837536,2.280853995815571,-6.754596881819452e-13,0.2691460041837536,0.00029163284970994645,1920.0,5760.0,0.0,0.03125,0.03125,0.00021204892627084342,0.0
53340.0,14.816666666666666,0.36077456839286104,0.0,0.36077456839286104,0.11044849645686779,0.26885535928677934,2.2811446407125455,-6.750155989720952e-13,0.26885535928677934,0.00029064489697440936,1920.0,5760.0,0.0,0.03125,0.03125,0.00021420910262612196,0.0
53400.0,14.833333333333334,0.3603523470940978,0.0,0.3603523470940978,0.11024417481495252,0.2685656975299977,2.2814343024693273,-6.750155989720952e-13,0.2685656975299977,0.0002896617567817508,1920.0,5760.0,0.0,0.03125,0.03125,0.00021645718774730225,0.0
53460.0,14.85,0.3599314309650028,0.0,0.3599314309650028,0.11004084763336362,0.26827701412698135,2.2817229858723436,-6.750155989720952e-13,0.26827701412698135,0.0002886834030163865,1920.0,5760.0,0.0,0.03125,0.03125,0.00021871031730289124,0.0
53520.0,14.866666666666667,0.3595118147160347,0.0,0.3595118147160347,0.10983850950265446,0.2679893043173186,2.2820106956820063,-6.750155989720952e-13,0.2679893043173186,0.00028770980966276406,1920.0,5760.0,0.0,0.03125,0.03125,0.00022095043862915457,0.0
53580.0,14.883333333333333,0.3590934930807782,0.0,0.3590934930807782,0.10963715503441646,0.2677025633665123,2.2822974366328124,-6.750155989720952e-13,0.2677025633665123,0.0002867409508060079,1920.0,5760.0,0.0,0.03125,0.03125,0.0002231848863122357,0.0
53640.0,14.9,0.35867646081584903,0.0,0.35867646081584903,0.10943677886140621,0.26741678656587975,2.282583213433445,-6.750155989720952e-13,0.26741678656587975,0.00028577680063252914,1920.0,5760.0,0.0,0.03125,0.03125,0.00022548152109806436,0.0
53700.0,14.916666666666666,0.3582607127008044,0.0,0.3582607127008044,0.10923737563766871,0.2671319692324492,2.2828680307668754,-6.750155989720952e-13,0.2671319692324492,0.0002848173334306294,1920.0,5760.0,0.0,0.03125,0.03125,0.00022775846261974988,0.0
53760.0,14.933333333333334,0.3578462435380516,0.0,0.3578462435380516,0.10903894003865673,0.26684810670885795,2.2831518932904666,-6.750155989720952e-13,0.26684810670885795,0.0002838625235910844,1920.0,5760.0,0.0,0.03125,0.03125,0.0002300782643972469,0.0
53820.0,14.95,0.35743304815275534,0.0,0.35743304815275534,0.10884146676134605,0.2665651943632504,2.2834348056360745,-6.750155989720952e-13,0.2665651943632504,0.0002829123456077017,1920.0,5760.0,0.0,0.03125,0.03125,0.0002324023268553103,0.0
53880.0,14.966666666666667,0.35702112139274933,0.0,0.35702112139274933,0.10864495052434829,0.26628322758917283,2.2837167724101524,-6.745715097622451e-13,0.26628322758917283,0.0002819667740778761,1920.0,5760.0,0.0,0.03125,0.03125,0.000234734595718504,0.0
53940.0,14.983333333333333,0.35661045812844355,0.0,0.35661045812844355,0.10844938606801807,0.2660022018054698,2.2839977981938553,-6.745715097622451e-13,0.2660022018054698,0.0002810257837031107,1920.0,5760.0,0.0,0.03125,0.03125,0.00023711249450615056,0.0
54000.0,15.0,0.35620105325273527,0.0,0.35620105325273527,0.10825476815455846,0.26572211245618,2.2842778875431446,-6.750155989720952e-13,0.26572211245618,0.00028008934928952837,1920.0,5760.0,0.0,0.03125,0.03125,0.00023945112042547846,0.0
54060.0,15.016666666666667,0.35579290168091776,0.0,0.35579290168091776,0.10806109156812099,0.26544295501043214,2.284557044988893,-6.745715097622451e-13,0.26544295501043214,0.0002791574457483715,1920.0,5760.0,0.0,0.03125,0.03125,0.0002418395932829035,0.0
54120.0,15.033333333333333,0.35538599835059226,0.0,0.35538599835059226,0.10786835111490335,0.2651647249623356,2.2848352750369894,-6.750155989720952e-13,0.2651647249623356,0.0002782300480964649,1920.0,5760.0,0.0,0.03125,0.03125,0.0002442443269366261,0.0
54180.0,15.05,0.3549803382215763,0.0,0.3549803382215763,0.10767654162324242,0.264887417830879,2.285112582168446,-6.745715097622451e-13,0.264887417830879,0.00027730713145668345,1920.0,5760.0,0.0,0.03125,0.03125,0.0002466522610632964,0.0
54240.0,15.066666666666666,0.35457591627581597,0.0,0.35457591627581597,0.10748565794370418,0.26461102915982027,2.2853889708395045,-6.750155989720952e-13,0.26461102915982027,0.000276388671058386,1920.0,5760.0,0.0,0.03125,0.03125,0.0002490492990941181,0.0
54300.0,15.083333333333334,0.3541727275172958,0.0,0.3541727275172958,0.10729569494916988,0.26433555451758317,2.2856644454817423,-6.741274205523951e-13,0.26433555451758317,0.0002754746422378428,1920.0,5760.0,0.0,0.03125,0.03125,0.00025149735483499705,0.0
54360.0,15.1,0.3537707669719507,0.0,0.3537707669719507,0.10710664753491819,0.2640609894971442,2.285939010502181,-6.750155989720952e-13,0.2640609894971442,0.0002745650204386291,1920.0,5760.0,0.0,0.03125,0.03125,0.00025396829872045606,0.0
54420.0,15.116666666666667,0.3533700296875772,0.0,0.3533700296875772,0.10691851061870447,0.2637873297159322,2.2862126702833927,-6.750155989720952e-13,0.2637873297159322,0.0002736597812120278,1920.0,5760.0,0.0,0.03125,0.03125,0.00025648458833303964,0.0
54480.0,15.133333333333333,0.3529705107337445,0.0,0.3529705107337445,0.1067312791408358,0.26351457081571444,2.2864854291836103,-6.750155989720952e-13,0.26351457081571444,0.0002727589002173854,1920.0,5760.0,0.0,0.03125,0.03125,0.0002589395054639344,0.0
54540.0,15.15,0.35257220520170685,0.0,0.35257220520170685,0.10654494806424236,0.2632427084624925,2.2867572915368326,-6.745715097622451e-13,0.2632427084624925,0.00027186235322247123,1920.0,5760.0,0.0,0.03125,0.03125,0.00026144559379436157,0.0
54600.0,15.166666666666666,0.35217510820431563,0.0,0.35217510820431563,0.10635951237454637,0.2629717383463883,2.2870282616529365,-6.750155989720952e-13,0.2629717383463883,0.0002709701161038149,1920.0,5760.0,0.0,0.03125,0.03125,0.00026397301978852247,0.0
54660.0,15.183333333333334,0.351779214875932,0.0,0.351779214875932,0.10617496708012604,0.2627016561815416,2.2872983438177834,-6.750155989720952e-13,0.2627016561815416,0.00027008216484701803,1920.0,5760.0,0.0,0.03125,0.03125,0.0002665132485013795,0.0
54720.0,15.2,0.35138452037233925,0.0,0.35138452037233925,0.10599130721217676,0.2624324577059942,2.2875675422933304,-6.750155989720952e-13,0.2624324577059942,0.0002691984755470643,1920.0,5760.0,0.0,0.03125,0.03125,0.00026903047123974185,0.0
54780.0,15.216666666666667,0.3509910198706552,0.0,0.3509910198706552,0.1058085278247691,0.262164138681586,2.2878358613177388,-6.750155989720952e-13,0.262164138681586,0.0002683190244085976,1920.0,5760.0,0.0,0.03125,0.03125,0.00027159475056000776,0.0
54840.0,15.233333333333333,0.3505987085692469,0.0,0.3505987085692469,0.10562662399490273,0.2618966948938397,2.288103305105485,-6.750155989720952e-13,0.2618966948938397,0.00026744378774619463,1920.0,5760.0,0.0,0.03125,0.03125,0.00027420288804073294,0.0
54900.0,15.25,0.35020758168764193,0.0,0.35020758168764193,0.10544559082255749,0.2616301221518552,2.2883698778474697,-6.750155989720952e-13,0.2616301221518552,0.0002665727419846138,1920.0,5760.0,0.0,0.03125,0.03125,0.0002767926585264583,0.0
54960.0,15.266666666666667,0.3498176344664435,0.0,0.3498176344664435,0.10526542343074019,0.2613644162881961,2.2886355837111285,-6.750155989720952e-13,0.2613644162881961,0.00026570586365903473,1920.0,5760.0,0.0,0.03125,0.03125,0.0002793732449109294,0.0
55020.0,15.283333333333333,0.3494288621672443,0.0,0.3494288621672443,0.10508611696552958,0.2610995731587808,2.2889004268405437,-6.754596881819452e-13,0.2610995731587808,0.00026484312941527446,1920.0,5760.0,0.0,0.03125,0.03125,0.0002819925379301039,0.0
55080.0,15.3,0.3490412600725394,0.0,0.3490412600725394,0.10490766659611625,0.26083558864277095,2.2891644113565537,-6.750155989720952e-13,0.26083558864277095,0.00026398451600999286,1920.0,5760.0,0.0,0.03125,0.03125,0.00028465982799610624,0.0
55140.0,15.316666666666666,0.34865482348564214,0.0,0.34865482348564214,0.10473006751484086,0.26057245864245987,2.2894275413568645,-6.754596881819452e-13,0.26057245864245987,0.00026313000031087864,1920.0,5760.0,0.0,0.03125,0.03125,0.0002872939026265562,0.0
55200.0,15.333333333333334,0.34826954773059776,0.0,0.34826954773059776,0.10455331493722797,0.2603101790831633,2.2896898209161614,-6.750155989720952e-13,0.2603101790831633,0.00026227955929682557,1920.0,5760.0,0.0,0.03125,0.03125,0.00028993762254009655,0.0
55260.0,15.35,0.3478854281520983,0.0,0.3478854281520983,0.10437740410201692,0.26004874591310534,2.2899512540862195,-6.750155989720952e-13,0.26004874591310534,0.00026143317005808295,1920.0,5760.0,0.0,0.03125,0.03125,0.0002926381216770039,0.0
55320.0,15.366666666666667,0.34750246011539776,0.0,0.34750246011539776,0.10420233027118993,0.25978815510330877,2.290211844896016,-6.750155989720952e-13,0.25978815510330877,0.0002605908097964021,1920.0,5760.0,0.0,0.03125,0.03125,0.00029535757346573995,0.0
55380.0,15.383333333333333,0.3471206390062285,0.0,0.3471206390062285,0.10402808872999672,0.2595284026474838,2.290471597351841,-6.750155989720952e-13,0.2595284026474838,0.0002597524558251582,1920.0,5760.0,0.0,0.03125,0.03125,0.00029804027311639865,0.0
55440.0,15.4,0.34673996023071507,0.0,0.34673996023071507,0.10385467478697605,0.2592694845619141,2.2907305154374105,-6.750155989720952e-13,0.2592694845619141,0.0002589180855694666,1920.0,5760.0,0.0,0.03125,0.03125,0.0003008142014061031,0.0
55500.0,15.416666666666666,0.34636041921529137,0.0,0.34636041921529137,0.10368208377397423,0.25901139688534786,2.2909886031139766,-6.754596881819452e-13,0.25901139688534786,0.0002580876765662726,1920.0,5760.0,0.0,0.03125,0.03125,0.0003035113865842073,0.0
55560.0,15.433333333333334,0.3459820114066164,0.0,0.3459820114066164,0.10351031104616071,0.25875413567888383,2.291245864320441,-6.750155989720952e-13,0.25875413567888383,0.0002572612064644384,1920.0,5760.0,0.0,0.03125,0.03125,0.00030628128726844963,0.0
55620.0,15.45,0.3456047322714888,0.0,0.3456047322714888,0.10333935198204064,0.2584976970258589,2.291502302973466,-6.750155989720952e-13,0.2584976970258589,0.00025643865302480594,1920.0,5760.0,0.0,0.03125,0.03125,0.000309039380402783,0.0
55680.0,15.466666666666667,0.34522857729676726,0.0,0.34522857729676726,0.10316920198346413,0.25824207703173874,2.291757922967586,-6.750155989720952e-13,0.25824207703173874,0.00025561999412025547,1920.0,5760.0,0.0,0.03125,0.03125,0.0003118256391497257,0.0
55740.0,15.483333333333333,0.3448535419892841,0.0,0.3448535419892841,0.1029998564756332,0.2579872718240027,2.2920127281753215,-6.754596881819452e-13,0.2579872718240027,0.0002548052077357388,1920.0,5760.0,0.0,0.03125,0.03125,0.00031462933111600395,0.0
55800.0,15.5,0.3444796218757635,0.0,0.3444796218757635,0.10283131090710526,0.25773327755203457,2.2922667224472897,-6.754596881819452e-13,0.25773327755203457,0.0002539942719683064,1920.0,5760.0,0.0,0.03125,0.03125,0.0003174260517381569,0.0
55860.0,15.516666666666667,0.3441068125027379,0.0,0.3441068125027379,0.10266356074979459,0.2574800903870074,2.292519909612317,-6.754596881819452e-13,0.2574800903870074,0.00025318716502712097,1920.0,5760.0,0.0,0.03125,0.03125,0.0003202959386257202,0.0
55920.0,15.533333333333333,0.34373510943646746,0.0,0.34373510943646746,0.10249660149896991,0.25722770652177407,2.2927722934775505,-6.750155989720952e-13,0.25722770652177407,0.00025238386523345033,1920.0,5760.0,0.0,0.03125,0.03125,0.00032311204255889626,0.0
55980.0,15.55,0.34336450826285614,0.0,0.34336450826285614,0.10233042867325001,0.2569761221707535,2.293023877828571,-6.754596881819452e-13,0.2569761221707535,0.0002515843510206574,1920.0,5760.0,0.0,0.03125,0.03125,0.00032597659703055353,0.0
56040.0,15.566666666666666,0.34299500458737,0.0,0.34299500458737,0.10216503781459686,0.25672533356981936,2.293274666429505,-6.754596881819452e-13,0.25672533356981936,0.00025078860093416907,1920.0,5760.0,0.0,0.03125,0.03125,0.00032883677875076553,0.0
56100.0,15.583333333333334,0.3426265940349557,0.0,0.3426265940349557,0.10200042448830507,0.2564753369761879,2.2935246630231365,-6.754596881819452e-13,0.2564753369761879,0.00024999659363143285,1920.0,5760.0,0.0,0.03125,0.03125,0.00033168096105488844,0.0
56160.0,15.6,0.34225927224995956,0.0,0.34225927224995956,0.10183658428298974,0.2562261286683062,2.2937738713310183,-6.754596881819452e-13,0.2562261286683062,0.0002492083078818682,1920.0,5760.0,0.0,0.03125,0.03125,0.0003346412743215799,0.0
56220.0,15.616666666666667,0.34189303489604533,0.0,0.34189303489604533,0.10167351281057102,0.2559777049457393,2.294022295053585,-6.754596881819452e-13,0.2559777049457393,0.0002484237225667956,1920.0,5760.0,0.0,0.03125,0.03125,0.0003375016818066713,0.0
56280.0,15.633333333333333,0.34152787765611387,0.0,0.34152787765611387,0.10151120570625671,0.2557300621290599,2.2942699378702645,-6.754596881819452e-13,0.2557300621290599,0.0002476428166793571,1920.0,5760.0,0.0,0.03125,0.03125,0.0003404608585076592,0.0
56340.0,15.65,0.3411637962322217,0.0,0.3411637962322217,0.10134965862852229,0.25548319655973556,2.294516803439589,-6.754596881819452e-13,0.25548319655973556,0.0002468655693244319,1920.0,5760.0,0.0,0.03125,0.03125,0.00034339829373037614,0.0
56400.0,15.666666666666666,0.3408007863455018,0.0,0.3408007863455018,0.10118886725908775,0.25523710460001736,2.2947628953993076,-6.750155989720952e-13,0.25523710460001736,0.00024609195971852805,1920.0,5760.0,0.0,0.03125,0.03125,0.00034630905755631214,0.0
56460.0,15.683333333333334,0.34043884373608213,0.0,0.34043884373608213,0.10102882730289321,0.25499178263282724,2.2950082173664974,-6.750155989720952e-13,0.25499178263282724,0.0002453219671896673,1920.0,5760.0,0.0,0.03125,0.03125,0.00034929432726072925,0.0
56520.0,15.7,0.34007796416300534,0.0,0.34007796416300534,0.10086953448807116,0.25474722706165015,2.295252772937675,-6.750155989720952e-13,0.25474722706165015,0.00024455557117726654,1920.0,5760.0,0.0,0.03125,0.03125,0.00035229460850217834,0.0
56580.0,15.716666666666667,0.3397181434041503,0.0,0.3397181434041503,0.10071098456591711,0.2545034343104181,2.295496565688907,-6.750155989720952e-13,0.2545034343104181,0.00024379275123199206,1920.0,5760.0,0.0,0.03125,0.03125,0.0003552906270774176,0.0
56640.0,15.733333333333333,0.3393593772561518,0.0,0.3393593772561518,0.10055317331085734,0.25426040082340257,2.2957395991759224,-6.750155989720952e-13,0.25426040082340257,0.00024303348701561949,1920.0,5760.0,0.0,0.03125,0.03125,0.00035828871996618314,0.0
56700.0,15.75,0.3390016615343212,0.0,0.3390016615343212,0.10039609652041506,0.25401812306510174,2.2959818769342233,-6.750155989720952e-13,0.25401812306510174,0.0002422777583008709,1920.0,5760.0,0.0,0.03125,0.03125,0.0003612782153068603,0.0
56760.0,15.766666666666667,0.3386449920725678,0.0,0.3386449920725678,0.10023975001517384,0.2537765975201306,2.2962234024791943,-6.750155989720952e-13,0.2537765975201306,0.00024152554497124638,1920.0,5760.0,0.0,0.03125,0.03125,0.0003643341785090572,0.0
56820.0,15.783333333333333,0.3382893647233191,0.0,0.3382893647233191,0.10008412963873935,0.25353582069310976,2.296464179306215,-6.750155989720952e-13,0.25353582069310976,0.00024077682702084308,1920.0,5760.0,0.0,0.03125,0.03125,0.00036734064399714453,0.0
56880.0,15.8,0.3379347753574432,0.0,0.3379347753574432,0.09992923125769863,0.25329578910855544,2.2967042108907694,-6.750155989720952e-13,0.25329578910855544,0.00024003158455417094,1920.0,5760.0,0.0,0.03125,0.03125,0.0003704528603976599,0.0
56940.0,15.816666666666666,0.3375812198641702,0.0,0.3375812198641702,0.09977505076157771,0.2530564993107695,2.2969435006885552,-6.750155989720952e-13,0.2530564993107695,0.00023928979778594625,1920.0,5760.0,0.0,0.03125,0.03125,0.0003735167143867259,0.0
57000.0,15.833333333333334,0.3372286941510141,0.0,0.3372286941510141,0.09962158406279653,0.25281794786372863,2.297182052135596,-6.750155989720952e-13,0.25281794786372863,0.00023855144704088623,1920.0,5760.0,0.0,0.03125,0.03125,0.0003765577063601481,0.0
57060.0,15.85,0.3368771941436945,0.0,0.3368771941436945,0.09946882709662273,0.2525801313509754,2.29741986864835,-6.745715097622451e-13,0.2525801313509754,0.00023781651275348883,1920.0,5760.0,0.0,0.03125,0.03125,0.00037968359592850437,0.0
57120.0,15.866666666666667,0.3365267157860596,0.0,0.3365267157860596,0.09931677582112314,0.2523430463755072,2.2976569536238176,-6.750155989720952e-13,0.2523430463755072,0.00023708497546780558,1920.0,5760.0,0.0,0.03125,0.03125,0.0003828018416021573,0.0
57180.0,15.883333333333333,0.33617725504000884,0.0,0.33617725504000884,0.0991654262171131,0.2521066895596704,2.2978933104396546,-6.750155989720952e-13,0.2521066895596704,0.00023635681583720217,1920.0,5760.0,0.0,0.03125,0.03125,0.0003859027459644016,0.0
57240.0,15.9,0.335828807885415,0.0,0.335828807885415,0.0990147742881045,0.2518710575450459,2.298128942454279,-6.750155989720952e-13,0.2518710575450459,0.0002356320146241138,1920.0,5760.0,0.0,0.03125,0.03125,0.00038907771986537173,0.0
57300.0,15.916666666666666,0.3354813703200486,0.0,0.3354813703200486,0.0988648160602517,0.25163614699234643,2.2983638530069785,-6.750155989720952e-13,0.25163614699234643,0.00023491055269978943,1920.0,5760.0,0.0,0.03125,0.03125,0.00039224919242614143,0.0
57360.0,15.933333333333334,0.3351349383594999,0.0,0.3351349383594999,0.09871554758229562,0.2514019545813026,2.2985980454180224,-6.750155989720952e-13,0.2514019545813026,0.00023419241104402774,1920.0,5760.0,0.0,0.03125,0.03125,0.00039537220568832055,0.0
57420.0,15.95,0.3347895080371031,0.0,0.3347895080371031,0.09856696492550648,0.2511684770105577,2.2988315229887673,-6.750155989720952e-13,0.2511684770105577,0.00023347757074490845,1920.0,5760.0,0.0,0.03125,0.03125,0.00039854601390616713,0.0
57480.0,15.966666666666667,0.33444507540386104,0.0,0.33444507540386104,0.09841906418362424,0.25093571099755885,2.2990642890017656,-6.754596881819452e-13,0.25093571099755885,0.0002327660129985082,1920.0,5760.0,0.0,0.03125,0.03125,0.00040177475755710177,0.0
57540.0,15.983333333333333,0.3341016365283681,0.0,0.3341016365283681,0.09827184147279819,0.2507036532784508,2.2992963467208742,-6.750155989720952e-13,0.2507036532784508,0.00023205771910861343,1920.0,5760.0,0.0,0.03125,0.03125,0.0004049409425436525,0.0
57600.0,16.0,0.33375918749673394,0.0,0.33375918749673394,0.09812529293152468,0.25047230060796416,2.2995276993913607,-6.750155989720952e-13,0.25047230060796416,0.00023135267048642608,1920.0,5760.0,0.0,0.03125,0.03125,0.00040814892367024304,0.0
57660.0,16.016666666666666,0.3334177244125107,0.0,0.3334177244125107,0.0979794147205827,0.250241649759314,2.299758350240011,-6.750155989720952e-13,0.250241649759314,0.0002306508486502612,1920.0,5760.0,0.0,0.03125,0.03125,0.00041140043024937635,0.0
57720.0,16.033333333333335,0.3330772433966148,0.0,0.3330772433966148,0.09783420302296879,0.25001169752408864,2.2999883024752363,-6.750155989720952e-13,0.25001169752408864,0.000229952235225235,1920.0,5760.0,0.0,0.03125,0.03125,0.0004146479022546149,0.0
57780.0,16.05,0.332737740587254,0.0,0.332737740587254,0.09768965404382984,0.24978244071214561,2.300217559287179,-6.750155989720952e-13,0.24978244071214561,0.00022925681194294525,1920.0,5760.0,0.0,0.03125,0.03125,0.00041786884120180185,0.0
57840.0,16.066666666666666,0.3323992121398517,0.0,0.3323992121398517,0.09754576401039544,0.24955387615150446,2.3004461238478204,-6.750155989720952e-13,0.24955387615150446,0.0002285645606411516,1920.0,5760.0,0.0,0.03125,0.03125,0.00042113340968927553,0.0
57900.0,16.083333333333332,0.3320616542269735,0.0,0.3320616542269735,0.09740252917190743,0.24932600068824126,2.300673999311084,-6.745715097622451e-13,0.24932600068824126,0.00022787546326344095,1920.0,5760.0,0.0,0.03125,0.03125,0.000424428205409323,0.0
57960.0,16.1,0.331725063038251,0.0,0.331725063038251,0.09725994579954905,0.24909881118638186,2.3009011888129427,-6.754596881819452e-13,0.24909881118638186,0.00022718950185888885,1920.0,5760.0,0.0,0.03125,0.03125,0.0004276786218674587,0.0
58020.0,16.116666666666667,0.33138943478031024,0.0,0.33138943478031024,0.09711801018637259,0.2488723045278005,2.3011276954715245,-6.750155989720952e-13,0.2488723045278005,0.00022650665858171836,1920.0,5760.0,0.0,0.03125,0.03125,0.00043103131466974665,0.0
58080.0,16.133333333333333,0.33105476567669645,0.0,0.33105476567669645,0.09697671864722583,0.24864647761210934,2.3013535223872155,-6.750155989720952e-13,0.24864647761210934,0.0002258269156909463,1920.0,5760.0,0.0,0.03125,0.03125,0.00043429983006234543,0.0
58140.0,16.15,0.3307210519678007,0.0,0.3307210519678007,0.09683606751867718,0.24842132735655964,2.3015786726427656,-6.745715097622451e-13,0.24842132735655964,0.00022515025555002848,1920.0,5760.0,0.0,0.03125,0.03125,0.00043759006218746006,0.0
58200.0,16.166666666666668,0.33038828991078745,0.0,0.33038828991078745,0.09669605315893942,0.24819685069593286,2.301803149303392,-6.750155989720952e-13,0.24819685069593286,0.0002244766606264976,1920.0,5760.0,0.0,0.03125,0.03125,0.00044094004869867196,0.0
58260.0,16.183333333333334,0.3300564757795201,0.0,0.3300564757795201,0.09655667194779254,0.24797304458244146,2.3020269554168835,-6.750155989720952e-13,0.24797304458244146,0.00022380611349159417,1920.0,5760.0,0.0,0.03125,0.03125,0.00044430444144569713,0.0
58320.0,16.2,0.3297256058644894,0.0,0.3297256058644894,0.09641792028650525,0.2477499059856216,2.3022500940137034,-6.750155989720952e-13,0.2477499059856216,0.00022313859681989388,1920.0,5760.0,0.0,0.03125,0.03125,0.00044763987573017024,0.0
58380.0,16.216666666666665,0.3293956764727405,0.0,0.3293956764727405,0.09627979459775592,0.24752743189223317,2.3024725681070923,-6.741274205523951e-13,0.24752743189223317,0.0002224740933889283,1920.0,5760.0,0.0,0.03125,0.03125,0.00045101170968942476,0.0
58440.0,16.233333333333334,0.32906668392780114,0.0,0.32906668392780114,0.09614229132555141,0.24730561930615397,2.302694380693171,-6.750155989720952e-13,0.24730561930615397,0.00022181258607880107,1920.0,5760.0,0.0,0.03125,0.03125,0.0004543922029446218,0.0
58500.0,16.25,0.32873862456960856,0.0,0.32873862456960856,0.09600540693514596,0.24708446524828206,2.3029155347510426,-6.750155989720952e-13,0.24708446524828206,0.00022115405787179827,1920.0,5760.0,0.0,0.03125,0.03125,0.0004577807307724696,0.0
58560.0,16.266666666666666,0.32841149475443804,0.0,0.32841149475443804,0.09586913791295867,0.24686396675643027,2.3031360332428945,-6.750155989720952e-13,0.24686396675643027,0.00022049849185199567,1920.0,5760.0,0.0,0.03125,0.03125,0.0004612134914540665,0.0
58620.0,16.283333333333335,0.32808529085483307,0.0,0.32808529085483307,0.09573348076648998,0.24664412088522525,2.3033558791140996,-6.750155989720952e-13,0.24664412088522525,0.00021984587120485926,1920.0,5760.0,0.0,0.03125,0.03125,0.000464586276476469,0.0
58680.0,16.3,0.3277600092595298,0.0,0.3277600092595298,0.09559843202423704,0.24642492470600857,2.3035750752933164,-6.750155989720952e-13,0.24642492470600857,0.00021919617921684504,1920.0,5760.0,0.0,0.03125,0.03125,0.0004680292575706029,0.0
58740.0,16.316666666666666,0.32743564637339145,0.0,0.32743564637339145,0.09546398823560893,0.24620637530673334,2.303793624692591,-6.754596881819452e-13,0.24620637530673334,0.00021854939927498751,1920.0,5760.0,0.0,0.03125,0.03125,0.00047145434873448574,0.0
58800.0,16.333333333333332,0.3271121986173323,0.0,0.3271121986173323,0.09533014597083982,0.24598846979186703,2.3040115302074575,-6.754596881819452e-13,0.24598846979186703,0.00021790551486649065,1920.0,5760.0,0.0,0.03125,0.03125,0.0004749075589124336,0.0
58860.0,16.35,0.32678966242825114,0.0,0.32678966242825114,0.0951969018209028,0.245771205282289,2.304228794717036,-6.750155989720952e-13,0.245771205282289,0.0002172645095783133,1920.0,5760.0,0.0,0.03125,0.03125,0.0004783715568894072,0.0
58920.0,16.366666666666667,0.32646803425895776,0.0,0.32646803425895776,0.09506425239742164,0.24555457891519164,2.3044454210841328,-6.754596881819452e-13,0.24555457891519164,0.00021662636709674827,1920.0,5760.0,0.0,0.03125,0.03125,0.0004818239899064828,0.0
58980.0,16.383333333333333,0.32614731057810475,0.0,0.32614731057810475,0.09493219433258217,0.24533858784398468,2.30466141215534,-6.750155989720952e-13,0.24533858784398468,0.00021599107120700144,1920.0,5760.0,0.0,0.03125,0.03125,0.0004852506088279851,0.0
59040.0,16.4,0.3258274878701175,0.0,0.3258274878701175,0.09480072427904382,0.2451232292381921,2.304876770761133,-6.750155989720952e-13,0.2451232292381921,0.00021535860579276225,1920.0,5760.0,0.0,0.03125,0.03125,0.0004887794856117261,0.0
59100.0,16.416666666666668,0.3255085626351226,0.0,0.3255085626351226,0.09466983890984872,0.2449085002833563,2.3050914997159686,-6.750155989720952e-13,0.2449085002833563,0.00021472895483577386,1920.0,5760.0,0.0,0.03125,0.03125,0.0004922934479374213,0.0
59160.0,16.433333333333334,0.3251905313888814,0.0,0.3251905313888814,0.09453953491833193,0.24469439818094071,2.305305601818384,-6.750155989720952e-13,0.24469439818094071,0.00021410210241540645,1920.0,5760.0,0.0,0.03125,0.03125,0.0004957639896900823,0.0
59220.0,16.45,0.3248733906627185,0.0,0.3248733906627185,0.09440980901802977,0.24448092014823297,2.3055190798510923,-6.745715097622451e-13,0.24448092014823297,0.00021347803270821116,1920.0,5760.0,0.0,0.03125,0.03125,0.0004992329475893505,0.0
59280.0,16.466666666666665,0.3245571370034536,0.0,0.3245571370034536,0.09428065794258814,0.24426806341824514,2.3057319365810796,-6.750155989720952e-13,0.24426806341824514,0.0002128567299874889,1920.0,5760.0,0.0,0.03125,0.03125,0.0005028390553147557,0.0
59340.0,16.483333333333334,0.3242417669733325,0.0,0.3242417669733325,0.09415207844567,0.2440558252396221,2.3059441747597025,-6.750155989720952e-13,0.2440558252396221,0.00021223817862284095,1920.0,5760.0,0.0,0.03125,0.03125,0.0005063358529604353,0.0
59400.0,16.5,0.32392727714995934,0.0,0.32392727714995934,0.09402406730086264,0.2438442028765428,2.3061557971227824,-6.745715097622451e-13,0.2438442028765428,0.0002116223630797315,1920.0,5760.0,0.0,0.03125,0.03125,0.0005098946535448739,0.0
59460.0,16.516666666666666,0.3236136641262281,0.0,0.3236136641262281,0.09389662130158404,0.2436331936086237,2.3063668063907015,-6.745715097622451e-13,0.2436331936086237,0.0002110092679190356,1920.0,5760.0,0.0,0.03125,0.03125,0.0005134100549295085,0.0
59520.0,16.533333333333335,0.32330092451025355,0.0,0.32330092451025355,0.09376973726098882,0.2434227947308272,2.306577205268498,-6.745715097622451e-13,0.2434227947308272,0.00021039887779658898,1920.0,5760.0,0.0,0.03125,0.03125,0.0005169588985747358,0.0
59580.0,16.55,0.3229890549253049,0.0,0.3229890549253049,0.0936434120118738,0.24321300355336434,2.3067869964459606,-6.750155989720952e-13,0.24321300355336434,0.0002097911774627384,1920.0,5760.0,0.0,0.03125,0.03125,0.0005205524610518963,0.0
59640.0,16.566666666666666,0.32267805200973754,0.0,0.32267805200973754,0.0935176424065837,0.24300381740160235,2.3069961825977225,-6.750155989720952e-13,0.24300381740160235,0.00020918615176188467,1920.0,5760.0,0.0,0.03125,0.03125,0.0005241689029080401,0.0
59700.0,16.583333333333332,0.3223679124169258,0.0,0.3223679124169258,0.09339242531691472,0.24279523361597047,2.3072047663833546,-6.745715097622451e-13,0.24279523361597047,0.00020858378563203055,1920.0,5760.0,0.0,0.03125,0.03125,0.0005277401630133234,0.0
59760.0,16.6,0.32205863281519664,0.0,0.32205863281519664,0.09326775763401968,0.24258724955186586,2.307412750447459,-6.750155989720952e-13,0.24258724955186586,0.000207984064104315,1920.0,5760.0,0.0,0.03125,0.03125,0.000531314932091657,0.0
59820.0,16.616666666666667,0.3217502098877616,0.0,0.3217502098877616,0.09314363626831183,0.24237986257956337,2.307620137419762,-6.745715097622451e-13,0.24237986257956337,0.00020738697230255956,1920.0,5760.0,0.0,0.03125,0.03125,0.0005349164997289602,0.0
59880.0,16.633333333333333,0.32144264033265096,0.0,0.32144264033265096,0.09302005814936819,0.24217307008412065,2.3078269299152048,-6.745715097622451e-13,0.24217307008412065,0.0002067924954428023,1920.0,5760.0,0.0,0.03125,0.03125,0.0005385247586919365,0.0
59940.0,16.65,0.32113592086264686,0.0,0.32113592086264686,0.09289702022583285,0.24196686946528775,2.308033130534038,-6.741274205523951e-13,0.24196686946528775,0.00020620061883283803,1920.0,5760.0,0.0,0.03125,0.03125,0.0005421579980071174,0.0
60000.0,16.666666666666668,0.32083004820521854,0.0,0.32083004820521854,0.09277451946531994,0.24176125813741617,2.3082387418619095,-6.741274205523951e-13,0.24176125813741617,0.00020561132787174768,1920.0,5760.0,0.0,0.03125,0.03125,0.0005457957912207242,0.0
60060.0,16.683333333333334,0.32052501910245507,0.0,0.32052501910245507,0.09265255285431655,0.24155623352936614,2.308443766469959,-6.745715097622451e-13,0.24155623352936614,0.00020502460804943848,1920.0,5760.0,0.0,0.03125,0.03125,0.0005494087522638329,0.0
60120.0,16.7,0.3202208303109999,0.0,0.3202208303109999,0.09253111739808483,0.24135179308442026,2.3086482069149055,-6.741274205523951e-13,0.24135179308442026,0.00020444044494616996,1920.0,5760.0,0.0,0.03125,0.03125,0.0005530817107603172,0.0
60180.0,16.716666666666665,0.3199174786019863,0.0,0.3199174786019863,0.09241021012056432,0.24114793426018807,2.3088520657391376,-6.741274205523951e-13,0.24114793426018807,0.00020385882423208854,1920.0,5760.0,0.0,0.03125,0.03125,0.0005567490748074012,0.0
60240.0,16.733333333333334,0.3196149607609715,0.0,0.3196149607609715,0.09228982806427387,0.24094465452852148,2.3090553454708043,-6.741274205523951e-13,0.24094465452852148,0.0002032797316667577,1920.0,5760.0,0.0,0.03125,0.03125,0.0005603633876500533,0.0
60300.0,16.75,0.31931327358787165,0.0,0.31931327358787165,0.09216996829021355,0.24074195137542248,2.309258048623903,-6.745715097622451e-13,0.24074195137542248,0.0002027031530986847,1920.0,5760.0,0.0,0.03125,0.03125,0.0005640379623241879,0.0
60360.0,16.766666666666666,0.31901241389689794,0.0,0.31901241389689794,0.09205062787776622,0.24053982230095772,2.3094601776983676,-6.745715097622451e-13,0.24053982230095772,0.00020212907446485144,1920.0,5760.0,0.0,0.03125,0.03125,0.0005677343843886718,0.0
60420.0,16.783333333333335,0.31871237851649104,0.0,0.31871237851649104,0.09193180392459877,0.24033826481916792,2.309661735180158,-6.741274205523951e-13,0.24033826481916792,0.00020155748179023728,1920.0,5760.0,0.0,0.03125,0.03125,0.000571442124981542,0.0
60480.0,16.8,0.318413164289258,0.0,0.318413164289258,0.0918134935465639,0.24013727645798047,2.3098627235413454,-6.741274205523951e-13,0.24013727645798047,0.00020098836118735553,1920.0,5760.0,0.0,0.03125,0.03125,0.000575127928836467,0.0
60540.0,16.816666666666666,0.3181147680719075,0.0,0.3181147680719075,0.09169569387760117,0.23993685475912496,2.310063145240201,-6.73683331342545e-13,0.23993685475912496,0.0002004216988557665,1920.0,5760.0,0.0,0.03125,0.03125,0.0005788142989938405,0.0
60600.0,16.833333333333332,0.3178171867351861,0.0,0.3178171867351861,0.09157840206963787,0.23973699727804285,2.3102630027212827,-6.741274205523951e-13,0.23973699727804285,0.00019985748108161398,1920.0,5760.0,0.0,0.03125,0.03125,0.0005825267958610988,0.0
60660.0,16.85,0.31752041716381546,0.0,0.31752041716381546,0.09146161529249046,0.23953770158380577,2.3104622984155196,-6.745715097622451e-13,0.23953770158380577,0.00019929569423714476,1920.0,5760.0,0.0,0.03125,0.03125,0.0005862543316752538,0.0
60720.0,16.866666666666667,0.31722445625642826,0.0,0.31722445625642826,0.09134533073376515,0.23933896525902543,2.3106610347403,-6.741274205523951e-13,0.23933896525902543,0.00019873632478023502,1920.0,5760.0,0.0,0.03125,0.03125,0.0005899347083315069,0.0
60780.0,16.883333333333333,0.3169293009255057,0.0,0.3169293009255057,0.09122954559875959,0.23914078589977153,2.310859214099554,-6.745715097622451e-13,0.23914078589977153,0.000198179359253915,1920.0,5760.0,0.0,0.03125,0.03125,0.000593676994404417,0.0
60840.0,16.9,0.31663494809731435,0.0,0.31663494809731435,0.09111425711036285,0.2389431611154861,2.31105683888384,-6.73683331342545e-13,0.2389431611154861,0.00019762478428589621,1920.0,5760.0,0.0,0.03125,0.03125,0.0005974008290686319,0.0
60900.0,16.916666666666668,0.31634139471184364,0.0,0.31634139471184364,0.09099946250895709,0.2387460885288976,2.3112539114704282,-6.741274205523951e-13,0.2387460885288976,0.00019707258658808958,1920.0,5760.0,0.0,0.03125,0.03125,0.0006011237922275586,0.0
60960.0,16.933333333333334,0.31604863772274394,0.0,0.31604863772274394,0.09088515905231818,0.23854956577594172,2.3114504342233846,-6.73683331342545e-13,0.23854956577594172,0.00019652275295613692,1920.0,5760.0,0.0,0.03125,0.03125,0.0006049168137430204,0.0
61020.0,16.95,0.3157566740972629,0.0,0.3157566740972629,0.09077134401551688,0.23835359050567245,2.3116464094936533,-6.741274205523951e-13,0.23835359050567245,0.0001959752702689304,1920.0,5760.0,0.0,0.03125,0.03125,0.0006086753075073444,0.0
61080.0,16.966666666666665,0.31546550081618596,0.0,0.31546550081618596,0.09065801469081974,0.23815816038018464,2.3118418396191416,-6.73683331342545e-13,0.23815816038018464,0.00019543012548814062,1920.0,5760.0,0.0,0.03125,0.03125,0.0006123975358010398,0.0
61140.0,16.983333333333334,0.3151751148737736,0.0,0.3151751148737736,0.09054516838758994,0.2379632730745268,2.3120367269247994,-6.73683331342545e-13,0.2379632730745268,0.00019488730565773996,1920.0,5760.0,0.0,0.03125,0.03125,0.0006161744271398626,0.0
61200.0,17.0,0.31488551327769876,0.0,0.31488551327769876,0.09043280243218897,0.23776892627662308,2.3122310737227028,-6.741274205523951e-13,0.23776892627662308,0.00019434679790352916,1920.0,5760.0,0.0,0.03125,0.03125,0.0006199539232169477,0.0
61260.0,17.016666666666666,0.31459669304898746,0.0,0.31459669304898746,0.09032091416787752,0.23757511768719028,2.3124248823121354,-6.741274205523951e-13,0.23757511768719028,0.00019380858943266136,1920.0,5760.0,0.0,0.03125,0.03125,0.0006237643240659147,0.0
61320.0,17.033333333333335,0.3143086512219567,0.0,0.3143086512219567,0.09020950095471678,0.2373818450196574,2.3126181549796687,-6.73683331342545e-13,0.2373818450196574,0.00019327266753316958,1920.0,5760.0,0.0,0.03125,0.03125,0.0006274971731772924,0.0
61380.0,17.05,0.3140213848441552,0.0,0.3140213848441552,0.09009856016946982,0.23718910600008355,2.312810893999242,-6.741274205523951e-13,0.23718910600008355,0.00019273901957349217,1920.0,5760.0,0.0,0.03125,0.03125,0.0006312795735306254,0.0
61440.0,17.066666666666666,0.3137348909763001,0.0,0.3137348909763001,0.08998808920550361,0.2369968983670815,2.313003101632244,-6.741274205523951e-13,0.2369968983670815,0.00019220763300200247,1920.0,5760.0,0.0,0.03125,0.03125,0.0006350920869931721,0.0
61500.0,17.083333333333332,0.3134491666922199,0.0,0.3134491666922199,0.08987808547269009,0.23680521987173522,2.3131947801275907,-6.73683331342545e-13,0.23680521987173522,0.0001916784953465318,1920.0,5760.0,0.0,0.03125,0.03125,0.0006389284665305663,0.0
61560.0,17.1,0.31316420907879217,0.0,0.31316420907879217,0.08976854639730875,0.23661406827752107,2.313385931721805,-6.741274205523951e-13,0.23661406827752107,0.0001911515942139047,1920.0,5760.0,0.0,0.03125,0.03125,0.0006427074045570696,0.0
61620.0,17.116666666666667,0.3128800152358855,0.0,0.3128800152358855,0.08965946942194786,0.23642344136023177,2.3135765586390944,-6.73683331342545e-13,0.23642344136023177,0.00019062691728946376,1920.0,5760.0,0.0,0.03125,0.03125,0.0006465044856050648,0.0
61680.0,17.133333333333333,0.31259658227629816,0.0,0.31259658227629816,0.0895508520054074,0.23623333690789466,2.313766663091431,-6.741274205523951e-13,0.23623333690789466,0.00019010445233659827,1920.0,5760.0,0.0,0.03125,0.03125,0.000650349560337306,0.0
61740.0,17.15,0.3123139073256994,0.0,0.3123139073256994,0.08944269162260111,0.2360437527206986,2.313956247278627,-6.741274205523951e-13,0.2360437527206986,0.00018958418719628277,1920.0,5760.0,0.0,0.03125,0.03125,0.00065414095298822,0.0
61800.0,17.166666666666668,0.31203198752257205,0.0,0.31203198752257205,0.08933498576445907,0.2358546866109126,2.314145313388414,-6.732392421326949e-13,0.2358546866109126,0.00018906610978659905,1920.0,5760.0,0.0,0.03125,0.03125,0.0006579776378784163,0.0
61860.0,17.183333333333334,0.3117508200181508,0.0,0.3117508200181508,0.08922773193783058,0.23566613640280973,2.314333863596516,-6.741274205523951e-13,0.23566613640280973,0.0001885502081022776,1920.0,5760.0,0.0,0.03125,0.03125,0.0006618252775955621,0.0
61920.0,17.2,0.31147040197636605,0.0,0.31147040197636605,0.08912092766538703,0.23547809993259577,2.31452190006673,-6.741274205523951e-13,0.23547809993259577,0.00018803647021422627,1920.0,5760.0,0.0,0.03125,0.03125,0.0006656302871516186,0.0
61980.0,17.216666666666665,0.311190730573783,0.0,0.311190730573783,0.08901457048552558,0.23529057504832657,2.314709424950999,-6.741274205523951e-13,0.23529057504832657,0.0001875248842690681,1920.0,5760.0,0.0,0.03125,0.03125,0.0006694362494307861,0.0
62040.0,17.233333333333334,0.31091180299954535,0.0,0.31091180299954535,0.08890865795227194,0.23510355960983784,2.3148964403894876,-6.745715097622451e-13,0.23510355960983784,0.00018701543848867626,1920.0,5760.0,0.0,0.03125,0.03125,0.0006732943828209676,0.0
62100.0,17.25,0.3106336164553178,0.0,0.3106336164553178,0.08880318763518465,0.23491705148866796,2.3150829485106574,-6.745715097622451e-13,0.23491705148866796,0.00018650812116971033,1920.0,5760.0,0.0,0.03125,0.03125,0.0006771526336337665,0.0
62160.0,17.266666666666666,0.31035616815522615,0.0,0.31035616815522615,0.08869815711925931,0.23473104856798485,2.3152689514313405,-6.745715097622451e-13,0.23473104856798485,0.00018600292068315761,1920.0,5760.0,0.0,0.03125,0.03125,0.0006810015410909476,0.0
62220.0,17.283333333333335,0.31007945532580083,0.0,0.31007945532580083,0.0885935640048321,0.23454554874251063,2.3154544512568145,-6.745715097622451e-13,0.23454554874251063,0.00018549982547387246,1920.0,5760.0,0.0,0.03125,0.03125,0.0006847964864186294,0.0
62280.0,17.3,0.3098034752059212,0.0,0.3098034752059212,0.08848940590748502,0.23436054991845082,2.315639450080875,-6.741274205523951e-13,0.23436054991845082,0.00018499882406011614,1920.0,5760.0,0.0,0.03125,0.03125,0.0006886748378495173,0.0
62340.0,17.316666666666666,0.3095282250467556,0.0,0.3095282250467556,0.08838568045795007,0.2341760500134175,2.3158239499859077,-6.745715097622451e-13,0.2341760500134175,0.00018449990503309753,1920.0,5760.0,0.0,0.03125,0.03125,0.0006925498965138764,0.0
62400.0,17.333333333333332,0.3092537021117068,0.0,0.3092537021117068,0.08828238530201493,0.23399204695636086,2.316007953042964,-6.750155989720952e-13,0.23399204695636086,0.00018400305705652177,1920.0,5760.0,0.0,0.03125,0.03125,0.0006964061069873985,0.0
62460.0,17.35,0.30897990367635453,0.0,0.30897990367635453,0.08817951810042848,0.23380853868749513,2.31619146131183,-6.745715097622451e-13,0.23380853868749513,0.00018350826886613292,1920.0,5760.0,0.0,0.03125,0.03125,0.0007002392912318676,0.0
62520.0,17.366666666666667,0.3087068270283988,0.0,0.3087068270283988,0.08807707652880592,0.2336255231582255,2.316374476841099,-6.750155989720952e-13,0.2336255231582255,0.00018301552926926068,1920.0,5760.0,0.0,0.03125,0.03125,0.0007041238426200773,0.0
62580.0,17.383333333333333,0.308434469467604,0.0,0.308434469467604,0.08797505827753536,0.23344299833108134,2.3165570016682437,-6.745715097622451e-13,0.23344299833108134,0.0001825248271443693,1920.0,5760.0,0.0,0.03125,0.03125,0.0007079829665119378,0.0
62640.0,17.4,0.3081628283057438,0.0,0.3081628283057438,0.08787346105168399,0.2332609621796406,2.3167390378196844,-6.750155989720952e-13,0.2332609621796406,0.00018203615144060778,1920.0,5760.0,0.0,0.03125,0.03125,0.0007118519816811501,0.0
62700.0,17.416666666666668,0.30789190086654417,0.0,0.30789190086654417,0.0877722825709047,0.23307941268846322,2.316920587310862,-6.750155989720952e-13,0.23307941268846322,0.00018154949117735858,1920.0,5760.0,0.0,0.03125,0.03125,0.000715724679917013,0.0
62760.0,17.433333333333334,0.307621684485629,0.0,0.307621684485629,0.08767152056934352,0.23289834785301933,2.3171016521463055,-6.750155989720952e-13,0.23289834785301933,0.00018106483544379548,1920.0,5760.0,0.0,0.03125,0.03125,0.0007196194896969153,0.0
62820.0,17.45,0.307352176510463,0.0,0.307352176510463,0.08757117279554659,0.2327177656796208,2.3172822343197037,-6.754596881819452e-13,0.2327177656796208,0.0001805821733984333,1920.0,5760.0,0.0,0.03125,0.03125,0.00072352270226682,0.0
62880.0,17.466666666666665,0.3070833743002995,0.0,0.3070833743002995,0.08747123701236789,0.23253766418535235,2.3174623358139725,-6.750155989720952e-13,0.23253766418535235,0.00018010149426868824,1920.0,5760.0,0.0,0.03125,0.03125,0.000727393138533103,0.0
62940.0,17.483333333333334,0.3068152752261231,0.0,0.3068152752261231,0.08737171099687788,0.2323580413980018,2.317641958601323,-6.750155989720952e-13,0.2323580413980018,0.00017962278735043303,1920.0,5760.0,0.0,0.03125,0.03125,0.0007312501219718596,0.0
63000.0,17.5,0.306547876670597,0.0,0.306547876670597,0.08727259254027152,0.2321788953559941,2.3178211046433304,-6.754596881819452e-13,0.2321788953559941,0.0001791460420075587,1920.0,5760.0,0.0,0.03125,0.03125,0.000735154236030356,0.0
63060.0,17.516666666666666,0.3062811760280071,0.0,0.3062811760280071,0.08717387944777709,0.2320002241083221,2.317999775891002,-6.759037773917953e-13,0.2320002241083221,0.0001786712476715355,1920.0,5760.0,0.0,0.03125,0.03125,0.0007390143086373283,0.0
63120.0,17.533333333333335,0.3060151707042086,0.0,0.3060151707042086,0.08707556953856559,0.23182202571448152,2.318177974284843,-6.754596881819452e-13,0.23182202571448152,0.00017819839384097455,1920.0,5760.0,0.0,0.03125,0.03125,0.0007428660983004546,0.0
63180.0,17.55,0.30574985811657196,0.0,0.30574985811657196,0.08697766064566027,0.23164429824440033,2.3183557017549243,-6.750155989720952e-13,0.23164429824440033,0.00017772747008119568,1920.0,5760.0,0.0,0.03125,0.03125,0.0007467698615061108,0.0
63240.0,17.566666666666666,0.30548523569393005,0.0,0.30548523569393005,0.08688015061584681,0.23146703977837646,2.3185329602209483,-6.750155989720952e-13,0.23146703977837646,0.00017725846602379395,1920.0,5760.0,0.0,0.03125,0.03125,0.000750676790092043,0.0
63300.0,17.583333333333332,0.3052213008765217,0.0,0.3052213008765217,0.08678303730958273,0.23129024840701012,2.3187097515923147,-6.750155989720952e-13,0.23129024840701012,0.00017679137136620592,1920.0,5760.0,0.0,0.03125,0.03125,0.0007545482599875594,0.0
63360.0,17.6,0.3049580511159432,0.0,0.3049580511159432,0.08668631860090964,0.2311139222311388,2.318886077768186,-6.750155989720952e-13,0.2311139222311388,0.0001763261758712813,1920.0,5760.0,0.0,0.03125,0.03125,0.0007584314447605288,0.0
63420.0,17.616666666666667,0.30469548387509127,0.0,0.30469548387509127,0.08658999237736323,0.23093805936177206,2.3190619406375528,-6.750155989720952e-13,0.23093805936177206,0.00017586286936685858,1920.0,5760.0,0.0,0.03125,0.03125,0.0007622932445947301,0.0
63480.0,17.633333333333333,0.3044335966281108,0.0,0.3044335966281108,0.08649405653988516,0.2307626579200268,2.319237342079298,-6.750155989720952e-13,0.2307626579200268,0.00017540144174533565,1920.0,5760.0,0.0,0.03125,0.03125,0.0007662117693575944,0.0
63540.0,17.65,0.3041723868603452,0.0,0.3041723868603452,0.0863985090027351,0.2305877160370632,2.319412283962261,-6.754596881819452e-13,0.2305877160370632,0.00017494188296324708,1920.0,5760.0,0.0,0.03125,0.03125,0.0007700989464637086,0.0
63600.0,17.666666666666668,0.30391185206828075,0.0,0.30391185206828075,0.0863033476934031,0.2304132318540222,2.3195867681453017,-6.759037773917953e-13,0.2304132318540222,0.00017448418304084396,1920.0,5760.0,0.0,0.03125,0.03125,0.0007739827148508776,0.0
63660.0,17.683333333333334,0.3036519897594947,0.0,0.3036519897594947,0.08620857055252226,0.2302392035219605,2.319760796477363,-6.759037773917953e-13,0.2302392035219605,0.00017402833206167209,1920.0,5760.0,0.0,0.03125,0.03125,0.0007778797634109753,0.0
63720.0,17.7,0.30339279745260567,0.0,0.30339279745260567,0.08611417553378188,0.2300656292017885,2.3199343707975353,-6.759037773917953e-13,0.2300656292017885,0.0001735743201721574,1920.0,5760.0,0.0,0.03125,0.03125,0.0007817642664472794,0.0
63780.0,17.716666666666665,0.3031342726772197,0.0,0.3031342726772197,0.08602016060384123,0.2298925070642072,2.3201074929351164,-6.763478666016454e-13,0.2298925070642072,0.00017312213758118736,1920.0,5760.0,0.0,0.03125,0.03125,0.0007856586969589665,0.0
63840.0,17.733333333333334,0.30287641297387974,0.0,0.30287641297387974,0.08592652374224347,0.2297198352896475,2.320280164709676,-6.763478666016454e-13,0.2297198352896475,0.00017267177455969717,1920.0,5760.0,0.0,0.03125,0.03125,0.0007895453885561065,0.0
63900.0,17.75,0.3026192158940133,0.0,0.3026192158940133,0.08583326294133002,0.22954761206820717,2.320452387931116,-6.767919558114954e-13,0.22954761206820717,0.00017222322144026044,1920.0,5760.0,0.0,0.03125,0.03125,0.0007934261965204317,0.0
63960.0,17.766666666666666,0.30236267899988395,0.0,0.30236267899988395,0.0857403762061556,0.2293758355995905,2.320624164399733,-6.763478666016454e-13,0.2293758355995905,0.00017177646861667785,1920.0,5760.0,0.0,0.03125,0.03125,0.0007973115822564519,0.0
64020.0,17.783333333333335,0.30210679986453687,0.0,0.30210679986453687,0.08564786155440342,0.22920450409304674,2.3207954959062764,-6.767919558114954e-13,0.22920450409304674,0.00017133150654356983,1920.0,5760.0,0.0,0.03125,0.03125,0.0008012224112542461,0.0
64080.0,17.8,0.3018515760717509,0.0,0.3018515760717509,0.08555571701630106,0.22903361576731074,2.3209663842320123,-6.767919558114954e-13,0.22903361576731074,0.00017088832573597162,1920.0,5760.0,0.0,0.03125,0.03125,0.000805092146707652,0.0
64140.0,17.816666666666666,0.3015970052159874,0.0,0.3015970052159874,0.0854639406345366,0.22886316885054175,2.3211368311487814,-6.767919558114954e-13,0.22886316885054175,0.0001704469167689295,1920.0,5760.0,0.0,0.03125,0.03125,0.0008089963910194141,0.0
64200.0,17.833333333333332,0.30134308490233847,0.0,0.30134308490233847,0.08537253046417478,0.22869316158026462,2.3213068384190585,-6.767919558114954e-13,0.22869316158026462,0.00017000727027709957,1920.0,5760.0,0.0,0.03125,0.03125,0.0008129022660752869,0.0
64260.0,17.85,0.30108981274647945,0.0,0.30108981274647945,0.085281484572575,0.22852359220331,2.321476407796013,-6.767919558114954e-13,0.22852359220331,0.00016956937695434795,1920.0,5760.0,0.0,0.03125,0.03125,0.0008167821420290185,0.0
64320.0,17.866666666666667,0.3008371863746182,0.0,0.3008371863746182,0.08519080103930796,0.22835445897575637,2.3216455410235666,-6.767919558114954e-13,0.22835445897575637,0.00016913322755335506,1920.0,5760.0,0.0,0.03125,0.03125,0.000820663704256597,0.0
64380.0,17.883333333333333,0.30058520342344447,0.0,0.30058520342344447,0.08510047795607392,0.22818576016287123,2.321814239836452,-6.767919558114954e-13,0.22818576016287123,0.0001686988128852191,1920.0,5760.0,0.0,0.03125,0.03125,0.0008245432409180495,0.0
64440.0,17.9,0.30033386154008157,0.0,0.30033386154008157,0.08501051342662115,0.22801749403905258,2.321982505960271,-6.763478666016454e-13,0.22801749403905258,0.00016826612381906454,1920.0,5760.0,0.0,0.03125,0.03125,0.0008284236074950836,0.0
64500.0,17.916666666666668,0.30008315838203714,0.0,0.30008315838203714,0.08492090556666447,0.2278496588877709,2.3221503411115525,-6.763478666016454e-13,0.2278496588877709,0.0001678351512816491,1920.0,5760.0,0.0,0.03125,0.03125,0.0008322693093418932,0.0
64560.0,17.933333333333334,0.29983309161715466,0.0,0.29983309161715466,0.08483165250380492,0.2276822530015139,2.3223177469978094,-6.767919558114954e-13,0.2276822530015139,0.00016740588625697897,1920.0,5760.0,0.0,0.03125,0.03125,0.0008361343058212778,0.0
64620.0,17.95,0.29958365892356276,0.0,0.29958365892356276,0.08474275237744915,0.22751527468172775,2.322484725317595,-6.767919558114954e-13,0.22751527468172775,0.00016697831978591918,1920.0,5760.0,0.0,0.03125,0.03125,0.0008400122248138592,0.0
64680.0,17.966666666666665,0.29933485798962894,0.0,0.29933485798962894,0.08465420333872949,0.2273487222387618,2.322651277760561,-6.772360450213455e-13,0.2273487222387618,0.00016655244296580907,1920.0,5760.0,0.0,0.03125,0.03125,0.0008438794367934232,0.0
64740.0,17.983333333333334,0.2990866865139095,0.0,0.2990866865139095,0.08456600355042503,0.2271825939918115,2.322817406007511,-6.776801342311956e-13,0.2271825939918115,0.0001661282469500831,1920.0,5760.0,0.0,0.03125,0.03125,0.0008477649970396236,0.0
64800.0,18.0,0.29883914220510316,0.0,0.29883914220510316,0.08447815118688222,0.22701688826886376,2.322983111730459,-6.772360450213455e-13,0.22701688826886376,0.00016570572294788847,1920.0,5760.0,0.0,0.03125,0.03125,0.0008516450344105919,0.0
64860.0,18.016666666666666,0.29859222278200226,0.0,0.29859222278200226,0.08439064443393667,0.2268516034066402,2.3231483965926825,-6.772360450213455e-13,0.2268516034066402,0.0001652848622237073,1920.0,5760.0,0.0,0.03125,0.03125,0.0008554637827281499,0.0
64920.0,18.033333333333335,0.29834592597344384,0.0,0.29834592597344384,0.08430348148883497,0.22668673775054302,2.3233132622487793,-6.776801342311956e-13,0.22668673775054302,0.00016486565609698215,1920.0,5760.0,0.0,0.03125,0.03125,0.0008593388073707074,0.0
64980.0,18.05,0.29810024951826536,0.0,0.29810024951826536,0.08421666056015722,0.22652228965460097,2.3234777103447213,-6.776801342311956e-13,0.22652228965460097,0.00016444809594174317,1920.0,5760.0,0.0,0.03125,0.03125,0.0008631986259090048,0.0
65040.0,18.066666666666666,0.2978551911652533,0.0,0.2978551911652533,0.0841301798677396,0.22635825748141505,2.3236417425179074,-6.772360450213455e-13,0.22635825748141505,0.0001640321731862337,1920.0,5760.0,0.0,0.03125,0.03125,0.000867039391891139,0.0
65100.0,18.083333333333332,0.2976107486730997,0.0,0.2976107486730997,0.08404403764259814,0.226194639602102,2.32380536039722,-6.776801342311956e-13,0.226194639602102,0.00016361787931254312,1920.0,5760.0,0.0,0.03125,0.03125,0.0008708929186766419,0.0
65160.0,18.1,0.2973669198103527,0.0,0.2973669198103527,0.08395823212685222,0.22603143439624612,2.3239685656030766,-6.772360450213455e-13,0.22603143439624612,0.00016320520585624056,1920.0,5760.0,0.0,0.03125,0.03125,0.0008747728467871196,0.0
65220.0,18.116666666666667,0.29712370235537283,0.0,0.29712370235537283,0.08387276157364885,0.22586864025183986,2.324131359747483,-6.772360450213455e-13,0.22586864025183986,0.00016279414440601055,1920.0,5760.0,0.0,0.03125,0.03125,0.0008785709302868854,0.0
65280.0,18.133333333333333,0.2968810940962817,0.0,0.2968810940962817,0.08378762424708719,0.22570625556523632,2.3242937444340863,-6.772360450213455e-13,0.22570625556523632,0.00016238468660328704,1920.0,5760.0,0.0,0.03125,0.03125,0.0008823823304925464,0.0
65340.0,18.15,0.2966390928309211,0.0,0.2966390928309211,0.08370281842214412,0.22554427874109453,2.324455721258228,-6.772360450213455e-13,0.22554427874109453,0.00016197682414189555,1920.0,5760.0,0.0,0.03125,0.03125,0.0008862506842998177,0.0
65400.0,18.166666666666668,0.296397696366804,0.0,0.296397696366804,0.08361834238459942,0.2253827081923264,2.324617291806996,-6.776801342311956e-13,0.2253827081923264,0.00016157054876769569,1920.0,5760.0,0.0,0.03125,0.03125,0.0008901009546543383,0.0
65460.0,18.183333333333334,0.2961569025210694,0.0,0.2961569025210694,0.08353419443096183,0.22522154234004868,2.3247784576592743,-6.767919558114954e-13,0.22522154234004868,0.00016116585227822348,1920.0,5760.0,0.0,0.03125,0.03125,0.0008938893838502625,0.0
65520.0,18.2,0.2959167091204359,0.0,0.2959167091204359,0.08345037286839599,0.22506077961352577,2.324939220385797,-6.772360450213455e-13,0.22506077961352577,0.00016076272652233606,1920.0,5760.0,0.0,0.03125,0.03125,0.0008977506983081213,0.0
65580.0,18.216666666666665,0.2956771140011577,0.0,0.2956771140011577,0.08336687601464882,0.22490041845012593,2.3250995815491966,-6.772360450213455e-13,0.22490041845012593,0.00016036116339986485,1920.0,5760.0,0.0,0.03125,0.03125,0.0009015341501900145,0.0
65640.0,18.233333333333334,0.2954381150089781,0.0,0.2954381150089781,0.08328370219797707,0.2247404572952645,2.3252595427040577,-6.776801342311956e-13,0.2247404572952645,0.00015996115486126,1920.0,5760.0,0.0,0.03125,0.03125,0.0009053821288859628,0.0
65700.0,18.25,0.2951997099990855,0.0,0.2951997099990855,0.08320084975707549,0.22458089460235725,2.325419105396965,-6.776801342311956e-13,0.22458089460235725,0.0001595626929072471,1920.0,5760.0,0.0,0.03125,0.03125,0.0009091817328388235,0.0
65760.0,18.266666666666666,0.29496189683606666,0.0,0.29496189683606666,0.08311831704100482,0.224421728832769,2.3255782711665534,-6.776801342311956e-13,0.224421728832769,0.00015916576958848112,1920.0,5760.0,0.0,0.03125,0.03125,0.0009130033802758615,0.0
65820.0,18.283333333333335,0.29472467339386543,0.0,0.29472467339386543,0.08303610240912052,0.2242629584557636,2.3257370415435585,-6.776801342311956e-13,0.2242629584557636,0.00015877037700520147,1920.0,5760.0,0.0,0.03125,0.03125,0.0009167870460949158,0.0
65880.0,18.3,0.2944880375557344,0.0,0.2944880375557344,0.0829542042310023,0.22410458194845698,2.3258954180508655,-6.772360450213455e-13,0.22410458194845698,0.0001583765073068949,1920.0,5760.0,0.0,0.03125,0.03125,0.0009205498626833098,0.0
65940.0,18.316666666666666,0.2942519872141934,0.0,0.2942519872141934,0.08287262088638335,0.22394659779576487,2.3260534022035575,-6.776801342311956e-13,0.22394659779576487,0.0001579841526919526,1920.0,5760.0,0.0,0.03125,0.03125,0.0009243394702158134,0.0
66000.0,18.333333333333332,0.2940165202709846,0.0,0.2940165202709846,0.08279135076508082,0.22378900449035696,2.3262109955089647,-6.781242234410456e-13,0.22378900449035696,0.00015759330540733517,1920.0,5760.0,0.0,0.03125,0.03125,0.0009281475328741516,0.0
66060.0,18.35,0.2937816346370286,0.0,0.2937816346370286,0.08271039226692593,0.2236318005326089,2.326368199466713,-6.781242234410456e-13,0.2236318005326089,0.00015720395774823965,1920.0,5760.0,0.0,0.03125,0.03125,0.000931948064537492,0.0
66120.0,18.366666666666667,0.2935473282323809,0.0,0.2935473282323809,0.08262974380169537,0.22347498443055114,2.326525015568771,-6.776801342311956e-13,0.22347498443055114,0.00015681610205776428,1920.0,5760.0,0.0,0.03125,0.03125,0.0009356422976258275,0.0
66180.0,18.383333333333333,0.2933135989861876,0.0,0.2933135989861876,0.08254940378904257,0.22331855469982484,2.3266814452994975,-6.776801342311956e-13,0.22331855469982484,0.00015642973072658187,1920.0,5760.0,0.0,0.03125,0.03125,0.0009394421638327206,0.0
66240.0,18.4,0.2930804448366432,0.0,0.2930804448366432,0.08246937065842971,0.22316250986363173,2.32683749013569,-6.781242234410456e-13,0.22316250986363173,0.00015604483619260863,1920.0,5760.0,0.0,0.03125,0.03125,0.0009432106756418568,0.0
66300.0,18.416666666666668,0.29284786373094873,0.0,0.29284786373094873,0.08238964284905961,0.2230068484526909,2.3269931515466307,-6.781242234410456e-13,0.2230068484526909,0.00015566141094068006,1920.0,5760.0,0.0,0.03125,0.03125,0.0009469719997738847,0.0
66360.0,18.433333333333334,0.29261585362526504,0.0,0.29261585362526504,0.08231021880980917,0.22285156900518874,2.327148430994133,-6.781242234410456e-13,0.22285156900518874,0.00015527944750222622,1920.0,5760.0,0.0,0.03125,0.03125,0.0009507238050274515,0.0
66420.0,18.45,0.29238441248467417,0.0,0.29238441248467417,0.08223109699916187,0.22269667006673338,2.327303329932588,-6.785683126508957e-13,0.22269667006673338,0.00015489893845495087,1920.0,5760.0,0.0,0.03125,0.03125,0.0009544646976383373,0.0
66480.0,18.466666666666665,0.2921535382831344,0.0,0.2921535382831344,0.08215227588514214,0.22254215019031087,2.3274578498090106,-6.785683126508957e-13,0.22254215019031087,0.00015451987642251165,1920.0,5760.0,0.0,0.03125,0.03125,0.0009581722663268027,0.0
66540.0,18.483333333333334,0.29192322900343914,0.0,0.29192322900343914,0.08207375394524874,0.22238800793623648,2.3276119920630847,-6.785683126508957e-13,0.22238800793623648,0.00015414225407420126,1920.0,5760.0,0.0,0.03125,0.03125,0.0009619139093191535,0.0
66600.0,18.5,0.29169348263717415,0.0,0.29169348263717415,0.08199552966638969,0.22223424187211185,2.3277657581272093,-6.785683126508957e-13,0.22223424187211185,0.00015376606412463418,1920.0,5760.0,0.0,0.03125,0.03125,0.0009656190149662663,0.0
66660.0,18.516666666666666,0.29146429718467515,0.0,0.29146429718467515,0.08191760154481728,0.22208085057277852,2.3279191494265428,-6.785683126508957e-13,0.22208085057277852,0.00015339129933343427,1920.0,5760.0,0.0,0.03125,0.03125,0.0009693721648344238,0.0
66720.0,18.533333333333335,0.2912356706549885,0.0,0.2912356706549885,0.08183996808606318,0.22192783262027305,2.3280721673790477,-6.790124018607457e-13,0.22192783262027305,0.00015301795250491853,1920.0,5760.0,0.0,0.03125,0.03125,0.0009730426530729636,0.0
66780.0,18.55,0.29100760106582707,0.0,0.29100760106582707,0.08176262780487438,0.2217751866037856,2.3282248133955354,-6.785683126508957e-13,0.2217751866037856,0.00015264601648779332,1920.0,5760.0,0.0,0.03125,0.03125,0.0009767362466595155,0.0
66840.0,18.566666666666666,0.29078008644352926,0.0,0.29078008644352926,0.0816855792251495,0.22162291111961085,2.3283770888797104,-6.785683126508957e-13,0.22162291111961085,0.00015227548417484535,1920.0,5760.0,0.0,0.03125,0.03125,0.000980456670576593,0.0
66900.0,18.583333333333332,0.2905531248230204,0.0,0.2905531248230204,0.08160882087987542,0.22147100477110768,2.328528995228213,-6.790124018607457e-13,0.22147100477110768,0.00015190634850263657,1920.0,5760.0,0.0,0.03125,0.03125,0.0009841551571158958,0.0
66960.0,18.6,0.29032671424776807,0.0,0.29032671424776807,0.08153235131106445,0.22131946616865678,2.3286805338306644,-6.785683126508957e-13,0.22131946616865678,0.00015153860245120042,1920.0,5760.0,0.0,0.03125,0.03125,0.0009878023643925015,0.0
67020.0,18.616666666666667,0.2901008527697432,0.0,0.2901008527697432,0.08145616906969164,0.22116829392961274,2.328831706069708,-6.790124018607457e-13,0.22116829392961274,0.0001511722390437439,1920.0,5760.0,0.0,0.03125,0.03125,0.0009914755880836858,0.0
67080.0,18.633333333333333,0.28987553844938047,0.0,0.28987553844938047,0.08138027271563308,0.22101748667826668,2.3289825133210544,-6.785683126508957e-13,0.22101748667826668,0.00015080725134634522,1920.0,5760.0,0.0,0.03125,0.03125,0.000995160299270808,0.0
67140.0,18.65,0.28965076935553635,0.0,0.28965076935553635,0.08130466081760415,0.22086704304579843,2.329132956953522,-6.790124018607457e-13,0.22086704304579843,0.0001504436324676585,1920.0,5760.0,0.0,0.03125,0.03125,0.000998805982482281,0.0
67200.0,18.666666666666668,0.2894265435654488,0.0,0.2894265435654488,0.08122933195309798,0.2207169616702401,2.329283038329081,-6.785683126508957e-13,0.2207169616702401,0.00015008137555862103,1920.0,5760.0,0.0,0.03125,0.03125,0.001002480428260026,0.0
67260.0,18.683333333333334,0.28920285916469857,0.0,0.28920285916469857,0.08115428470832523,0.22056724119642762,2.329432758802893,-6.790124018607457e-13,0.22056724119642762,0.0001497204738121561,1920.0,5760.0,0.0,0.03125,0.03125,0.0010061192388479473,0.0
67320.0,18.7,0.2889797142471687,0.0,0.2889797142471687,0.08107951767815338,0.2204178802759644,2.329582119723356,-6.794564910705958e-13,0.2204178802759644,0.00014936092046288624,1920.0,5760.0,0.0,0.03125,0.03125,0.0010097235392618172,0.0
67380.0,18.716666666666665,0.28875710691500367,0.0,0.28875710691500367,0.0810050294660469,0.2202688775671777,2.329731122432143,-6.794564910705958e-13,0.2202688775671777,0.00014900270878684323,1920.0,5760.0,0.0,0.03125,0.03125,0.0010133256308959794,0.0
67440.0,18.733333333333334,0.2885350352785728,0.0,0.2885350352785728,0.0809308186840077,0.2201202317350764,2.3298797682642443,-6.790124018607457e-13,0.2201202317350764,0.0001486458321011797,1920.0,5760.0,0.0,0.03125,0.03125,0.001016918100602327,0.0
67500.0,18.75,0.288313497456428,0.0,0.288313497456428,0.08085688395251595,0.2199719414513128,2.330028058548008,-6.790124018607457e-13,0.2199719414513128,0.00014829028376388877,1920.0,5760.0,0.0,0.03125,0.03125,0.0010205197240251613,0.0
67560.0,18.766666666666666,0.2880924915752662,0.0,0.2880924915752662,0.08078322390047134,0.2198240053941391,2.330175994605182,-6.790124018607457e-13,0.2198240053941391,0.00014793605717351398,1920.0,5760.0,0.0,0.03125,0.03125,0.0010241374537619482,0.0
67620.0,18.783333333333335,0.2878720157698901,0.0,0.2878720157698901,0.08070983716513501,0.21967642224836983,2.3303235777509506,-6.794564910705958e-13,0.21967642224836983,0.0001475831457688763,1920.0,5760.0,0.0,0.03125,0.03125,0.0010277186556607862,0.0
67680.0,18.8,0.28765206818316935,0.0,0.28765206818316935,0.0806367223920713,0.21952919070534094,2.3304708092939794,-6.794564910705958e-13,0.21952919070534094,0.00014723154302879007,1920.0,5760.0,0.0,0.03125,0.03125,0.0010312996205345286,0.0
67740.0,18.816666666666666,0.28743264696600274,0.0,0.28743264696600274,0.08056387823509067,0.21938230946286902,2.3306176905364513,-6.794564910705958e-13,0.21938230946286902,0.0001468812424717874,1920.0,5760.0,0.0,0.03125,0.03125,0.001034868499040386,0.0
67800.0,18.833333333333332,0.28721375027727813,0.0,0.28721375027727813,0.08049130335619208,0.21923577722521354,2.330764222774107,-6.794564910705958e-13,0.21923577722521354,0.00014653223765584438,1920.0,5760.0,0.0,0.03125,0.03125,0.0010384511466315105,0.0
67860.0,18.85,0.28699537628383576,0.0,0.28699537628383576,0.08041899642550689,0.21908959270303532,2.330910407296285,-6.794564910705958e-13,0.21908959270303532,0.0001461845221781066,1920.0,5760.0,0.0,0.03125,0.03125,0.0010419677350718692,0.0
67920.0,18.866666666666667,0.28677752316043004,0.0,0.28677752316043004,0.08034695612124207,0.21894375461336021,2.33105624538596,-6.799005802804459e-13,0.21894375461336021,0.00014583808967461847,1920.0,5760.0,0.0,0.03125,0.03125,0.0010455294097867919,0.0
67980.0,18.883333333333333,0.2865601890896917,0.0,0.2865601890896917,0.08027518112962459,0.21879826167954,2.33120173831978,-6.799005802804459e-13,0.21879826167954,0.00014549293382005378,1920.0,5760.0,0.0,0.03125,0.03125,0.0010490393735109512,0.0
68040.0,18.9,0.2863433722620883,0.0,0.2863433722620883,0.0802036701448458,0.21865311263121318,2.3313468873681074,-6.794564910705958e-13,0.21865311263121318,0.00014514904832744878,1920.0,5760.0,0.0,0.03125,0.03125,0.0010525649805587243,0.0
68100.0,18.916666666666668,0.2861270708758903,0.0,0.2861270708758903,0.08013242186900646,0.21850830620426434,2.3314916937950554,-6.799005802804459e-13,0.21850830620426434,0.000144806426947936,1920.0,5760.0,0.0,0.03125,0.03125,0.0010560764237419566,0.0
68160.0,18.933333333333334,0.28591128313712977,0.0,0.28591128313712977,0.08006143501206187,0.21836384114079407,2.331636158858526,-6.799005802804459e-13,0.21836384114079407,0.00014446506347048213,1920.0,5760.0,0.0,0.03125,0.03125,0.0010595884874510133,0.0
68220.0,18.95,0.28569600725956684,0.0,0.28569600725956684,0.07999070829176735,0.218219716189072,2.3317802838102475,-6.803446694902959e-13,0.218219716189072,0.0001441249517216233,1920.0,5760.0,0.0,0.03125,0.03125,0.001063082775362218,0.0
68280.0,18.966666666666665,0.28548124146465126,0.0,0.28548124146465126,0.07992024043362486,0.2180759301035069,2.3319240698958126,-6.803446694902959e-13,0.2180759301035069,0.00014378608556520913,1920.0,5760.0,0.0,0.03125,0.03125,0.0010665910727107163,0.0
68340.0,18.983333333333334,0.28526698398148276,0.0,0.28526698398148276,0.07985003017082884,0.21793248164460477,2.3320675183547146,-6.803446694902959e-13,0.21793248164460477,0.00014344845890214134,1920.0,5760.0,0.0,0.03125,0.03125,0.0010700078575540247,0.0
68400.0,19.0,0.2850532330467809,0.0,0.2850532330467809,0.07978007624421343,0.21778936957893483,2.3322106304203847,-6.803446694902959e-13,0.21778936957893483,0.00014311206567011898,1920.0,5760.0,0.0,0.03125,0.03125,0.0010734826029709568,0.0
68460.0,19.016666666666666,0.28483998690484247,0.0,0.28483998690484247,0.07971037740219937,0.2176465926790911,2.332353407320228,-6.80788758700146e-13,0.2176465926790911,0.00014277689984338492,1920.0,5760.0,0.0,0.03125,0.03125,0.0010769538778293336,0.0
68520.0,19.033333333333335,0.28462724380750815,0.0,0.28462724380750815,0.07964093240074185,0.21750414972365867,2.3324958502756608,-6.803446694902959e-13,0.21750414972365867,0.00014244295543247123,1920.0,5760.0,0.0,0.03125,0.03125,0.0010803867408191424,0.0
68580.0,19.05,0.2844150020141265,0.0,0.2844150020141265,0.07957174000327831,0.21736203949717425,2.3326379605021446,-6.812328479099961e-13,0.21736203949717425,0.00014211022648395058,1920.0,5760.0,0.0,0.03125,0.03125,0.0010837969368568928,0.0
68640.0,19.066666666666666,0.2842032597915167,0.0,0.2842032597915167,0.07950279898067684,0.21722026079009368,2.332779739209225,-6.812328479099961e-13,0.21722026079009368,0.0001417787070801859,1920.0,5760.0,0.0,0.03125,0.03125,0.0010872398875722477,0.0
68700.0,19.083333333333332,0.2839920154139337,0.0,0.2839920154139337,0.07943410811118451,0.2170788123987548,2.3329211876005638,-6.812328479099961e-13,0.2170788123987548,0.0001414483913390841,1920.0,5760.0,0.0,0.03125,0.03125,0.00109063895407282,0.0
68760.0,19.1,0.283781267163033,0.0,0.283781267163033,0.0793656661803772,0.21693769312534072,2.3330623068739778,-6.812328479099961e-13,0.21693769312534072,0.0001411192734138487,1920.0,5760.0,0.0,0.03125,0.03125,0.0010940207408219643,0.0
68820.0,19.116666666666667,0.2835710133278333,0.0,0.2835710133278333,0.07929747198110808,0.2167969017778481,2.3332030982214707,-6.812328479099961e-13,0.2167969017778481,0.00014079134749273882,1920.0,5760.0,0.0,0.03125,0.03125,0.001097388257755592,0.0
68880.0,19.133333333333333,0.28336125220468455,0.0,0.28336125220468455,0.07922952431345846,0.21665643717004893,2.3333435628292696,-6.812328479099961e-13,0.21665643717004893,0.00014046460779882703,1920.0,5760.0,0.0,0.03125,0.03125,0.0011007907129504005,0.0
68940.0,19.15,0.28315198209723,0.0,0.28315198209723,0.07916182198468698,0.2165162981214588,2.333483701877859,-6.816769371198461e-13,0.2165162981214588,0.000140139048589757,1920.0,5760.0,0.0,0.03125,0.03125,0.0011041201769053188,0.0
69000.0,19.166666666666668,0.282943201316372,0.0,0.282943201316372,0.07909436380918046,0.21637648345730137,2.3336235165420165,-6.821210263296962e-13,0.21637648345730137,0.00013981466415750705,1920.0,5760.0,0.0,0.03125,0.03125,0.0011074568035087616,0.0
69060.0,19.183333333333334,0.2827349081802378,0.0,0.2827349081802378,0.07902714860840492,0.21623699200847332,2.3337630079908447,-6.816769371198461e-13,0.21623699200847332,0.00013949144882815213,1920.0,5760.0,0.0,0.03125,0.03125,0.0011108457193622224,0.0
69120.0,19.2,0.28252710101414513,0.0,0.28252710101414513,0.07896017521085691,0.2160978226115115,2.3339021773878064,-6.821210263296962e-13,0.2160978226115115,0.00013916939696163088,1920.0,5760.0,0.0,0.03125,0.03125,0.0011141709416779108,0.0
69180.0,19.216666666666665,0.2823197781505675,0.0,0.2823197781505675,0.07889344245201481,0.21595897410855996,2.334041025890758,-6.816769371198461e-13,0.21595897410855996,0.00013884850295151115,1920.0,5760.0,0.0,0.03125,0.03125,0.0011175190588508276,0.0
69240.0,19.233333333333334,0.28211293792909853,0.0,0.28211293792909853,0.07882694917429076,0.21582044534733458,2.334179554651983,-6.825651155395462e-13,0.21582044534733458,0.00013852876122475845,1920.0,5760.0,0.0,0.03125,0.03125,0.001120784360801152,0.0
69300.0,19.25,0.28190657869642044,0.0,0.28190657869642044,0.07876069422698317,0.21568223518109336,2.3343177648182243,-6.821210263296962e-13,0.21568223518109336,0.0001382101662415051,1920.0,5760.0,0.0,0.03125,0.03125,0.001124073929706879,0.0
69360.0,19.266666666666666,0.28170069880626863,0.0,0.28170069880626863,0.07869467646622917,0.21554434246859852,2.334455657530719,-6.825651155395462e-13,0.21554434246859852,0.00013789271249482348,1920.0,5760.0,0.0,0.03125,0.03125,0.0011273474183776317,0.0
69420.0,19.283333333333335,0.28149529661939715,0.0,0.28149529661939715,0.07862889475495759,0.21540676607408776,2.3345932339252293,-6.825651155395462e-13,0.21540676607408776,0.0001375763945105,1920.0,5760.0,0.0,0.03125,0.03125,0.0011306221632188995,0.0
69480.0,19.3,0.28129037050354794,0.0,0.28129037050354794,0.07856334796284231,0.21526950486724078,2.334730495132076,-6.830092047493963e-13,0.21526950486724078,0.00013726120684680746,1920.0,5760.0,0.0,0.03125,0.03125,0.0011338609511318538,0.0
69540.0,19.316666666666666,0.2810859188334142,0.0,0.2810859188334142,0.0784980349662562,0.21513255772314688,2.3348674422761704,-6.825651155395462e-13,0.21513255772314688,0.00013694714409428547,1920.0,5760.0,0.0,0.03125,0.03125,0.0011371437058549398,0.0
69600.0,19.333333333333332,0.2808819399906084,0.0,0.2808819399906084,0.07843295464822447,0.2149959235222709,2.335004076477046,-6.830092047493963e-13,0.2149959235222709,0.0001366342008755159,1920.0,5760.0,0.0,0.03125,0.03125,0.001140339093668322,0.0
69660.0,19.35,0.2806784323636301,0.0,0.2806784323636301,0.07836810589837963,0.21485960115042596,2.335140398848891,-6.830092047493963e-13,0.21485960115042596,0.00013632237184490364,1920.0,5760.0,0.0,0.03125,0.03125,0.0011435435794541105,0.0
69720.0,19.366666666666667,0.2804753943478321,0.0,0.2804753943478321,0.07830348761291593,0.21472358949873696,2.335276410500579,-6.834532939592464e-13,0.21472358949873696,0.00013601165168845915,1920.0,5760.0,0.0,0.03125,0.03125,0.0011467835606097162,0.0
69780.0,19.383333333333333,0.2802728243453862,0.0,0.2802728243453862,0.07823909869454425,0.21458788746361335,2.335412112535703,-6.838973831690964e-13,0.21458788746361335,0.00013570203512358118,1920.0,5760.0,0.0,0.03125,0.03125,0.0011499606954675687,0.0
69840.0,19.4,0.2800707207652544,0.0,0.2800707207652544,0.07817493805244756,0.2144524939467146,2.3355475060526016,-6.834532939592464e-13,0.2144524939467146,0.00013539351689884,1920.0,5760.0,0.0,0.03125,0.03125,0.0011531444454942906,0.0
69900.0,19.416666666666668,0.27986908202315264,0.0,0.27986908202315264,0.07811100460223645,0.21431740785492054,2.3356825921443956,-6.838973831690964e-13,0.21431740785492054,0.00013508609179376687,1920.0,5760.0,0.0,0.03125,0.03125,0.0011562956827055383,0.0
69960.0,19.433333333333334,0.2796679065415203,0.0,0.2796679065415203,0.07804729726590534,0.21418262810030209,2.3358173718990143,-6.834532939592464e-13,0.21418262810030209,0.00013477975461863902,1920.0,5760.0,0.0,0.03125,0.03125,0.0011594597253421746,0.0
70020.0,19.45,0.2794671927494874,0.0,0.2794671927494874,0.07798381497178866,0.21404815360008742,2.3359518463992286,-6.838973831690964e-13,0.21404815360008742,0.00013447450021427054,1920.0,5760.0,0.0,0.03125,0.03125,0.0011626064515117903,0.0
70080.0,19.466666666666665,0.2792669390828433,0.0,0.2792669390828433,0.07792055665451733,0.21391398327663566,2.3360860167226805,-6.838973831690964e-13,0.21391398327663566,0.00013417032345180454,1920.0,5760.0,0.0,0.03125,0.03125,0.0011657360078621086,0.0
70140.0,19.483333333333334,0.2790671439840048,0.0,0.2790671439840048,0.07785752125497593,0.21378011605740335,2.336219883941913,-6.834532939592464e-13,0.21378011605740335,0.00013386721923250172,1920.0,5760.0,0.0,0.03125,0.03125,0.0011688148318844634,0.0
70200.0,19.5,0.27886780590198346,0.0,0.27886780590198346,0.07779470772025963,0.2136465508749152,2.3363534491244002,-6.843414723789465e-13,0.2136465508749152,0.00013356518248753906,1920.0,5760.0,0.0,0.03125,0.03125,0.0011719541635189909,0.0
70260.0,19.516666666666666,0.2786689232923551,0.0,0.2786689232923551,0.07773211500363239,0.2135132866667373,2.336486713332578,-6.843414723789465e-13,0.2135132866667373,0.0001332642081778034,1920.0,5760.0,0.0,0.03125,0.03125,0.0011749911625948575,0.0
70320.0,19.533333333333335,0.27847049461722684,0.0,0.27847049461722684,0.07766974206448429,0.21338032237544335,2.336619677623872,-6.847855615887966e-13,0.21338032237544335,0.00013296429129368753,1920.0,5760.0,0.0,0.03125,0.03125,0.0011780857152123632,0.0
70380.0,19.55,0.2782725183452094,0.0,0.2782725183452094,0.07760758786828978,0.21324765694858866,2.3367523430507267,-6.843414723789465e-13,0.21324765694858866,0.00013266542685489279,1920.0,5760.0,0.0,0.03125,0.03125,0.0011811808005523909,0.0
70440.0,19.566666666666666,0.2780749929513815,0.0,0.2780749929513815,0.07754565138656654,0.21311528933867804,2.336884710660637,-6.847855615887966e-13,0.21311528933867804,0.0001323676099102228,1920.0,5760.0,0.0,0.03125,0.03125,0.0011842499163528754,0.0
70500.0,19.583333333333332,0.2778779169172617,0.0,0.2778779169172617,0.07748393159683375,0.2129832185031404,2.337016781496174,-6.852296507986466e-13,0.2129832185031404,0.0001320708355373904,1920.0,5760.0,0.0,0.03125,0.03125,0.0011872696311529497,0.0
70560.0,19.6,0.2776812887307782,0.0,0.2776812887307782,0.07742242748257176,0.21285144340429749,2.337148556595017,-6.852296507986466e-13,0.21285144340429749,0.00013177509884281777,1920.0,5760.0,0.0,0.03125,0.03125,0.0011902728625919612,0.0
70620.0,19.616666666666667,0.2774851068862347,0.0,0.2774851068862347,0.07736113803318123,0.2127199630093362,2.3372800369899784,-6.852296507986466e-13,0.2127199630093362,0.00013148039496144333,1920.0,5760.0,0.0,0.03125,0.03125,0.0011932475704172533,0.0
70680.0,19.633333333333333,0.2772893698842846,0.0,0.2772893698842846,0.07730006224394277,0.21258877629027934,2.3374112237090348,-6.856737400084967e-13,0.21258877629027934,0.00013118671905652598,1920.0,5760.0,0.0,0.03125,0.03125,0.0011962484081657777,0.0
70740.0,19.65,0.277094076231897,0.0,0.277094076231897,0.0772391991159772,0.21245788222395987,2.3375421177753544,-6.856737400084967e-13,0.21245788222395987,0.0001308940663194518,1920.0,5760.0,0.0,0.03125,0.03125,0.001199238395231138,0.0
70800.0,19.666666666666668,0.27689922444232895,0.0,0.27689922444232895,0.07717854765620553,0.21232727979198998,2.337672720207324,-6.856737400084967e-13,0.21232727979198998,0.00013060243196954367,1920.0,5760.0,0.0,0.03125,0.03125,0.0012022052626505459,0.0
70860.0,19.683333333333334,0.2767048130350918,0.0,0.2767048130350918,0.07711810687730995,0.21219696798073628,2.3378030320185776,-6.856737400084967e-13,0.21219696798073628,0.00013031181125387309,1920.0,5760.0,0.0,0.03125,0.03125,0.0012051617547685183,0.0
70920.0,19.7,0.27651084053592767,0.0,0.27651084053592767,0.07705787579769448,0.21206694578128896,2.3379330542180248,-6.861178292183467e-13,0.21206694578128896,0.00013002219944706976,1920.0,5760.0,0.0,0.03125,0.03125,0.0012080635337925324,0.0
70980.0,19.716666666666665,0.2763173054767733,0.0,0.2763173054767733,0.07699785344144634,0.2119372121894377,2.338062787809876,-6.861178292183467e-13,0.2119372121894377,0.00012973359185113444,1920.0,5760.0,0.0,0.03125,0.03125,0.0012109772447205622,0.0
71040.0,19.733333333333334,0.276124206395733,0.0,0.276124206395733,0.0769380388382969,0.21180776620564237,2.338192233793671,-6.865619184281968e-13,0.21180776620564237,0.00012944598379525487,1920.0,5760.0,0.0,0.03125,0.03125,0.0012138981039097351,0.0
71100.0,19.75,0.2759315418370505,0.0,0.2759315418370505,0.07687843102358426,0.2116786068350066,2.3383213931643065,-6.865619184281968e-13,0.2116786068350066,0.00012915937063561977,1920.0,5760.0,0.0,0.03125,0.03125,0.0012167650423945844,0.0
71160.0,19.766666666666666,0.2757393103510778,0.0,0.2757393103510778,0.07681902903821479,0.21154973308725128,2.3384502669120617,-6.870060076380469e-13,0.21154973308725128,0.00012887374775523766,1920.0,5760.0,0.0,0.03125,0.03125,0.001219643076474219,0.0
71220.0,19.783333333333335,0.27554751049424636,0.0,0.27554751049424636,0.07675983192862519,0.2114211439766874,2.3385788560226253,-6.870060076380469e-13,0.2114211439766874,0.0001285891105637544,1920.0,5760.0,0.0,0.03125,0.03125,0.0012225137143821346,0.0
71280.0,19.8,0.27535614082903914,0.0,0.27535614082903914,0.07670083874674576,0.2112928385221895,2.3387071614771227,-6.874500968478969e-13,0.2112928385221895,0.0001283054544972726,1920.0,5760.0,0.0,0.03125,0.03125,0.0012253590577959235,0.0
71340.0,19.816666666666666,0.27516519992395994,0.0,0.27516519992395994,0.07664204854996298,0.21116481574717139,2.3388351842521407,-6.87894186057747e-13,0.21116481574717139,0.0001280227750181735,1920.0,5760.0,0.0,0.03125,0.03125,0.0012282226252261744,0.0
71400.0,19.833333333333332,0.27497468635350636,0.0,0.27497468635350636,0.0765834604010823,0.21103707467955632,2.3389629253197555,-6.87894186057747e-13,0.21103707467955632,0.00012774106761493918,1920.0,5760.0,0.0,0.03125,0.03125,0.0012310175514166205,0.0
71460.0,19.85,0.2747845986981402,0.0,0.2747845986981402,0.07652507336829228,0.21090961435175418,2.3390903856475576,-6.87894186057747e-13,0.21090961435175418,0.00012746032780197713,1920.0,5760.0,0.0,0.03125,0.03125,0.0012338151088657511,0.0
71520.0,19.866666666666667,0.27459493554425984,0.0,0.27459493554425984,0.07646688652512769,0.21078243380063433,2.339217566198677,-6.883382752675971e-13,0.21078243380063433,0.00012718055111944447,1920.0,5760.0,0.0,0.03125,0.03125,0.001236629664286022,0.0
71580.0,19.883333333333333,0.2744056954841707,0.0,0.2744056954841707,0.07640889895043379,0.21065553206750176,2.33934446793181,-6.883382752675971e-13,0.21065553206750176,0.00012690173313307422,1920.0,5760.0,0.0,0.03125,0.03125,0.0012393766666231603,0.0
71640.0,19.9,0.27421687711605847,0.0,0.27421687711605847,0.07635110972833031,0.2105289081980672,2.339471091801244,-6.887823644774471e-13,0.2105289081980672,0.0001266238694340025,1920.0,5760.0,0.0,0.03125,0.03125,0.0012421353989196511,0.0
71700.0,19.916666666666668,0.2740284790439605,0.0,0.2740284790439605,0.07629351794817626,0.2104025612424283,2.3395974387568828,-6.887823644774471e-13,0.2104025612424283,0.00012634695563860007,1920.0,5760.0,0.0,0.03125,0.03125,0.0012448738628148268,0.0
71760.0,19.933333333333334,0.2738404998777365,0.0,0.2738404998777365,0.07623612270453455,0.21027649025504014,2.339723509744271,-6.887823644774471e-13,0.21027649025504014,0.0001260709873882992,1920.0,5760.0,0.0,0.03125,0.03125,0.0012475975114082474,0.0
71820.0,19.95,0.27365293823304443,0.0,0.27365293823304443,0.07617892309713684,0.21015069429469013,2.3398493057046204,-6.892264536872972e-13,0.21015069429469013,0.00012579596034942764,1920.0,5760.0,0.0,0.03125,0.03125,0.001250305917667627,0.0
71880.0,19.966666666666665,0.273465792731309,0.0,0.273465792731309,0.07612191823084914,0.21002517242447682,2.3399748275748333,-6.896705428971472e-13,0.21002517242447682,0.00012552187021303983,1920.0,5760.0,0.0,0.03125,0.03125,0.0012530042292877186,0.0
71940.0,19.983333333333334,0.2732790619996964,0.0,0.2732790619996964,0.0760651072156372,0.20989992371178234,2.340100076287528,-6.896705428971472e-13,0.20989992371178234,0.00012524871269475304,1920.0,5760.0,0.0,0.03125,0.03125,0.001255700336811002,0.0
72000.0,20.0,0.2730927446710856,0.0,0.2730927446710856,0.07600848916653224,0.2097749472282474,2.3402250527710624,-6.901146321069973e-13,0.2097749472282474,0.0001249764835345786,1920.0,5760.0,0.0,0.03125,0.03125,0.001258339660779396,0.0
72060.0,20.016666666666666,0.2729068393840428,0.0,0.2729068393840428,0.07595206320359724,0.20965024204975086,2.3403497579495594,-6.896705428971472e-13,0.20965024204975086,0.00012470517849676323,1920.0,5760.0,0.0,0.03125,0.03125,0.0012609990521818808,0.0
72120.0,20.033333333333335,0.27272134478279286,0.0,0.27272134478279286,0.07589582845189276,0.20952580725638112,2.340474192742929,-6.896705428971472e-13,0.20952580725638112,0.00012443479336962277,1920.0,5760.0,0.0,0.03125,0.03125,0.0012636239604123358,0.0
72180.0,20.05,0.27253625951719396,0.0,0.27253625951719396,0.075839784041444,0.20940164193241564,2.3405983580668943,-6.896705428971472e-13,0.20940164193241564,0.00012416532396538246,1920.0,5760.0,0.0,0.03125,0.03125,0.001266270981693332,0.0
72240.0,20.066666666666666,0.2723515822427085,0.0,0.2723515822427085,0.07578392910720755,0.20927774516629502,2.340722254833014,-6.905587213168474e-13,0.20927774516629502,0.0001238967661200185,1920.0,5760.0,0.0,0.03125,0.03125,0.0012688398199630806,0.0
72300.0,20.083333333333332,0.2721673116203792,0.0,0.2721673116203792,0.0757282627890381,0.2091541160506018,2.3408458839487074,-6.905587213168474e-13,0.2091541160506018,0.0001236291156930969,1920.0,5760.0,0.0,0.03125,0.03125,0.0012714373995704375,0.0
72360.0,20.1,0.27198344631679966,0.0,0.27198344631679966,0.07567278423165603,0.209030753682034,2.340969246317275,-6.910028105266974e-13,0.209030753682034,0.0001233623685676171,1920.0,5760.0,0.0,0.03125,0.03125,0.0012740040394433817,0.0
72420.0,20.116666666666667,0.2717999850040904,0.0,0.2717999850040904,0.07561749258461463,0.20890765716138418,2.341092342837925,-6.905587213168474e-13,0.20890765716138418,0.0001230965206498546,1920.0,5760.0,0.0,0.03125,0.03125,0.0012765325921380325,0.0
72480.0,20.133333333333333,0.27161692635987195,0.0,0.27161692635987195,0.07556238700226843,0.20878482559351486,2.3412151744057943,-6.905587213168474e-13,0.20878482559351486,0.00012283156786920698,1920.0,5760.0,0.0,0.03125,0.03125,0.0012791053042137087,0.0
72540.0,20.15,0.2714342690672372,0.0,0.2714342690672372,0.07550746664374063,0.20866225808733677,2.3413377419119725,-6.905587213168474e-13,0.20866225808733677,0.00012256750617804045,1920.0,5760.0,0.0,0.03125,0.03125,0.001281630124832877,0.0
72600.0,20.166666666666668,0.2712520118147273,0.0,0.2712520118147273,0.07545273067289161,0.20853995375578507,2.341460046243524,-6.905587213168474e-13,0.20853995375578507,0.00012230433155153292,1920.0,5760.0,0.0,0.03125,0.03125,0.001284090708045345,0.0
72660.0,20.183333333333334,0.2710701532963055,0.0,0.2710701532963055,0.07539817825828758,0.20841791171579735,2.341582088283512,-6.905587213168474e-13,0.20841791171579735,0.00012204203998752709,1920.0,5760.0,0.0,0.03125,0.03125,0.0012866311930881562,0.0
72720.0,20.2,0.27088869221132966,0.0,0.27088869221132966,0.07534380857316893,0.20829613108829062,2.341703868911018,-6.910028105266974e-13,0.20829613108829062,0.00012178062750637742,1920.0,5760.0,0.0,0.03125,0.03125,0.0012890731044927284,0.0
72780.0,20.216666666666665,0.2707076272645295,0.0,0.2707076272645295,0.07528962079541955,0.20817461099813964,2.341825389001169,-6.910028105266974e-13,0.20817461099813964,0.00012152009015079987,1920.0,5760.0,0.0,0.03125,0.03125,0.0012915441918531054,0.0
72840.0,20.233333333333334,0.27052695716597874,0.0,0.27052695716597874,0.07523561410753567,0.2080533505741537,2.3419466494251546,-6.914468997365475e-13,0.2080533505741537,0.00012126042398572544,1920.0,5760.0,0.0,0.03125,0.03125,0.0012939739282962826,0.0
72900.0,20.25,0.27034668063107054,0.0,0.27034668063107054,0.07518178769659598,0.2079323489490553,2.342067651050253,-6.914468997365475e-13,0.2079323489490553,0.00012100162509815048,1920.0,5760.0,0.0,0.03125,0.03125,0.0012963970711791651,0.0
72960.0,20.266666666666666,0.270166796380492,0.0,0.270166796380492,0.0751281407542302,0.207811605259458,2.34218839473985,-6.918909889463976e-13,0.207811605259458,0.00012074368959699495,1920.0,5760.0,0.0,0.03125,0.03125,0.0012988295589514765,0.0
73020.0,20.283333333333335,0.26998730314020025,0.0,0.26998730314020025,0.07507467247658957,0.20769111864584525,2.3423088813534627,-6.918909889463976e-13,0.20769111864584525,0.00012048661361294963,1920.0,5760.0,0.0,0.03125,0.03125,0.0013011820533136902,0.0
73080.0,20.3,0.26980819964139613,0.0,0.26980819964139613,0.0750213820643163,0.2075708882525466,2.342429111746761,-6.923350781562476e-13,0.2075708882525466,0.00012023039329833587,1920.0,5760.0,0.0,0.03125,0.03125,0.0013035830739185623,0.0
73140.0,20.316666666666666,0.2696294846204989,0.0,0.2696294846204989,0.07496826872251487,0.20745091322771952,2.3425490867715877,-6.927791673660977e-13,0.20745091322771952,0.00011997502482696483,1920.0,5760.0,0.0,0.03125,0.03125,0.0013059338758128953,0.0
73200.0,20.333333333333332,0.2694511568191235,0.0,0.2694511568191235,0.074915331660722,0.2073311927233254,2.342668807275982,-6.927791673660977e-13,0.2073311927233254,0.00011972050439399051,1920.0,5760.0,0.0,0.03125,0.03125,0.0013082855207510193,0.0
73260.0,20.35,0.2692732149840541,0.0,0.2692732149840541,0.0748625700928781,0.20721172589510983,2.3427882741041977,-6.923350781562476e-13,0.20721172589510983,0.00011946682821577667,1920.0,5760.0,0.0,0.03125,0.03125,0.0013106042447588234,0.0
73320.0,20.366666666666667,0.26909565786721995,0.0,0.26909565786721995,0.07480998323729726,0.20709251190257982,2.3429074880967273,-6.927791673660977e-13,0.20709251190257982,0.00011921399252975076,1920.0,5760.0,0.0,0.03125,0.03125,0.0013128765748628428,0.0
73380.0,20.383333333333333,0.2689184842256723,0.0,0.2689184842256723,0.07475757031663886,0.20697354990898534,2.3430264500903215,-6.927791673660977e-13,0.20697354990898534,0.00011896199359426606,1920.0,5760.0,0.0,0.03125,0.03125,0.0013152444256147066,0.0
73440.0,20.4,0.26874169282155924,0.0,0.26874169282155924,0.07470533055787873,0.2068548390812967,2.34314516091801,-6.932232565759477e-13,0.2068548390812967,0.00011871082768846369,1920.0,5760.0,0.0,0.03125,0.03125,0.0013174959674003488,0.0
73500.0,20.416666666666668,0.26856528242210065,0.0,0.26856528242210065,0.07465326319228109,0.20673637859018398,2.343263621409122,-6.941114349956479e-13,0.20673637859018398,0.0001184604911121366,1920.0,5760.0,0.0,0.03125,0.03125,0.0013197248486256973,0.0
73560.0,20.433333333333334,0.26838925179956546,0.0,0.26838925179956546,0.07460136745537006,0.2066181676099983,2.343381832389307,-6.945555242054979e-13,0.2066181676099983,0.00011821098018559353,1920.0,5760.0,0.0,0.03125,0.03125,0.0013219720502694252,0.0
73620.0,20.45,0.2682135997312478,0.0,0.2682135997312478,0.07454964258690198,0.2065002053187485,2.343499794680557,-6.945555242054979e-13,0.2065002053187485,0.00011796229124952396,1920.0,5760.0,0.0,0.03125,0.03125,0.0013242040644852668,0.0
73680.0,20.466666666666665,0.2680383249994422,0.0,0.2680383249994422,0.07449808783083725,0.20638249089808364,2.3436175091012217,-6.945555242054979e-13,0.20638249089808364,0.0001177144206648642,1920.0,5760.0,0.0,0.03125,0.03125,0.0013263957531445836,0.0
73740.0,20.483333333333334,0.26786342639142063,0.0,0.26786342639142063,0.07444670243531333,0.2062650235332707,2.3437349764660342,-6.94999613415348e-13,0.2062650235332707,0.00011746736481266515,1920.0,5760.0,0.0,0.03125,0.03125,0.0013285979895920395,0.0
73800.0,20.5,0.26768890269940954,0.0,0.26768890269940954,0.07439548565261646,0.20614780241317643,2.3438521975861284,-6.94999613415348e-13,0.20614780241317643,0.00011722112009396,1920.0,5760.0,0.0,0.03125,0.03125,0.0013307862892270167,0.0
73860.0,20.516666666666666,0.26751475272056524,0.0,0.26751475272056524,0.07434443673915574,0.20603082673024695,2.343969173269058,-6.945555242054979e-13,0.20603082673024695,0.00011697568292963358,1920.0,5760.0,0.0,0.03125,0.03125,0.0013329168428798956,0.0
73920.0,20.533333333333335,0.26734097525695216,0.0,0.26734097525695216,0.07429355495543513,0.20591409568048616,2.3440859043188187,-6.94999613415348e-13,0.20591409568048616,0.0001167310497602935,1920.0,5760.0,0.0,0.03125,0.03125,0.0013350694447571984,0.0
73980.0,20.55,0.26716756911551703,0.0,0.26716756911551703,0.07424283956602712,0.20579760846344028,2.3442023915358647,-6.94999613415348e-13,0.20579760846344028,0.0001164872170461383,1920.0,5760.0,0.0,0.03125,0.03125,0.0013371697770671262,0.0
74040.0,20.566666666666666,0.2669945331080695,0.0,0.2669945331080695,0.0741922898395459,0.20568136428217298,2.3443186357171317,-6.94999613415348e-13,0.20568136428217298,0.0001162441812668318,1920.0,5760.0,0.0,0.03125,0.03125,0.0013392887184665424,0.0
74100.0,20.583333333333332,0.26682186605125546,0.0,0.26682186605125546,0.07414190504862155,0.20556536234325148,2.344434637656053,-6.954437026251981e-13,0.20556536234325148,0.000116001938921376,1920.0,5760.0,0.0,0.03125,0.03125,0.0013413932519937238,0.0
74160.0,20.6,0.2666495667665366,0.0,0.2666495667665366,0.07409168446987326,0.20544960185672329,2.344550398142581,-6.954437026251981e-13,0.20544960185672329,0.00011576048652798465,1920.0,5760.0,0.0,0.03125,0.03125,0.001343484754216545,0.0
74220.0,20.616666666666667,0.2664776340801682,0.0,0.2664776340801682,0.07404162738388366,0.20533408203609949,2.344665917963205,-6.954437026251981e-13,0.20533408203609949,0.00011551982062395711,1920.0,5760.0,0.0,0.03125,0.03125,0.0013455405625762392,0.0
74280.0,20.633333333333333,0.2663060668231746,0.0,0.2663060668231746,0.07399173307517301,0.2052188020983338,2.3447811979009705,-6.954437026251981e-13,0.2052188020983338,0.00011527993776555571,1920.0,5760.0,0.0,0.03125,0.03125,0.001347597604671617,0.0
74340.0,20.65,0.2661348638313259,0.0,0.2661348638313259,0.07394200083217335,0.20510376126380558,2.3448962387354984,-6.958877918350481e-13,0.20510376126380558,0.00011504083452788116,1920.0,5760.0,0.0,0.03125,0.03125,0.0013495764554652728,0.0
74400.0,20.666666666666668,0.26596402394512014,0.0,0.26596402394512014,0.07389242994720364,0.20498895875630063,2.345011041243003,-6.958877918350481e-13,0.20498895875630063,0.00011480250750475029,1920.0,5760.0,0.0,0.03125,0.03125,0.0013515515833305632,0.0
74460.0,20.683333333333334,0.2657935460097572,0.0,0.2657935460097572,0.07384301971644372,0.20487439380299197,2.3451256061963117,-6.963318810448982e-13,0.20487439380299197,0.00011456495330857577,1920.0,5760.0,0.0,0.03125,0.03125,0.001353569553944529,0.0
74520.0,20.7,0.2656234288751158,0.0,0.2656234288751158,0.07379376943991003,0.20476006563442142,2.3452399343648818,-6.967759702547482e-13,0.20476006563442142,0.00011432816857024345,1920.0,5760.0,0.0,0.03125,0.03125,0.001355518629200178,0.0
74580.0,20.716666666666665,0.2654536713957363,0.0,0.2654536713957363,0.07374467842143045,0.2046459734844823,2.345354026514821,-6.967759702547482e-13,0.2046459734844823,0.00011409214993899384,1920.0,5760.0,0.0,0.03125,0.03125,0.0013575134869835126,0.0
74640.0,20.733333333333334,0.26528427243079256,0.0,0.26528427243079256,0.07369574596861943,0.20453211659039966,2.345467883408903,-6.972200594645983e-13,0.20453211659039966,0.00011385689408230319,1920.0,5760.0,0.0,0.03125,0.03125,0.001359444936759872,0.0
74700.0,20.75,0.2651152308440763,0.0,0.2651152308440763,0.07364697139285377,0.20441849419271368,2.3455815058065888,-6.972200594645983e-13,0.20441849419271368,0.00011362239768576484,1920.0,5760.0,0.0,0.03125,0.03125,0.001361345640797256,0.0
74760.0,20.766666666666666,0.26494654550396984,0.0,0.26494654550396984,0.07359835400924818,0.2043051055352604,2.345694894464042,-6.976641486744484e-13,0.2043051055352604,0.00011338865745297386,1920.0,5760.0,0.0,0.03125,0.03125,0.0013632279550932342,0.0
74820.0,20.783333333333335,0.2647782152834298,0.0,0.2647782152834298,0.07354989313663131,0.20419194986515513,2.3458080501341474,-6.972200594645983e-13,0.20419194986515513,0.00011315567010540772,1920.0,5760.0,0.0,0.03125,0.03125,0.0013651400456806179,0.0
74880.0,20.8,0.26461023905996006,0.0,0.26461023905996006,0.07350158809752157,0.20407902643277254,2.3459209735665296,-6.976641486744484e-13,0.20407902643277254,0.00011292343238231309,1920.0,5760.0,0.0,0.03125,0.03125,0.001367004866962597,0.0
74940.0,20.816666666666666,0.2644426157155957,0.0,0.2644426157155957,0.07345343821810343,0.20396633449173182,2.34603366550757,-6.976641486744484e-13,0.20396633449173182,0.00011269194104059169,1920.0,5760.0,0.0,0.03125,0.03125,0.0013688694722570048,0.0
75000.0,20.833333333333332,0.2642753441368766,0.0,0.2642753441368766,0.07340544282820397,0.20385387329887644,2.346146126700425,-6.985523270941485e-13,0.20385387329887644,0.00011246119285468501,1920.0,5760.0,0.0,0.03125,0.03125,0.0013706998439548365,0.0
75060.0,20.85,0.2641084232148324,0.0,0.2641084232148324,0.07335760126126889,0.20374164211426024,2.3462583578850413,-6.981082378842984e-13,0.20374164211426024,0.00011223118461646127,1920.0,5760.0,0.0,0.03125,0.03125,0.0013724744699371949,0.0
75120.0,20.866666666666667,0.2639418518449552,0.0,0.2639418518449552,0.07330991285434009,0.2036296402011248,2.3463703597981764,-6.985523270941485e-13,0.2036296402011248,0.00011200191313510507,1920.0,5760.0,0.0,0.03125,0.03125,0.001374294985239321,0.0
75180.0,20.883333333333333,0.26377562892718287,0.0,0.26377562892718287,0.07326237694803206,0.2035178668258879,2.3464821331734136,-6.981082378842984e-13,0.2035178668258879,0.00011177337523700527,1920.0,5760.0,0.0,0.03125,0.03125,0.0013760609702580778,0.0
75240.0,20.9,0.26360975336587633,0.0,0.26360975336587633,0.07321499288650862,0.203406321258122,2.346593678741179,-6.985523270941485e-13,0.203406321258122,0.0001115455677656429,1920.0,5760.0,0.0,0.03125,0.03125,0.0013778199058163618,0.0
75300.0,20.916666666666668,0.26344422406979867,0.0,0.26344422406979867,0.07316776001746093,0.20329500277054033,2.346704997228761,-6.985523270941485e-13,0.20329500277054033,0.00011131848758148351,1920.0,5760.0,0.0,0.03125,0.03125,0.0013795535224169768,0.0
75360.0,20.933333333333334,0.26327903995209606,0.0,0.26327903995209606,0.07312067769208468,0.20318391063897823,2.3468160893603227,-6.989964163039986e-13,0.20318391063897823,0.00011109213156186989,1920.0,5760.0,0.0,0.03125,0.03125,0.001381299014402726,0.0
75420.0,20.95,0.26311419993027596,0.0,0.26311419993027596,0.073073745265057,0.20307304414237687,2.3469269558569237,-6.994405055138486e-13,0.20307304414237687,0.00011086649660090851,1920.0,5760.0,0.0,0.03125,0.03125,0.0013830040456401969,0.0
75480.0,20.966666666666665,0.26294970292618736,0.0,0.26294970292618736,0.07302696209451515,0.2029624025627677,2.347037597436533,-6.989964163039986e-13,0.2029624025627677,0.0001106415796093682,1920.0,5760.0,0.0,0.03125,0.03125,0.0013846737726439548,0.0
75540.0,20.983333333333334,0.2627855478659981,0.0,0.2627855478659981,0.07298032754203371,0.2028519851852526,2.3471480148140476,-6.998845947236987e-13,0.2028519851852526,0.00011041737751457017,1920.0,5760.0,0.0,0.03125,0.03125,0.0013863623010385226,0.0
75600.0,21.0,0.26262173368018027,0.0,0.26262173368018027,0.07293384097260311,0.2027417912979922,2.347258208701308,-6.998845947236987e-13,0.2027417912979922,0.00011019388726028355,1920.0,5760.0,0.0,0.03125,0.03125,0.0013880232418100474,0.0
75660.0,21.016666666666666,0.262458259303484,0.0,0.262458259303484,0.07288750175460754,0.2026318201921856,2.3473681798071144,-6.998845947236987e-13,0.2026318201921856,0.0001099711058066201,1920.0,5760.0,0.0,0.03125,0.03125,0.0013896383589099338,0.0
75720.0,21.033333333333335,0.2622951236749201,0.0,0.2622951236749201,0.07284130925980326,0.20252207116205517,2.3474779288372445,-7.003286839335487e-13,0.20252207116205517,0.00010974903012993022,1920.0,5760.0,0.0,0.03125,0.03125,0.0013912855143410486,0.0
75780.0,21.05,0.26213232573774115,0.0,0.26213232573774115,0.07279526286329745,0.20241254350483265,2.347587456494467,-7.003286839335487e-13,0.20241254350483265,0.00010952765722269861,1920.0,5760.0,0.0,0.03125,0.03125,0.0013928553305083279,0.0
75840.0,21.066666666666666,0.26196986443941855,0.0,0.26196986443941855,0.07274936194352695,0.20230323652073853,2.3476967634785604,-7.007727731433988e-13,0.20230323652073853,0.00010930698409344313,1920.0,5760.0,0.0,0.03125,0.03125,0.001394487661134247,0.0
75900.0,21.083333333333332,0.26180773873162694,0.0,0.26180773873162694,0.07270360588223632,0.20219414951297185,2.347805850486327,-7.012168623532489e-13,0.20219414951297185,0.00010908700776661264,1920.0,5760.0,0.0,0.03125,0.03125,0.0013960350646272056,0.0
75960.0,21.1,0.26164594757022175,0.0,0.26164594757022175,0.072657994064458,0.20208528178768906,2.347914718211609,-7.016609515630989e-13,0.20208528178768906,0.00010886772528248377,1920.0,5760.0,0.0,0.03125,0.03125,0.0013976017564980884,0.0
76020.0,21.116666666666667,0.26148448991522016,0.0,0.26148448991522016,0.0726125258784906,0.201976632653992,2.348023367345306,-7.016609515630989e-13,0.201976632653992,0.00010864913369706374,1920.0,5760.0,0.0,0.03125,0.03125,0.00139912318242947,0.0
76080.0,21.133333333333333,0.2613233647307819,0.0,0.2613233647307819,0.07256720071587852,0.20186820142390988,2.348131798575388,-7.02105040772949e-13,0.20186820142390988,0.00010843123008198774,1920.0,5760.0,0.0,0.03125,0.03125,0.0014006513640828996,0.0
76140.0,21.15,0.2611625709851899,0.0,0.2611625709851899,0.07252201797139143,0.2017599874123852,2.3482400125869125,-7.02105040772949e-13,0.2017599874123852,0.00010821401152442206,1920.0,5760.0,0.0,0.03125,0.03125,0.001402149524893287,0.0
76200.0,21.166666666666668,0.26100210765083137,0.0,0.26100210765083137,0.0724769770430036,0.20165198993725827,2.3483480100620393,-7.02105040772949e-13,0.20165198993725827,0.00010799747512696421,1920.0,5760.0,0.0,0.03125,0.03125,0.0014036542367448712,0.0
76260.0,21.183333333333334,0.26084197370417855,0.0,0.26084197370417855,0.07243207733187415,0.20154420831925013,2.348455791680047,-7.029932191926491e-13,0.20154420831925013,0.00010778161800754625,1920.0,5760.0,0.0,0.03125,0.03125,0.0014050979295249595,0.0
76320.0,21.2,0.2606821681257696,0.0,0.2606821681257696,0.07238731824232644,0.20143664188195098,2.348563358117346,-7.029932191926491e-13,0.20143664188195098,0.00010756643729933831,1920.0,5760.0,0.0,0.03125,0.03125,0.001406527871602624,0.0
76380.0,21.216666666666665,0.26052268990018934,0.0,0.26052268990018934,0.07234269918182808,0.20132928995179966,2.3486707100474966,-7.034373084024992e-13,0.20132928995179966,0.00010735193015065044,1920.0,5760.0,0.0,0.03125,0.03125,0.0014079635450861736,0.0
76440.0,21.233333333333334,0.26036353801605083,0.0,0.26036353801605083,0.07229821956097172,0.20122215185807504,2.3487778481412214,-7.034373084024992e-13,0.20122215185807504,0.00010713809372483925,1920.0,5760.0,0.0,0.03125,0.03125,0.0014093600125027934,0.0
76500.0,21.25,0.26020471146597757,0.0,0.26020471146597757,0.07225387879345502,0.20111522693287467,2.3488847730664215,-7.034373084024992e-13,0.20111522693287467,0.000106924925200213,1920.0,5760.0,0.0,0.03125,0.03125,0.0014107551405886487,0.0
76560.0,21.266666666666666,0.2600462092465821,0.0,0.2600462092465821,0.0722096762960607,0.2010085145111044,2.3489914854881913,-7.043254868221993e-13,0.2010085145111044,0.00010671242176993646,1920.0,5760.0,0.0,0.03125,0.03125,0.0014121701506482085,0.0
76620.0,21.283333333333335,0.2598880303584494,0.0,0.2598880303584494,0.0721656114886378,0.20090201393046217,2.3490979860688332,-7.043254868221993e-13,0.20090201393046217,0.00010650058064193701,1920.0,5760.0,0.0,0.03125,0.03125,0.0014134996479706573,0.0
76680.0,21.3,0.25973017380611996,0.0,0.25973017380611996,0.0721216837940821,0.20079572453142322,2.349204275467872,-7.047695760320494e-13,0.20079572453142322,0.0001062893990388143,1920.0,5760.0,0.0,0.03125,0.03125,0.001414839472540786,0.0
76740.0,21.316666666666666,0.25957263859806856,0.0,0.25957263859806856,0.0720778926383172,0.20068964565722502,2.3493103543420695,-7.052136652418994e-13,0.20068964565722502,0.00010607887419774572,1920.0,5760.0,0.0,0.03125,0.03125,0.001416160707321071,0.0
76800.0,21.333333333333332,0.2594154237466871,0.0,0.2594154237466871,0.07203423745027528,0.20058377665385474,2.34941622334544,-7.052136652418994e-13,0.20058377665385474,0.00010586900337039638,1920.0,5760.0,0.0,0.03125,0.03125,0.0014174737805165158,0.0
76860.0,21.35,0.25925852826826706,0.0,0.25925852826826706,0.07199071766187845,0.20047811687003148,2.349521883129263,-7.056577544517495e-13,0.20047811687003148,0.0001056597838228284,1920.0,5760.0,0.0,0.03125,0.03125,0.0014187842901595396,0.0
76920.0,21.366666666666667,0.2591019511829801,0.0,0.2591019511829801,0.07194733270801992,0.20037266565719616,2.3496273343420984,-7.052136652418994e-13,0.20037266565719616,0.00010545121283540969,1920.0,5760.0,0.0,0.03125,0.03125,0.0014200325347451584,0.0
76980.0,21.383333333333333,0.2589456915148603,0.0,0.2589456915148603,0.0719040820265457,0.20026742236949288,2.3497325776298013,-7.056577544517495e-13,0.20026742236949288,0.00010524328770272499,1920.0,5760.0,0.0,0.03125,0.03125,0.0014212893605136858,0.0
77040.0,21.4,0.258789748291789,0.0,0.258789748291789,0.07186096505823572,0.2001623863637591,2.349837613635535,-7.061018436615996e-13,0.2001623863637591,0.00010503600573348757,1920.0,5760.0,0.0,0.03125,0.03125,0.0014225266261429091,0.0
77100.0,21.416666666666668,0.25863412054547297,0.0,0.25863412054547297,0.07181798124678596,0.2000575569995085,2.3499424429997853,-7.061018436615996e-13,0.2000575569995085,0.00010482936425045109,1920.0,5760.0,0.0,0.03125,0.03125,0.0014237680447830236,0.0
77160.0,21.433333333333334,0.2584788073114283,0.0,0.2584788073114283,0.07177513003878996,0.19995293363891814,2.3500470663603754,-7.061018436615996e-13,0.19995293363891814,0.00010462336059032084,1920.0,5760.0,0.0,0.03125,0.03125,0.0014249379869743415,0.0
77220.0,21.45,0.25832380762896395,0.0,0.25832380762896395,0.07173241088372106,0.19984851564681416,2.350151484352479,-7.069900220812997e-13,0.19984851564681416,0.00010441799210366807,1920.0,5760.0,0.0,0.03125,0.03125,0.0014261482515525064,0.0
77280.0,21.466666666666665,0.25816912054116403,0.0,0.25816912054116403,0.07168982323391421,0.19974430239065924,2.3502556976086337,-7.069900220812997e-13,0.19974430239065924,0.00010421325615484374,1920.0,5760.0,0.0,0.03125,0.03125,0.0014273333029618668,0.0
77340.0,21.483333333333334,0.2580147450948662,0.0,0.2580147450948662,0.07164736654454826,0.19964029324053717,2.3503597067587556,-7.069900220812997e-13,0.19964029324053717,0.00010400915012189152,1920.0,5760.0,0.0,0.03125,0.03125,0.001428459252778271,0.0
77400.0,21.5,0.25786068034065146,0.0,0.25786068034065146,0.07160504027362843,0.19953648756914047,2.350463512430152,-7.074341112911497e-13,0.19953648756914047,0.00010380567139646353,1920.0,5760.0,0.0,0.03125,0.03125,0.0014295992070909136,0.0
77460.0,21.516666666666666,0.25770692533282114,0.0,0.25770692533282114,0.07156284388196879,0.19943288475175633,2.350567115247536,-7.078782005009998e-13,0.19943288475175633,0.00010360281738373694,1920.0,5760.0,0.0,0.03125,0.03125,0.0014307100242263227,0.0
77520.0,21.533333333333335,0.25755347912938104,0.0,0.25755347912938104,0.0715207768331745,0.19932948416625418,2.350670515833038,-7.074341112911497e-13,0.19932948416625418,0.00010340058550232758,1920.0,5760.0,0.0,0.03125,0.03125,0.0014318328052819302,0.0
77580.0,21.55,0.2574003407920275,0.0,0.2574003407920275,0.07147883859362505,0.19922628519306962,2.3507737148062224,-7.078782005009998e-13,0.19922628519306962,0.00010319897318420972,1920.0,5760.0,0.0,0.03125,0.03125,0.001432878964918268,0.0
77640.0,21.566666666666666,0.25724750938612506,0.0,0.25724750938612506,0.0714370286324566,0.19912328721519443,2.350876712784097,-7.083222897108499e-13,0.19912328721519443,0.00010299797787463096,1920.0,5760.0,0.0,0.03125,0.03125,0.0014339387444615645,0.0
77700.0,21.583333333333332,0.2570949839806935,0.0,0.2570949839806935,0.0713953464215453,0.1990204896181624,2.350979510381129,-7.083222897108499e-13,0.1990204896181624,0.00010279759703203125,1920.0,5760.0,0.0,0.03125,0.03125,0.0014350047146882941,0.0
77760.0,21.6,0.2569427636483906,0.0,0.2569427636483906,0.0713537914354902,0.1989178917900342,2.351082108209257,-7.087663789206999e-13,0.1989178917900342,0.00010259782812796073,1920.0,5760.0,0.0,0.03125,0.03125,0.001436023595373023,0.0
77820.0,21.616666666666667,0.25679084746549286,0.0,0.25679084746549286,0.07131236315159672,0.19881549312138677,2.351184506877904,-7.0921046813055e-13,0.19881549312138677,0.00010239866864700085,1920.0,5760.0,0.0,0.03125,0.03125,0.0014370436427417605,0.0
77880.0,21.633333333333333,0.2566392345118824,0.0,0.2566392345118824,0.0712710610498594,0.19871329300529983,2.351286706993991,-7.0921046813055e-13,0.19871329300529983,0.00010220011608668057,1920.0,5760.0,0.0,0.03125,0.03125,0.0014380200786634715,0.0
77940.0,21.65,0.25648792387102737,0.0,0.25648792387102737,0.07122988461294585,0.19861129083734252,2.3513887091619483,-7.087663789206999e-13,0.19861129083734252,0.00010200216795740003,1920.0,5760.0,0.0,0.03125,0.03125,0.0014389945121646365,0.0
78000.0,21.666666666666668,0.25633691462996633,0.0,0.25633691462996633,0.0711888333261801,0.19850948601556026,2.3514905139837308,-7.087663789206999e-13,0.19850948601556026,0.00010180482178234862,1920.0,5760.0,0.0,0.03125,0.03125,0.0014399744155372347,0.0
78060.0,21.683333333333334,0.2561862058792943,0.0,0.2561862058792943,0.07114790667752637,0.19840787794046208,2.351592122058828,-7.096545573404001e-13,0.19840787794046208,0.00010160807509742752,1920.0,5760.0,0.0,0.03125,0.03125,0.001440907136371735,0.0
78120.0,21.7,0.2560357967131403,0.0,0.2560357967131403,0.07110710415757274,0.19830646601501084,2.351693533984279,-7.100986465502501e-13,0.19830646601501084,0.00010141192545117268,1920.0,5760.0,0.0,0.03125,0.03125,0.0014418248406284967,0.0
78180.0,21.716666666666665,0.25588568622915925,0.0,0.25588568622915925,0.07106642525951536,0.1982052496446062,2.3517947503546837,-7.100986465502501e-13,0.1982052496446062,0.0001012163704046758,1920.0,5760.0,0.0,0.03125,0.03125,0.0014427543731832567,0.0
78240.0,21.733333333333334,0.2557358735285086,0.0,0.2557358735285086,0.07102586947914188,0.19810422823707421,2.3518957717622153,-7.100986465502501e-13,0.19810422823707421,0.00010102140753150723,1920.0,5760.0,0.0,0.03125,0.03125,0.0014436641245552063,0.0
78300.0,21.75,0.25558635771583693,0.0,0.25558635771583693,0.07098543631481631,0.19800340120265664,2.351996598796633,-7.100986465502501e-13,0.19800340120265664,0.00010082703441764082,1920.0,5760.0,0.0,0.03125,0.03125,0.0014445401833475815,0.0
78360.0,21.766666666666666,0.2554371378992661,0.0,0.2554371378992661,0.07094512526746252,0.1979027679539948,2.352097232045294,-7.109868249699502e-13,0.1979027679539948,0.00010063324866137664,1920.0,5760.0,0.0,0.03125,0.03125,0.0014453877313656558,0.0
78420.0,21.783333333333335,0.25528821319037365,0.0,0.25528821319037365,0.07090493584054917,0.19780232790612115,2.3521976720931677,-7.109868249699502e-13,0.19780232790612115,0.00010044004787326685,1920.0,5760.0,0.0,0.03125,0.03125,0.00144622353476429,0.0
78480.0,21.8,0.25513958270418197,0.0,0.25513958270418197,0.07086486754007387,0.19770208047644522,2.3522979195228437,-7.109868249699502e-13,0.19770208047644522,0.00010024742967603899,1920.0,5760.0,0.0,0.03125,0.03125,0.0014470607428298415,0.0
78540.0,21.816666666666666,0.25499124555913655,0.0,0.25499124555913655,0.07082491987454811,0.19760202508473998,2.352397974914548,-7.118750033896504e-13,0.19760202508473998,0.00010005539170452478,1920.0,5760.0,0.0,0.03125,0.03125,0.0014478349364481194,0.0
78600.0,21.833333333333332,0.2548432008770945,0.0,0.2548432008770945,0.07078509235498132,0.19750216115313465,2.3524978388461535,-7.118750033896504e-13,0.19750216115313465,9.986393160558367e-05,1920.0,5760.0,0.0,0.03125,0.03125,0.0014486586485965717,0.0
78660.0,21.85,0.2546954477833063,0.0,0.2546954477833063,0.0707453844948663,0.19740248810609629,2.3525975118931917,-7.118750033896504e-13,0.19740248810609629,9.967304703802954e-05,1920.0,5760.0,0.0,0.03125,0.03125,0.0014494056031825102,0.0
78720.0,21.866666666666667,0.2545479854064036,0.0,0.2545479854064036,0.07070579581016367,0.19730300537042356,2.352696994628864,-7.123190925995004e-13,0.19730300537042356,9.948273567256045e-05,1920.0,5760.0,0.0,0.03125,0.03125,0.0014501778146471138,0.0
78780.0,21.883333333333333,0.25440081287837985,0.0,0.25440081287837985,0.0706663258192871,0.19720371237523154,2.352796287624056,-7.123190925995004e-13,0.19720371237523154,9.929299519168341e-05,1920.0,5760.0,0.0,0.03125,0.03125,0.0014509328006157944,0.0
78840.0,21.9,0.25425392933457763,0.0,0.25425392933457763,0.0706269740430885,0.19710460855194178,2.3528953914473454,-7.127631818093505e-13,0.19710460855194178,9.910382328964488e-05,1920.0,5760.0,0.0,0.03125,0.03125,0.001451630722224172,0.0
78900.0,21.916666666666668,0.2541073339136716,0.0,0.2541073339136716,0.07058774000484286,0.1970056933342692,2.3529943066650176,-7.132072710192006e-13,0.1970056933342692,9.89152176723582e-05,1920.0,5760.0,0.0,0.03125,0.03125,0.001452363720003316,0.0
78960.0,21.933333333333334,0.2539610257576554,0.0,0.2539610257576554,0.07054862323023392,0.19690696615821188,2.353093033841075,-7.127631818093505e-13,0.19690696615821188,9.872717605733328e-05,1920.0,5760.0,0.0,0.03125,0.03125,0.0014530362697222079,0.0
79020.0,21.95,0.25381500401182466,0.0,0.25381500401182466,0.07050962324733959,0.19680842646203794,2.3531915735372486,-7.132072710192006e-13,0.19680842646203794,9.853969617360695e-05,1920.0,5760.0,0.0,0.03125,0.03125,0.0014537081586599415,0.0
79080.0,21.966666666666665,0.2536692678247621,0.0,0.2536692678247621,0.07047073958661702,0.19671007368627594,2.3532899263130105,-7.132072710192006e-13,0.19671007368627594,9.835277576167213e-05,1920.0,5760.0,0.0,0.03125,0.03125,0.0014543881882317802,0.0
79140.0,21.983333333333334,0.25352381634832416,0.0,0.25352381634832416,0.07043197178088911,0.1966119072737022,2.353388092725584,-7.136513602290506e-13,0.1966119072737022,9.816641257340985e-05,1920.0,5760.0,0.0,0.03125,0.03125,0.0014550021403704823,0.0
79200.0,22.0,0.2533786487376238,0.0,0.2533786487376238,0.0703933193653292,0.19651392666933007,2.353486073329956,-7.136513602290506e-13,0.19651392666933007,9.798060437201852e-05,1920.0,5760.0,0.0,0.03125,0.03125,0.0014556227606877456,0.0
79260.0,22.016666666666666,0.2532337641510173,0.0,0.2532337641510173,0.07035478187744745,0.19641613132039784,2.353583868678888,-7.140954494389007e-13,0.19641613132039784,9.779534893194853e-05,1920.0,5760.0,0.0,0.03125,0.03125,0.001456233003389071,0.0
79320.0,22.033333333333335,0.25308916175008866,0.0,0.25308916175008866,0.07031635885707682,0.19631852067635877,2.3536814793229266,-7.145395386487507e-13,0.19631852067635877,9.761064403883125e-05,1920.0,5760.0,0.0,0.03125,0.03125,0.0014568298824574723,0.0
79380.0,22.05,0.25294484069963563,0.0,0.25294484069963563,0.07027804984635891,0.19622109418886913,2.353778905810416,-7.145395386487507e-13,0.19622109418886913,9.742648748941423e-05,1920.0,5760.0,0.0,0.03125,0.03125,0.0014574247303584377,0.0
79440.0,22.066666666666666,0.25280080016765527,0.0,0.25280080016765527,0.0702398543897302,0.19612385131177762,2.3538761486875077,-7.145395386487507e-13,0.19612385131177762,9.724287709149294e-05,1920.0,5760.0,0.0,0.03125,0.03125,0.0014579588929883227,0.0
79500.0,22.083333333333332,0.252657039325328,0.0,0.252657039325328,0.07020177203390807,0.19602679150111355,2.3539732084981715,-7.149836278586008e-13,0.19602679150111355,9.705981066384534e-05,1920.0,5760.0,0.0,0.03125,0.03125,0.0014585180904072782,0.0
79560.0,22.1,0.25251355734700337,0.0,0.25251355734700337,0.07016380232787729,0.19592991421507747,2.354070085784208,-7.145395386487507e-13,0.19592991421507747,9.687728603616515e-05,1920.0,5760.0,0.0,0.03125,0.03125,0.0014590342259366608,0.0
79620.0,22.116666666666667,0.2523703534101884,0.0,0.2523703534101884,0.07012594482287618,0.1958332189140279,2.3541667810852567,-7.154277170684509e-13,0.1958332189140279,9.669530104899545e-05,1920.0,5760.0,0.0,0.03125,0.03125,0.0014595348254860276,0.0
79680.0,22.133333333333333,0.25222742669552906,0.0,0.25222742669552906,0.07008819907238366,0.19573670506047386,2.3542632949388103,-7.158718062783009e-13,0.19573670506047386,9.651385355366612e-05,1920.0,5760.0,0.0,0.03125,0.03125,0.0014600384038498018,0.0
79740.0,22.15,0.25208477638679927,0.0,0.25208477638679927,0.07005056463210504,0.19564037211906168,2.3543596278802226,-7.154277170684509e-13,0.19564037211906168,9.633294141222686e-05,1920.0,5760.0,0.0,0.03125,0.03125,0.0014605087284887122,0.0
79800.0,22.166666666666668,0.25194240167088516,0.0,0.25194240167088516,0.0700130410599596,0.19554421955656381,2.35445578044272,-7.158718062783009e-13,0.19554421955656381,9.615256249738564e-05,1920.0,5760.0,0.0,0.03125,0.03125,0.0014609743116388543,0.0
79860.0,22.183333333333334,0.25180030173777157,0.0,0.25180030173777157,0.0699756279160664,0.19544824684187104,2.3545517531574123,-7.16315895488151e-13,0.19544824684187104,9.597271469244216e-05,1920.0,5760.0,0.0,0.03125,0.03125,0.0014614235663047443,0.0
79920.0,22.2,0.2516584757805283,0.0,0.2516584757805283,0.06993832476273193,0.1953524534459797,2.3546475465533034,-7.167599846980011e-13,0.1953524534459797,9.57933958912255e-05,1920.0,5760.0,0.0,0.03125,0.03125,0.0014618494809023404,0.0
79980.0,22.216666666666665,0.25151692299529393,0.0,0.25151692299529393,0.06990113116443694,0.19525683884198153,2.3547431611573013,-7.167599846980011e-13,0.19525683884198153,9.561460399803313e-05,1920.0,5760.0,0.0,0.03125,0.03125,0.001462267381583146,0.0
80040.0,22.233333333333334,0.2513756425812657,0.0,0.2513756425812657,0.06986404668782327,0.19516140250505382,2.3548385974942287,-7.172040739078511e-13,0.19516140250505382,9.543633692756721e-05,1920.0,5760.0,0.0,0.03125,0.03125,0.0014626546647363502,0.0
80100.0,22.25,0.25123463374068206,0.0,0.25123463374068206,0.06982707090168075,0.1950661439124488,2.354933856086834,-7.172040739078511e-13,0.1950661439124488,9.525859260487086e-05,1920.0,5760.0,0.0,0.03125,0.03125,0.001463019154172022,0.0
80160.0,22.266666666666666,0.2510938956788125,0.0,0.2510938956788125,0.06979020337693492,0.19497106254348304,2.355028937455799,-7.176481631177012e-13,0.19497106254348304,9.50813689652701e-05,1920.0,5760.0,0.0,0.03125,0.03125,0.001463393721468429,0.0
80220.0,22.283333333333335,0.2509534276039402,0.0,0.2509534276039402,0.06975344368663444,0.19487615787952847,2.3551238421197533,-7.180922523275513e-13,0.19487615787952847,9.490466395430984e-05,1920.0,5760.0,0.0,0.03125,0.03125,0.0014637481774382247,0.0
80280.0,22.3,0.2508132287273499,0.0,0.2508132287273499,0.06971679140593776,0.1947814294040007,2.355218570595281,-7.180922523275513e-13,0.1947814294040007,9.472847552769443e-05,1920.0,5760.0,0.0,0.03125,0.03125,0.00146409017811712,0.0
80340.0,22.316666666666666,0.2506732982633165,0.0,0.2506732982633165,0.06968024611210147,0.1946868766023491,2.3553131233969324,-7.180922523275513e-13,0.1946868766023491,9.455280165122812e-05,1920.0,5760.0,0.0,0.03125,0.03125,0.0014643939316977097,0.0
80400.0,22.333333333333332,0.25053363542908863,0.0,0.25053363542908863,0.0696438073844672,0.19459249896204778,2.355407501037233,-7.189804307472514e-13,0.19459249896204778,9.437764030075459e-05,1920.0,5760.0,0.0,0.03125,0.03125,0.0014646991487550093,0.0
80460.0,22.35,0.2503942394448735,0.0,0.2503942394448735,0.06960747480444973,0.19449829597258583,2.355501704026695,-7.189804307472514e-13,0.19449829597258583,9.420298946209593e-05,1920.0,5760.0,0.0,0.03125,0.03125,0.001464973862632583,0.0
80520.0,22.366666666666667,0.2502551095338312,0.0,0.2502551095338312,0.06957124795552447,0.19440426712545478,2.355595732873826,-7.189804307472514e-13,0.19440426712545478,9.402884713099647e-05,1920.0,5760.0,0.0,0.03125,0.03125,0.00146523913383376,0.0
80580.0,22.383333333333333,0.25011624492205375,0.0,0.25011624492205375,0.0695351264232154,0.19431041191414145,2.355689588085139,-7.194245199571014e-13,0.19431041191414145,9.385521131306209e-05,1920.0,5760.0,0.0,0.03125,0.03125,0.0014654963445494523,0.0
80640.0,22.4,0.2499776448385552,0.0,0.2499776448385552,0.069499109795083,0.19421672983411717,2.355783270165163,-7.198686091669515e-13,0.19421672983411717,9.368208002370266e-05,1920.0,5760.0,0.0,0.03125,0.03125,0.0014657360433573822,0.0
80700.0,22.416666666666668,0.24983930851525765,0.0,0.24983930851525765,0.06946319766071207,0.19412322038282903,2.355876779616451,-7.198686091669515e-13,0.19412322038282903,9.350945128807462e-05,1920.0,5760.0,0.0,0.03125,0.03125,0.0014659566492341261,0.0
80760.0,22.433333333333334,0.249701235186979,0.0,0.249701235186979,0.06942738961170014,0.19402988305968769,2.355970116939592,-7.203126983768016e-13,0.19402988305968769,9.333732314102227e-05,1920.0,5760.0,0.0,0.03125,0.03125,0.0014661747734175173,0.0
80820.0,22.45,0.24956342409141874,0.0,0.24956342409141874,0.06939168524164542,0.1939367173660606,2.356063282633219,-7.203126983768016e-13,0.1939367173660606,9.316569362702294e-05,1920.0,5760.0,0.0,0.03125,0.03125,0.0014663643254472854,0.0
80880.0,22.466666666666665,0.24942587446914666,0.0,0.24942587446914666,0.06935608414613487,0.1938437228052603,2.3561562771940188,-7.207567875866516e-13,0.1938437228052603,9.299456080012842e-05,1920.0,5760.0,0.0,0.03125,0.03125,0.0014665394734039454,0.0
80940.0,22.483333333333334,0.24928858556358813,0.0,0.24928858556358813,0.06932058592273291,0.19375089888253602,2.3562491011167426,-7.212008767965017e-13,0.19375089888253602,9.282392272390888e-05,1920.0,5760.0,0.0,0.03125,0.03125,0.001466705960576378,0.0
81000.0,22.5,0.24915155662101302,0.0,0.24915155662101302,0.06928519017096942,0.19365824510506444,2.356341754894214,-7.216449660063518e-13,0.19365824510506444,9.265377747139757e-05,1920.0,5760.0,0.0,0.03125,0.03125,0.0014668381797059698,0.0
81060.0,22.516666666666666,0.24901478689052128,0.0,0.24901478689052128,0.06924989649232867,0.19356576098193903,2.356434239017339,-7.216449660063518e-13,0.19356576098193903,9.248412312503586e-05,1920.0,5760.0,0.0,0.03125,0.03125,0.0014669730675189669,0.0
81120.0,22.533333333333335,0.24887827562403114,0.0,0.24887827562403114,0.06921470449023749,0.19347344602416225,2.3565265539751157,-7.220890552162018e-13,0.19347344602416225,9.231495777661687e-05,1920.0,5760.0,0.0,0.03125,0.03125,0.0014670846594590488,0.0
81180.0,22.55,0.24874202207626747,0.0,0.24874202207626747,0.06917961377005387,0.1933812997446348,2.356618700254643,-7.220890552162018e-13,0.1933812997446348,9.214627952723149e-05,1920.0,5760.0,0.0,0.03125,0.03125,0.0014671851620656096,0.0
81240.0,22.566666666666666,0.2486060255047469,0.0,0.2486060255047469,0.06914462393905613,0.19328932165814736,2.35671067834113,-7.225331444260519e-13,0.19328932165814736,9.197808648721402e-05,1920.0,5760.0,0.0,0.03125,0.03125,0.0014672591855926858,0.0
81300.0,22.583333333333332,0.24847028516976727,0.0,0.24847028516976727,0.06910973460643124,0.19319751128137116,2.356802488717906,-7.225331444260519e-13,0.19319751128137116,9.181037677608748e-05,1920.0,5760.0,0.0,0.03125,0.03125,0.001467329845291689,0.0
81360.0,22.6,0.24833480033439426,0.0,0.24833480033439426,0.06907494538326406,0.19310586813284825,2.356894131866429,-7.225331444260519e-13,0.19310586813284825,9.164314852251128e-05,1920.0,5760.0,0.0,0.03125,0.03125,0.0014673877643818253,0.0
81420.0,22.616666666666667,0.24819957026444947,0.0,0.24819957026444947,0.06904025588252573,0.1930143917329839,2.356985608266293,-7.225331444260519e-13,0.1930143917329839,9.147639986422636e-05,1920.0,5760.0,0.0,0.03125,0.03125,0.0014674306376675679,0.0
81480.0,22.633333333333333,0.2480645942284978,0.0,0.2480645942284978,0.06900566571906348,0.19292308160403568,2.3570769183952414,-7.229772336359019e-13,0.19292308160403568,9.131012894800403e-05,1920.0,5760.0,0.0,0.03125,0.03125,0.0014674560778347192,0.0
81540.0,22.65,0.2479298714978353,0.0,0.2479298714978353,0.06897117450958883,0.19283193727010603,2.357168062729171,-7.229772336359019e-13,0.19283193727010603,9.114433392959188e-05,1920.0,5760.0,0.0,0.03125,0.03125,0.0014674645988025533,0.0
81600.0,22.666666666666668,0.2477954013464771,0.0,0.2477954013464771,0.06893678187266764,0.192740958257132,2.3572590417421444,-7.23421322845752e-13,0.192740958257132,9.097901297366177e-05,1920.0,5760.0,0.0,0.03125,0.03125,0.0014674659852079279,0.0
81660.0,22.683333333333334,0.24766118305114518,0.0,0.24766118305114518,0.06890248742870848,0.1926501440928781,2.3573498559063983,-7.23421322845752e-13,0.1926501440928781,9.081416425375921e-05,1920.0,5760.0,0.0,0.03125,0.03125,0.0014674552014261424,0.0
81720.0,22.7,0.2475272158912561,0.0,0.2475272158912561,0.06886829079995276,0.19255949430692584,2.3574405056923506,-7.23421322845752e-13,0.19255949430692584,9.064978595225078e-05,1920.0,5760.0,0.0,0.03125,0.03125,0.0014674316778270496,0.0
81780.0,22.716666666666665,0.24739349914890962,0.0,0.24739349914890962,0.06883419161046349,0.19246900843066475,2.357530991568611,-7.243095012654521e-13,0.19246900843066475,9.048587626027376e-05,1920.0,5760.0,0.0,0.03125,0.03125,0.0014673929388799138,0.0
81840.0,22.733333333333334,0.24726003210887607,0.0,0.24726003210887607,0.06880018948611497,0.19237868599728722,2.3576213140019884,-7.243095012654521e-13,0.19237868599728722,9.032243337768399e-05,1920.0,5760.0,0.0,0.03125,0.03125,0.0014673332433605254,0.0
81900.0,22.75,0.24712681405858483,0.0,0.24712681405858483,0.0687662840545824,0.1922885265417738,2.3577114734575013,-7.247535904753022e-13,0.1922885265417738,9.015945551300599e-05,1920.0,5760.0,0.0,0.03125,0.03125,0.0014672690630244067,0.0
81960.0,22.766666666666666,0.2469938442881125,0.0,0.2469938442881125,0.06873247494533129,0.19219852960088993,2.3578014703983845,-7.251976796851523e-13,0.19219852960088993,8.999694088338516e-05,1920.0,5760.0,0.0,0.03125,0.03125,0.0014672026612401877,0.0
82020.0,22.783333333333335,0.2468611220901708,0.0,0.2468611220901708,0.06869876178960733,0.19210869471317518,2.357891305286099,-7.256417688950023e-13,0.19210869471317518,8.983488771453375e-05,1920.0,5760.0,0.0,0.03125,0.03125,0.0014671021063576482,0.0
82080.0,22.8,0.24672864676009554,0.0,0.24672864676009554,0.06866514422042586,0.1920190214189344,2.35798097858034,-7.256417688950023e-13,0.1920190214189344,8.967329424068516e-05,1920.0,5760.0,0.0,0.03125,0.03125,0.001466987180547207,0.0
82140.0,22.816666666666666,0.24659641759583406,0.0,0.24659641759583406,0.06863162187256179,0.19192950926022984,2.358070490739044,-7.256417688950023e-13,0.19192950926022984,8.95121587045418e-05,1920.0,5760.0,0.0,0.03125,0.03125,0.0014668702274848759,0.0
82200.0,22.833333333333332,0.24646443389793393,0.0,0.24646443389793393,0.06859819438253964,0.19184015778087204,2.3581598422184014,-7.265299473147024e-13,0.19184015778087204,8.935147935722876e-05,1920.0,5760.0,0.0,0.03125,0.03125,0.0014667084630144024,0.0
82260.0,22.85,0.24633269496953292,0.0,0.24633269496953292,0.06856486138862337,0.19175096652641382,2.3582490334728594,-7.265299473147024e-13,0.19175096652641382,8.919125445824445e-05,1920.0,5760.0,0.0,0.03125,0.03125,0.001466573736497362,0.0
82320.0,22.866666666666667,0.24620120011634475,0.0,0.24620120011634475,0.06853162253080616,0.1916619350441381,2.358338064955135,-7.269740365245525e-13,0.1916619350441381,8.903148227541217e-05,1920.0,5760.0,0.0,0.03125,0.03125,0.0014664136222730753,0.0
82380.0,22.883333333333333,0.24606994864665022,0.0,0.24606994864665022,0.06849847745080095,0.19157306288305287,2.35842693711622,-7.269740365245525e-13,0.19157306288305287,8.887216108483308e-05,1920.0,5760.0,0.0,0.03125,0.03125,0.0014662276711628276,0.0
82440.0,22.9,0.24593893987128362,0.0,0.24593893987128362,0.06846542579202979,0.1914843495938818,2.3585156504053906,-7.274181257344026e-13,0.1914843495938818,8.871328917083649e-05,1920.0,5760.0,0.0,0.03125,0.03125,0.001466028491497991,0.0
82500.0,22.916666666666668,0.24580817310362385,0.0,0.24580817310362385,0.06843246719961525,0.19139579472905577,2.3586042052702165,-7.274181257344026e-13,0.19139579472905577,8.855486482593639e-05,1920.0,5760.0,0.0,0.03125,0.03125,0.0014658120237543242,0.0
82560.0,22.933333333333334,0.24567764765958128,0.0,0.24567764765958128,0.06839960132036954,0.19130739784270498,2.3586926021565673,-7.274181257344026e-13,0.19130739784270498,8.839688635078129e-05,1920.0,5760.0,0.0,0.03125,0.03125,0.0014655873665682558,0.0
82620.0,22.95,0.24554736285758674,0.0,0.24554736285758674,0.06836682780278523,0.19121915849065083,2.3587808415086213,-7.278622149442526e-13,0.19121915849065083,8.823935205410907e-05,1920.0,5760.0,0.0,0.03125,0.03125,0.0014653601678891344,0.0
82680.0,22.966666666666665,0.24541731801858177,0.0,0.24541731801858177,0.06833414629702604,0.19113107623039766,2.358868923768874,-7.283063041541027e-13,0.19113107623039766,8.808226025270105e-05,1920.0,5760.0,0.0,0.03125,0.03125,0.0014651073854293343,0.0
82740.0,22.983333333333334,0.24528751246600622,0.0,0.24528751246600622,0.06830155645491681,0.19104315062112606,2.358956849378145,-7.287503933639528e-13,0.19104315062112606,8.792560927133569e-05,1920.0,5760.0,0.0,0.03125,0.03125,0.0014648336735794854,0.0
82800.0,23.0,0.24515794552578693,0.0,0.24515794552578693,0.06826905792993432,0.1909553812236826,2.359044618775588,-7.291944825738028e-13,0.1909553812236826,8.776939744274196e-05,1920.0,5760.0,0.0,0.03125,0.03125,0.0014645581814744651,0.0
82860.0,23.016666666666666,0.24502861652632862,0.0,0.24502861652632862,0.0682366503771973,0.19086776760057528,2.3591322323986956,-7.287503933639528e-13,0.19086776760057528,8.76136231075555e-05,1920.0,5760.0,0.0,0.03125,0.03125,0.001464268001932805,0.0
82920.0,23.033333333333335,0.24489952479850072,0.0,0.24489952479850072,0.0682043334534582,0.19078030931596027,2.35921969068331,-7.296385717836529e-13,0.19078030931596027,8.745828461427302e-05,1920.0,5760.0,0.0,0.03125,0.03125,0.0014639400304306096,0.0
82980.0,23.05,0.24477066967562858,0.0,0.24477066967562858,0.06817210681709289,0.1906930059356412,2.3593069940636293,-7.291944825738028e-13,0.1906930059356412,8.73033803192075e-05,1920.0,5760.0,0.0,0.03125,0.03125,0.0014636353117590834,0.0
83040.0,23.066666666666666,0.24464205049348065,0.0,0.24464205049348065,0.06813997012809173,0.1906058570270545,2.359394142972216,-7.296385717836529e-13,0.1906058570270545,8.714890858644423e-05,1920.0,5760.0,0.0,0.03125,0.03125,0.0014633123630688086,0.0
83100.0,23.083333333333332,0.24451366659025955,0.0,0.24451366659025955,0.06810792304805062,0.19051886215926633,2.3594811378400036,-7.300826609935029e-13,0.19051886215926633,8.699486778779574e-05,1920.0,5760.0,0.0,0.03125,0.03125,0.0014629431837270288,0.0
83160.0,23.1,0.24438551730658956,0.0,0.24438551730658956,0.06807596524016166,0.1904320209029634,2.3595679790963064,-7.300826609935029e-13,0.1904320209029634,8.684125630275852e-05,1920.0,5760.0,0.0,0.03125,0.03125,0.0014626004142136947,0.0
83220.0,23.116666666666667,0.2442576019855085,0.0,0.2442576019855085,0.06804409636920412,0.19034533283044464,2.359654667168825,-7.300826609935029e-13,0.19034533283044464,8.668807251847001e-05,1920.0,5760.0,0.0,0.03125,0.03125,0.0014622197786099517,0.0
83280.0,23.133333333333333,0.24412991997245417,0.0,0.24412991997245417,0.06801231610153563,0.19025879751561484,2.359741202483655,-7.300826609935029e-13,0.19025879751561484,8.653531482966392e-05,1920.0,5760.0,0.0,0.03125,0.03125,0.0014617933331857358,0.0
83340.0,23.15,0.24400247061525604,0.0,0.24400247061525604,0.06798062410508306,0.19017241453397593,2.3598275854652933,-7.30526750203353e-13,0.19017241453397593,8.638298163862888e-05,1920.0,5760.0,0.0,0.03125,0.03125,0.0014614214678970964,0.0
83400.0,23.166666666666668,0.24387525326412365,0.0,0.24387525326412365,0.06794902004933376,0.19008618346262043,2.3599138165366482,-7.309708394132031e-13,0.19008618346262043,8.623107135516461e-05,1920.0,5760.0,0.0,0.03125,0.03125,0.0014609921651101427,0.0
83460.0,23.183333333333334,0.2437482672716365,0.0,0.2437482672716365,0.06791750360532688,0.19000010388022354,2.359999896119045,-7.314149286230531e-13,0.19000010388022354,8.607958239653969e-05,1920.0,5760.0,0.0,0.03125,0.03125,0.001460570767738507,0.0
83520.0,23.2,0.2436215119927336,0.0,0.2436215119927336,0.06788607444564404,0.18991417536703614,2.3600858246322325,-7.309708394132031e-13,0.18991417536703614,8.592851318744918e-05,1920.0,5760.0,0.0,0.03125,0.03125,0.0014601196809168708,0.0
83580.0,23.216666666666665,0.2434949867847036,0.0,0.2434949867847036,0.06785473224440154,0.1898283975048758,2.3601716024943924,-7.318590178329032e-13,0.1898283975048758,8.577786215997425e-05,1920.0,5760.0,0.0,0.03125,0.03125,0.0014596811758706752,0.0
83640.0,23.233333333333334,0.24336869100717376,0.0,0.24336869100717376,0.06782347667724112,0.18974276987712216,2.360257230122146,-7.314149286230531e-13,0.18974276987712216,8.562762775353927e-05,1920.0,5760.0,0.0,0.03125,0.03125,0.0014591951182695586,0.0
83700.0,23.25,0.24324262402209962,0.0,0.24324262402209962,0.06779230742132132,0.1896572920687071,2.360342707930561,-7.318590178329032e-13,0.1896572920687071,8.547780841486991e-05,1920.0,5760.0,0.0,0.03125,0.03125,0.0014587243292729106,0.0
83760.0,23.266666666666666,0.2431167851937563,0.0,0.2431167851937563,0.06776122415530925,0.1895719636661085,2.360428036333159,-7.323031070427533e-13,0.1895719636661085,8.532840259795325e-05,1920.0,5760.0,0.0,0.03125,0.03125,0.0014582267225282167,0.0
83820.0,23.283333333333335,0.2429911738887264,0.0,0.2429911738887264,0.06773022655937214,0.18948678425734466,2.360513215741923,-7.318590178329032e-13,0.18948678425734466,8.517940876399724e-05,1920.0,5760.0,0.0,0.03125,0.03125,0.0014577126583648183,0.0
83880.0,23.3,0.24286578947589127,0.0,0.24286578947589127,0.06769931431516857,0.18940175343196275,2.3605982465673043,-7.327471962526033e-13,0.18940175343196275,8.503082538138839e-05,1920.0,5760.0,0.0,0.03125,0.03125,0.0014571921739577184,0.0
83940.0,23.316666666666666,0.24274063132642082,0.0,0.24274063132642082,0.06766848710584072,0.1893168707810369,2.3606831292182298,-7.331912854624534e-13,0.1893168707810369,8.488265092565428e-05,1920.0,5760.0,0.0,0.03125,0.03125,0.00145666612425221,0.0
84000.0,23.333333333333332,0.24261569881376266,0.0,0.24261569881376266,0.06763774461600532,0.18923213589715726,2.360767864102109,-7.336353746723034e-13,0.18923213589715726,8.47348838794211e-05,1920.0,5760.0,0.0,0.03125,0.03125,0.001456115744601176,0.0
84060.0,23.35,0.2424909913136331,0.0,0.2424909913136331,0.0676070865317459,0.18914754837442455,2.3608524516248415,-7.336353746723034e-13,0.18914754837442455,8.458752273237442e-05,1920.0,5760.0,0.0,0.03125,0.03125,0.0014555735455777812,0.0
84120.0,23.366666666666667,0.24236650820400668,0.0,0.24236650820400668,0.06757651254060464,0.18906310780844307,2.3609368921908227,-7.340794638821535e-13,0.18906310780844307,8.444056598122192e-05,1920.0,5760.0,0.0,0.03125,0.03125,0.0014549903293657603,0.0
84180.0,23.383333333333333,0.24224224886510712,0.0,0.24224224886510712,0.06754602233157393,0.1889788137963132,2.361021186202952,-7.345235530920036e-13,0.1889788137963132,8.429401212965064e-05,1920.0,5760.0,0.0,0.03125,0.03125,0.0014544051005118733,0.0
84240.0,23.4,0.24211821267939665,0.0,0.24211821267939665,0.06751561559508834,0.18889466593662477,2.3611053340626404,-7.345235530920036e-13,0.18889466593662477,8.414785968829061e-05,1920.0,5760.0,0.0,0.03125,0.03125,0.0014538009125365128,0.0
84300.0,23.416666666666668,0.24199439903156672,0.0,0.24199439903156672,0.0674852920230167,0.18881066382945008,2.361189336169815,-7.345235530920036e-13,0.18881066382945008,8.400210717467567e-05,1920.0,5760.0,0.0,0.03125,0.03125,0.0014531785917627036,0.0
84360.0,23.433333333333334,0.24187080730852833,0.0,0.24187080730852833,0.06745505130865435,0.18872680707633663,2.3612731929229285,-7.345235530920036e-13,0.18872680707633663,8.385675311320388e-05,1920.0,5760.0,0.0,0.03125,0.03125,0.0014525799267896815,0.0
84420.0,23.45,0.24174743689940223,0.0,0.24174743689940223,0.0674248931467146,0.18864309528030127,2.3613569047189635,-7.349676423018536e-13,0.18864309528030127,8.371179603510133e-05,1920.0,5760.0,0.0,0.03125,0.03125,0.0014519378414947362,0.0
84480.0,23.466666666666665,0.241624287195509,0.0,0.241624287195509,0.0673948172333213,0.18855952804582252,2.361440471953442,-7.354117315117037e-13,0.18855952804582252,8.356723447838199e-05,1920.0,5760.0,0.0,0.03125,0.03125,0.0014512929956971776,0.0
84540.0,23.483333333333334,0.24150135759036068,0.0,0.24150135759036068,0.06736482326600104,0.1884761049788344,2.36152389502043,-7.354117315117037e-13,0.1884761049788344,8.342306698781202e-05,1920.0,5760.0,0.0,0.03125,0.03125,0.0014506525336768525,0.0
84600.0,23.5,0.24137864747965,0.0,0.24137864747965,0.06733491094367493,0.18839282568671917,2.3616071743125446,-7.358558207215538e-13,0.18839282568671917,8.327929211487042e-05,1920.0,5760.0,0.0,0.03125,0.03125,0.0014499937347877512,0.0
84660.0,23.516666666666666,0.24125615626124158,0.0,0.24125615626124158,0.06730507996665132,0.18830968977830145,2.3616903102209625,-7.358558207215538e-13,0.18830968977830145,8.313590841771283e-05,1920.0,5760.0,0.0,0.03125,0.03125,0.0014492638382010133,0.0
84720.0,23.533333333333335,0.24113388333516206,0.0,0.24113388333516206,0.06727533003661815,0.1882266968638403,2.3617733031354238,-7.358558207215538e-13,0.1882266968638403,8.299291446113517e-05,1920.0,5760.0,0.0,0.03125,0.03125,0.0014485708604113677,0.0
84780.0,23.55,0.2410118281035917,0.0,0.2410118281035917,0.067245660856635,0.18814384655502306,2.3618561534442404,-7.362999099314038e-13,0.18814384655502306,8.285030881653642e-05,1920.0,5760.0,0.0,0.03125,0.03125,0.0014478731689725494,0.0
84840.0,23.566666666666666,0.24088998997085373,0.0,0.24088998997085373,0.06721607213112558,0.1880611384649614,2.3619388615343024,-7.358558207215538e-13,0.1880611384649614,8.270809006188068e-05,1920.0,5760.0,0.0,0.03125,0.03125,0.001447186242298902,0.0
84900.0,23.583333333333332,0.24076836834340593,0.0,0.24076836834340593,0.06718656356587038,0.18797857220817946,2.3620214277910843,-7.362999099314038e-13,0.18797857220817946,8.256625678166331e-05,1920.0,5760.0,0.0,0.03125,0.03125,0.0014464609866643877,0.0
84960.0,23.6,0.24064696262983132,0.0,0.24064696262983132,0.06715713486799899,0.18789614740061214,2.362103852598651,-7.367439991412539e-13,0.18789614740061214,8.242480756687318e-05,1920.0,5760.0,0.0,0.03125,0.03125,0.0014457166933922606,0.0
85020.0,23.616666666666667,0.24052577224082916,0.0,0.24052577224082916,0.06712778574598291,0.18781386365959643,2.362186136339666,-7.371880883511039e-13,0.18781386365959643,8.228374101495689e-05,1920.0,5760.0,0.0,0.03125,0.03125,0.001444937988735956,0.0
85080.0,23.633333333333333,0.2404047965892055,0.0,0.2404047965892055,0.06709851590962802,0.18773172060386684,2.362268279395396,-7.371880883511039e-13,0.18773172060386684,8.214305572978532e-05,1920.0,5760.0,0.0,0.03125,0.03125,0.0014441823088619827,0.0
85140.0,23.65,0.240284035089863,0.0,0.240284035089863,0.0670693250700668,0.1876497178535449,2.3623502821457176,-7.371880883511039e-13,0.1876497178535449,8.200275032161519e-05,1920.0,5760.0,0.0,0.03125,0.03125,0.0014434011830170492,0.0
85200.0,23.666666666666668,0.24016348715979505,0.0,0.24016348715979505,0.06704021293975213,0.18756785503013745,2.362432144969125,-7.37632177560954e-13,0.18756785503013745,8.186282340705543e-05,1920.0,5760.0,0.0,0.03125,0.03125,0.0014426237257343449,0.0
85260.0,23.683333333333334,0.2400431522180736,0.0,0.2400431522180736,0.067011179232449,0.18748613175652848,2.362513868242734,-7.371880883511039e-13,0.18748613175652848,8.172327360903373e-05,1920.0,5760.0,0.0,0.03125,0.03125,0.001441807997348168,0.0
85320.0,23.7,0.23992302968584098,0.0,0.23992302968584098,0.06698222366322767,0.1874045476569716,2.362595452342291,-7.371880883511039e-13,0.1874045476569716,8.158409955675952e-05,1920.0,5760.0,0.0,0.03125,0.03125,0.0014409956737195962,0.0
85380.0,23.716666666666665,0.23980311898630244,0.0,0.23980311898630244,0.06695334594845671,0.1873231023570853,2.3626768976421766,-7.380762667708041e-13,0.1873231023570853,8.144529988568989e-05,1920.0,5760.0,0.0,0.03125,0.03125,0.001440178517439078,0.0
85440.0,23.733333333333334,0.23968341954471575,0.0,0.23968341954471575,0.06692454580579589,0.18724179548384737,2.3627582045154143,-7.380762667708041e-13,0.18724179548384737,8.130687323749762e-05,1920.0,5760.0,0.0,0.03125,0.03125,0.0014393475389292796,0.0
85500.0,23.75,0.2395639307883825,0.0,0.2395639307883825,0.06689582295418839,0.18716062666558714,2.3628393733336743,-7.385203559806541e-13,0.18716062666558714,8.116881826003405e-05,1920.0,5760.0,0.0,0.03125,0.03125,0.0014385047505452227,0.0
85560.0,23.766666666666666,0.23944465214664032,0.0,0.23944465214664032,0.06686717711385477,0.18707959553197961,2.362920404467282,-7.385203559806541e-13,0.18707959553197961,8.103113360729678e-05,1920.0,5760.0,0.0,0.03125,0.03125,0.001437636534560155,0.0
85620.0,23.783333333333335,0.2393255830508528,0.0,0.2393255830508528,0.06683860800628563,0.1869987017140404,2.363001298285221,-7.385203559806541e-13,0.1869987017140404,8.089381793939692e-05,1920.0,5760.0,0.0,0.03125,0.03125,0.0014367879562046633,0.0
85680.0,23.8,0.2392067229344026,0.0,0.2392067229344026,0.06681011535423438,0.18691794484411745,2.3630820551551435,-7.389644451905042e-13,0.18691794484411745,8.075686992252381e-05,1920.0,5760.0,0.0,0.03125,0.03125,0.001435897370242787,0.0
85740.0,23.816666666666666,0.23908807123268022,0.0,0.23908807123268022,0.06678169888171093,0.1868373245558885,2.3631626754433723,-7.389644451905042e-13,0.1868373245558885,8.062028822891477e-05,1920.0,5760.0,0.0,0.03125,0.03125,0.0014350340692670612,0.0
85800.0,23.833333333333332,0.23896962738307836,0.0,0.23896962738307836,0.0667533583139741,0.1867568404843512,2.363243159514909,-7.394085344003543e-13,0.1867568404843512,8.04840715368183e-05,1920.0,5760.0,0.0,0.03125,0.03125,0.001434119269134198,0.0
85860.0,23.85,0.2388513908249807,0.0,0.2388513908249807,0.06672509337752561,0.1866764922658206,2.3633235077334396,-7.398526236102043e-13,0.1866764922658206,8.03482185304645e-05,1920.0,5760.0,0.0,0.03125,0.03125,0.0014332014679678136,0.0
85920.0,23.866666666666667,0.23873336099975528,0.0,0.23873336099975528,0.06669690380010293,0.18659627953792024,2.3634037204613394,-7.402967128200544e-13,0.18659627953792024,8.021272790003134e-05,1920.0,5760.0,0.0,0.03125,0.03125,0.0014322695167034505,0.0
85980.0,23.883333333333333,0.2386155373507446,0.0,0.2386155373507446,0.06666878931067224,0.18651620193957838,2.363483798059681,-7.402967128200544e-13,0.18651620193957838,8.007759834161172e-05,1920.0,5760.0,0.0,0.03125,0.03125,0.0014313392608009898,0.0
86040.0,23.9,0.2384979193232588,0.0,0.2384979193232588,0.0666407496394227,0.18643625911102102,2.3635637408882384,-7.402967128200544e-13,0.18643625911102102,7.99428285571825e-05,1920.0,5760.0,0.0,0.03125,0.03125,0.001430387908282827,0.0
86100.0,23.916666666666668,0.23838050636456568,0.0,0.23838050636456568,0.06661278451775896,0.18635645069376613,2.363643549305493,-7.407408020299044e-13,0.18635645069376613,7.980841725457351e-05,1920.0,5760.0,0.0,0.03125,0.03125,0.0014294380058417694,0.0
86160.0,23.933333333333334,0.23826329792388312,0.0,0.23826329792388312,0.06658489367829483,0.1862767763306186,2.3637232236686403,-7.407408020299044e-13,0.1862767763306186,7.967436314743249e-05,1920.0,5760.0,0.0,0.03125,0.03125,0.0014284663785510926,0.0
86220.0,23.95,0.23814629345237057,0.0,0.23814629345237057,0.0665570768548467,0.18619723566566307,2.3638027643335957,-7.411848912397545e-13,0.18619723566566307,7.954066495519681e-05,1920.0,5760.0,0.0,0.03125,0.03125,0.001427512209245755,0.0
86280.0,23.966666666666665,0.23802949240312052,0.0,0.23802949240312052,0.06652933378242744,0.18611782834426008,2.363882171654999,-7.407408020299044e-13,0.18611782834426008,7.940732140306038e-05,1920.0,5760.0,0.0,0.03125,0.03125,0.0014265133837205863,0.0
86340.0,23.983333333333334,0.23791289423115122,0.0,0.23791289423115122,0.06650166419723935,0.18603855401303765,2.363961445986221,-7.411848912397545e-13,0.18603855401303765,7.92743312219437e-05,1920.0,5760.0,0.0,0.03125,0.03125,0.0014255163815776893,0.0
86400.0,24.0,0.23779649839339767,0.0,0.23779649839339767,0.06647406783666812,0.1859594123198886,2.3640405876793693,-7.420730696594546e-13,0.1859594123198886,7.91416931484621e-05,1920.0,5760.0,0.0,0.03125,0.03125,0.0014245122685567356,0.0
86460.0,24.016666666666666,0.2376803043487033,0.0,0.2376803043487033,0.06644654443927639,0.1858804029139635,2.364119597085294,-7.420730696594546e-13,0.1858804029139635,7.900940592489514e-05,1920.0,5760.0,0.0,0.03125,0.03125,0.0014235129224869842,0.0
86520.0,24.033333333333335,0.23756431155781202,0.0,0.23756431155781202,0.06641909374479721,0.18580152544566422,2.3641984745535933,-7.420730696594546e-13,0.18580152544566422,7.887746829915684e-05,1920.0,5760.0,0.0,0.03125,0.03125,0.0014224787837319194,0.0
86580.0,24.05,0.23744851948336107,0.0,0.23744851948336107,0.06639171549412792,0.1857227795666393,2.364277220432618,-7.425171588693047e-13,0.1857227795666393,7.87458790247646e-05,1920.0,5760.0,0.0,0.03125,0.03125,0.0014213945635370455,0.0
86640.0,24.066666666666666,0.23733292758987168,0.0,0.23733292758987168,0.06636440942932413,0.1856441649297784,2.3643558350694787,-7.429612480791548e-13,0.1856441649297784,7.861463686080845e-05,1920.0,5760.0,0.0,0.03125,0.03125,0.001420358909095833,0.0
86700.0,24.083333333333332,0.23721753534374182,0.0,0.23721753534374182,0.0663371752935928,0.185565681189206,2.3644343188100505,-7.434053372890048e-13,0.185565681189206,7.848374057192311e-05,1920.0,5760.0,0.0,0.03125,0.03125,0.0014193025152901748,0.0
86760.0,24.1,0.2371023422132372,0.0,0.2371023422132372,0.06631001283128693,0.18548732800027753,2.3645126719989786,-7.438494264988549e-13,0.18548732800027753,7.835318892825599e-05,1920.0,5760.0,0.0,0.03125,0.03125,0.0014182675813183506,0.0
86820.0,24.116666666666667,0.23698734766848545,0.0,0.23698734766848545,0.06628292178789859,0.185409105019572,2.364590894979684,-7.438494264988549e-13,0.185409105019572,7.82229807054393e-05,1920.0,5760.0,0.0,0.03125,0.03125,0.001417195389945496,0.0
86880.0,24.133333333333333,0.2368725511814663,0.0,0.2368725511814663,0.06625590191005358,0.18533101190488704,2.3646689880943685,-7.442935157087049e-13,0.18533101190488704,7.809311468455997e-05,1920.0,5760.0,0.0,0.03125,0.03125,0.0014160824825376478,0.0
86940.0,24.15,0.23675795222600426,0.0,0.23675795222600426,0.06622895294550472,0.18525304831523476,2.3647469516840207,-7.442935157087049e-13,0.18525304831523476,7.796358965213071e-05,1920.0,5760.0,0.0,0.03125,0.03125,0.001415009182014563,0.0
87000.0,24.166666666666668,0.23664355027776127,0.0,0.23664355027776127,0.0662020746431263,0.18517521391083447,2.3648247860884206,-7.44737604918555e-13,0.18517521391083447,7.783440440005979e-05,1920.0,5760.0,0.0,0.03125,0.03125,0.0014138628778659723,0.0
87060.0,24.183333333333334,0.23652934481422833,0.0,0.23652934481422833,0.06617526675290773,0.18509750835310834,2.3649024916461463,-7.451816941284051e-13,0.18509750835310834,7.7705557725624e-05,1920.0,5760.0,0.0,0.03125,0.03125,0.0014127766122069149,0.0
87120.0,24.2,0.23641533531471823,0.0,0.23641533531471823,0.06614852902594769,0.1850199313046769,2.3649800686945777,-7.451816941284051e-13,0.1850199313046769,7.757704843143874e-05,1920.0,5760.0,0.0,0.03125,0.03125,0.001411636828092153,0.0
87180.0,24.216666666666665,0.23630152126035728,0.0,0.23630152126035728,0.06612186121444844,0.18494248242935102,2.365057517569903,-7.456257833382551e-13,0.18494248242935102,7.744887532542989e-05,1920.0,5760.0,0.0,0.03125,0.03125,0.0014105320994278992,0.0
87240.0,24.233333333333334,0.23618790213407861,0.0,0.23618790213407861,0.06609526307170957,0.18486516139212986,2.365134838607124,-7.460698725481052e-13,0.18486516139212986,7.732103722080562e-05,1920.0,5760.0,0.0,0.03125,0.03125,0.0014093655576379119,0.0
87300.0,24.25,0.2360744774206135,0.0,0.2360744774206135,0.06606873435212297,0.18478796785919355,2.36521203214006,-7.460698725481052e-13,0.18478796785919355,7.719353293602951e-05,1920.0,5760.0,0.0,0.03125,0.03125,0.0014082108948294794,0.0
87360.0,24.266666666666666,0.23596124660648438,0.0,0.23596124660648438,0.06604227481116548,0.18471090149789882,2.365289098501355,-7.460698725481052e-13,0.18471090149789882,7.706636129478962e-05,1920.0,5760.0,0.0,0.03125,0.03125,0.001407041615000462,0.0
87420.0,24.283333333333335,0.2358482091799977,0.0,0.2358482091799977,0.0660158842053945,0.18463396197677245,2.3653660380224806,-7.469580509678053e-13,0.18463396197677245,7.693952112597183e-05,1920.0,5760.0,0.0,0.03125,0.03125,0.0014058657218854386,0.0
87480.0,24.3,0.23573536463123498,0.0,0.23573536463123498,0.0659895622924419,0.18455714896550868,2.365442851033744,-7.469580509678053e-13,0.18455714896550868,7.681301126363439e-05,1920.0,5760.0,0.0,0.03125,0.03125,0.0014046814963305048,0.0
87540.0,24.316666666666666,0.235622712452047,0.0,0.235622712452047,0.06596330883100829,0.18448046213496136,2.3655195378642913,-7.474021401776554e-13,0.18448046213496136,7.668683054697851e-05,1920.0,5760.0,0.0,0.03125,0.03125,0.001403492004678432,0.0
87600.0,24.333333333333332,0.23551025213604512,0.0,0.23551025213604512,0.06593712358085697,0.1844039011571412,2.3655960988421114,-7.474021401776554e-13,0.1844039011571412,7.65609778203214e-05,1920.0,5760.0,0.0,0.03125,0.03125,0.0014023097391637164,0.0
87660.0,24.35,0.23539798317859464,0.0,0.23539798317859464,0.06591100630280887,0.18432746570520755,2.3656725342940446,-7.478462293875054e-13,0.18432746570520755,7.643545193306894e-05,1920.0,5760.0,0.0,0.03125,0.03125,0.0014011032452058863,0.0
87720.0,24.366666666666667,0.23528590507680733,0.0,0.23528590507680733,0.06588495675873665,0.1842511554534677,2.3657488445457844,-7.478462293875054e-13,0.1842511554534677,7.631025173968906e-05,1920.0,5760.0,0.0,0.03125,0.03125,0.0013998547762869567,0.0
87780.0,24.383333333333333,0.23517401732953339,0.0,0.23517401732953339,0.06585897471155922,0.18417497007736774,2.365825029921884,-7.478462293875054e-13,0.18417497007736774,7.618537609968482e-05,1920.0,5760.0,0.0,0.03125,0.03125,0.001398656669279992,0.0
87840.0,24.4,0.23506231943735503,0.0,0.23506231943735503,0.06583305992523608,0.18409890925348996,2.3659010907457616,-7.482903185973555e-13,0.18409890925348996,7.606082387756797e-05,1920.0,5760.0,0.0,0.03125,0.03125,0.001397414076142466,0.0
87900.0,24.416666666666668,0.234950810902579,0.0,0.234950810902579,0.0658072121647621,0.1840229726595469,2.3659770273397043,-7.487344078072056e-13,0.1840229726595469,7.593659394283299e-05,1920.0,5760.0,0.0,0.03125,0.03125,0.0013961398323926921,0.0
87960.0,24.433333333333334,0.23483949122922937,0.0,0.23483949122922937,0.06578143119616195,0.18394715997437647,2.3660528400248744,-7.491784970170556e-13,0.18394715997437647,7.581268516992963e-05,1920.0,5760.0,0.0,0.03125,0.03125,0.0013948974929091213,0.0
88020.0,24.45,0.23472835992303903,0.0,0.23472835992303903,0.06575571678648444,0.18387147087793806,2.3661285291213128,-7.491784970170556e-13,0.18387147087793806,7.568909643823832e-05,1920.0,5760.0,0.0,0.03125,0.03125,0.0013936226261672957,0.0
88080.0,24.466666666666665,0.23461741649144538,0.0,0.23461741649144538,0.06573006870379741,0.18379590505130575,2.366204094947945,-7.491784970170556e-13,0.18379590505130575,7.556582663204195e-05,1920.0,5760.0,0.0,0.03125,0.03125,0.001392357792620009,0.0
88140.0,24.483333333333334,0.23450666044358043,0.0,0.23450666044358043,0.06570448671718251,0.18372046217666513,2.366279537822585,-7.496225862269057e-13,0.18372046217666513,7.54428746405027e-05,1920.0,5760.0,0.0,0.03125,0.03125,0.0013910780988380135,0.0
88200.0,24.5,0.2343960912902654,0.0,0.2343960912902654,0.06567897059672938,0.18364514193730738,2.3663548580619427,-7.496225862269057e-13,0.18364514193730738,7.53202393576353e-05,1920.0,5760.0,0.0,0.03125,0.03125,0.0013898082531331119,0.0
88260.0,24.516666666666666,0.2342857085440029,0.0,0.2342857085440029,0.06565352011353068,0.18356994401762472,2.366430055981625,-7.500666754367558e-13,0.18356994401762472,7.519791968228007e-05,1920.0,5760.0,0.0,0.03125,0.03125,0.0013885140546633608,0.0
88320.0,24.533333333333335,0.23417551171896944,0.0,0.23417551171896944,0.06562813503967693,0.1834948681031065,2.366505131896143,-7.505107646466058e-13,0.1834948681031065,7.5075914518081e-05,1920.0,5760.0,0.0,0.03125,0.03125,0.0013871822875190076,0.0
88380.0,24.55,0.2340655003310105,0.0,0.2340655003310105,0.06560281514825116,0.18341991388033277,2.3665800861189163,-7.505107646466058e-13,0.18341991388033277,7.495422277345721e-05,1920.0,5760.0,0.0,0.03125,0.03125,0.0013858810722017477,0.0
88440.0,24.566666666666666,0.2339556738976312,0.0,0.2339556738976312,0.06557756021332324,0.1833450810369707,2.366654918962278,-7.513989430663059e-13,0.1833450810369707,7.483284336157905e-05,1920.0,5760.0,0.0,0.03125,0.03125,0.0013845602816531394,0.0
88500.0,24.583333333333332,0.23384603193799042,0.0,0.23384603193799042,0.06555237000994592,0.1832703692617702,2.366729630737478,-7.513989430663059e-13,0.1832703692617702,7.471177520034403e-05,1920.0,5760.0,0.0,0.03125,0.03125,0.0013832293374532749,0.0
88560.0,24.6,0.23373657397289382,0.0,0.23373657397289382,0.06552724431414841,0.1831957782445577,2.3668042217546903,-7.51843032276156e-13,0.1831957782445577,7.45910172123524e-05,1920.0,5760.0,0.0,0.03125,0.03125,0.0013818773170412157,0.0
88620.0,24.616666666666667,0.233627299524788,0.0,0.233627299524788,0.06550218290293186,0.18312130767623255,2.366878692323015,-7.522871214860061e-13,0.18312130767623255,7.447056832488017e-05,1920.0,5760.0,0.0,0.03125,0.03125,0.001380540797401707,0.0
88680.0,24.633333333333333,0.2335182081177509,0.0,0.2335182081177509,0.06547718555426463,0.18304695724876247,2.366953042750485,-7.522871214860061e-13,0.18304695724876247,7.435042746985748e-05,1920.0,5760.0,0.0,0.03125,0.03125,0.0013791975570087525,0.0
88740.0,24.65,0.23340929927748877,0.0,0.23340929927748877,0.0654522520470766,0.18297272665517858,2.367027273344069,-7.522871214860061e-13,0.18297272665517858,7.423059358384284e-05,1920.0,5760.0,0.0,0.03125,0.03125,0.0013778111500585648,0.0
88800.0,24.666666666666668,0.23330057253132624,0.0,0.23330057253132624,0.06542738216125435,0.18289861558957018,2.367101384409677,-7.527312106958561e-13,0.18289861558957018,7.411106560799927e-05,1920.0,5760.0,0.0,0.03125,0.03125,0.001376466891318453,0.0
88860.0,24.683333333333334,0.2331920274082005,0.0,0.2331920274082005,0.06540257567763644,0.182824623747082,2.367175376252165,-7.527312106958561e-13,0.182824623747082,7.399184248807071e-05,1920.0,5760.0,0.0,0.03125,0.03125,0.0013750567349282764,0.0
88920.0,24.7,0.2330836634386563,0.0,0.2330836634386563,0.06537783237800822,0.1827507508239072,2.367249249175339,-7.536193891155563e-13,0.1827507508239072,7.387292317435704e-05,1920.0,5760.0,0.0,0.03125,0.03125,0.0013736907140749028,0.0
88980.0,24.716666666666665,0.23297548015483643,0.0,0.23297548015483643,0.06535315204509706,0.18267699651728536,2.367323003481961,-7.536193891155563e-13,0.18267699651728536,7.375430662169239e-05,1920.0,5760.0,0.0,0.03125,0.03125,0.0013723101406375301,0.0
89040.0,24.733333333333334,0.23286747709047817,0.0,0.23286747709047817,0.06532853446256731,0.18260336052549592,2.3673966394737502,-7.536193891155563e-13,0.18260336052549592,7.363599178941941e-05,1920.0,5760.0,0.0,0.03125,0.03125,0.0013708828515952114,0.0
89100.0,24.75,0.23275965378090394,0.0,0.23275965378090394,0.0653039794150156,0.182529842547854,2.3674701574513914,-7.545075675352564e-13,0.182529842547854,7.351797764136801e-05,1920.0,5760.0,0.0,0.03125,0.03125,0.0013694613395478063,0.0
89160.0,24.766666666666666,0.23265200976301612,0.0,0.23265200976301612,0.06527948668796599,0.18245644228470778,2.367543557714537,-7.549516567451064e-13,0.18245644228470778,7.3400263145831e-05,1920.0,5760.0,0.0,0.03125,0.03125,0.0013680926269199684,0.0
89220.0,24.783333333333335,0.23254454457529064,0.0,0.23254454457529064,0.06525505606786493,0.18238315943743202,2.3676168405618125,-7.553957459549565e-13,0.18238315943743202,7.328284727554047e-05,1920.0,5760.0,0.0,0.03125,0.03125,0.0013666233470633687,0.0
89280.0,24.8,0.23243725775776944,0.0,0.23243725775776944,0.06523068734207686,0.18230999370842405,2.3676900062908204,-7.553957459549565e-13,0.18230999370842405,7.316572900764593e-05,1920.0,5760.0,0.0,0.03125,0.03125,0.0013652196890000642,0.0
89340.0,24.816666666666666,0.23233014885205563,0.0,0.23233014885205563,0.06520638029887912,0.1822369448011003,2.367763055198144,-7.558398351648066e-13,0.1822369448011003,7.304890732369019e-05,1920.0,5760.0,0.0,0.03125,0.03125,0.0013637825371831602,0.0
89400.0,24.833333333333332,0.23222321740130547,0.0,0.23222321740130547,0.06518213472745749,0.1821640124198904,2.3678359875793533,-7.562839243746566e-13,0.1821640124198904,7.293238120958786e-05,1920.0,5760.0,0.0,0.03125,0.03125,0.0013623239035521707,0.0
89460.0,24.85,0.2321164629502228,0.0,0.2321164629502228,0.06515795041790179,0.18209119627023437,2.367908803729009,-7.562839243746566e-13,0.18209119627023437,7.281614965560375e-05,1920.0,5760.0,0.0,0.03125,0.03125,0.0013608896460906726,0.0
89520.0,24.866666666666667,0.232009885045053,0.0,0.232009885045053,0.06513382716120006,0.18201849605857776,2.3679815039406655,-7.567280135845067e-13,0.18201849605857776,7.270021165632725e-05,1920.0,5760.0,0.0,0.03125,0.03125,0.0013593930317517759,0.0
89580.0,24.883333333333333,0.23190348323357438,0.0,0.23190348323357438,0.06510976474923542,0.1819459114923669,2.3680540885068764,-7.567280135845067e-13,0.1819459114923669,7.258456621065266e-05,1920.0,5760.0,0.0,0.03125,0.03125,0.0013579417949695096,0.0
89640.0,24.9,0.231797257065096,0.0,0.231797257065096,0.06508576297478036,0.18187344228004523,2.368126557719198,-7.562839243746566e-13,0.18187344228004523,7.246921232175574e-05,1920.0,5760.0,0.0,0.03125,0.03125,0.001356484908035703,0.0
89700.0,24.916666666666668,0.2316912060904473,0.0,0.2316912060904473,0.065061821631493,0.18180108813104798,2.368198911868195,-7.567280135845067e-13,0.18180108813104798,7.23541489970732e-05,1920.0,5760.0,0.0,0.03125,0.03125,0.0013549733726495607,0.0
89760.0,24.933333333333334,0.23158532986197405,0.0,0.23158532986197405,0.06503794051391185,0.18172884875579934,2.3682711512434436,-7.567280135845067e-13,0.18172884875579934,7.223937524827971e-05,1920.0,5760.0,0.0,0.03125,0.03125,0.0013534846786040253,0.0
89820.0,24.95,0.23147962793353177,0.0,0.23147962793353177,0.06501411941745137,0.18165672386570797,2.368343276133535,-7.567280135845067e-13,0.18165672386570797,7.212489009126566e-05,1920.0,5760.0,0.0,0.03125,0.03125,0.0013519973910910258,0.0
89880.0,24.966666666666665,0.23137409986047897,0.0,0.23137409986047897,0.06499035813839817,0.1815847131731613,2.3684152868260813,-7.571721027943568e-13,0.1815847131731613,7.201069254611634e-05,1920.0,5760.0,0.0,0.03125,0.03125,0.0013504771025433186,0.0
89940.0,24.983333333333334,0.2312687451996714,0.0,0.2312687451996714,0.06496665647390577,0.1815128163915241,2.3684871836077184,-7.571721027943568e-13,0.1815128163915241,7.189678163709086e-05,1920.0,5760.0,0.0,0.03125,0.03125,0.0013489981711336378,0.0
90000.0,25.0,0.23116356350945652,0.0,0.23116356350945652,0.06494301422199054,0.18144103323513108,2.368558966764111,-7.576161920042068e-13,0.18144103323513108,7.178315639259985e-05,1920.0,5760.0,0.0,0.03125,0.03125,0.0013474820940148518,0.0
90060.0,25.016666666666666,0.23105855434966588,0.0,0.23105855434966588,0.06491943118152715,0.18136936341928575,2.3686306365799563,-7.576161920042068e-13,0.18136936341928575,7.166981584518429e-05,1920.0,5760.0,0.0,0.03125,0.03125,0.0013459242516227394,0.0
90120.0,25.033333333333335,0.23095371728161024,0.0,0.23095371728161024,0.06489590715224439,0.18129780666025386,2.368702193338988,-7.580602812140569e-13,0.18129780666025386,7.155675903149586e-05,1920.0,5760.0,0.0,0.03125,0.03125,0.001344419729973963,0.0
90180.0,25.05,0.23084905186807342,0.0,0.23084905186807342,0.06487244193472047,0.18122636267526174,2.3687736373239803,-7.576161920042068e-13,0.18122636267526174,7.144398499227374e-05,1920.0,5760.0,0.0,0.03125,0.03125,0.0013429038432703913,0.0
90240.0,25.066666666666666,0.23074455767330607,0.0,0.23074455767330607,0.0648490353303789,0.18115503118248924,2.3688449688167528,-7.576161920042068e-13,0.18115503118248924,7.133149277232505e-05,1920.0,5760.0,0.0,0.03125,0.03125,0.0013413237671736395,0.0
90300.0,25.083333333333332,0.23064023426301863,0.0,0.23064023426301863,0.06482568714148432,0.18108381190106823,2.368916188098173,-7.585043704239069e-13,0.18108381190106823,7.12192814205038e-05,1920.0,5760.0,0.0,0.03125,0.03125,0.00133979035932596,0.0
90360.0,25.1,0.2305360812043776,0.0,0.2305360812043776,0.064802397171138,0.1810127045510784,2.3689872954481626,-7.58948459633757e-13,0.1810127045510784,7.11073499896916e-05,1920.0,5760.0,0.0,0.03125,0.03125,0.0013382213316782362,0.0
90420.0,25.116666666666667,0.23043209806599807,0.0,0.23043209806599807,0.06477916522327348,0.18094170885354124,2.3690582911456994,-7.58948459633757e-13,0.18094170885354124,7.099569753677458e-05,1920.0,5760.0,0.0,0.03125,0.03125,0.0013366659789948298,0.0
90480.0,25.133333333333333,0.23032828441793768,0.0,0.23032828441793768,0.06475599110265272,0.18087082453041842,2.369129175468822,-7.593925488436071e-13,0.18087082453041842,7.088432312262393e-05,1920.0,5760.0,0.0,0.03125,0.03125,0.0013351289286869436,0.0
90540.0,25.15,0.2302246398316919,0.0,0.2302246398316919,0.06473287461486149,0.18080005130460608,2.3691999486946345,-7.593925488436071e-13,0.18080005130460608,7.07732258120774e-05,1920.0,5760.0,0.0,0.03125,0.03125,0.0013335097829103764,0.0
90600.0,25.166666666666668,0.23012116388018639,0.0,0.23012116388018639,0.06470981556630573,0.18072938889993184,2.3692706110993083,-7.598366380534571e-13,0.18072938889993184,7.06624046739182e-05,1920.0,5760.0,0.0,0.03125,0.03125,0.0013319355908751798,0.0
90660.0,25.183333333333334,0.23001785613777262,0.0,0.23001785613777262,0.06468681376420686,0.1806588370411511,2.369341162958089,-7.593925488436071e-13,0.1806588370411511,7.05518587808539e-05,1920.0,5760.0,0.0,0.03125,0.03125,0.001330371850663245,0.0
90720.0,25.2,0.2299147161802223,0.0,0.2299147161802223,0.06466386901659738,0.18058839545394118,2.3694116045452986,-7.598366380534571e-13,0.18058839545394118,7.044158720949704e-05,1920.0,5760.0,0.0,0.03125,0.03125,0.001328768354469398,0.0
90780.0,25.216666666666665,0.2298117435847207,0.0,0.2298117435847207,0.06464098113231816,0.18051806386490019,2.369481936134339,-7.607248164731573e-13,0.18051806386490019,7.03315890403461e-05,1920.0,5760.0,0.0,0.03125,0.03125,0.0013271533943944364,0.0
90840.0,25.233333333333334,0.22970893792986083,0.0,0.22970893792986083,0.06461814992101267,0.18044784200154296,2.369552157997697,-7.602807272633072e-13,0.18044784200154296,7.022186335776645e-05,1920.0,5760.0,0.0,0.03125,0.03125,0.0013255710203526636,0.0
90900.0,25.25,0.22960629879563782,0.0,0.22960629879563782,0.064595375193124,0.18037772959229223,2.3696222704069467,-7.607248164731573e-13,0.18037772959229223,7.01124092499678e-05,1920.0,5760.0,0.0,0.03125,0.03125,0.0013239333686996919,0.0
90960.0,25.266666666666666,0.2295038257634444,0.0,0.2295038257634444,0.06457265675989039,0.18030772636648296,2.3696922736327557,-7.611689056830073e-13,0.18030772636648296,7.000322580898906e-05,1920.0,5760.0,0.0,0.03125,0.03125,0.001322338260953737,0.0
91020.0,25.283333333333335,0.22940151841606374,0.0,0.22940151841606374,0.06454999443334147,0.18023783205435231,2.3697621679448866,-7.607248164731573e-13,0.18023783205435231,6.989431213067462e-05,1920.0,5760.0,0.0,0.03125,0.03125,0.001320726824240669,0.0
91080.0,25.3,0.22929937633766434,0.0,0.22929937633766434,0.06452738802629385,0.18016804638703754,2.3698319536122012,-7.611689056830073e-13,0.18016804638703754,6.978566731465848e-05,1920.0,5760.0,0.0,0.03125,0.03125,0.0013190702483942625,0.0
91140.0,25.316666666666666,0.22919739911379428,0.0,0.22919739911379428,0.06450483735234772,0.18009836909657245,2.3699016309026657,-7.616129948928574e-13,0.18009836909657245,6.967729046434399e-05,1920.0,5760.0,0.0,0.03125,0.03125,0.001317456042646046,0.0
91200.0,25.333333333333332,0.2290955863313765,0.0,0.2290955863313765,0.0644823422258826,0.18002879991588533,2.3699712000833526,-7.620570841027074e-13,0.18002879991588533,6.956918068688396e-05,1920.0,5760.0,0.0,0.03125,0.03125,0.001315803046349968,0.0
91260.0,25.35,0.22899393757870184,0.0,0.22899393757870184,0.06445990246205335,0.17995933857879218,2.370040661420446,-7.616129948928574e-13,0.17995933857879218,6.946133709316435e-05,1920.0,5760.0,0.0,0.03125,0.03125,0.0013141500243611613,0.0
91320.0,25.366666666666667,0.22889245244542472,0.0,0.22889245244542472,0.06443751787678656,0.1798899848199942,2.3701100151792436,-7.620570841027074e-13,0.1798899848199942,6.935375879778273e-05,1920.0,5760.0,0.0,0.03125,0.03125,0.0013125356621200316,0.0
91380.0,25.383333333333333,0.22879113052255667,0.0,0.22879113052255667,0.06441518828677621,0.1798207383750749,2.3701792616241626,-7.625011733125575e-13,0.1798207383750749,6.924644491903092e-05,1920.0,5760.0,0.0,0.03125,0.03125,0.0013108478112905386,0.0
91440.0,25.4,0.22868997140246183,0.0,0.22868997140246183,0.06439291350948037,0.17975159898049584,2.3702484010187415,-7.625011733125575e-13,0.17975159898049584,6.913939457887648e-05,1920.0,5760.0,0.0,0.03125,0.03125,0.001309181259508805,0.0
91500.0,25.416666666666668,0.2285889746788506,0.0,0.2285889746788506,0.0643706933631171,0.1796825663735927,2.3703174336256443,-7.629452625224076e-13,0.1796825663735927,6.903260690294428e-05,1920.0,5760.0,0.0,0.03125,0.03125,0.0013075284853731853,0.0
91560.0,25.433333333333334,0.22848813994677453,0.0,0.22848813994677453,0.06434852766666048,0.17961364029257165,2.370386359706665,-7.633893517322576e-13,0.17961364029257165,6.89260810204984e-05,1920.0,5760.0,0.0,0.03125,0.03125,0.0013058268607264339,0.0
91620.0,25.45,0.22838746680262126,0.0,0.22838746680262126,0.06432641623983718,0.17954482047650722,2.3704551795227293,-7.633893517322576e-13,0.17954482047650722,6.881981606442287e-05,1920.0,5760.0,0.0,0.03125,0.03125,0.0013041605395883295,0.0
91680.0,25.466666666666665,0.22828695484410844,0.0,0.22828695484410844,0.06430435890312258,0.17947610666533567,2.3705238933339006,-7.633893517322576e-13,0.17947610666533567,6.871381117120496e-05,1920.0,5760.0,0.0,0.03125,0.03125,0.0013025056288320268,0.0
91740.0,25.483333333333334,0.2281866036702792,0.0,0.2281866036702792,0.06428235547773686,0.1794074985998548,2.3705925013993814,-7.638334409421077e-13,0.1794074985998548,6.86080654809171e-05,1920.0,5760.0,0.0,0.03125,0.03125,0.00130081063009632,0.0
91800.0,25.5,0.22808641288149606,0.0,0.22808641288149606,0.06426040578564154,0.17933899602171716,2.3706610039775184,-7.642775301519578e-13,0.17933899602171716,6.850257813719658e-05,1920.0,5760.0,0.0,0.03125,0.03125,0.0012990981269657,0.0
91860.0,25.516666666666666,0.22798638207943636,0.0,0.22798638207943636,0.06423850964953565,0.17927059867342962,2.370729401325806,-7.642775301519578e-13,0.17927059867342962,6.839734828723194e-05,1920.0,5760.0,0.0,0.03125,0.03125,0.0012974222479601191,0.0
91920.0,25.533333333333335,0.22788651086708606,0.0,0.22788651086708606,0.06421666689285177,0.17920230629834755,2.3707976937008874,-7.647216193618078e-13,0.17920230629834755,6.829237508174186e-05,1920.0,5760.0,0.0,0.03125,0.03125,0.0012957084424196662,0.0
91980.0,25.55,0.22778679884873537,0.0,0.22778679884873537,0.06419487733975322,0.1791341186406725,2.3708658813585624,-7.651657085716579e-13,0.1791341186406725,6.818765767495766e-05,1920.0,5760.0,0.0,0.03125,0.03125,0.0012940275700844737,0.0
92040.0,25.566666666666666,0.22768724562997233,0.0,0.22768724562997233,0.06417314081512948,0.1790660354454474,2.370933964553787,-7.65609797781508e-13,0.1790660354454474,6.80831952246088e-05,1920.0,5760.0,0.0,0.03125,0.03125,0.001292273145184756,0.0
92100.0,25.583333333333332,0.22758785081767957,0.0,0.22758785081767957,0.06415145714459304,0.17899805645855552,2.371001943540679,-7.651657085716579e-13,0.17899805645855552,6.797898689190285e-05,1920.0,5760.0,0.0,0.03125,0.03125,0.0012905776023488032,0.0
92160.0,25.6,0.2274886140200277,0.0,0.2274886140200277,0.06412982615447607,0.1789301814267136,2.3710698185725207,-7.65609797781508e-13,0.1789301814267136,6.787503184150888e-05,1920.0,5760.0,0.0,0.03125,0.03125,0.001288868871333877,0.0
92220.0,25.616666666666667,0.22738953484647006,0.0,0.22738953484647006,0.06410824767182616,0.17886241009747167,2.371137589901762,-7.66053886991358e-13,0.17886241009747167,6.777132924154124e-05,1920.0,5760.0,0.0,0.03125,0.03125,0.0012870892725210146,0.0
92280.0,25.633333333333333,0.22729061290773833,0.0,0.22729061290773833,0.06408672152440352,0.17879474221920832,2.3712052577800256,-7.66053886991358e-13,0.17879474221920832,6.766787826353978e-05,1920.0,5760.0,0.0,0.03125,0.03125,0.0012853815180186947,0.0
92340.0,25.65,0.22719184781583607,0.0,0.22719184781583607,0.0640652475406768,0.1787271775411254,2.371272822458108,-7.664979762012081e-13,0.1787271775411254,6.75646780824573e-05,1920.0,5760.0,0.0,0.03125,0.03125,0.0012836615485341668,0.0
92400.0,25.666666666666668,0.22709323918403568,0.0,0.22709323918403568,0.06404382554982002,0.17865971581324838,2.3713402841859845,-7.669420654110581e-13,0.17865971581324838,6.746172787663743e-05,1920.0,5760.0,0.0,0.03125,0.03125,0.0012818977829147313,0.0
92460.0,25.683333333333334,0.22699478662687228,0.0,0.22699478662687228,0.06402245538170909,0.17859235678642074,2.3714076432128124,-7.664979762012081e-13,0.17859235678642074,6.735902682780313e-05,1920.0,5760.0,0.0,0.03125,0.03125,0.0012801732139711218,0.0
92520.0,25.7,0.2268964897601381,0.0,0.2268964897601381,0.0640011368669178,0.17852510021229925,2.3714748997869335,-7.669420654110581e-13,0.17852510021229925,6.725657412103573e-05,1920.0,5760.0,0.0,0.03125,0.03125,0.0012783988803711625,0.0
92580.0,25.716666666666665,0.2267983482008779,0.0,0.2267983482008779,0.06397986983671529,0.17845794584335387,2.3715420541558783,-7.678302438307583e-13,0.17845794584335387,6.715436894476042e-05,1920.0,5760.0,0.0,0.03125,0.03125,0.0012766530328849831,0.0
92640.0,25.733333333333334,0.22670036156738435,0.0,0.22670036156738435,0.06395865412306172,0.17839089343286332,2.371609106566369,-7.673861546209082e-13,0.17839089343286332,6.705241049072936e-05,1920.0,5760.0,0.0,0.03125,0.03125,0.001274897356559967,0.0
92700.0,25.75,0.22660252947919332,0.0,0.22660252947919332,0.06393748955860545,0.17832394273490887,2.371676057264323,-7.678302438307583e-13,0.17832394273490887,6.695069795400552e-05,1920.0,5760.0,0.0,0.03125,0.03125,0.0012731235865591872,0.0
92760.0,25.766666666666666,0.22650485155707775,0.0,0.22650485155707775,0.0639163759766795,0.1782570935043759,2.371742906494856,-7.682743330406083e-13,0.1782570935043759,6.68492305329469e-05,1920.0,5760.0,0.0,0.03125,0.03125,0.001271375648973709,0.0
92820.0,25.783333333333335,0.22640732742304254,0.0,0.22640732742304254,0.06389531321129804,0.17819034549694632,2.371809654502285,-7.682743330406083e-13,0.17819034549694632,6.67480074291885e-05,1920.0,5760.0,0.0,0.03125,0.03125,0.0012695890634790022,0.0
92880.0,25.8,0.22630995670032233,0.0,0.22630995670032233,0.06387430109715328,0.17812369846909845,2.3718763015301327,-7.687184222504584e-13,0.17812369846909845,6.664702784762734e-05,1920.0,5760.0,0.0,0.03125,0.03125,0.0012677871605003138,0.0
92940.0,25.816666666666666,0.22621273901337433,0.0,0.22621273901337433,0.06385333946961202,0.17805715217810208,2.371942847821129,-7.687184222504584e-13,0.17805715217810208,6.654629099640754e-05,1920.0,5760.0,0.0,0.03125,0.03125,0.0012660364508315458,0.0
93000.0,25.833333333333332,0.22611567398787194,0.0,0.22611567398787194,0.06383242816471196,0.1779907063820148,2.372009293617216,-7.687184222504584e-13,0.1779907063820148,6.644579608690292e-05,1920.0,5760.0,0.0,0.03125,0.03125,0.0012642436000227235,0.0
93060.0,25.85,0.22601876125070472,0.0,0.22601876125070472,0.06381156701915941,0.17792436083968063,2.37207563915955,-7.691625114603085e-13,0.17792436083968063,6.634554233370021e-05,1920.0,5760.0,0.0,0.03125,0.03125,0.0012624497350667615,0.0
93120.0,25.866666666666667,0.22592200042996904,0.0,0.22592200042996904,0.06379075587032497,0.17785811531072618,2.3721418846885043,-7.691625114603085e-13,0.17785811531072618,6.624552895458643e-05,1920.0,5760.0,0.0,0.03125,0.03125,0.0012606470462716026,0.0
93180.0,25.883333333333333,0.225825391154965,0.0,0.225825391154965,0.06376999455624079,0.1777919695555551,2.372208030443675,-7.700506898800086e-13,0.1777919695555551,6.614575517053033e-05,1920.0,5760.0,0.0,0.03125,0.03125,0.0012588487989921302,0.0
93240.0,25.9,0.2257289330561926,0.0,0.2257289330561926,0.06374928291559735,0.17772592333534915,2.3722740766638806,-7.700506898800086e-13,0.17772592333534915,6.604622020566864e-05,1920.0,5760.0,0.0,0.03125,0.03125,0.0012570481288938901,0.0
93300.0,25.916666666666668,0.22563262576534499,0.0,0.22563262576534499,0.06372862078774012,0.1776599764120618,2.3723400235871677,-7.704947790898586e-13,0.1776599764120618,6.594692328728927e-05,1920.0,5760.0,0.0,0.03125,0.03125,0.00125526095495957,0.0
93360.0,25.933333333333334,0.22553646891530535,0.0,0.22553646891530535,0.06370800801266657,0.1775941285484156,2.3724058714508134,-7.709388682997087e-13,0.1775941285484156,6.584786364581755e-05,1920.0,5760.0,0.0,0.03125,0.03125,0.0012534494057858771,0.0
93420.0,25.95,0.22544046214014185,0.0,0.22544046214014185,0.06368744443102221,0.17752837950790065,2.372471620491328,-7.709388682997087e-13,0.17752837950790065,6.574904051479861e-05,1920.0,5760.0,0.0,0.03125,0.03125,0.0012516542229945502,0.0
93480.0,25.966666666666665,0.2253446050751019,0.0,0.2253446050751019,0.06366692988409876,0.17746272905476942,2.3725372709444588,-7.718270467194088e-13,0.17746272905476942,6.565045313088364e-05,1920.0,5760.0,0.0,0.03125,0.03125,0.0012497982651099014,0.0
93540.0,25.983333333333334,0.22524889735660952,0.0,0.22524889735660952,0.06364646421382984,0.1773971769540355,2.3726028230451925,-7.718270467194088e-13,0.1773971769540355,6.555210073381643e-05,1920.0,5760.0,0.0,0.03125,0.03125,0.0012479873756336094,0.0
93600.0,26.0,0.22515333862225825,0.0,0.22515333862225825,0.06362604726278849,0.1773317229714686,2.372668277027759,-7.722711359292589e-13,0.1773317229714686,6.545398256641418e-05,1920.0,5760.0,0.0,0.03125,0.03125,0.0012461772962407802,0.0
93660.0,26.016666666666666,0.22505792851080908,0.0,0.22505792851080908,0.06360567887418368,0.177266366873594,2.3727336331256335,-7.722711359292589e-13,0.177266366873594,6.535609787455602e-05,1920.0,5760.0,0.0,0.03125,0.03125,0.0012443414229871075,0.0
93720.0,26.033333333333335,0.22496266666218315,0.0,0.22496266666218315,0.06358535889185783,0.17720110842768647,2.3727988915715406,-7.72715225139109e-13,0.17720110842768647,6.525844590716704e-05,1920.0,5760.0,0.0,0.03125,0.03125,0.0012424930364127484,0.0
93780.0,26.05,0.2248675527174606,0.0,0.2248675527174606,0.06356508716028267,0.17713594740177022,2.372864052597457,-7.72715225139109e-13,0.17713594740177022,6.516102591620371e-05,1920.0,5760.0,0.0,0.03125,0.03125,0.0012406812986261004,0.0
93840.0,26.066666666666666,0.2247725863188714,0.0,0.2247725863188714,0.06354486352455742,0.1770708835646131,2.3729291164346136,-7.73159314348959e-13,0.1770708835646131,6.506383715663794e-05,1920.0,5760.0,0.0,0.03125,0.03125,0.0012388446367959114,0.0
93900.0,26.083333333333332,0.2246777671097964,0.0,0.2246777671097964,0.06352468783040485,0.17700591668572654,2.3729940833135,-7.73159314348959e-13,0.17700591668572654,6.496687888644427e-05,1920.0,5760.0,0.0,0.03125,0.03125,0.0012369818493105037,0.0
93960.0,26.1,0.22458309473475668,0.0,0.22458309473475668,0.06350455992416866,0.1769410465353599,2.3730589534638664,-7.736034035588091e-13,0.1769410465353599,6.487015036658525e-05,1920.0,5760.0,0.0,0.03125,0.03125,0.0012351625396053564,0.0
94020.0,26.116666666666667,0.2244885688394156,0.0,0.2244885688394156,0.06348447965281019,0.1768762728844987,2.373123727114727,-7.740474927686591e-13,0.1768762728844987,6.477365086099367e-05,1920.0,5760.0,0.0,0.03125,0.03125,0.0012332859102591894,0.0
94080.0,26.133333333333333,0.22439418907056777,0.0,0.22439418907056777,0.0634644468639062,0.17681159550486167,2.3731884044943636,-7.744915819785092e-13,0.17681159550486167,6.467737963656389e-05,1920.0,5760.0,0.0,0.03125,0.03125,0.0012314548379224015,0.0
94140.0,26.15,0.22429995507614053,0.0,0.22429995507614053,0.0634444614056448,0.17674701416889838,2.3732529858303266,-7.749356711883593e-13,0.17674701416889838,6.458133596313281e-05,1920.0,5760.0,0.0,0.03125,0.03125,0.0012295800374588187,0.0
94200.0,26.166666666666668,0.2242058665051847,0.0,0.2242058665051847,0.06342452312682292,0.17668252864978481,2.37331747134944,-7.749356711883593e-13,0.17668252864978481,6.448551911346667e-05,1920.0,5760.0,0.0,0.03125,0.03125,0.0012277523402974228,0.0
94260.0,26.183333333333334,0.22411192300787325,0.0,0.22411192300787325,0.06340463187684414,0.1766181387214212,2.3733818612778035,-7.749356711883593e-13,0.1766181387214212,6.438992836324916e-05,1920.0,5760.0,0.0,0.03125,0.03125,0.0012258709061880103,0.0
94320.0,26.2,0.22401812423549633,0.0,0.22401812423549633,0.06338478750571463,0.1765538441584298,2.3734461558407944,-7.753797603982093e-13,0.1765538441584298,6.429456299106533e-05,1920.0,5760.0,0.0,0.03125,0.03125,0.0012240142882520683,0.0
94380.0,26.216666666666665,0.22392446984045458,0.0,0.22392446984045458,0.06336498986404088,0.17648964473615128,2.3735103552630727,-7.758238496080594e-13,0.17648964473615128,6.419942227838701e-05,1920.0,5760.0,0.0,0.03125,0.03125,0.0012221541504520259,0.0
94440.0,26.233333333333334,0.2238309594762593,0.0,0.2238309594762593,0.06334523880302671,0.1764255402306413,2.3735744597685824,-7.762679388179095e-13,0.1764255402306413,6.410450550956091e-05,1920.0,5760.0,0.0,0.03125,0.03125,0.001220277609511017,0.0
94500.0,26.25,0.22373759279752384,0.0,0.22373759279752384,0.06332553417447033,0.17636153041866923,2.373638469580554,-7.762679388179095e-13,0.17636153041866923,6.400981197179441e-05,1920.0,5760.0,0.0,0.03125,0.03125,0.0012184182252945842,0.0
94560.0,26.266666666666666,0.223644369459961,0.0,0.223644369459961,0.06330587583076154,0.17629761507771394,2.373702384921509,-7.767120280277595e-13,0.17629761507771394,6.391534095514029e-05,1920.0,5760.0,0.0,0.03125,0.03125,0.0012165295330845611,0.0
94620.0,26.283333333333335,0.22355128912037964,0.0,0.22355128912037964,0.06328626362487869,0.17623379398596134,2.3737662060132614,-7.771561172376096e-13,0.17623379398596134,6.382109175248377e-05,1920.0,5760.0,0.0,0.03125,0.03125,0.0012146559630967363,0.0
94680.0,26.3,0.22345835143667825,0.0,0.22345835143667825,0.06326669741038643,0.17617006692230158,2.373829933076921,-7.776002064474596e-13,0.17617006692230158,6.372706365953012e-05,1920.0,5760.0,0.0,0.03125,0.03125,0.0012127833714006106,0.0
94740.0,26.316666666666666,0.22336555606784245,0.0,0.22336555606784245,0.06324717704143216,0.17610643366632647,2.3738935663328955,-7.780442956573097e-13,0.17610643366632647,6.363325597479002e-05,1920.0,5760.0,0.0,0.03125,0.03125,0.0012108901055171441,0.0
94800.0,26.333333333333332,0.22327290267394106,0.0,0.22327290267394106,0.06322770237274387,0.17604289399832687,2.373957106000895,-7.780442956573097e-13,0.17604289399832687,6.353966799956598e-05,1920.0,5760.0,0.0,0.03125,0.03125,0.0012090092278649006,0.0
94860.0,26.35,0.22318039091612002,0.0,0.22318039091612002,0.0632082732596268,0.17597944769928847,2.374020552299933,-7.780442956573097e-13,0.17597944769928847,6.344629903794016e-05,1920.0,5760.0,0.0,0.03125,0.03125,0.0012071257709330865,0.0
94920.0,26.366666666666667,0.22308802045659837,0.0,0.22308802045659837,0.06318888955796105,0.17591609455089172,2.37408390544833,-7.784883848671598e-13,0.17591609455089172,6.335314839675914e-05,1920.0,5760.0,0.0,0.03125,0.03125,0.0012052173202194633,0.0
94980.0,26.383333333333333,0.2229957909586674,0.0,0.2229957909586674,0.06316955112419914,0.17585283433550597,2.3741471656637154,-7.784883848671598e-13,0.17585283433550597,6.326021538562318e-05,1920.0,5760.0,0.0,0.03125,0.03125,0.0012033269942029756,0.0
95040.0,26.4,0.2229037020866821,0.0,0.2229037020866821,0.06315025781536249,0.17578966683618846,2.3742103331630324,-7.789324740770098e-13,0.17578966683618846,6.316749931687069e-05,1920.0,5760.0,0.0,0.03125,0.03125,0.0012014559888057317,0.0
95100.0,26.416666666666668,0.22281175350605897,0.0,0.22281175350605897,0.06313100948903916,0.1757265918366828,2.374273408162538,-7.789324740770098e-13,0.1757265918366828,6.307499950556656e-05,1920.0,5760.0,0.0,0.03125,0.03125,0.0011995160379388514,0.0
95160.0,26.433333333333334,0.22271994488327324,0.0,0.22271994488327324,0.06311180600338133,0.17566360912141313,2.3743363908778075,-7.793765632868599e-13,0.17566360912141313,6.29827152694895e-05,1920.0,5760.0,0.0,0.03125,0.03125,0.001197649892378223,0.0
95220.0,26.45,0.22262827588585193,0.0,0.22262827588585193,0.063092647217102,0.17560071847548367,2.3743992815237367,-7.793765632868599e-13,0.17560071847548367,6.289064592911704e-05,1920.0,5760.0,0.0,0.03125,0.03125,0.0011957144655026994,0.0
95280.0,26.466666666666665,0.2225367461823722,0.0,0.2225367461823722,0.06307353298947319,0.1755379196846759,2.374462080314544,-7.7982065249671e-13,0.1755379196846759,6.279879080761558e-05,1920.0,5760.0,0.0,0.03125,0.03125,0.001193816864476586,0.0
95340.0,26.483333333333334,0.2224453554424557,0.0,0.2224453554424557,0.06305446318032262,0.17547521253544474,2.374524787463775,-7.7982065249671e-13,0.17547521253544474,6.27071492308264e-05,1920.0,5760.0,0.0,0.03125,0.03125,0.0011918785421070597,0.0
95400.0,26.5,0.222354103336765,0.0,0.222354103336765,0.06303543765003103,0.17541259681491736,2.3745874031843024,-7.8026474170656e-13,0.17541259681491736,6.261572052725096e-05,1920.0,5760.0,0.0,0.03125,0.03125,0.0011899863614832733,0.0
95460.0,26.516666666666666,0.22226298953700102,0.0,0.22226298953700102,0.06301645625953028,0.17535007231088928,2.3746499276883304,-7.8026474170656e-13,0.17535007231088928,6.252450402804184e-05,1920.0,5760.0,0.0,0.03125,0.03125,0.001188073590527711,0.0
95520.0,26.533333333333335,0.22217201371589634,0.0,0.22217201371589634,0.06299751887029995,0.17528763881182194,2.3747123611873975,-7.8026474170656e-13,0.17528763881182194,6.243349906698755e-05,1920.0,5760.0,0.0,0.03125,0.03125,0.0011861801320910488,0.0
95580.0,26.55,0.2220811755472133,0.0,0.2220811755472133,0.0629786253443649,0.17522529610684115,2.374774703892378,-7.807088309164101e-13,0.17522529610684115,6.234270498050081e-05,1920.0,5760.0,0.0,0.03125,0.03125,0.0011842204035645363,0.0
95640.0,26.566666666666666,0.22199047470573893,0.0,0.22199047470573893,0.06295977554429319,0.17516304398573318,2.374836956013486,-7.807088309164101e-13,0.17516304398573318,6.225212110760664e-05,1920.0,5760.0,0.0,0.03125,0.03125,0.001182306348889604,0.0
95700.0,26.583333333333332,0.22189991086728067,0.0,0.22189991086728067,0.06294096933319285,0.1751008822389433,2.374899117760276,-7.807088309164101e-13,0.1751008822389433,6.216174678992897e-05,1920.0,5760.0,0.0,0.03125,0.03125,0.0011803972370845205,0.0
95760.0,26.6,0.22180948370866543,0.0,0.22180948370866543,0.0629222065747101,0.1750388106575712,2.3749611893416476,-7.811529201262601e-13,0.1750388106575712,6.207158137167986e-05,1920.0,5760.0,0.0,0.03125,0.03125,0.0011784749985140138,0.0
95820.0,26.616666666666667,0.22171919290773132,0.0,0.22171919290773132,0.06290348713302579,0.1749768290333713,2.3750231709658474,-7.811529201262601e-13,0.1749768290333713,6.198162419964567e-05,1920.0,5760.0,0.0,0.03125,0.03125,0.0011765755337651018,0.0
95880.0,26.633333333333333,0.2216290381433263,0.0,0.2216290381433263,0.06288481087285375,0.17491493715874787,2.3750850628404705,-7.815970093361102e-13,0.17491493715874787,6.189187462317554e-05,1920.0,5760.0,0.0,0.03125,0.03125,0.0011746100842550406,0.0
95940.0,26.65,0.22153901909530427,0.0,0.22153901909530427,0.06286617765943808,0.17485313482675374,2.3751468651724648,-7.811529201262601e-13,0.17485313482675374,6.180233199417032e-05,1920.0,5760.0,0.0,0.03125,0.03125,0.0011727172092774463,0.0
96000.0,26.666666666666668,0.22144913544452025,0.0,0.22144913544452025,0.0628475873585502,0.17479142183108629,2.375208578168132,-7.815970093361102e-13,0.17479142183108629,6.171299566706826e-05,1920.0,5760.0,0.0,0.03125,0.03125,0.0011707443171916827,0.0
96060.0,26.683333333333334,0.22135938687282725,0.0,0.22135938687282725,0.06282903983648677,0.17472979796608712,2.3752702020331307,-7.820410985459603e-13,0.17472979796608712,6.162386499883516e-05,1920.0,5760.0,0.0,0.03125,0.03125,0.0011688585218859694,0.0
96120.0,26.7,0.2212697730630721,0.0,0.2212697730630721,0.0628105349600675,0.17466826302673782,2.3753317369724796,-7.824851877558103e-13,0.17466826302673782,6.15349393489517e-05,1920.0,5760.0,0.0,0.03125,0.03125,0.0011668554761916819,0.0
96180.0,26.716666666666665,0.22118029369909162,0.0,0.22118029369909162,0.06279207259663208,0.17460681680865817,2.375393183190559,-7.824851877558103e-13,0.17460681680865817,6.144621807940219e-05,1920.0,5760.0,0.0,0.03125,0.03125,0.0011649434803024967,0.0
96240.0,26.733333333333334,0.22109094846570918,0.0,0.22109094846570918,0.06277365261403807,0.17454545910810346,2.3754545408911136,-7.829292769656604e-13,0.17454545910810346,6.135770055466119e-05,1920.0,5760.0,0.0,0.03125,0.03125,0.0011630279852309791,0.0
96300.0,26.75,0.22100173704873105,0.0,0.22100173704873105,0.06275527488065835,0.1744841897219617,2.375515810277255,-7.829292769656604e-13,0.1744841897219617,6.12693861416838e-05,1920.0,5760.0,0.0,0.03125,0.03125,0.0011610369862060138,0.0
96360.0,26.766666666666666,0.22091265913494165,0.0,0.22091265913494165,0.06273693926537903,0.17442300844775158,2.375576991551465,-7.833733661755105e-13,0.17442300844775158,6.118127420989303e-05,1920.0,5760.0,0.0,0.03125,0.03125,0.0011591390435364219,0.0
96420.0,26.783333333333335,0.22082371441210027,0.0,0.22082371441210027,0.06271864563759638,0.17436191508362012,2.3756380849155962,-7.833733661755105e-13,0.17436191508362012,6.109336413116826e-05,1920.0,5760.0,0.0,0.03125,0.03125,0.0011571609419313417,0.0
96480.0,26.8,0.22073490256893863,0.0,0.22073490256893863,0.06270039386721518,0.17430090942833987,2.375699090570876,-7.838174553853605e-13,0.17430090942833987,6.10056552798335e-05,1920.0,5760.0,0.0,0.03125,0.03125,0.0011552425183525429,0.0
96540.0,26.816666666666666,0.22064622329515463,0.0,0.22064622329515463,0.06268218382464581,0.1742399912813069,2.3757600087179087,-7.842615445952106e-13,0.1742399912813069,6.091814703264697e-05,1920.0,5760.0,0.0,0.03125,0.03125,0.0011532627127736365,0.0
96600.0,26.833333333333332,0.22055767628141099,0.0,0.22055767628141099,0.06266401538080217,0.1741791604425381,2.3758208395566776,-7.842615445952106e-13,0.1741791604425381,6.083083876878854e-05,1920.0,5760.0,0.0,0.03125,0.03125,0.0011513342085751263,0.0
96660.0,26.85,0.2204692612193303,0.0,0.2204692612193303,0.06264588840709943,0.17411841671266792,2.375881583286547,-7.847056338050606e-13,0.17411841671266792,6.074372986984867e-05,1920.0,5760.0,0.0,0.03125,0.03125,0.0011494026387822071,0.0
96720.0,26.866666666666667,0.2203809778014917,0.0,0.2203809778014917,0.06262780277545126,0.1740577598929479,2.375942240106267,-7.847056338050606e-13,0.1740577598929479,6.065681971981889e-05,1920.0,5760.0,0.0,0.03125,0.03125,0.0011474465232293877,0.0
96780.0,26.883333333333333,0.22029282572142736,0.0,0.22029282572142736,0.0626097583582677,0.1739971897852429,2.376002810213972,-7.847056338050606e-13,0.1739971897852429,6.057010770507739e-05,1920.0,5760.0,0.0,0.03125,0.03125,0.001145480852089132,0.0
96840.0,26.9,0.22020480467361858,0.0,0.22020480467361858,0.06259175502845311,0.17393670619202792,2.3760632938071864,-7.855938122247608e-13,0.17393670619202792,6.048359321438108e-05,1920.0,5760.0,0.0,0.03125,0.03125,0.0011435364255891383,0.0
96900.0,26.916666666666668,0.2201169143534924,0.0,0.2201169143534924,0.06257379265940366,0.17387630891638906,2.3761236910828254,-7.851497230149107e-13,0.17387630891638906,6.039727563885182e-05,1920.0,5760.0,0.0,0.03125,0.03125,0.0011415624928899626,0.0
96960.0,26.933333333333334,0.220029154457418,0.0,0.220029154457418,0.06255587112500494,0.17381599776201695,2.3761840022371974,-7.855938122247608e-13,0.17381599776201695,6.031115437196771e-05,1920.0,5760.0,0.0,0.03125,0.03125,0.001139629036274184,0.0
97020.0,26.95,0.21994152468270245,0.0,0.21994152468270245,0.06253799029962974,0.17375577253320715,2.3762442274660067,-7.860379014346108e-13,0.17375577253320715,6.022522880955056e-05,1920.0,5760.0,0.0,0.03125,0.03125,0.001137667383259873,0.0
97080.0,26.966666666666665,0.21985402472758886,0.0,0.21985402472758886,0.06252015005813626,0.17369563303485716,2.3763043669643564,-7.860379014346108e-13,0.17369563303485716,6.0139498349755486e-05,1920.0,5760.0,0.0,0.03125,0.03125,0.0011356934023519815,0.0
97140.0,26.983333333333334,0.21976665429125053,0.0,0.21976665429125053,0.06250235027586475,0.17363557907246374,2.3763644209267496,-7.864819906444609e-13,0.17363557907246374,6.00539623930611e-05,1920.0,5760.0,0.0,0.03125,0.03125,0.0011337349901902982,0.0
97200.0,27.0,0.21967941307378963,0.0,0.21967941307378963,0.062484590828636694,0.17357561045212128,2.376424389547092,-7.864819906444609e-13,0.17357561045212128,5.996862034225674e-05,1920.0,5760.0,0.0,0.03125,0.03125,0.001131781477825938,0.0
97260.0,27.016666666666666,0.21959230077623115,0.0,0.21959230077623115,0.06246687159275139,0.17351572698051898,2.3764842730186944,-7.864819906444609e-13,0.17351572698051898,5.988347160243314e-05,1920.0,5760.0,0.0,0.03125,0.03125,0.0011298197756433176,0.0
97320.0,27.033333333333335,0.21950531710052204,0.0,0.21950531710052204,0.06244919244498424,0.17345592846493718,2.3765440715342754,-7.87370169064161e-13,0.17345592846493718,5.9798515580972744e-05,1920.0,5760.0,0.0,0.03125,0.03125,0.0011278611543008826,0.0
97380.0,27.05,0.21941846174952676,0.0,0.21941846174952676,0.062431553262584726,0.1733962147132497,2.3766037852859627,-7.87370169064161e-13,0.1733962147132497,5.971375168753522e-05,1920.0,5760.0,0.0,0.03125,0.03125,0.001125859213911449,0.0
97440.0,27.066666666666666,0.2193317344270229,0.0,0.2193317344270229,0.06241395392327395,0.17333658553391545,2.376663414465297,-7.87370169064161e-13,0.17333658553391545,5.962917933405184e-05,1920.0,5760.0,0.0,0.03125,0.03125,0.0011238897288659822,0.0
97500.0,27.083333333333332,0.2192451348376988,0.0,0.2192451348376988,0.06239639430524228,0.17327704073598016,2.3767229592632315,-7.882583474838611e-13,0.17327704073598016,5.9544797934711555e-05,1920.0,5760.0,0.0,0.03125,0.03125,0.0011219115492552931,0.0
97560.0,27.1,0.21915866268714956,0.0,0.21915866268714956,0.062378874287147855,0.17321758012907382,2.3767824198701373,-7.887024366937112e-13,0.17321758012907382,5.946060690595257e-05,1920.0,5760.0,0.0,0.03125,0.03125,0.0011199438603367233,0.0
97620.0,27.116666666666667,0.2190723176818737,0.0,0.2190723176818737,0.062361393748113406,0.17315820352340758,2.3768417964758037,-7.887024366937112e-13,0.17315820352340758,5.937660566645018e-05,1920.0,5760.0,0.0,0.03125,0.03125,0.0011179735724219963,0.0
97680.0,27.133333333333333,0.2189860995292703,0.0,0.2189860995292703,0.06234395256772521,0.17309891072977002,2.376901089269441,-7.887024366937112e-13,0.17309891072977002,5.929279363710743e-05,1920.0,5760.0,0.0,0.03125,0.03125,0.001116002946923757,0.0
97740.0,27.15,0.21890000793763442,0.0,0.21890000793763442,0.06232655062603043,0.1730397015595291,2.376960298439682,-7.887024366937112e-13,0.1730397015595291,5.9209170241046116e-05,1920.0,5760.0,0.0,0.03125,0.03125,0.0011140328534159885,0.0
97800.0,27.166666666666668,0.2188140426161545,0.0,0.2188140426161545,0.06230918780353456,0.17298057582462506,2.3770194241745854,-7.891465259035613e-13,0.17298057582462506,5.912573490359334e-05,1920.0,5760.0,0.0,0.03125,0.03125,0.0011120699902101737,0.0
97860.0,27.183333333333334,0.2187282032749099,0.0,0.2187282032749099,0.06229186398120015,0.17292153333757268,2.377078466661638,-7.891465259035613e-13,0.17292153333757268,5.90424870522747e-05,1920.0,5760.0,0.0,0.03125,0.03125,0.0011100975431907864,0.0
97920.0,27.2,0.21864248962486588,0.0,0.21864248962486588,0.062274579040444256,0.17286257391145557,2.3771374260877547,-7.895906151134113e-13,0.17286257391145557,5.8959426116802545e-05,1920.0,5760.0,0.0,0.03125,0.03125,0.0011081435185659966,0.0
97980.0,27.216666666666665,0.2185569013778707,0.0,0.2185569013778707,0.06225733286313657,0.1728036973599263,2.377196302639284,-7.895906151134113e-13,0.1728036973599263,5.8876551529066236e-05,1920.0,5760.0,0.0,0.03125,0.03125,0.0011061020647631283,0.0
98040.0,27.233333333333334,0.2184714382466536,0.0,0.2184714382466536,0.06224012533159679,0.17274490349720276,2.377255096502007,-7.900347043232614e-13,0.17274490349720276,5.8793862723121726e-05,1920.0,5760.0,0.0,0.03125,0.03125,0.0011041480839918828,0.0
98100.0,27.25,0.21838609994481817,0.0,0.21838609994481817,0.06222295632859349,0.17268619213806766,2.3773138078611424,-7.895906151134113e-13,0.17268619213806766,5.871135913518246e-05,1920.0,5760.0,0.0,0.03125,0.03125,0.0011021589691623535,0.0
98160.0,27.266666666666666,0.2183008861868439,0.0,0.2183008861868439,0.06220582573734131,0.1726275630978636,2.377372436901346,-7.900347043232614e-13,0.1726275630978636,5.862904020360876e-05,1920.0,5760.0,0.0,0.03125,0.03125,0.0011001766354985611,0.0
98220.0,27.283333333333335,0.21821579668807925,0.0,0.21821579668807925,0.06218873344149889,0.17256901619249454,2.377430983806715,-7.900347043232614e-13,0.17256901619249454,5.8546905368898895e-05,1920.0,5760.0,0.0,0.03125,0.03125,0.001098212715891381,0.0
98280.0,27.3,0.21813083116473983,0.0,0.21813083116473983,0.06217167932516748,0.17251055123842082,2.3774894487607887,-7.904787935331115e-13,0.17251055123842082,5.8464954073677424e-05,1920.0,5760.0,0.0,0.03125,0.03125,0.0010962379234688154,0.0
98340.0,27.316666666666666,0.21804598933390412,0.0,0.21804598933390412,0.06215466327288858,0.17245216805265753,2.3775478319465515,-7.909228827429615e-13,0.17245216805265753,5.838318576268853e-05,1920.0,5760.0,0.0,0.03125,0.03125,0.0010942576374974753,0.0
98400.0,27.333333333333332,0.21796127091351086,0.0,0.21796127091351086,0.06213768516964157,0.1723938664527748,2.3776061335464345,-7.904787935331115e-13,0.1723938664527748,5.830159988278345e-05,1920.0,5760.0,0.0,0.03125,0.03125,0.001092266451867021,0.0
98460.0,27.35,0.21787667562235716,0.0,0.21787667562235716,0.06212074490084224,0.17233564625689143,2.3776643537423174,-7.909228827429615e-13,0.17233564625689143,5.822019588291179e-05,1920.0,5760.0,0.0,0.03125,0.03125,0.0010902919643005673,0.0
98520.0,27.366666666666667,0.21779220318009307,0.0,0.21779220318009307,0.06210384235234054,0.17227750728367722,2.3777224927155314,-7.913669719528116e-13,0.17227750728367722,5.813897321411332e-05,1920.0,5760.0,0.0,0.03125,0.03125,0.0010883345754489026,0.0
98580.0,27.383333333333333,0.2177078533072186,0.0,0.2177078533072186,0.06208697741041874,0.1722194493523474,2.377780550646861,-7.913669719528116e-13,0.1722194493523474,5.805793132950578e-05,1920.0,5760.0,0.0,0.03125,0.03125,0.001086340584045983,0.0
98640.0,27.4,0.2176236257250826,0.0,0.2176236257250826,0.06207014996178931,0.17216147228266293,2.3778385277165452,-7.918110611626616e-13,0.17216147228266293,5.7977069684278954e-05,1920.0,5760.0,0.0,0.03125,0.03125,0.0010843510479536258,0.0
98700.0,27.416666666666668,0.21753952015587785,0.0,0.21753952015587785,0.062053359893593014,0.17210357589492734,2.377896424104281,-7.918110611626616e-13,0.17210357589492734,5.789638773568082e-05,1920.0,5760.0,0.0,0.03125,0.03125,0.0010823868988185615,0.0
98760.0,27.433333333333334,0.21745553632263837,0.0,0.21745553632263837,0.0620366070933972,0.17204576000998417,2.377954239989224,-7.918110611626616e-13,0.17204576000998417,5.7815884943012696e-05,1920.0,5760.0,0.0,0.03125,0.03125,0.0010803920534998986,0.0
98820.0,27.45,0.2173716739492351,0.0,0.2173716739492351,0.06201989144919332,0.1719880244492161,2.3780119755499918,-7.918110611626616e-13,0.1719880244492161,5.7735560767617334e-05,1920.0,5760.0,0.0,0.03125,0.03125,0.0010784217742526895,0.0
98880.0,27.466666666666665,0.21728793276037583,0.0,0.21728793276037583,0.062003212849395604,0.17193036903454312,2.3780696309646645,-7.922551503725117e-13,0.17193036903454312,5.765541467286893e-05,1920.0,5760.0,0.0,0.03125,0.03125,0.0010764239921244182,0.0
98940.0,27.483333333333334,0.21720431248159958,0.0,0.21720431248159958,0.061986571182838845,0.17187279358841875,2.3781272064107886,-7.926992395823618e-13,0.17187279358841875,5.7575446124166895e-05,1920.0,5760.0,0.0,0.03125,0.03125,0.0010744632990516449,0.0
99000.0,27.5,0.21712081283927165,0.0,0.21712081283927165,0.061969966338776224,0.17181529793382966,2.3781847020653775,-7.926992395823618e-13,0.17181529793382966,5.7495654588923644e-05,1920.0,5760.0,0.0,0.03125,0.03125,0.0010724657843816457,0.0
99060.0,27.516666666666666,0.21703743356058713,0.0,0.21703743356058713,0.061953398206878195,0.17175788189429278,2.378242118104914,-7.931433287922118e-13,0.17175788189429278,5.7416039536557236e-05,1920.0,5760.0,0.0,0.03125,0.03125,0.0010704798262876655,0.0
99120.0,27.533333333333335,0.21695417437356138,0.0,0.21695417437356138,0.06193686667722991,0.17170054529385367,2.3782994547053526,-7.935874180020619e-13,0.17170054529385367,5.7336600438481915e-05,1920.0,5760.0,0.0,0.03125,0.03125,0.0010684931751751016,0.0
99180.0,27.55,0.21687103500702806,0.0,0.21687103500702806,0.061920371640329416,0.1716432879570856,2.378356712042121,-7.931433287922118e-13,0.1716432879570856,5.7257336768099245e-05,1920.0,5760.0,0.0,0.03125,0.03125,0.0010665096471758936,0.0
99240.0,27.566666666666666,0.2167880151906401,0.0,0.2167880151906401,0.061903912987086175,0.17158610970908464,2.3784138902901217,-7.935874180020619e-13,0.17158610970908464,5.717824800078832e-05,1920.0,5760.0,0.0,0.03125,0.03125,0.0010645364152389457,0.0
99300.0,27.583333333333332,0.21670511465486228,0.0,0.21670511465486228,0.061887490608819026,0.17152901037547064,2.3784709896237355,-7.935874180020619e-13,0.17152901037547064,5.709933361389781e-05,1920.0,5760.0,0.0,0.03125,0.03125,0.0010625737338087024,0.0
99360.0,27.6,0.21662233313096924,0.0,0.21662233313096924,0.06187110439725397,0.17147198978238376,2.3785280102168223,-7.94031507211912e-13,0.17147198978238376,5.7020593086737206e-05,1920.0,5760.0,0.0,0.03125,0.03125,0.0010605862998831973,0.0
99420.0,27.616666666666667,0.21653967035104482,0.0,0.21653967035104482,0.06185475424452269,0.17141504775648275,2.378584952242723,-7.94031507211912e-13,0.17141504775648275,5.694202590056561e-05,1920.0,5760.0,0.0,0.03125,0.03125,0.0010585729570971982,0.0
99480.0,27.633333333333333,0.21645712604797523,0.0,0.21645712604797523,0.06183844004316079,0.17135818412494405,2.3786418158742615,-7.94475596421762e-13,0.17135818412494405,5.6863631538586794e-05,1920.0,5760.0,0.0,0.03125,0.03125,0.0010566146950963101,0.0
99540.0,27.65,0.21637469995545006,0.0,0.21637469995545006,0.06182216168610614,0.17130139871545796,2.378698601283747,-7.94475596421762e-13,0.17130139871545796,5.678540948593722e-05,1920.0,5760.0,0.0,0.03125,0.03125,0.0010546250131620747,0.0
99600.0,27.666666666666668,0.21629239180795637,0.0,0.21629239180795637,0.061805919066696434,0.1712446913562279,2.378755308642977,-7.949196856316121e-13,0.1712446913562279,5.6707359229679726e-05,1920.0,5760.0,0.0,0.03125,0.03125,0.0010526347642035778,0.0
99660.0,27.683333333333334,0.2162102013407763,0.0,0.2162102013407763,0.06178971207866777,0.17118806187596847,2.3788119381232358,-7.958078640513122e-13,0.17118806187596847,5.662948025879314e-05,1920.0,5760.0,0.0,0.03125,0.03125,0.0010506626888465147,0.0
99720.0,27.7,0.2161281282899864,0.0,0.2161281282899864,0.06177354061615327,0.17113151010390473,2.3788684898953,-7.949196856316121e-13,0.17113151010390473,5.655177206416387e-05,1920.0,5760.0,0.0,0.03125,0.03125,0.00104869373487853,0.0
99780.0,27.716666666666665,0.21604617239244925,0.0,0.21604617239244925,0.061757404573680015,0.1710750358697657,2.3789249641294385,-7.958078640513122e-13,0.1710750358697657,5.647423413857844e-05,1920.0,5760.0,0.0,0.03125,0.03125,0.0010466890265741016,0.0
99840.0,27.733333333333334,0.21596433338581905,0.0,0.21596433338581905,0.0617413038461693,0.17101863900378925,2.3789813609954154,-7.953637748414621e-13,0.17101863900378925,5.639686597671426e-05,1920.0,5760.0,0.0,0.03125,0.03125,0.0010447000672188108,0.0
99900.0,27.75,0.21588261100853018,0.0,0.21588261100853018,0.06172523832893265,0.17096231933671355,2.3790376806624907,-7.958078640513122e-13,0.17096231933671355,5.6319667075130323e-05,1920.0,5760.0,0.0,0.03125,0.03125,0.001042747552009449,0.0
99960.0,27.766666666666666,0.2158010049997997,0.0,0.2158010049997997,0.06170920791767188,0.17090607669978122,2.379093923299423,-7.958078640513122e-13,0.17090607669978122,5.6242636932260916e-05,1920.0,5760.0,0.0,0.03125,0.03125,0.0010407509360287287,0.0
100020.0,27.783333333333335,0.21571951509962195,0.0,0.21571951509962195,0.061693212508476196,0.17084991092473248,2.379150089074471,-7.962519532611623e-13,0.17084991092473248,5.61657750484048e-05,1920.0,5760.0,0.0,0.03125,0.03125,0.0010387847009569523,0.0
100080.0,27.8,0.21563814104876686,0.0,0.21563814104876686,0.061677251997820925,0.1707938218438063,2.3792061781553966,-7.971401316808624e-13,0.1707938218438063,5.608908092571864e-05,1920.0,5760.0,0.0,0.03125,0.03125,0.0010367953081273007,0.0
100140.0,27.816666666666666,0.21555688258877703,0.0,0.21555688258877703,0.0616613262825662,0.1707378092897382,2.379262190709465,-7.966960424710123e-13,0.1707378092897382,5.60125540682084e-05,1920.0,5760.0,0.0,0.03125,0.03125,0.001034789969698709,0.0
100200.0,27.833333333333332,0.21547573946196344,0.0,0.21547573946196344,0.06164543525995425,0.17068187309575636,2.3793181269034465,-7.971401316808624e-13,0.17068187309575636,5.593619398172087e-05,1920.0,5760.0,0.0,0.03125,0.03125,0.001032824160658763,0.0
100260.0,27.85,0.21539471141140565,0.0,0.21539471141140565,0.06162957882760835,0.17062601309558217,2.3793739869036203,-7.971401316808624e-13,0.17062601309558217,5.586000017393424e-05,1920.0,5760.0,0.0,0.03125,0.03125,0.001030844282494329,0.0
100320.0,27.866666666666667,0.21531379818094495,0.0,0.21531379818094495,0.06161375688353095,0.17057022912342734,2.379429770875775,-7.975842208907125e-13,0.17057022912342734,5.5783972154352046e-05,1920.0,5760.0,0.0,0.03125,0.03125,0.0010288766437652284,0.0
100380.0,27.883333333333333,0.21523299951518576,0.0,0.21523299951518576,0.06159796932610243,0.17051452101399292,2.379485478985209,-7.975842208907125e-13,0.17051452101399292,5.570810943429378e-05,1920.0,5760.0,0.0,0.03125,0.03125,0.0010269048441468582,0.0
100440.0,27.9,0.2151523151594892,0.0,0.2151523151594892,0.061582216054078764,0.17045888860246594,2.379541111396736,-7.980283101005625e-13,0.17045888860246594,5.5632411526887944e-05,1920.0,5760.0,0.0,0.03125,0.03125,0.0010249211102536162,0.0
100500.0,27.916666666666668,0.21507174485997316,0.0,0.21507174485997316,0.061566496966589904,0.17040333172451838,2.379596668274683,-7.984723993104126e-13,0.17040333172451838,5.5556877947061664e-05,1920.0,5760.0,0.0,0.03125,0.03125,0.001022947316129423,0.0
100560.0,27.933333333333334,0.21499128836350725,0.0,0.21499128836350725,0.061550811963138656,0.17034785021630683,2.3796521497828946,-7.984723993104126e-13,0.17034785021630683,5.548150821153551e-05,1920.0,5760.0,0.0,0.03125,0.03125,0.001020949799520779,0.0
100620.0,27.95,0.2149109454177118,0.0,0.2149109454177118,0.0615351609435988,0.17029244391446782,2.3797075560847336,-7.984723993104126e-13,0.17029244391446782,5.540630183881332e-05,1920.0,5760.0,0.0,0.03125,0.03125,0.0010189748724037464,0.0
100680.0,27.966666666666665,0.21483071577095392,0.0,0.21483071577095392,0.061519543808213104,0.17023711265611846,2.379762887343083,-7.984723993104126e-13,0.17023711265611846,5.5331258349176304e-05,1920.0,5760.0,0.0,0.03125,0.03125,0.0010170068621698078,0.0
100740.0,27.983333333333334,0.21475059917234576,0.0,0.21475059917234576,0.061503960457592204,0.17018185627885377,2.379818143720348,-7.980283101005625e-13,0.17018185627885377,5.5256377264673834e-05,1920.0,5760.0,0.0,0.03125,0.03125,0.0010150442314089366,0.0
100800.0,28.0,0.2146705953717415,0.0,0.2146705953717415,0.06148841079271198,0.17012667462074418,2.379873325378457,-7.984723993104126e-13,0.17012667462074418,5.518165810911508e-05,1920.0,5760.0,0.0,0.03125,0.03125,0.0010130637802951412,0.0
100860.0,28.016666666666666,0.214590704119732,0.0,0.214590704119732,0.06147289471491387,0.17007156752033578,2.379928432478865,-7.989164885202626e-13,0.17007156752033578,5.510710040806156e-05,1920.0,5760.0,0.0,0.03125,0.03125,0.0010110779053257226,0.0
100920.0,28.033333333333335,0.21451092516764875,0.0,0.21451092516764875,0.061457412125900945,0.17001653481664677,2.379983465182554,-7.989164885202626e-13,0.17001653481664677,5.5032703688821905e-05,1920.0,5760.0,0.0,0.03125,0.03125,0.0010091100509351258,0.0
100980.0,28.05,0.21443125826755322,0.0,0.21443125826755322,0.06144196292773807,0.1699615763491664,2.3800384236500345,-7.989164885202626e-13,0.1699615763491664,5.495846748044084e-05,1920.0,5760.0,0.0,0.03125,0.03125,0.0010071320234921527,0.0
101040.0,28.066666666666666,0.21435170317224023,0.0,0.21435170317224023,0.06142654702284944,0.16990669195785216,2.380093308041348,-7.998046669399628e-13,0.16990669195785216,5.488439131369264e-05,1920.0,5760.0,0.0,0.03125,0.03125,0.0010051590600353058,0.0
101100.0,28.083333333333332,0.2142722596352322,0.0,0.2142722596352322,0.061411164314017205,0.16985188148313118,2.380148118516069,-7.993605777301127e-13,0.16985188148313118,5.481047472107348e-05,1920.0,5760.0,0.0,0.03125,0.03125,0.0010031989139042306,0.0
101160.0,28.1,0.2141929274107764,0.0,0.2141929274107764,0.06139581470437999,0.1697971447658942,2.380202855233306,-7.993605777301127e-13,0.1697971447658942,5.47367172367943e-05,1920.0,5760.0,0.0,0.03125,0.03125,0.0010012327092554644,0.0
101220.0,28.116666666666667,0.2141137062538449,0.0,0.2141137062538449,0.06138049809743126,0.16974248164749692,2.3802575183517027,-8.002487561498128e-13,0.16974248164749692,5.466311839677282e-05,1920.0,5760.0,0.0,0.03125,0.03125,0.0009992462423450668,0.0
101280.0,28.133333333333333,0.21403459592012863,0.0,0.21403459592012863,0.061365214397017365,0.16968789196975806,2.3803121080294414,-8.002487561498128e-13,0.16968789196975806,5.458967773862647e-05,1920.0,5760.0,0.0,0.03125,0.03125,0.0009972917559506165,0.0
101340.0,28.15,0.213955596166038,0.0,0.213955596166038,0.06134996350733691,0.1696333755749567,2.380366624424243,-8.002487561498128e-13,0.1696333755749567,5.451639480166436e-05,1920.0,5760.0,0.0,0.03125,0.03125,0.0009953200863910608,0.0
101400.0,28.166666666666668,0.2138767067486982,0.0,0.2138767067486982,0.0613347453329384,0.16957893230582938,2.3804210676933697,-8.006928453596629e-13,0.16957893230582938,5.444326912687967e-05,1920.0,5760.0,0.0,0.03125,0.03125,0.0009933432077811586,0.0
101460.0,28.183333333333334,0.2137979274259448,0.0,0.2137979274259448,0.061319559778718814,0.169524562005572,2.380475437993627,-8.01136934569513e-13,0.169524562005572,5.4370300256943166e-05,1920.0,5760.0,0.0,0.03125,0.03125,0.0009913698511885055,0.0
101520.0,28.2,0.21371925795632737,0.0,0.21371925795632737,0.06130440674992268,0.1694702645178359,2.380529735481363,-8.006928453596629e-13,0.1694702645178359,5.4297487736195194e-05,1920.0,5760.0,0.0,0.03125,0.03125,0.0009894016645415429,0.0
101580.0,28.216666666666665,0.21364069809910033,0.0,0.21364069809910033,0.06128928615213932,0.169416039686725,2.3805839603124737,-8.01136934569513e-13,0.169416039686725,5.422483111063817e-05,1920.0,5760.0,0.0,0.03125,0.03125,0.0009874464412273495,0.0
101640.0,28.233333333333334,0.21356224761422293,0.0,0.21356224761422293,0.06127419789130292,0.16936188735679653,2.3806381126424014,-8.020251129892131e-13,0.16936188735679653,5.415232992793003e-05,1920.0,5760.0,0.0,0.03125,0.03125,0.0009854754303939065,0.0
101700.0,28.25,0.2134839062623588,0.0,0.2134839062623588,0.06125914187368965,0.16930780737305906,2.380692192626139,-8.020251129892131e-13,0.16930780737305906,5.4079983737375795e-05,1920.0,5760.0,0.0,0.03125,0.03125,0.000983517855806504,0.0
101760.0,28.266666666666666,0.21340567380487013,0.0,0.21340567380487013,0.061244118005917246,0.1692537995809693,2.380746200418229,-8.01581023779363e-13,0.1692537995809693,5.400779208992223e-05,1920.0,5760.0,0.0,0.03125,0.03125,0.000981556395640823,0.0
101820.0,28.283333333333335,0.2133275500038153,0.0,0.2133275500038153,0.06122912619494221,0.16919986382643074,2.380800136172767,-8.020251129892131e-13,0.16919986382643074,5.393575453814888e-05,1920.0,5760.0,0.0,0.03125,0.03125,0.0009796182316235778,0.0
101880.0,28.3,0.21324953462195023,0.0,0.21324953462195023,0.06121416634805979,0.16914599995579446,2.3808540000434033,-8.020251129892131e-13,0.16914599995579446,5.386387063626061e-05,1920.0,5760.0,0.0,0.03125,0.03125,0.0009776424483534537,0.0
101940.0,28.316666666666666,0.21317162742272158,0.0,0.21317162742272158,0.061199238372901886,0.16909220781585396,2.3809077921833435,-8.024692021990631e-13,0.16909220781585396,5.379213994008416e-05,1920.0,5760.0,0.0,0.03125,0.03125,0.0009756716748720134,0.0
102000.0,28.333333333333332,0.2130938281702644,0.0,0.2130938281702644,0.06118434217743503,0.16903848725384693,2.3809615127453507,-8.020251129892131e-13,0.16903848725384693,5.3720562007055735e-05,1920.0,5760.0,0.0,0.03125,0.03125,0.0009737194004035383,0.0
102060.0,28.35,0.21301613662940425,0.0,0.21301613662940425,0.06116947766995978,0.1689848381174502,2.3810151618817468,-8.029132914089132e-13,0.1689848381174502,5.364913639621774e-05,1920.0,5760.0,0.0,0.03125,0.03125,0.0009717753808840593,0.0
102120.0,28.366666666666667,0.2129385525656496,0.0,0.2129385525656496,0.06115464475910878,0.16893126025478183,2.381068739744415,-8.029132914089132e-13,0.16893126025478183,5.357786266821101e-05,1920.0,5760.0,0.0,0.03125,0.03125,0.0009698287859813046,0.0
102180.0,28.383333333333333,0.21286107574519078,0.0,0.21286107574519078,0.06113984335384536,0.16887775351439643,2.3811222464848,-8.033573806187633e-13,0.16887775351439643,5.350674038526726e-05,1920.0,5760.0,0.0,0.03125,0.03125,0.0009678455559645733,0.0
102240.0,28.4,0.2127837059348997,0.0,0.2127837059348997,0.06112507336346244,0.1688243177452852,2.3811756822539114,-8.033573806187633e-13,0.1688243177452852,5.343576911120184e-05,1920.0,5760.0,0.0,0.03125,0.03125,0.0009659021286999626,0.0
102300.0,28.416666666666668,0.21270644290232466,0.0,0.21270644290232466,0.06111033469758077,0.16877095279687343,2.3812290472023228,-8.038014698286133e-13,0.16877095279687343,5.3364948411408726e-05,1920.0,5760.0,0.0,0.03125,0.03125,0.0009639589252336452,0.0
102360.0,28.433333333333334,0.21262928641568965,0.0,0.21262928641568965,0.061095627266147264,0.16871765851902035,2.381282341480176,-8.038014698286133e-13,0.16871765851902035,5.329427785285106e-05,1920.0,5760.0,0.0,0.03125,0.03125,0.00096199960045791,0.0
102420.0,28.45,0.21255223624388975,0.0,0.21255223624388975,0.06108095097943408,0.1686644347620161,2.3813355652371797,-8.038014698286133e-13,0.1686644347620161,5.322375700405638e-05,1920.0,5760.0,0.0,0.03125,0.03125,0.000960044201259781,0.0
102480.0,28.466666666666665,0.21247529215649266,0.0,0.21247529215649266,0.061066305748037376,0.1686112813765808,2.381388718622615,-8.038014698286133e-13,0.1686112813765808,5.315338543510906e-05,1920.0,5760.0,0.0,0.03125,0.03125,0.0009581137069940227,0.0
102540.0,28.483333333333334,0.21239845392373252,0.0,0.21239845392373252,0.06105169148287505,0.16855819821386328,2.3814418017853325,-8.042455590384634e-13,0.16855819821386328,5.308316271764376e-05,1920.0,5760.0,0.0,0.03125,0.03125,0.0009561682917497387,0.0
102600.0,28.5,0.21232172131650928,0.0,0.21232172131650928,0.06103710809518617,0.16850518512543802,2.3814948148737574,-8.042455590384634e-13,0.16850518512543802,5.301308842483776e-05,1920.0,5760.0,0.0,0.03125,0.03125,0.0009542044022596238,0.0
102660.0,28.516666666666666,0.21224509410638465,0.0,0.21224509410638465,0.06102255549652895,0.16845224196330638,2.3815477580358886,-8.046896482483135e-13,0.16845224196330638,5.294316213140641e-05,1920.0,5760.0,0.0,0.03125,0.03125,0.0009522681535645163,0.0
102720.0,28.533333333333335,0.21216857206558276,0.0,0.21216857206558276,0.06100803359878013,0.1683993685798927,2.3816006314193023,-8.046896482483135e-13,0.1683993685798927,5.287338341359408e-05,1920.0,5760.0,0.0,0.03125,0.03125,0.0009503294466818758,0.0
102780.0,28.55,0.21209215496698589,0.0,0.21209215496698589,0.06099354231413278,0.16834656482804292,2.3816534351711516,-8.051337374581635e-13,0.16834656482804292,5.280375184916913e-05,1920.0,5760.0,0.0,0.03125,0.03125,0.0009483693299340836,0.0
102840.0,28.566666666666666,0.2120158425841311,0.0,0.2120158425841311,0.060979081555095405,0.16829383056102576,2.381706169438169,-8.046896482483135e-13,0.16829383056102576,5.2734267017416614e-05,1920.0,5760.0,0.0,0.03125,0.03125,0.0009464466597893117,0.0
102900.0,28.583333333333332,0.2119396346912103,0.0,0.2119396346912103,0.060964651234490685,0.1682411656325262,2.3817588343666682,-8.055778266680136e-13,0.1682411656325262,5.2664928499132034e-05,1920.0,5760.0,0.0,0.03125,0.03125,0.000944508414867394,0.0
102960.0,28.6,0.21186353106306494,0.0,0.21186353106306494,0.06095025126545364,0.16818856989664943,2.381811430102545,-8.055778266680136e-13,0.16818856989664943,5.259573587661469e-05,1920.0,5760.0,0.0,0.03125,0.03125,0.000942572396911975,0.0
103020.0,28.616666666666667,0.21178753147518795,0.0,0.21178753147518795,0.06093588156143082,0.16813604320791556,2.3818639567912787,-8.055778266680136e-13,0.16813604320791556,5.252668873366167e-05,1920.0,5760.0,0.0,0.03125,0.03125,0.0009406240893649414,0.0
103080.0,28.633333333333333,0.21171163570371704,0.0,0.21171163570371704,0.06092154203617849,0.16808358542125984,2.381916414577934,-8.060219158778636e-13,0.16808358542125984,5.2457786655560526e-05,1920.0,5760.0,0.0,0.03125,0.03125,0.0009386993054089541,0.0
103140.0,28.65,0.2116358435254349,0.0,0.2116358435254349,0.060907232603761685,0.16803119639203037,2.381968803607163,-8.064660050877137e-13,0.16803119639203037,5.2389029229082956e-05,1920.0,5760.0,0.0,0.03125,0.03125,0.0009367563085656221,0.0
103200.0,28.666666666666668,0.21156015471776635,0.0,0.21156015471776635,0.0608929531785526,0.16797887597598757,2.3820211240232054,-8.069100942975638e-13,0.16797887597598757,5.232041604247966e-05,1920.0,5760.0,0.0,0.03125,0.03125,0.0009348278585125562,0.0
103260.0,28.683333333333334,0.21148456905877536,0.0,0.21148456905877536,0.06087870367522944,0.1679266240293022,2.382073375969891,-8.069100942975638e-13,0.1679266240293022,5.2251946685472315e-05,1920.0,5760.0,0.0,0.03125,0.03125,0.0009328994385815769,0.0
103320.0,28.7,0.2114090863271637,0.0,0.2114090863271637,0.060864484008775,0.16787444040855304,2.3821255595906403,-8.064660050877137e-13,0.16787444040855304,5.2183620749248056e-05,1920.0,5760.0,0.0,0.03125,0.03125,0.0009309663690117832,0.0
103380.0,28.716666666666665,0.21133370630226905,0.0,0.21133370630226905,0.06085029409447567,0.16782232497072633,2.382177675028467,-8.064660050877137e-13,0.16782232497072633,5.211543782645466e-05,1920.0,5760.0,0.0,0.03125,0.03125,0.000929053986694879,0.0
103440.0,28.733333333333334,0.21125842876406167,0.0,0.21125842876406167,0.060836133847919596,0.16777027757321464,2.3822297224259783,-8.069100942975638e-13,0.16777027757321464,5.2047397511190656e-05,1920.0,5760.0,0.0,0.03125,0.03125,0.0009271081983335379,0.0
103500.0,28.75,0.21118325349314188,0.0,0.21118325349314188,0.06082200318499572,0.16771829807381544,2.3822817019253772,-8.073541835074138e-13,0.16771829807381544,5.1979499399002835e-05,1920.0,5760.0,0.0,0.03125,0.03125,0.0009251870907254915,0.0
103560.0,28.766666666666666,0.2111081802707393,0.0,0.2111081802707393,0.06080790202189259,0.16766638633072825,2.382333613668464,-8.073541835074138e-13,0.16766638633072825,5.191174308687734e-05,1920.0,5760.0,0.0,0.03125,0.03125,0.0009232668797237233,0.0
103620.0,28.783333333333335,0.2110332088787097,0.0,0.2110332088787097,0.06079383027509655,0.16761454220255506,2.3823854577966372,-8.073541835074138e-13,0.16761454220255506,5.1844128173235826e-05,1920.0,5760.0,0.0,0.03125,0.03125,0.0009213291026536671,0.0
103680.0,28.8,0.2109583390995325,0.0,0.2109583390995325,0.0607797878613914,0.16756276554829666,2.382437234450895,-8.08242361927114e-13,0.16756276554829666,5.1776654257926516e-05,1920.0,5760.0,0.0,0.03125,0.03125,0.0009194045253950719,0.0
103740.0,28.816666666666666,0.21088357071630798,0.0,0.21088357071630798,0.06076577469785612,0.16751105622735474,2.382488943771837,-8.08242361927114e-13,0.16751105622735474,5.170932094222152e-05,1920.0,5760.0,0.0,0.03125,0.03125,0.0009174873886208902,0.0
103800.0,28.833333333333332,0.21080890351275908,0.0,0.21080890351275908,0.06075179070186423,0.16745941409952544,2.3825405858996658,-8.08686451136964e-13,0.16745941409952544,5.16421278288077e-05,1920.0,5760.0,0.0,0.03125,0.03125,0.0009155899213184619,0.0
103860.0,28.85,0.21073433727322363,0.0,0.21073433727322363,0.06073783579108251,0.16740783902500347,2.3825921609741876,-8.08686451136964e-13,0.16740783902500347,5.157507452178231e-05,1920.0,5760.0,0.0,0.03125,0.03125,0.000913660366091966,0.0
103920.0,28.866666666666667,0.21065987178265572,0.0,0.21065987178265572,0.06072390988346932,0.1673563308643764,2.382643669134814,-8.091305403468141e-13,0.1673563308643764,5.150816062664686e-05,1920.0,5760.0,0.0,0.03125,0.03125,0.0009117418051309685,0.0
103980.0,28.883333333333333,0.21058550682662203,0.0,0.21058550682662203,0.06071001289727393,0.16730488947862593,2.3826951105205643,-8.095746295566641e-13,0.16730488947862593,5.1441385750300725e-05,1920.0,5760.0,0.0,0.03125,0.03125,0.0009098559784200901,0.0
104040.0,28.9,0.21051124219130046,0.0,0.21051124219130046,0.06069614475103466,0.16725351472912486,2.3827464852700655,-8.095746295566641e-13,0.16725351472912486,5.1374749501034376e-05,1920.0,5760.0,0.0,0.03125,0.03125,0.0009079302981571793,0.0
104100.0,28.916666666666668,0.2104370776634777,0.0,0.2104370776634777,0.06068230536357844,0.16720220647763614,2.382797793521554,-8.100187187665142e-13,0.16720220647763614,5.130825148852548e-05,1920.0,5760.0,0.0,0.03125,0.03125,0.0009060216162618115,0.0
104160.0,28.933333333333334,0.21036301303054683,0.0,0.21036301303054683,0.06066849465401876,0.1671509645863119,2.3828490354128777,-8.100187187665142e-13,0.1671509645863119,5.124189132383199e-05,1920.0,5760.0,0.0,0.03125,0.03125,0.0009041249110984166,0.0
104220.0,28.95,0.21028904808050577,0.0,0.21028904808050577,0.0606547125417549,0.16709978891769253,2.382900211081497,-8.104628079763643e-13,0.16709978891769253,5.117566861938515e-05,1920.0,5760.0,0.0,0.03125,0.03125,0.0009022222481210037,0.0
104280.0,28.966666666666665,0.21021518260195493,0.0,0.21021518260195493,0.06064095894647057,0.16704867933470313,2.382951320664486,-8.109068971862143e-13,0.16704867933470313,5.1109582988985634e-05,1920.0,5760.0,0.0,0.03125,0.03125,0.0009003135430044134,0.0
104340.0,28.983333333333334,0.21014141638409417,0.0,0.21014141638409417,0.06062723378813314,0.16699763570065518,2.383002364298534,-8.109068971862143e-13,0.16699763570065518,5.104363404779641e-05,1920.0,5760.0,0.0,0.03125,0.03125,0.0008984017536038874,0.0
104400.0,29.0,0.21006774921672233,0.0,0.21006774921672233,0.06061353698699171,0.16694665787924257,2.383053342119946,-8.113509863960644e-13,0.16694665787924257,5.097782141233743e-05,1920.0,5760.0,0.0,0.03125,0.03125,0.0008965149490011594,0.0
104460.0,29.016666666666666,0.20999418089023364,0.0,0.20999418089023364,0.06059986846357635,0.16689574573454227,2.3831042542646466,-8.109068971862143e-13,0.16689574573454227,5.0912144700480036e-05,1920.0,5760.0,0.0,0.03125,0.03125,0.0008946088728396412,0.0
104520.0,29.033333333333335,0.20992071119561662,0.0,0.20992071119561662,0.06058622813869686,0.16684489913101053,2.383155100868178,-8.109068971862143e-13,0.16684489913101053,5.084660353144109e-05,1920.0,5760.0,0.0,0.03125,0.03125,0.0008926980027304486,0.0
104580.0,29.05,0.209847339924452,0.0,0.209847339924452,0.060572615933441716,0.16679411793348445,2.383205882065704,-8.113509863960644e-13,0.16679411793348445,5.0781197525776335e-05,1920.0,5760.0,0.0,0.03125,0.03125,0.0008908239824253663,0.0
104640.0,29.066666666666666,0.20977406686890968,0.0,0.20977406686890968,0.060559031769176395,0.16674340200717883,2.383256597992009,-8.117950756059145e-13,0.16674340200717883,5.0715926305376944e-05,1920.0,5760.0,0.0,0.03125,0.03125,0.0008889381639110161,0.0
104700.0,29.083333333333332,0.20970089182174778,0.0,0.20970089182174778,0.060545475567542965,0.16669275121768512,2.3833072487815024,-8.122391648157645e-13,0.16669275121768512,5.065078949346138e-05,1920.0,5760.0,0.0,0.03125,0.03125,0.0008870337903770936,0.0
104760.0,29.1,0.2096278145763099,0.0,0.2096278145763099,0.060531947250458434,0.16664216543097035,2.383357834568217,-8.126832540256146e-13,0.16664216543097035,5.058578671457237e-05,1920.0,5760.0,0.0,0.03125,0.03125,0.0008851425546577378,0.0
104820.0,29.116666666666667,0.20955483492652294,0.0,0.20955483492652294,0.060518446740113425,0.16659164451337585,2.3834083554858116,-8.122391648157645e-13,0.16659164451337585,5.052091759456909e-05,1920.0,5760.0,0.0,0.03125,0.03125,0.0008832639271195691,0.0
104880.0,29.133333333333333,0.2094819526668958,0.0,0.2094819526668958,0.060504973958971205,0.16654118833161466,2.3834588116675723,-8.126832540256146e-13,0.16654118833161466,5.045618176062151e-05,1920.0,5760.0,0.0,0.03125,0.03125,0.000881393849749925,0.0
104940.0,29.15,0.20940916759251654,0.0,0.20940916759251654,0.06049152882976713,0.16649079675277367,2.3835092032464136,-8.126832540256146e-13,0.16649079675277367,5.0391578841207204e-05,1920.0,5760.0,0.0,0.03125,0.03125,0.0008794904127905674,0.0
105000.0,29.166666666666668,0.20933647949905118,0.0,0.20933647949905118,0.06047811127550648,0.16644046964430714,2.3835595303548796,-8.131273432354647e-13,0.16644046964430714,5.032710846610423e-05,1920.0,5760.0,0.0,0.03125,0.03125,0.0008776256163086948,0.0
105060.0,29.183333333333334,0.2092638881827409,0.0,0.2092638881827409,0.06046472121946367,0.1663902068740406,2.383609793125146,-8.135714324453147e-13,0.1663902068740406,5.026277026638518e-05,1920.0,5760.0,0.0,0.03125,0.03125,0.000875732246162166,0.0
105120.0,29.2,0.20919139344040066,0.0,0.20919139344040066,0.06045135858518202,0.16634000831016607,2.3836599916890204,-8.131273432354647e-13,0.16634000831016607,5.0198563874413256e-05,1920.0,5760.0,0.0,0.03125,0.03125,0.0008738706298991961,0.0
105180.0,29.216666666666665,0.20911899506941667,0.0,0.20911899506941667,0.06043802329647104,0.16628987382124202,2.3837101261779443,-8.135714324453147e-13,0.16628987382124202,5.013448892383526e-05,1920.0,5760.0,0.0,0.03125,0.03125,0.0008719928911440969,0.0
105240.0,29.233333333333334,0.20904669286774463,0.0,0.20904669286774463,0.06042471527740666,0.16623980327619226,2.383760196722994,-8.135714324453147e-13,0.16623980327619226,5.0070545049578184e-05,1920.0,5760.0,0.0,0.03125,0.03125,0.0008701275563198498,0.0
105300.0,29.25,0.20897448663390816,0.0,0.20897448663390816,0.06041143445232934,0.16618979654430435,2.383810203454882,-8.135714324453147e-13,0.16618979654430435,5.000673188784149e-05,1920.0,5760.0,0.0,0.03125,0.03125,0.0008682566129881831,0.0
105360.0,29.266666666666666,0.20890237616699575,0.0,0.20890237616699575,0.06039818074584321,0.16613985349522759,2.3838601465039577,-8.144596108650148e-13,0.16613985349522759,4.994304907609304e-05,1920.0,5760.0,0.0,0.03125,0.03125,0.0008663647228814964,0.0
105420.0,29.283333333333335,0.20883036126665971,0.0,0.20883036126665971,0.06038495408281513,0.1660899739989745,2.3839100260002106,-8.149037000748649e-13,0.1660899739989745,4.9879496253064406e-05,1920.0,5760.0,0.0,0.03125,0.03125,0.000864523684732899,0.0
105480.0,29.3,0.20875844173311447,0.0,0.20875844173311447,0.06037175438837332,0.16604015792591564,2.3839598420732693,-8.149037000748649e-13,0.16604015792591564,4.981607305874405e-05,1920.0,5760.0,0.0,0.03125,0.03125,0.0008626442922654275,0.0
105540.0,29.316666666666666,0.20868661736713362,0.0,0.20868661736713362,0.06035858158790639,0.16599040514678132,2.3840095948524036,-8.149037000748649e-13,0.16599040514678132,4.975277913437293e-05,1920.0,5760.0,0.0,0.03125,0.03125,0.0008607740879330006,0.0
105600.0,29.333333333333332,0.20861488797004876,0.0,0.20861488797004876,0.06034543560706225,0.16594071553265863,2.384059284466526,-8.15347789284715e-13,0.16594071553265863,4.9689614122440196e-05,1920.0,5760.0,0.0,0.03125,0.03125,0.0008589238785441094,0.0
105660.0,29.35,0.2085432533437473,0.0,0.2085432533437473,0.060332316371746984,0.1658910889549918,2.384108911044193,-8.15347789284715e-13,0.1658910889549918,4.962657766667592e-05,1920.0,5760.0,0.0,0.03125,0.03125,0.0008570522688432707,0.0
105720.0,29.366666666666667,0.20847171329066996,0.0,0.20847171329066996,0.06031922380812408,0.16584152528557955,2.384158474713605,-8.15347789284715e-13,0.16584152528557955,4.9563669412047014e-05,1920.0,5760.0,0.0,0.03125,0.03125,0.000855200574136304,0.0
105780.0,29.383333333333333,0.20840026761381,0.0,0.20840026761381,0.06030615784261235,0.16579202439657442,2.3842079756026098,-8.15791878494565e-13,0.16579202439657442,4.950088900475273e-05,1920.0,5760.0,0.0,0.03125,0.03125,0.0008533437326232332,0.0
105840.0,29.4,0.2083289161167108,0.0,0.2083289161167108,0.06029311840188653,0.16574258616048188,2.384257413838702,-8.162359677044151e-13,0.16574258616048188,4.9438236092218167e-05,1920.0,5760.0,0.0,0.03125,0.03125,0.0008514977905344177,0.0
105900.0,29.416666666666668,0.20825765860346346,0.0,0.20825765860346346,0.060280105412874666,0.16569321045015872,2.384306789549025,-8.162359677044151e-13,0.16569321045015872,4.9375710323090434e-05,1920.0,5760.0,0.0,0.03125,0.03125,0.0008496397191212422,0.0
105960.0,29.433333333333334,0.20818649487870539,0.0,0.20818649487870539,0.06026711880275778,0.16564389713881172,2.384356102860372,-8.15791878494565e-13,0.16564389713881172,4.9313311347232006e-05,1920.0,5760.0,0.0,0.03125,0.03125,0.0008478083593106258,0.0
106020.0,29.45,0.20811542474761846,0.0,0.20811542474761846,0.0602541584989689,0.1655946460999955,2.384405353899188,-8.166800569142652e-13,0.1655946460999955,4.9251038815717425e-05,1920.0,5760.0,0.0,0.03125,0.03125,0.0008459594131284124,0.0
106080.0,29.466666666666665,0.2080444480159277,0.0,0.2080444480159277,0.06024122442919161,0.16554545720761443,2.384454542791569,-8.166800569142652e-13,0.16554545720761443,4.9188892380827515e-05,1920.0,5760.0,0.0,0.03125,0.03125,0.0008441058585846959,0.0
106140.0,29.483333333333334,0.20797356448989712,0.0,0.20797356448989712,0.06022831652135929,0.16549633033591812,2.384503669663265,-8.166800569142652e-13,0.16549633033591812,4.912687169604357e-05,1920.0,5760.0,0.0,0.03125,0.03125,0.0008422621815305548,0.0
106200.0,29.5,0.20790277397632986,0.0,0.20790277397632986,0.06021543470365412,0.16544726535950213,2.384552734639681,-8.166800569142652e-13,0.16544726535950213,4.906497641604387e-05,1920.0,5760.0,0.0,0.03125,0.03125,0.0008404319576470276,0.0
106260.0,29.516666666666666,0.20783207628256756,0.0,0.20783207628256756,0.060202578904505824,0.16539826215330505,2.3846017378458777,-8.171241461241152e-13,0.16539826215330505,4.9003206196697586e-05,1920.0,5760.0,0.0,0.03125,0.03125,0.0008385878407486762,0.0
106320.0,29.533333333333335,0.2077614712164859,0.0,0.2077614712164859,0.06018974905259097,0.16534932059261007,2.384650679406573,-8.166800569142652e-13,0.16534932059261007,4.894156069506057e-05,1920.0,5760.0,0.0,0.03125,0.03125,0.000836752439886404,0.0
106380.0,29.55,0.20769095858649322,0.0,0.20769095858649322,0.0601769450768315,0.16530044055304025,2.384699559446142,-8.175682353339653e-13,0.16530044055304025,4.8880039569369245e-05,1920.0,5760.0,0.0,0.03125,0.03125,0.000834919054010907,0.0
106440.0,29.566666666666666,0.20762053820152954,0.0,0.20762053820152954,0.06016416690639394,0.16525162191056125,2.3847483780886214,-8.171241461241152e-13,0.16525162191056125,4.8818642479037344e-05,1920.0,5760.0,0.0,0.03125,0.03125,0.0008331003427316762,0.0
106500.0,29.583333333333332,0.207550209871065,0.0,0.207550209871065,0.060151414470688565,0.16520286454147617,2.384797135457706,-8.175682353339653e-13,0.16520286454147617,4.875736908465023e-05,1920.0,5760.0,0.0,0.03125,0.03125,0.0008312644766260619,0.0
106560.0,29.6,0.20747997340509725,0.0,0.20747997340509725,0.06013868769936827,0.16515416832242813,2.384845831676754,-8.175682353339653e-13,0.16515416832242813,4.869621904795948e-05,1920.0,5760.0,0.0,0.03125,0.03125,0.0008294446553487113,0.0
106620.0,29.616666666666667,0.20740982861414797,0.0,0.20740982861414797,0.06012598652232745,0.16510553313039614,2.384894466868786,-8.175682353339653e-13,0.16510553313039614,4.863519203188002e-05,1920.0,5760.0,0.0,0.03125,0.03125,0.0008276030248497319,0.0
106680.0,29.633333333333333,0.2073397753092655,0.0,0.2073397753092655,0.060113310869700995,0.16505695884269528,2.3849430411564865,-8.180123245438153e-13,0.16505695884269528,4.8574287700482225e-05,1920.0,5760.0,0.0,0.03125,0.03125,0.0008257898260795659,0.0
106740.0,29.65,0.20726981330201982,0.0,0.20726981330201982,0.06010066067186368,0.16500844533697637,2.3849915546622054,-8.180123245438153e-13,0.16500844533697637,4.851350571898972e-05,1920.0,5760.0,0.0,0.03125,0.03125,0.0008239868112763887,0.0
106800.0,29.666666666666668,0.20719994240450065,0.0,0.20719994240450065,0.06008803585942848,0.16495999249122237,2.385040007507959,-8.184564137536654e-13,0.16495999249122237,4.8452845753774546e-05,1920.0,5760.0,0.0,0.03125,0.03125,0.0008221567851338149,0.0
106860.0,29.683333333333334,0.20713016242931725,0.0,0.20713016242931725,0.0600754363632462,0.16491160018374978,2.3850883998154315,-8.184564137536654e-13,0.16491160018374978,4.8392307472350166e-05,1920.0,5760.0,0.0,0.03125,0.03125,0.0008203311629016129,0.0
106920.0,29.7,0.20706047318959558,0.0,0.20706047318959558,0.06006286211440439,0.1648632682932061,2.385136731705975,-8.184564137536654e-13,0.1648632682932061,4.833189054336965e-05,1920.0,5760.0,0.0,0.03125,0.03125,0.0008185161984559553,0.0
106980.0,29.716666666666665,0.2069908744989752,0.0,0.2069908744989752,0.06005031304422626,0.16481499669856933,2.3851850033006117,-8.189005029635155e-13,0.16481499669856933,4.827159463661866e-05,1920.0,5760.0,0.0,0.03125,0.03125,0.0008167237812125953,0.0
107040.0,29.733333333333334,0.2069213661716119,0.0,0.2069213661716119,0.06003778908426935,0.16476678527914623,2.3852332147200346,-8.189005029635155e-13,0.16476678527914623,4.821141942301253e-05,1920.0,5760.0,0.0,0.03125,0.03125,0.0008149125810431022,0.0
107100.0,29.75,0.20685194802217155,0.0,0.20685194802217155,0.060025290166325525,0.16471863391457126,2.3852813660846093,-8.193445921733655e-13,0.16471863391457126,4.815136457459033e-05,1920.0,5760.0,0.0,0.03125,0.03125,0.0008130962584371727,0.0
107160.0,29.766666666666666,0.20678261986583021,0.0,0.20678261986583021,0.06001281622241924,0.16467054248480653,2.385329457514374,-8.193445921733655e-13,0.16467054248480653,4.809142976451113e-05,1920.0,5760.0,0.0,0.03125,0.03125,0.0008112800028475963,0.0
107220.0,29.783333333333335,0.20671338151827226,0.0,0.20671338151827226,0.06000036718480629,0.16462251087013938,2.385377489129041,-8.193445921733655e-13,0.16462251087013938,4.8031614667048666e-05,1920.0,5760.0,0.0,0.03125,0.03125,0.0008094888741654321,0.0
107280.0,29.8,0.20664423279568725,0.0,0.20664423279568725,0.05998794298597386,0.1645745389511817,2.3854254610479986,-8.193445921733655e-13,0.1645745389511817,4.797191895758738e-05,1920.0,5760.0,0.0,0.03125,0.03125,0.0008076919462470433,0.0
107340.0,29.816666666666666,0.20657517351477114,0.0,0.20657517351477114,0.05997554355863899,0.1645266266088688,2.3854733733903113,-8.197886813832156e-13,0.1645266266088688,4.7912342312617635e-05,1920.0,5760.0,0.0,0.03125,0.03125,0.0008059073501410898,0.0
107400.0,29.833333333333332,0.20650620349272278,0.0,0.20650620349272278,0.05996316883574791,0.16447877372445893,2.385521226274721,-8.197886813832156e-13,0.16447877372445893,4.78528844097317e-05,1920.0,5760.0,0.0,0.03125,0.03125,0.0008041042170358478,0.0
107460.0,29.85,0.2064373225472414,0.0,0.2064373225472414,0.059950818750474234,0.16443098017953117,2.3855690198196484,-8.202327705930657e-13,0.16443098017953117,4.7793544927618154e-05,1920.0,5760.0,0.0,0.03125,0.03125,0.0008023283039835147,0.0
107520.0,29.866666666666667,0.20636853049652673,0.0,0.20636853049652673,0.05993849323621948,0.16438324585598507,2.3856167541431943,-8.206768598029157e-13,0.16438324585598507,4.7734323546058435e-05,1920.0,5760.0,0.0,0.03125,0.03125,0.0008005358635875652,0.0
107580.0,29.883333333333333,0.20629982715927392,0.0,0.20629982715927392,0.0599261922266109,0.16433557063603882,2.3856644293631404,-8.206768598029157e-13,0.16433557063603882,4.767521994592123e-05,1920.0,5760.0,0.0,0.03125,0.03125,0.0007987532485662006,0.0
107640.0,29.9,0.20623121235467823,0.0,0.20623121235467823,0.05991391565550116,0.1642879544022294,2.3857120455969496,-8.206768598029157e-13,0.1642879544022294,4.7616233809159296e-05,1920.0,5760.0,0.0,0.03125,0.03125,0.0007969468716535758,0.0
107700.0,29.916666666666668,0.2061626859024268,0.0,0.2061626859024268,0.05990166345696731,0.1642403970374105,2.3857596029617683,-8.211209490127658e-13,0.1642403970374105,4.755736481880512e-05,1920.0,5760.0,0.0,0.03125,0.03125,0.000795178466112776,0.0
107760.0,29.933333333333334,0.2060942476227013,0.0,0.2060942476227013,0.05988943556530964,0.16419289842475152,2.3858071015744273,-8.211209490127658e-13,0.16419289842475152,4.749861265896423e-05,1920.0,5760.0,0.0,0.03125,0.03125,0.0007933986284295815,0.0
107820.0,29.95,0.20602589733617058,0.0,0.20602589733617058,0.05987723191505126,0.1641454584477366,2.385854541551442,-8.211209490127658e-13,0.1641454584477366,4.743997701481374e-05,1920.0,5760.0,0.0,0.03125,0.03125,0.0007916305932639915,0.0
107880.0,29.966666666666665,0.20595763486399848,0.0,0.20595763486399848,0.059865052440936636,0.16409807699016382,2.3859019230090146,-8.215650382226158e-13,0.16409807699016382,4.7381457572596443e-05,1920.0,5760.0,0.0,0.03125,0.03125,0.0007898463466230911,0.0
107940.0,29.983333333333334,0.20588946002783354,0.0,0.20588946002783354,0.05985289707793123,0.16405075393614385,2.385949246063034,-8.220091274324659e-13,0.16405075393614385,4.7323054019617224e-05,1920.0,5760.0,0.0,0.03125,0.03125,0.0007880814603270633,0.0
108000.0,30.0,0.20582137264981132,0.0,0.20582137264981132,0.05984076576122009,0.16400348917009946,2.385996510829078,-8.220091274324659e-13,0.16400348917009946,4.7264766044237294e-05,1920.0,5760.0,0.0,0.03125,0.03125,0.0007863042842909863,0.0
108060.0,30.016666666666666,0.20575337255254983,0.0,0.20575337255254983,0.05982865842620718,0.16395628257676362,2.386043717422414,-8.22453216642316e-13,0.16395628257676362,4.72065933358715e-05,1920.0,5760.0,0.0,0.03125,0.03125,0.0007845304500608669,0.0
108120.0,30.033333333333335,0.20568545955915368,0.0,0.20568545955915368,0.0598165750085148,0.1639091340411782,2.386090865957999,-8.22897305852166e-13,0.1639091340411782,4.714853558498317e-05,1920.0,5760.0,0.0,0.03125,0.03125,0.0007827747059496005,0.0
108180.0,30.05,0.2056176334932066,0.0,0.2056176334932066,0.059804515443982145,0.163862043448695,2.386137956550482,-8.22897305852166e-13,0.163862043448695,4.709059248308074e-05,1920.0,5760.0,0.0,0.03125,0.03125,0.0007810166345780035,0.0
108240.0,30.066666666666666,0.20554989417877192,0.0,0.20554989417877192,0.05979247966866497,0.16381501068497203,2.386184989314205,-8.22897305852166e-13,0.16381501068497203,4.7032763722712065e-05,1920.0,5760.0,0.0,0.03125,0.03125,0.0007792454500773991,0.0
108300.0,30.083333333333332,0.20548224144039065,0.0,0.20548224144039065,0.05978046761883412,0.1637680356359746,2.386231964363202,-8.22897305852166e-13,0.1637680356359746,4.697504899746185e-05,1920.0,5760.0,0.0,0.03125,0.03125,0.0007774921575146185,0.0
108360.0,30.1,0.20541467510308165,0.0,0.20541467510308165,0.05976847923097478,0.1637211181879727,2.386278881811204,-8.233413950620161e-13,0.1637211181879727,4.69174480019458e-05,1920.0,5760.0,0.0,0.03125,0.03125,0.0007757328440236535,0.0
108420.0,30.116666666666667,0.2053471949923384,0.0,0.2053471949923384,0.05975651444178657,0.16367425822754023,2.386325741771636,-8.237854842718662e-13,0.16367425822754023,4.6859960431808105e-05,1920.0,5760.0,0.0,0.03125,0.03125,0.000773986252718376,0.0
108480.0,30.133333333333333,0.20527980093412468,0.0,0.20527980093412468,0.059744573188181334,0.16362745564155642,2.3863725443576196,-8.237854842718662e-13,0.16362745564155642,4.68025859837161e-05,1920.0,5760.0,0.0,0.03125,0.03125,0.0007722306567350571,0.0
108540.0,30.15,0.20521249275488002,0.0,0.20521249275488002,0.059732655407283015,0.16358071031720087,2.386419289681975,-8.242295734817162e-13,0.16358071031720087,4.6745324355357034e-05,1920.0,5760.0,0.0,0.03125,0.03125,0.0007704945536816168,0.0
108600.0,30.166666666666668,0.20514527028151266,0.0,0.20514527028151266,0.059720761036426546,0.16353402214195534,2.3864659778572204,-8.242295734817162e-13,0.16353402214195534,4.668817524543185e-05,1920.0,5760.0,0.0,0.03125,0.03125,0.0007687504933820812,0.0
108660.0,30.183333333333334,0.20507813334139663,0.0,0.20507813334139663,0.05970889001315734,0.16348739100360146,2.386512608995574,-8.242295734817162e-13,0.16348739100360146,4.663113835365397e-05,1920.0,5760.0,0.0,0.03125,0.03125,0.0007670022109535678,0.0
108720.0,30.2,0.2050110817623767,0.0,0.2050110817623767,0.05969704227522969,0.1634408167902207,2.3865591832089548,-8.242295734817162e-13,0.1634408167902207,4.65742133807448e-05,1920.0,5760.0,0.0,0.03125,0.03125,0.0007652644872236357,0.0
108780.0,30.216666666666665,0.20494411537276103,0.0,0.20494411537276103,0.05968521776060688,0.16339429939019212,2.386605700608983,-8.246736626915663e-13,0.16339429939019212,4.6517400028426266e-05,1920.0,5760.0,0.0,0.03125,0.03125,0.0007635324301205807,0.0
108840.0,30.233333333333334,0.20487723400132074,0.0,0.20487723400132074,0.05967341640746007,0.16334783869219222,2.3866521613069827,-8.251177519014163e-13,0.16334783869219222,4.646069799942139e-05,1920.0,5760.0,0.0,0.03125,0.03125,0.0007617894018868967,0.0
108900.0,30.25,0.20481043747729072,0.0,0.20481043747729072,0.0596616381541667,0.1633014345851951,2.38669856541398,-8.246736626915663e-13,0.1633014345851951,4.640410699744711e-05,1920.0,5760.0,0.0,0.03125,0.03125,0.0007600536583368255,0.0
108960.0,30.266666666666666,0.2047437256303666,0.0,0.2047437256303666,0.05964988293931067,0.1632550869584674,2.3867449130407072,-8.251177519014163e-13,0.1632550869584674,4.6347626727212216e-05,1920.0,5760.0,0.0,0.03125,0.03125,0.0007583207382313336,0.0
109020.0,30.283333333333335,0.20467709829070116,0.0,0.20467709829070116,0.059638150701681006,0.163208795701573,2.3867912042976016,-8.251177519014163e-13,0.163208795701573,4.6291256894411405e-05,1920.0,5760.0,0.0,0.03125,0.03125,0.0007566008786269812,0.0
109080.0,30.3,0.20461055528890643,0.0,0.20461055528890643,0.059626441380271,0.163162560704367,2.3868374392948075,-8.251177519014163e-13,0.163162560704367,4.623499720572299e-05,1920.0,5760.0,0.0,0.03125,0.03125,0.0007548738192661797,0.0
109140.0,30.316666666666666,0.20454409645605115,0.0,0.20454409645605115,0.05961475491427756,0.16311638185699814,2.386883618142176,-8.255618411112664e-13,0.16311638185699814,4.617884736880436e-05,1920.0,5760.0,0.0,0.03125,0.03125,0.0007531588772745219,0.0
109200.0,30.333333333333332,0.20447772162365524,0.0,0.20447772162365524,0.05960309124310035,0.16307025904990555,2.3869297409492685,-8.260059303211165e-13,0.16307025904990555,4.612280709228862e-05,1920.0,5760.0,0.0,0.03125,0.03125,0.0007514243888544603,0.0
109260.0,30.35,0.20441143062369532,0.0,0.20441143062369532,0.059591450306341345,0.16302419217381972,2.3869758078253542,-8.260059303211165e-13,0.16302419217381972,4.606687608577901e-05,1920.0,5760.0,0.0,0.03125,0.03125,0.000749720765838381,0.0
109320.0,30.366666666666667,0.20434522328859864,0.0,0.20434522328859864,0.05957983204380314,0.16297818111975945,2.387021818879414,-8.264500195309665e-13,0.16297818111975945,4.6011054059846894e-05,1920.0,5760.0,0.0,0.03125,0.03125,0.0007480147757626671,0.0
109380.0,30.383333333333333,0.20427909945123923,0.0,0.20427909945123923,0.05956823639548864,0.16293222577903363,2.38706777422014,-8.260059303211165e-13,0.16293222577903363,4.5955340726027074e-05,1920.0,5760.0,0.0,0.03125,0.03125,0.0007463039800951886,0.0
109440.0,30.4,0.20421305894494418,0.0,0.20421305894494418,0.059556663301600636,0.1628863260432364,2.3871136739559367,-8.268941087408166e-13,0.1628863260432364,4.5899735796813136e-05,1920.0,5760.0,0.0,0.03125,0.03125,0.0007445855468581549,0.0
109500.0,30.416666666666668,0.20414710160348526,0.0,0.20414710160348526,0.05954511270254046,0.16284048180425043,2.387159518194922,-8.273381979506667e-13,0.16284048180425043,4.584423898565564e-05,1920.0,5760.0,0.0,0.03125,0.03125,0.0007428789944927553,0.0
109560.0,30.433333333333334,0.2040812272610793,0.0,0.2040812272610793,0.05953358453890721,0.1627946929542435,2.3872053070449293,-8.268941087408166e-13,0.1627946929542435,4.578885000695663e-05,1920.0,5760.0,0.0,0.03125,0.03125,0.0007411863277156819,0.0
109620.0,30.45,0.2040154357523888,0.0,0.2040154357523888,0.05952207875149754,0.16274895938566733,2.3872510406135055,-8.268941087408166e-13,0.16274895938566733,4.573356857606621e-05,1920.0,5760.0,0.0,0.03125,0.03125,0.0007394732376855305,0.0
109680.0,30.466666666666665,0.20394972691251595,0.0,0.20394972691251595,0.0595105952813041,0.16270328099125797,2.3872967190079146,-8.273381979506667e-13,0.16270328099125797,4.567839440927874e-05,1920.0,5760.0,0.0,0.03125,0.03125,0.0007377819188220576,0.0
109740.0,30.483333333333334,0.2038841005770077,0.0,0.2038841005770077,0.059499134069515305,0.16265765766403378,2.3873423423351383,-8.277822871605167e-13,0.16265765766403378,4.5623327223830036e-05,1920.0,5760.0,0.0,0.03125,0.03125,0.0007360998566189311,0.0
109800.0,30.5,0.203818556581848,0.0,0.203818556581848,0.059487695057514264,0.16261208929729598,2.387387910701876,-8.277822871605167e-13,0.16261208929729598,4.556836673789195e-05,1920.0,5760.0,0.0,0.03125,0.03125,0.0007344148844989146,0.0
109860.0,30.516666666666666,0.2037530947634591,0.0,0.2037530947634591,0.059476278186878076,0.16256657578462527,2.3874334242145467,-8.277822871605167e-13,0.16256657578462527,4.5513512670569676e-05,1920.0,5760.0,0.0,0.03125,0.03125,0.0007327167356374903,0.0
109920.0,30.533333333333335,0.20368771495870203,0.0,0.20368771495870203,0.059464883399377146,0.16252111701988275,2.3874788829792886,-8.286704655802168e-13,0.16252111701988275,4.545876474189809e-05,1920.0,5760.0,0.0,0.03125,0.03125,0.0007310326241861517,0.0
109980.0,30.55,0.20362241700486886,0.0,0.20362241700486886,0.05945351063697451,0.16247571289721013,2.3875242871019613,-8.282263763703668e-13,0.16247571289721013,4.540412267283728e-05,1920.0,5760.0,0.0,0.03125,0.03125,0.0007293382208459246,0.0
110040.0,30.566666666666666,0.20355720073969027,0.0,0.20355720073969027,0.05944215984182478,0.1624303633110245,2.3875696366881467,-8.286704655802168e-13,0.1624303633110245,4.5349586185270614e-05,1920.0,5760.0,0.0,0.03125,0.03125,0.0007276590254262795,0.0
110100.0,30.583333333333332,0.2034920660013264,0.0,0.2034920660013264,0.05943083095627347,0.16238506815602233,2.3876149318431485,-8.291145547900669e-13,0.16238506815602233,4.5295155001998845e-05,1920.0,5760.0,0.0,0.03125,0.03125,0.0007259716036868884,0.0
110160.0,30.6,0.20342701262836868,0.0,0.20342701262836868,0.05941952392285638,0.16233982732717553,2.3876601726719953,-8.291145547900669e-13,0.16233982732717553,4.5240828846736966e-05,1920.0,5760.0,0.0,0.03125,0.03125,0.0007243017293091432,0.0
110220.0,30.616666666666667,0.2033620404598392,0.0,0.2033620404598392,0.059408238684298446,0.16229464071973126,2.3877053592794395,-8.291145547900669e-13,0.16229464071973126,4.518660744411288e-05,1920.0,5760.0,0.0,0.03125,0.03125,0.0007226280591922483,0.0
110280.0,30.633333333333333,0.20329714933518572,0.0,0.20329714933518572,0.0593969751835138,0.16224950822921141,2.387750491769959,-8.29558643999917e-13,0.16224950822921141,4.513249051966011e-05,1920.0,5760.0,0.0,0.03125,0.03125,0.0007209528625110955,0.0
110340.0,30.65,0.20323233909428587,0.0,0.20323233909428587,0.05938573336360457,0.16220442975141122,2.387795570247759,-8.29558643999917e-13,0.16220442975141122,4.507847779981746e-05,1920.0,5760.0,0.0,0.03125,0.03125,0.0007192938757239928,0.0
110400.0,30.666666666666668,0.20316760957743912,0.0,0.20316760957743912,0.0593745131678593,0.16215940518239919,2.3878405948167707,-8.30002733209767e-13,0.16215940518239919,4.502456901192377e-05,1920.0,5760.0,0.0,0.03125,0.03125,0.0007176246205198577,0.0
110460.0,30.683333333333334,0.2031029606253718,0.0,0.2031029606253718,0.0593633145397538,0.16211443441851495,2.387885565580655,-8.30002733209767e-13,0.16211443441851495,4.497076388421387e-05,1920.0,5760.0,0.0,0.03125,0.03125,0.0007159542213068634,0.0
110520.0,30.7,0.20303839207923127,0.0,0.20303839207923127,0.0593521374229491,0.16206951735636907,2.3879304826428007,-8.30002733209767e-13,0.16206951735636907,4.49170621458168e-05,1920.0,5760.0,0.0,0.03125,0.03125,0.0007143028256322522,0.0
110580.0,30.716666666666665,0.2029739037805855,0.0,0.2029739037805855,0.059340981761291545,0.16202465389284212,2.3879753461063276,-8.30002733209767e-13,0.16202465389284212,4.486346352675156e-05,1920.0,5760.0,0.0,0.03125,0.03125,0.0007126228963966121,0.0
110640.0,30.733333333333334,0.20290949557142313,0.0,0.20290949557142313,0.05932984749881172,0.16197984392508386,2.3880201560740857,-8.304468224196171e-13,0.16197984392508386,4.4809967757921675e-05,1920.0,5760.0,0.0,0.03125,0.03125,0.0007110059980992249,0.0
110700.0,30.75,0.20284516729415006,0.0,0.20284516729415006,0.05931873457972354,0.16193508735051249,2.3880649126486566,-8.308909116294672e-13,0.16193508735051249,4.4756574571115305e-05,1920.0,5760.0,0.0,0.03125,0.03125,0.0007093328293478348,0.0
110760.0,30.766666666666666,0.20278091879159077,0.0,0.20278091879159077,0.05930764294842395,0.16189038406681336,2.388109615932356,-8.304468224196171e-13,0.16189038406681336,4.4703283698999265e-05,1920.0,5760.0,0.0,0.03125,0.03125,0.0007076914220928597,0.0
110820.0,30.783333333333335,0.20271674990698255,0.0,0.20271674990698255,0.059296572549491736,0.1618457339719382,2.388154266027231,-8.304468224196171e-13,0.1618457339719382,4.4650094875115435e-05,1920.0,5760.0,0.0,0.03125,0.03125,0.0007060374730519568,0.0
110880.0,30.8,0.20265266048398045,0.0,0.20265266048398045,0.05928552332768748,0.16180113696410447,2.388198863035065,-8.304468224196171e-13,0.16180113696410447,4.459700783387891e-05,1920.0,5760.0,0.0,0.03125,0.03125,0.0007044035697426253,0.0
110940.0,30.816666666666666,0.20258865036664803,0.0,0.20258865036664803,0.05927449522795165,0.16175659294179343,2.3882434070573755,-8.308909116294672e-13,0.16175659294179343,4.4544022310572795e-05,1920.0,5760.0,0.0,0.03125,0.03125,0.000702756430238291,0.0
111000.0,30.833333333333332,0.2025247193994652,0.0,0.2025247193994652,0.059263488195405764,0.1617121018037522,2.3882878981954168,-8.308909116294672e-13,0.1617121018037522,4.449113804134686e-05,1920.0,5760.0,0.0,0.03125,0.03125,0.0007011076383124896,0.0
111060.0,30.85,0.20246086742731678,0.0,0.20246086742731678,0.05925250217534976,0.16166766344898859,2.38833233655018,-8.313350008393172e-13,0.16166766344898859,4.443835476321213e-05,1920.0,5760.0,0.0,0.03125,0.03125,0.0006994732248360336,0.0
111120.0,30.866666666666667,0.20239709429550184,0.0,0.20239709429550184,0.05924153711326241,0.1616232777767748,2.388376722222394,-8.308909116294672e-13,0.1616232777767748,4.4385672214037746e-05,1920.0,5760.0,0.0,0.03125,0.03125,0.0006978432101399232,0.0
111180.0,30.883333333333333,0.2023333998497209,0.0,0.2023333998497209,0.059230592954800036,0.16157894468664163,2.3884210553125267,-8.313350008393172e-13,0.16157894468664163,4.4333090132550055e-05,1920.0,5760.0,0.0,0.03125,0.03125,0.0006962171485187782,0.0
111240.0,30.9,0.20226978393608674,0.0,0.20226978393608674,0.05921966964579655,0.16153466407838332,2.388465335920785,-8.313350008393172e-13,0.16153466407838332,4.4280608258325194e-05,1920.0,5760.0,0.0,0.03125,0.03125,0.0006946038712985949,0.0
111300.0,30.916666666666668,0.2022062464011108,0.0,0.2022062464011108,0.059208767132262356,0.16149043585205117,2.388509564147117,-8.317790900491673e-13,0.16149043585205117,4.422822633178979e-05,1920.0,5760.0,0.0,0.03125,0.03125,0.0006929857089873159,0.0
111360.0,30.933333333333334,0.2021427870917143,0.0,0.2021427870917143,0.05919788536038279,0.1614462599079568,2.3885537400912114,-8.317790900491673e-13,0.1614462599079568,4.4175944094214396e-05,1920.0,5760.0,0.0,0.03125,0.03125,0.000691342166291331,0.0
111420.0,30.95,0.20207940585521406,0.0,0.20207940585521406,0.059187024276519395,0.1614021361466689,2.388597863852499,-8.317790900491673e-13,0.1614021361466689,4.412376128771207e-05,1920.0,5760.0,0.0,0.03125,0.03125,0.0006897305255255361,0.0
111480.0,30.966666666666665,0.20201610253933405,0.0,0.20201610253933405,0.059176183827207324,0.1613580644690136,2.3886419355301545,-8.317790900491673e-13,0.1613580644690136,4.407167765523516e-05,1920.0,5760.0,0.0,0.03125,0.03125,0.0006881007625795391,0.0
111540.0,30.983333333333334,0.20195287699219128,0.0,0.20195287699219128,0.05916536395915585,0.1613140447760729,2.388685955223095,-8.317790900491673e-13,0.1613140447760729,4.4019692940570375e-05,1920.0,5760.0,0.0,0.03125,0.03125,0.000686506169034574,0.0
111600.0,31.0,0.20188972906230745,0.0,0.20188972906230745,0.05915456461924654,0.16127007696918447,2.388729923029983,-8.322231792590173e-13,0.16127007696918447,4.396780688833759e-05,1920.0,5760.0,0.0,0.03125,0.03125,0.0006848938046729394,0.0
111660.0,31.016666666666666,0.20182665859859553,0.0,0.20182665859859553,0.05914378575453479,0.1612261609499401,2.388773839049227,-8.326672684688674e-13,0.1612261609499401,4.391601924398563e-05,1920.0,5760.0,0.0,0.03125,0.03125,0.0006832881307075624,0.0
111720.0,31.033333333333335,0.20176366545036856,0.0,0.20176366545036856,0.0591330273122461,0.16118229662018602,2.388817703378981,-8.331113576787175e-13,0.16118229662018602,4.386432975378698e-05,1920.0,5760.0,0.0,0.03125,0.03125,0.0006816874290350941,0.0
111780.0,31.05,0.2017007494673303,0.0,0.2017007494673303,0.05912228923977771,0.16113848388202126,2.388861516117146,-8.326672684688674e-13,0.16113848388202126,4.3812738164839766e-05,1920.0,5760.0,0.0,0.03125,0.03125,0.0006800865368533115,0.0
111840.0,31.066666666666666,0.20163791049958008,0.0,0.20163791049958008,0.05911157148469751,0.16109472263779603,2.388905277361371,-8.326672684688674e-13,0.16109472263779603,4.376124422505839e-05,1920.0,5760.0,0.0,0.03125,0.03125,0.0006784792740944372,0.0
111900.0,31.083333333333332,0.2015751483976075,0.0,0.2015751483976075,0.05910087399474221,0.16105101279011289,2.388948987209054,-8.326672684688674e-13,0.16105101279011289,4.370984768317597e-05,1920.0,5760.0,0.0,0.03125,0.03125,0.0006768734478167642,0.0
111960.0,31.1,0.20151246301229342,0.0,0.20151246301229342,0.05909019671781856,0.16100735424182402,2.3889926457573427,-8.331113576787175e-13,0.16100735424182402,4.365854828873716e-05,1920.0,5760.0,0.0,0.03125,0.03125,0.0006752809113032064,0.0
112020.0,31.116666666666667,0.20144985419490785,0.0,0.20144985419490785,0.059079539602000804,0.16096374689603157,2.389036253103135,-8.335554468885675e-13,0.16096374689603157,4.3607345792094886e-05,1920.0,5760.0,0.0,0.03125,0.03125,0.0006736958295537559,0.0
112080.0,31.133333333333333,0.20138732179710767,0.0,0.20138732179710767,0.059068902595531096,0.16092019065608718,2.3890798093430794,-8.331113576787175e-13,0.16092019065608718,4.355623994441199e-05,1920.0,5760.0,0.0,0.03125,0.03125,0.0006721029302134176,0.0
112140.0,31.15,0.20132486567093888,0.0,0.20132486567093888,0.0590582856468196,0.16087668542558928,2.389123314573577,-8.335554468885675e-13,0.16087668542558928,4.350523049765196e-05,1920.0,5760.0,0.0,0.03125,0.03125,0.0006705195860819875,0.0
112200.0,31.166666666666668,0.20126248566882918,0.0,0.20126248566882918,0.05904768870444129,0.16083323110838477,2.3891667688907816,-8.335554468885675e-13,0.16083323110838477,4.345431720458029e-05,1920.0,5760.0,0.0,0.03125,0.03125,0.0006689430139119208,0.0
112260.0,31.183333333333334,0.2012001816435947,0.0,0.2012001816435947,0.05903711171713812,0.1607898276085656,2.3892101723906003,-8.339995360984176e-13,0.1607898276085656,4.3403499818759505e-05,1920.0,5760.0,0.0,0.03125,0.03125,0.0006673754004923464,0.0
112320.0,31.2,0.2011379534484308,0.0,0.2011379534484308,0.05902655463381682,0.16074647483047097,2.389253525168695,-8.339995360984176e-13,0.16074647483047097,4.335277809454483e-05,1920.0,5760.0,0.0,0.03125,0.03125,0.0006657894853287457,0.0
112380.0,31.216666666666665,0.20107580093691757,0.0,0.20107580093691757,0.05901601740354843,0.16070317267868367,2.3892968273204818,-8.344436253082677e-13,0.16070317267868367,4.3302151787084664e-05,1920.0,5760.0,0.0,0.03125,0.03125,0.0006642086398543391,0.0
112440.0,31.233333333333334,0.2010137239630134,0.0,0.2010137239630134,0.05900549997556802,0.16065992105803142,2.389340078941134,-8.344436253082677e-13,0.16065992105803142,4.3251620652313706e-05,1920.0,5760.0,0.0,0.03125,0.03125,0.0006626489228629615,0.0
112500.0,31.25,0.20095172238105705,0.0,0.20095172238105705,0.05899500229927387,0.16061671987358417,2.389383280125581,-8.348877145181177e-13,0.16061671987358417,4.32011844469523e-05,1920.0,5760.0,0.0,0.03125,0.03125,0.0006610778559739703,0.0
112560.0,31.266666666666666,0.20088979604576565,0.0,0.20088979604576565,0.05898452432422688,0.1605735690306554,2.3894264309685096,-8.348877145181177e-13,0.1605735690306554,4.315084292850382e-05,1920.0,5760.0,0.0,0.03125,0.03125,0.0006594903611387901,0.0
112620.0,31.283333333333335,0.20082794481222943,0.0,0.20082794481222943,0.05897406600014977,0.16053046843480015,2.389469531564365,-8.344436253082677e-13,0.16053046843480015,4.310059585524804e-05,1920.0,5760.0,0.0,0.03125,0.03125,0.0006579330254713191,0.0
112680.0,31.3,0.20076616853592055,0.0,0.20076616853592055,0.058963627276926826,0.160487417991814,2.389512582007351,-8.348877145181177e-13,0.160487417991814,4.305044298624316e-05,1920.0,5760.0,0.0,0.03125,0.03125,0.0006563628636418157,0.0
112740.0,31.316666666666666,0.20070446707268033,0.0,0.20070446707268033,0.05895320810460282,0.1604444176077322,2.3895555823914325,-8.348877145181177e-13,0.1604444176077322,4.300038408131898e-05,1920.0,5760.0,0.0,0.03125,0.03125,0.0006548266156622128,0.0
112800.0,31.333333333333332,0.20064284027872603,0.0,0.20064284027872603,0.05894280843338249,0.1604014671888308,2.3895985328103335,-8.353318037279678e-13,0.1604014671888308,4.295041890107477e-05,1920.0,5760.0,0.0,0.03125,0.03125,0.0006532757156903471,0.0
112860.0,31.35,0.2005812880106462,0.0,0.2005812880106462,0.05893242821363058,0.16035856664162393,2.38964143335754,-8.357758929378178e-13,0.16035856664162393,4.290054720687857e-05,1920.0,5760.0,0.0,0.03125,0.03125,0.0006517193922755768,0.0
112920.0,31.366666666666667,0.2005198101253976,0.0,0.2005198101253976,0.058922067395870324,0.1603157158728629,2.389684284126301,-8.357758929378178e-13,0.1603157158728629,4.28507687608606e-05,1920.0,5760.0,0.0,0.03125,0.03125,0.0006501633205124038,0.0
112980.0,31.383333333333333,0.2004584064803113,0.0,0.2004584064803113,0.05891172593078298,0.16027291478953684,2.389727085209627,-8.357758929378178e-13,0.16027291478953684,4.280108332591333e-05,1920.0,5760.0,0.0,0.03125,0.03125,0.0006486161564548464,0.0
113040.0,31.4,0.20039707693308284,0.0,0.20039707693308284,0.05890140376920836,0.1602301632988706,2.389769836700293,-8.362199821476679e-13,0.1602301632988706,4.27514906656869e-05,1920.0,5760.0,0.0,0.03125,0.03125,0.0006470769863114022,0.0
113100.0,31.416666666666668,0.20033582134177702,0.0,0.20033582134177702,0.05889110086214204,0.16018746130832626,2.3898125386908373,-8.362199821476679e-13,0.16018746130832626,4.270199054458679e-05,1920.0,5760.0,0.0,0.03125,0.03125,0.0006455552961398452,0.0
113160.0,31.433333333333334,0.20027463956482466,0.0,0.20027463956482466,0.0588808171607371,0.16014480872559844,2.3898551912735653,-8.362199821476679e-13,0.16014480872559844,4.265258272777013e-05,1920.0,5760.0,0.0,0.03125,0.03125,0.0006440084464052804,0.0
113220.0,31.45,0.20021353146101795,0.0,0.20021353146101795,0.05887055261630189,0.16010220545861698,2.3898977945405466,-8.362199821476679e-13,0.16010220545861698,4.2603266981145754e-05,1920.0,5760.0,0.0,0.03125,0.03125,0.0006424780102949425,0.0
113280.0,31.466666666666665,0.20015249688951864,0.0,0.20015249688951864,0.05886030718030011,0.16005965141554576,2.389940348583618,-8.357758929378178e-13,0.16005965141554576,4.255404307136601e-05,1920.0,5760.0,0.0,0.03125,0.03125,0.0006409367147011016,0.0
113340.0,31.483333333333334,0.20009153570984706,0.0,0.20009153570984706,0.058850080804350224,0.16001714650477952,2.389982853494384,-8.362199821476679e-13,0.16001714650477952,4.2504910765828645e-05,1920.0,5760.0,0.0,0.03125,0.03125,0.0006394201898430309,0.0
113400.0,31.5,0.2000306477818846,0.0,0.2000306477818846,0.05883987344022459,0.15997469063494665,2.3900253093642165,-8.36664071357518e-13,0.15997469063494665,4.245586983267267e-05,1920.0,5760.0,0.0,0.03125,0.03125,0.0006378803510861455,0.0
113460.0,31.516666666666666,0.19996983296587556,0.0,0.19996983296587556,0.05882968503984914,0.1599322837149059,2.3900677162842574,-8.36664071357518e-13,0.1599322837149059,4.240692004077396e-05,1920.0,5760.0,0.0,0.03125,0.03125,0.0006363633833228554,0.0
113520.0,31.533333333333335,0.19990909112242042,0.0,0.19990909112242042,0.05881951555530279,0.15988992565374588,2.3901100743454173,-8.36664071357518e-13,0.15988992565374588,4.235806115974459e-05,1920.0,5760.0,0.0,0.03125,0.03125,0.0006348493918775234,0.0
113580.0,31.55,0.19984842211247938,0.0,0.19984842211247938,0.058809364938816465,0.15984761636078587,2.390152383638377,-8.36664071357518e-13,0.15984761636078587,4.230929295992805e-05,1920.0,5760.0,0.0,0.03125,0.03125,0.0006333281878254015,0.0
113640.0,31.566666666666666,0.19978782579736898,0.0,0.19978782579736898,0.058799233142772994,0.15980535574557342,2.3901946442535897,-8.36664071357518e-13,0.15980535574557342,4.2260615212398764e-05,1920.0,5760.0,0.0,0.03125,0.03125,0.0006318273598642272,0.0
113700.0,31.583333333333332,0.19972730203876,0.0,0.19972730203876,0.05878912011970616,0.15976314371788392,2.3902368562812786,-8.375522497772181e-13,0.15976314371788392,4.221202768895644e-05,1920.0,5760.0,0.0,0.03125,0.03125,0.0006302954454586886,0.0
113760.0,31.6,0.19966685069868018,0.0,0.19966685069868018,0.05877902582230046,0.1597209801877219,2.3902790198114405,-8.375522497772181e-13,0.1597209801877219,4.216353016212614e-05,1920.0,5760.0,0.0,0.03125,0.03125,0.0006288062796604077,0.0
113820.0,31.616666666666667,0.1996064716395095,0.0,0.1996064716395095,0.05876895020339069,0.15967886506531653,2.3903211349338456,-8.375522497772181e-13,0.15967886506531653,4.211512240515304e-05,1920.0,5760.0,0.0,0.03125,0.03125,0.0006272951209509948,0.0
113880.0,31.633333333333333,0.19954616472397793,0.0,0.19954616472397793,0.05875889321596002,0.15963679826112442,2.3903632017380376,-8.375522497772181e-13,0.15963679826112442,4.206680419200226e-05,1920.0,5760.0,0.0,0.03125,0.03125,0.0006257813667753901,0.0
113940.0,31.65,0.1994859298151706,0.0,0.1994859298151706,0.05874885481314172,0.15959477968582694,2.390405220313335,-8.379963389870682e-13,0.15959477968582694,4.2018575297352694e-05,1920.0,5760.0,0.0,0.03125,0.03125,0.0006242706636206363,0.0
114000.0,31.666666666666668,0.19942576677652052,0.0,0.19942576677652052,0.05873883494821658,0.1595528092503301,2.390447190748832,-8.379963389870682e-13,0.1595528092503301,4.197043549659857e-05,1920.0,5760.0,0.0,0.03125,0.03125,0.0006227874584561656,0.0
114060.0,31.683333333333334,0.19936567547180717,0.0,0.19936567547180717,0.05872883357461302,0.15951088686576423,2.390489113133398,-8.375522497772181e-13,0.15951088686576423,4.192238456584329e-05,1920.0,5760.0,0.0,0.03125,0.03125,0.0006212830046139492,0.0
114120.0,31.7,0.19930565576516257,0.0,0.19930565576516257,0.05871885064590734,0.1594690124434823,2.39053098755568,-8.375522497772181e-13,0.1594690124434823,4.1874422281896895e-05,1920.0,5760.0,0.0,0.03125,0.03125,0.0006197941497973404,0.0
114180.0,31.716666666666665,0.19924570752106277,0.0,0.19924570752106277,0.058708886115821486,0.1594271858950599,2.390572814104102,-8.379963389870682e-13,0.1594271858950599,4.182654842227739e-05,1920.0,5760.0,0.0,0.03125,0.03125,0.0006183214044947849,0.0
114240.0,31.733333333333334,0.19918583060432776,0.0,0.19918583060432776,0.05869893993822406,0.15938540713229446,2.3906145928668674,-8.379963389870682e-13,0.15938540713229446,4.177876276520197e-05,1920.0,5760.0,0.0,0.03125,0.03125,0.0006168218334289064,0.0
114300.0,31.75,0.1991260248801255,0.0,0.1991260248801255,0.05868901206712927,0.15934367606720498,2.390656323931957,-8.375522497772181e-13,0.15934367606720498,4.173106508958885e-05,1920.0,5760.0,0.0,0.03125,0.03125,0.0006153406107429184,0.0
114360.0,31.766666666666666,0.1990662902139655,0.0,0.1990662902139655,0.058679102456695574,0.15930199261202932,2.3906980073871322,-8.384404281969182e-13,0.15930199261202932,4.168345517505416e-05,1920.0,5760.0,0.0,0.03125,0.03125,0.0006138613237922474,0.0
114420.0,31.783333333333335,0.19900662647169853,0.0,0.19900662647169853,0.058669211061226446,0.15926035667922753,2.390739643319934,-8.379963389870682e-13,0.15926035667922753,4.1635932801906e-05,1920.0,5760.0,0.0,0.03125,0.03125,0.0006123831153730357,0.0
114480.0,31.8,0.1989470335195183,0.0,0.1989470335195183,0.058659337835168836,0.15921876818147634,2.390781231817685,-8.384404281969182e-13,0.15921876818147634,4.1588497751145465e-05,1920.0,5760.0,0.0,0.03125,0.03125,0.000610936874597516,0.0
114540.0,31.816666666666666,0.1988875112239582,0.0,0.1988875112239582,0.05864948273311305,0.15917722703167153,2.3908227729674896,-8.388845174067683e-13,0.15917722703167153,4.154114980446411e-05,1920.0,5760.0,0.0,0.03125,0.03125,0.0006094515293744966,0.0
114600.0,31.833333333333332,0.19882805945189047,0.0,0.19882805945189047,0.05863964570979234,0.15913573314292742,2.3908642668562337,-8.388845174067683e-13,0.15913573314292742,4.1493888744237015e-05,1920.0,5760.0,0.0,0.03125,0.03125,0.0006079673096482448,0.0
114660.0,31.85,0.19876867807052348,0.0,0.19876867807052348,0.05862982672008186,0.15909428642857346,2.390905713570587,-8.393286066166183e-13,0.15909428642857346,4.144671435352558e-05,1920.0,5760.0,0.0,0.03125,0.03125,0.0006065105841215015,0.0
114720.0,31.866666666666667,0.19870936694740596,0.0,0.19870936694740596,0.05862002571899867,0.1590528868021573,2.390947113197003,-8.393286066166183e-13,0.1590528868021573,4.139962641607162e-05,1920.0,5760.0,0.0,0.03125,0.03125,0.0006050410044306837,0.0
114780.0,31.883333333333333,0.19865012595042103,0.0,0.19865012595042103,0.05861024266170098,0.1590115341774408,2.3909884658217195,-8.393286066166183e-13,0.1590115341774408,4.1352624716295804e-05,1920.0,5760.0,0.0,0.03125,0.03125,0.0006035789329935697,0.0
114840.0,31.9,0.19859095494778375,0.0,0.19859095494778375,0.058600477503487305,0.15897022846840128,2.391029771530759,-8.397726958264684e-13,0.15897022846840128,4.130570903929468e-05,1920.0,5760.0,0.0,0.03125,0.03125,0.0006021156182420912,0.0
114900.0,31.916666666666668,0.19853185380804753,0.0,0.19853185380804753,0.058590730199796597,0.15892896958923025,2.39107103040993,-8.397726958264684e-13,0.15892896958923025,4.125887917083916e-05,1920.0,5760.0,0.0,0.03125,0.03125,0.0006006845700299492,0.0
114960.0,31.933333333333334,0.19847282240009564,0.0,0.19847282240009564,0.05858100070620718,0.15888775745433298,2.391112242544827,-8.397726958264684e-13,0.15888775745433298,4.1212134897369836e-05,1920.0,5760.0,0.0,0.03125,0.03125,0.0005992122920531192,0.0
115020.0,31.95,0.19841386059314414,0.0,0.19841386059314414,0.058571288978436296,0.15884659197832657,2.391153408020833,-8.402167850363185e-13,0.15884659197832657,4.116547600599788e-05,1920.0,5760.0,0.0,0.03125,0.03125,0.0005977697007665897,0.0
115080.0,31.966666666666665,0.1983549682567366,0.0,0.1983549682567366,0.05856159497233998,0.15880547307604198,2.3911945269231176,-8.402167850363185e-13,0.15880547307604198,4.1118902284498935e-05,1920.0,5760.0,0.0,0.03125,0.03125,0.000596315974865662,0.0
115140.0,31.983333333333334,0.19829614526075115,0.0,0.19829614526075115,0.05855191864391198,0.1587644006625208,2.391235599336639,-8.402167850363185e-13,0.1587644006625208,4.10724135213121e-05,1920.0,5760.0,0.0,0.03125,0.03125,0.0005948877862749523,0.0
115200.0,32.0,0.19823739147539118,0.0,0.19823739147539118,0.05854225994928333,0.15872337465301523,2.3912766253461446,-8.402167850363185e-13,0.15872337465301523,4.102600950553921e-05,1920.0,5760.0,0.0,0.03125,0.03125,0.0005934418361022898,0.0
115260.0,32.016666666666666,0.1981787067711876,0.0,0.1981787067711876,0.05853261884472304,0.15868239496298794,2.3913176050361717,-8.402167850363185e-13,0.15868239496298794,4.097969002693834e-05,1920.0,5760.0,0.0,0.03125,0.03125,0.0005920059492063486,0.0
115320.0,32.03333333333333,0.1981200910189978,0.0,0.1981200910189978,0.058522995286634814,0.15864146150811184,2.3913585384910476,-8.402167850363185e-13,0.15864146150811184,4.0933454875926e-05,1920.0,5760.0,0.0,0.03125,0.03125,0.0005905714342138808,0.0
115380.0,32.05,0.19806154409000604,0.0,0.19806154409000604,0.058513389231560034,0.15860057420426832,2.391399425794891,-8.402167850363185e-13,0.15860057420426832,4.0887303843570065e-05,1920.0,5760.0,0.0,0.03125,0.03125,0.0005891474180734713,0.0
115440.0,32.06666666666667,0.1980030658557198,0.0,0.1980030658557198,0.05850380063617416,0.15855973296754655,2.3914402670316126,-8.406608742461685e-13,0.15855973296754655,4.0841236721591864e-05,1920.0,5760.0,0.0,0.03125,0.03125,0.0005877099915734672,0.0
115500.0,32.083333333333336,0.19794465618796908,0.0,0.19794465618796908,0.0584942294572886,0.15851893771424402,2.3914810622849147,-8.411049634560186e-13,0.15851893771424402,4.07952533023593e-05,1920.0,5760.0,0.0,0.03125,0.03125,0.0005862745813884078,0.0
115560.0,32.1,0.19788631495890724,0.0,0.19788631495890724,0.058484675651847985,0.15847818836086514,2.3915218116382935,-8.411049634560186e-13,0.15847818836086514,4.074935337888873e-05,1920.0,5760.0,0.0,0.03125,0.03125,0.0005848735431671453,0.0
115620.0,32.11666666666667,0.1978280420410099,0.0,0.1978280420410099,0.05847513917693242,0.1584374848241198,2.391562515175038,-8.419931418757187e-13,0.1584374848241198,4.070353674483847e-05,1920.0,5760.0,0.0,0.03125,0.03125,0.0005834475734652098,0.0
115680.0,32.13333333333333,0.19776983730707165,0.0,0.19776983730707165,0.058465619989753345,0.1583968270209252,2.3916031729782325,-8.419931418757187e-13,0.1583968270209252,4.065780319450895e-05,1920.0,5760.0,0.0,0.03125,0.03125,0.0005820392193312745,0.0
115740.0,32.15,0.19771170063020588,0.0,0.19771170063020588,0.0584561180476572,0.15835621486840223,2.3916437851307553,-8.424372310855688e-13,0.15835621486840223,4.061215252284068e-05,1920.0,5760.0,0.0,0.03125,0.03125,0.0005806112364302307,0.0
115800.0,32.166666666666664,0.19765363188384508,0.0,0.19765363188384508,0.05844663330812138,0.15831564828387681,2.3916843517152806,-8.424372310855688e-13,0.15831564828387681,4.056658452540966e-05,1920.0,5760.0,0.0,0.03125,0.03125,0.0005792187105100847,0.0
115860.0,32.18333333333333,0.19759563094173999,0.0,0.19759563094173999,0.05843716572875597,0.158275127184878,2.391724872814279,-8.428813202954188e-13,0.158275127184878,4.052109899842639e-05,1920.0,5760.0,0.0,0.03125,0.03125,0.0005777983531430542,0.0
115920.0,32.2,0.19753769767795637,0.0,0.19753769767795637,0.05842771526730172,0.15823465148913957,2.3917653485100177,-8.424372310855688e-13,0.15823465148913957,4.047569573873431e-05,1920.0,5760.0,0.0,0.03125,0.03125,0.0005763855974784326,0.0
115980.0,32.21666666666667,0.1974798319668764,0.0,0.1974798319668764,0.05841828188163143,0.15819422111459558,2.3918057788845615,-8.428813202954188e-13,0.15819422111459558,4.043037454380484e-05,1920.0,5760.0,0.0,0.03125,0.03125,0.0005749788133201868,0.0
116040.0,32.233333333333334,0.1974220336831931,0.0,0.1974220336831931,0.058408865529746896,0.15815383597938334,2.391846164019773,-8.433254095052689e-13,0.15815383597938334,4.038513521173865e-05,1920.0,5760.0,0.0,0.03125,0.03125,0.0005735961071111666,0.0
116100.0,32.25,0.19736430270191882,0.0,0.19736430270191882,0.05839946616978114,0.15811349600184216,2.391886503997314,-8.43769498715119e-13,0.15811349600184216,4.0339977541259116e-05,1920.0,5760.0,0.0,0.03125,0.03125,0.0005721764743354971,0.0
116160.0,32.266666666666666,0.19730663889837427,0.0,0.19730663889837427,0.05839008375999622,0.15807320110051046,2.3919267988986457,-8.43769498715119e-13,0.15807320110051046,4.029490133171452e-05,1920.0,5760.0,0.0,0.03125,0.03125,0.000570795035319556,0.0
116220.0,32.28333333333333,0.19724904214819253,0.0,0.19724904214819253,0.058380718258782584,0.15803295119412725,2.3919670488050286,-8.43769498715119e-13,0.15803295119412725,4.024990638307108e-05,1920.0,5760.0,0.0,0.03125,0.03125,0.0005694047539032512,0.0
116280.0,32.3,0.19719151232731663,0.0,0.19719151232731663,0.058371369624660184,0.15799274620163087,2.3920072537975248,-8.44213587924969e-13,0.15799274620163087,4.0204992495915466e-05,1920.0,5760.0,0.0,0.03125,0.03125,0.0005680312284409034,0.0
116340.0,32.31666666666667,0.19713404931199904,0.0,0.19713404931199904,0.058362037816276274,0.15795258604215945,2.392047413956996,-8.44213587924969e-13,0.15795258604215945,4.016015947144761e-05,1920.0,5760.0,0.0,0.03125,0.03125,0.0005666257919548643,0.0
116400.0,32.333333333333336,0.19707665297880275,0.0,0.19707665297880275,0.05835272279240604,0.15791247063504785,2.3920875293641077,-8.44213587924969e-13,0.15791247063504785,4.0115407111483066e-05,1920.0,5760.0,0.0,0.03125,0.03125,0.0005652293353570587,0.0
116460.0,32.35,0.19701932320459592,0.0,0.19701932320459592,0.05834342451195145,0.1578723998998292,2.392127600099326,-8.446576771348191e-13,0.1578723998998292,4.0070735218446455e-05,1920.0,5760.0,0.0,0.03125,0.03125,0.0005638739304937906,0.0
116520.0,32.36666666666667,0.19696205986655502,0.0,0.19696205986655502,0.05833414293394161,0.15783237375623368,2.3921676262429217,-8.446576771348191e-13,0.15783237375623368,4.002614359537319e-05,1920.0,5760.0,0.0,0.03125,0.03125,0.0005624932130999581,0.0
116580.0,32.38333333333333,0.19690486284216013,0.0,0.19690486284216013,0.05832487801753091,0.1577923921241878,2.3922076078749677,-8.44213587924969e-13,0.1577923921241878,3.9981632045903864e-05,1920.0,5760.0,0.0,0.03125,0.03125,0.000561117957190667,0.0
116640.0,32.4,0.19684773200919795,0.0,0.19684773200919795,0.05831562972200041,0.15775245492381343,2.392247545075342,-8.44213587924969e-13,0.15775245492381343,3.993720037428365e-05,1920.0,5760.0,0.0,0.03125,0.03125,0.000559727887263117,0.0
116700.0,32.416666666666664,0.19679066724575864,0.0,0.19679066724575864,0.05830639800675554,0.15771256207542766,2.3922874379237276,-8.446576771348191e-13,0.15771256207542766,3.989284838536074e-05,1920.0,5760.0,0.0,0.03125,0.03125,0.0005583758264734034,0.0
116760.0,32.43333333333333,0.19673366843023443,0.0,0.19673366843023443,0.058297182831327156,0.15767271349954323,2.3923272864996123,-8.44213587924969e-13,0.15767271349954323,3.984857588458265e-05,1920.0,5760.0,0.0,0.03125,0.03125,0.0005570289520703293,0.0
116820.0,32.45,0.1966767354413205,0.0,0.1966767354413205,0.05828798415536958,0.15763290911686492,2.3923670908822903,-8.446576771348191e-13,0.15763290911686492,3.980438267799393e-05,1920.0,5760.0,0.0,0.03125,0.03125,0.0005556298157803009,0.0
116880.0,32.46666666666667,0.1966198681580124,0.0,0.1966198681580124,0.058278801938661966,0.15759314884829254,2.3924068511508625,-8.446576771348191e-13,0.15759314884829254,3.976026857223506e-05,1920.0,5760.0,0.0,0.03125,0.03125,0.0005542902473200407,0.0
116940.0,32.483333333333334,0.1965630664596033,0.0,0.1965630664596033,0.05826963614110605,0.1575534326149178,2.392446567384237,-8.451017663446692e-13,0.1575534326149178,3.9716233374541647e-05,1920.0,5760.0,0.0,0.03125,0.03125,0.0005529080475740288,0.0
117000.0,32.5,0.19650633022569067,0.0,0.19650633022569067,0.05826048672272696,0.15751376033802514,2.39248623966113,-8.446576771348191e-13,0.15751376033802514,3.967227689273627e-05,1920.0,5760.0,0.0,0.03125,0.03125,0.0005515772781465661,0.0
117060.0,32.516666666666666,0.19644965933616634,0.0,0.19644965933616634,0.058251353643671844,0.15747413193908957,2.392525868060065,-8.451017663446692e-13,0.15747413193908957,3.9628398935235894e-05,1920.0,5760.0,0.0,0.03125,0.03125,0.0005501981221292895,0.0
117120.0,32.53333333333333,0.1963930536712203,0.0,0.1963930536712203,0.05824223686421045,0.15743454733977866,2.392565452659376,-8.451017663446692e-13,0.15743454733977866,3.9584599311037746e-05,1920.0,5760.0,0.0,0.03125,0.03125,0.0005488744068305408,0.0
117180.0,32.55,0.1963365131113391,0.0,0.1963365131113391,0.05823313634473341,0.1573950064619484,2.392604993537206,-8.455458555545192e-13,0.1573950064619484,3.9540877829730534e-05,1920.0,5760.0,0.0,0.03125,0.03125,0.0005475213730811201,0.0
117240.0,32.56666666666667,0.1962800375373046,0.0,0.1962800375373046,0.05822405204575304,0.1573555092276468,2.392644490771507,-8.459899447643693e-13,0.1573555092276468,3.9497234301478804e-05,1920.0,5760.0,0.0,0.03125,0.03125,0.0005461905562874209,0.0
117300.0,32.583333333333336,0.1962236268301913,0.0,0.1962236268301913,0.058214983927901934,0.15731605555911,2.3926839444400443,-8.455458555545192e-13,0.15731605555911,3.945366853703283e-05,1920.0,5760.0,0.0,0.03125,0.03125,0.0005448461542747813,0.0
117360.0,32.6,0.19616728087137153,0.0,0.19616728087137153,0.05820593195193318,0.15727664537876185,2.392723354620392,-8.459899447643693e-13,0.15727664537876185,3.9410180347717057e-05,1920.0,5760.0,0.0,0.03125,0.03125,0.0005435170766659851,0.0
117420.0,32.61666666666667,0.19611099954250744,0.0,0.19611099954250744,0.05819689607871955,0.1572372786092166,2.3927627213899374,-8.459899447643693e-13,0.1572372786092166,3.9366769545434756e-05,1920.0,5760.0,0.0,0.03125,0.03125,0.0005421657689719062,0.0
117480.0,32.63333333333333,0.19605478272555288,0.0,0.19605478272555288,0.058187876269253286,0.15719795517327378,2.39280204482588,-8.459899447643693e-13,0.15719795517327378,3.932343594266213e-05,1920.0,5760.0,0.0,0.03125,0.03125,0.0005408238190300715,0.0
117540.0,32.65,0.19599863030275347,0.0,0.19599863030275347,0.05817887248464512,0.15715867499392114,2.3928413250052323,-8.464340339742193e-13,0.15715867499392114,3.928017935244619e-05,1920.0,5760.0,0.0,0.03125,0.03125,0.0005395027236591323,0.0
117600.0,32.666666666666664,0.19594254215664478,0.0,0.19594254215664478,0.05816988468612487,0.15711943799433253,2.392880562004821,-8.464340339742193e-13,0.15711943799433253,3.923699958840563e-05,1920.0,5760.0,0.0,0.03125,0.03125,0.0005381582002423586,0.0
117660.0,32.68333333333333,0.19588651817004973,0.0,0.19588651817004973,0.058160912835039914,0.1570802440978677,2.3929197559012856,-8.464340339742193e-13,0.1570802440978677,3.919389646472444e-05,1920.0,5760.0,0.0,0.03125,0.03125,0.0005368651919640823,0.0
117720.0,32.7,0.19583055822608214,0.0,0.19583055822608214,0.05815195689285562,0.15704109322807144,2.392958906771082,-8.464340339742193e-13,0.15704109322807144,3.915086979615557e-05,1920.0,5760.0,0.0,0.03125,0.03125,0.0005355428359560408,0.0
117780.0,32.71666666666667,0.19577466220814244,0.0,0.19577466220814244,0.05814301682115416,0.15700198530867346,2.39299801469048,-8.464340339742193e-13,0.15700198530867346,3.91079193980108e-05,1920.0,5760.0,0.0,0.03125,0.03125,0.0005342327981900578,0.0
117840.0,32.733333333333334,0.19571882999991674,0.0,0.19571882999991674,0.05813409258163458,0.15696292026358716,2.3930370797355662,-8.464340339742193e-13,0.15696292026358716,3.9065045086168034e-05,1920.0,5760.0,0.0,0.03125,0.03125,0.0005329094269217161,0.0
117900.0,32.75,0.19566306148537668,0.0,0.19566306148537668,0.05812518413611242,0.15692389801690976,2.3930761019822433,-8.468781231840694e-13,0.15692389801690976,3.90222466770607e-05,1920.0,5760.0,0.0,0.03125,0.03125,0.0005315824060199165,0.0
117960.0,32.766666666666666,0.19560735654877948,0.0,0.19560735654877948,0.058116291446518836,0.15688491849292202,2.393115081506231,-8.468781231840694e-13,0.15688491849292202,3.8979523987682346e-05,1920.0,5760.0,0.0,0.03125,0.03125,0.0005302718561842833,0.0
118020.0,32.78333333333333,0.19555171507466565,0.0,0.19555171507466565,0.05810741447490063,0.1568459816160864,2.3931540183830666,-8.468781231840694e-13,0.1568459816160864,3.893687683557981e-05,1920.0,5760.0,0.0,0.03125,0.03125,0.0005289765810362421,0.0
118080.0,32.8,0.1954961369478589,0.0,0.1954961369478589,0.05809855318341986,0.15680708731104756,2.3931929126881055,-8.468781231840694e-13,0.15680708731104756,3.8894305038854565e-05,1920.0,5760.0,0.0,0.03125,0.03125,0.0005276586992695239,0.0
118140.0,32.81666666666667,0.19544062205346283,0.0,0.19544062205346283,0.058089707534352726,0.15676823550263114,2.3932317644965218,-8.468781231840694e-13,0.15676823550263114,3.885180841615952e-05,1920.0,5760.0,0.0,0.03125,0.03125,0.0005263801515787454,0.0
118200.0,32.833333333333336,0.19538517027686714,0.0,0.19538517027686714,0.05808087749009013,0.15672942611584423,2.3932705738833087,-8.468781231840694e-13,0.15672942611584423,3.8809386786694985e-05,1920.0,5760.0,0.0,0.03125,0.03125,0.0005250755193435011,0.0
118260.0,32.85,0.19532978150373836,0.0,0.19532978150373836,0.05807206301313644,0.15669065907587404,2.393309340923279,-8.468781231840694e-13,0.15669065907587404,3.876703997021049e-05,1920.0,5760.0,0.0,0.03125,0.03125,0.0005237726285659919,0.0
118320.0,32.86666666666667,0.19527445562002305,0.0,0.19527445562002305,0.05806326406610991,0.15665193430808683,2.393348065691066,-8.468781231840694e-13,0.15665193430808683,3.872476778700039e-05,1920.0,5760.0,0.0,0.03125,0.03125,0.0005224623685127097,0.0
118380.0,32.88333333333333,0.19521919251194653,0.0,0.19521919251194653,0.058054480611740525,0.15661325173802887,2.3933867482611237,-8.473222123939195e-13,0.15661325173802887,3.868257005790111e-05,1920.0,5760.0,0.0,0.03125,0.03125,0.0005212072726479851,0.0
118440.0,32.9,0.19516399206601281,0.0,0.19516399206601281,0.05804571261287283,0.15657461129142444,2.393425388707728,-8.473222123939195e-13,0.15657461129142444,3.864044660429162e-05,1920.0,5760.0,0.0,0.03125,0.03125,0.0005199097732355793,0.0
118500.0,32.916666666666664,0.1951088541690016,0.0,0.1951088541690016,0.05803696003246128,0.15653601289417665,2.393463987104976,-8.468781231840694e-13,0.15653601289417665,3.8598397248090067e-05,1920.0,5760.0,0.0,0.03125,0.03125,0.0005186255026788764,0.0
118560.0,32.93333333333333,0.1950537787079696,0.0,0.1950537787079696,0.0580282228335742,0.1564974564723645,2.393502543526788,-8.473222123939195e-13,0.1564974564723645,3.8556421811751145e-05,1920.0,5760.0,0.0,0.03125,0.03125,0.0005173163957601078,0.0
118620.0,32.95,0.19499876557024903,0.0,0.19499876557024903,0.058019500979389606,0.15645894195224605,2.393541058046906,-8.477663016037695e-13,0.15645894195224605,3.8514520118266636e-05,1920.0,5760.0,0.0,0.03125,0.03125,0.0005160620946783982,0.0
118680.0,32.96666666666667,0.19494381464344385,0.0,0.19494381464344385,0.05801079443319752,0.1564204692602544,2.393579530738897,-8.482103908136196e-13,0.1564204692602544,3.847269199115896e-05,1920.0,5760.0,0.0,0.03125,0.03125,0.0005147873891059846,0.0
118740.0,32.983333333333334,0.19488892581543593,0.0,0.19488892581543593,0.058002103158397884,0.15638203832300038,2.3936179616761515,-8.477663016037695e-13,0.15638203832300038,3.843093725448617e-05,1920.0,5760.0,0.0,0.03125,0.03125,0.0005135019348980241,0.0
118800.0,33.0,0.1948340989743777,0.0,0.1948340989743777,0.0579934271185009,0.1563436490672671,2.3936563509318844,-8.482103908136196e-13,0.1563436490672671,3.838925573283139e-05,1920.0,5760.0,0.0,0.03125,0.03125,0.000512242115748048,0.0
118860.0,33.016666666666666,0.19477933400869374,0.0,0.19477933400869374,0.05798476627712695,0.1563053014200156,2.393694698579136,-8.482103908136196e-13,0.1563053014200156,3.834764725130944e-05,1920.0,5760.0,0.0,0.03125,0.03125,0.0005109689128105965,0.0
118920.0,33.03333333333333,0.1947246308070797,0.0,0.1947246308070797,0.05797612059800485,0.15626699530837976,2.3937330046907714,-8.486544800234697e-13,0.15626699530837976,3.830611163555843e-05,1920.0,5760.0,0.0,0.03125,0.03125,0.000509711241535981,0.0
118980.0,33.05,0.1946699892585014,0.0,0.1946699892585014,0.05796749004497371,0.15622873065966805,2.3937712693394833,-8.486544800234697e-13,0.15622873065966805,3.82646487117412e-05,1920.0,5760.0,0.0,0.03125,0.03125,0.0005084436139087029,0.0
119040.0,33.06666666666667,0.19461540925219434,0.0,0.19461540925219434,0.05795887458197959,0.15619050740136145,2.3938094925977897,-8.486544800234697e-13,0.15619050740136145,3.822325830654289e-05,1920.0,5760.0,0.0,0.03125,0.03125,0.0005071781214575109,0.0
119100.0,33.083333333333336,0.19456089067766322,0.0,0.19456089067766322,0.05795027417307826,0.15615232546111402,2.393847674538037,-8.486544800234697e-13,0.15615232546111402,3.818194024716732e-05,1920.0,5760.0,0.0,0.03125,0.03125,0.0005059243710940901,0.0
119160.0,33.1,0.19450643342467966,0.0,0.19450643342467966,0.0579416887824321,0.15611418476675276,2.3938858152323985,-8.486544800234697e-13,0.15611418476675276,3.814069436133985e-05,1920.0,5760.0,0.0,0.03125,0.03125,0.0005046729478756986,0.0
119220.0,33.11666666666667,0.1944520373832831,0.0,0.1944520373832831,0.05793311837431126,0.15607608524627536,2.3939239147528757,-8.486544800234697e-13,0.15607608524627536,3.809952047729739e-05,1920.0,5760.0,0.0,0.03125,0.03125,0.0005034046470729636,0.0
119280.0,33.13333333333333,0.19439770244377882,0.0,0.19439770244377882,0.057924562913093273,0.15603802682785162,2.3939619731712996,-8.486544800234697e-13,0.15603802682785162,3.805841842379587e-05,1920.0,5760.0,0.0,0.03125,0.03125,0.0005021838425362365,0.0
119340.0,33.15,0.19434342849673786,0.0,0.19434342849673786,0.05791602236326158,0.15600000943982115,2.3939999905593297,-8.490985692333197e-13,0.15600000943982115,3.8017388030101295e-05,1920.0,5760.0,0.0,0.03125,0.03125,0.0005009195276314942,0.0
119400.0,33.166666666666664,0.19428921543299482,0.0,0.19428921543299482,0.05790749668940687,0.15596203301069506,2.3940379669884555,-8.490985692333197e-13,0.15596203301069506,3.797642912599162e-05,1920.0,5760.0,0.0,0.03125,0.03125,0.0004996753117447135,0.0
119460.0,33.18333333333333,0.19423506314364944,0.0,0.19423506314364944,0.057898985856224224,0.15592409746915345,2.3940759025299974,-8.490985692333197e-13,0.15592409746915345,3.793554154175331e-05,1920.0,5760.0,0.0,0.03125,0.03125,0.0004984286927887533,0.0
119520.0,33.2,0.19418097152006464,0.0,0.19418097152006464,0.057890489828515565,0.15588620274404494,2.3941137972551054,-8.495426584431698e-13,0.15588620274404494,3.7894725108179094e-05,1920.0,5760.0,0.0,0.03125,0.03125,0.0004972052801432453,0.0
119580.0,33.21666666666667,0.19412694045386503,0.0,0.19412694045386503,0.05788200857118704,0.15584834876438824,2.394151651234762,-8.495426584431698e-13,0.15584834876438824,3.78539796565695e-05,1920.0,5760.0,0.0,0.03125,0.03125,0.0004959634423013074,0.0
119640.0,33.233333333333334,0.19407296983693648,0.0,0.19407296983693648,0.05787354204925002,0.1558105354593691,2.3941894645397808,-8.499867476530198e-13,0.1558105354593691,3.781330501872597e-05,1920.0,5760.0,0.0,0.03125,0.03125,0.0004947403535582902,0.0
119700.0,33.25,0.19401905956142584,0.0,0.19401905956142584,0.05786509022781995,0.1557727627583424,2.3942272372408078,-8.495426584431698e-13,0.1557727627583424,3.777270102695369e-05,1920.0,5760.0,0.0,0.03125,0.03125,0.0004935084866063096,0.0
119760.0,33.266666666666666,0.19396520951974017,0.0,0.19396520951974017,0.05785665307211613,0.15573503059082805,2.394264969408322,-8.499867476530198e-13,0.15573503059082805,3.7732167514055955e-05,1920.0,5760.0,0.0,0.03125,0.03125,0.0004922698141244595,0.0
119820.0,33.28333333333333,0.19391141960454472,0.0,0.19391141960454472,0.057848230547461736,0.15569733888651482,2.394302661112635,-8.499867476530198e-13,0.15569733888651482,3.7691704313334985e-05,1920.0,5760.0,0.0,0.03125,0.03125,0.000491051347114911,0.0
119880.0,33.3,0.19385768970876396,0.0,0.19385768970876396,0.057839822619283054,0.15565968757525622,2.3943403124238936,-8.499867476530198e-13,0.15565968757525622,3.7651311258590546e-05,1920.0,5760.0,0.0,0.03125,0.03125,0.0004898190923826702,0.0
119940.0,33.31666666666667,0.19380401972557937,0.0,0.19380401972557937,0.0578314292531091,0.15562207658707156,2.394377923412078,-8.504308368628699e-13,0.15562207658707156,3.761098818411454e-05,1920.0,5760.0,0.0,0.03125,0.03125,0.0004886158814208074,0.0
120000.0,33.333333333333336,0.1937504095484292,0.0,0.1937504095484292,0.057823050414571704,0.1555845058521472,2.3944154941470024,-8.504308368628699e-13,0.1555845058521472,3.757073492469357e-05,1920.0,5760.0,0.0,0.03125,0.03125,0.0004874068315438347,0.0
120060.0,33.35,0.19369685907100836,0.0,0.19369685907100836,0.05781468606940417,0.15554697530083123,2.394453024698318,-8.504308368628699e-13,0.15554697530083123,3.753055131560421e-05,1920.0,5760.0,0.0,0.03125,0.03125,0.0004861749076980263,0.0
120120.0,33.36666666666667,0.19364336818726682,0.0,0.19364336818726682,0.05780633618344214,0.15550948486363841,2.3944905151355105,-8.5087492607272e-13,0.15550948486363841,3.7490437192613114e-05,1920.0,5760.0,0.0,0.03125,0.03125,0.00048497403559228736,0.0
120180.0,33.38333333333333,0.1935899367914084,0.0,0.1935899367914084,0.05779800072262243,0.15547203447124658,2.3945279655279026,-8.5087492607272e-13,0.15547203447124658,3.7450392391973625e-05,1920.0,5760.0,0.0,0.03125,0.03125,0.00048377505920551645,0.0
120240.0,33.4,0.19353656477789097,0.0,0.19353656477789097,0.057789679652983296,0.15543462405449593,2.394565375944653,-8.5087492607272e-13,0.15543462405449593,3.741041675042596e-05,1920.0,5760.0,0.0,0.03125,0.03125,0.00048255413032634553,0.0
120300.0,33.416666666666664,0.1934832520414254,0.0,0.1934832520414254,0.057781372940662705,0.15539725354439046,2.394602746454758,-8.5131901528257e-13,0.15539725354439046,3.73705101051931e-05,1920.0,5760.0,0.0,0.03125,0.03125,0.00048136345550706366,0.0
120360.0,33.43333333333333,0.19342999847697523,0.0,0.19342999847697523,0.05777308055189969,0.1553599228720964,2.3946400771270517,-8.517631044924201e-13,0.1553599228720964,3.7330672293981414e-05,1920.0,5760.0,0.0,0.03125,0.03125,0.0004801667469594297,0.0
120420.0,33.45,0.19337680397975457,0.0,0.19337680397975457,0.05776480245303278,0.15532263196894142,2.394677368030207,-8.5131901528257e-13,0.15532263196894142,3.729090315497712e-05,1920.0,5760.0,0.0,0.03125,0.03125,0.0004789474520178141,0.0
120480.0,33.46666666666667,0.1933236684452289,0.0,0.1933236684452289,0.05775653861050091,0.1552853807664143,2.394714619232734,-8.517631044924201e-13,0.1552853807664143,3.7251202526845635e-05,1920.0,5760.0,0.0,0.03125,0.03125,0.0004777647882620679,0.0
120540.0,33.483333333333334,0.19327059176911338,0.0,0.19327059176911338,0.057748288990841286,0.15524816919616563,2.3947518308029827,-8.5131901528257e-13,0.15524816919616563,3.7211570248729964e-05,1920.0,5760.0,0.0,0.03125,0.03125,0.00047657373210210587,0.0
120600.0,33.5,0.19321757384737243,0.0,0.19321757384737243,0.05774005356069086,0.15521099719000506,2.394789002809143,-8.517631044924201e-13,0.15521099719000506,3.717200616024733e-05,1920.0,5760.0,0.0,0.03125,0.03125,0.0004753857793065751,0.0
120660.0,33.516666666666666,0.19316461457621864,0.0,0.19316461457621864,0.057731832286783816,0.15517386467990368,2.3948261353192444,-8.517631044924201e-13,0.15517386467990368,3.7132510101491364e-05,1920.0,5760.0,0.0,0.03125,0.03125,0.00047419662694907867,0.0
120720.0,33.53333333333333,0.19311171385211282,0.0,0.19311171385211282,0.05772362513595404,0.15513677159799052,2.3948632284011575,-8.517631044924201e-13,0.15513677159799052,3.709308191302392e-05,1920.0,5760.0,0.0,0.03125,0.03125,0.0004730182905740154,0.0
120780.0,33.55,0.19305887157176235,0.0,0.19305887157176235,0.057715432075132564,0.15509971787655444,2.3949002821225935,-8.517631044924201e-13,0.15509971787655444,3.70537214358822e-05,1920.0,5760.0,0.0,0.03125,0.03125,0.00047183357171231416,0.0
120840.0,33.56666666666667,0.19300608763212143,0.0,0.19300608763212143,0.05770725307134768,0.15506270344804268,2.394937296551105,-8.522071937022702e-13,0.15506270344804268,3.7014428511566564e-05,1920.0,5760.0,0.0,0.03125,0.03125,0.0004706456673444235,0.0
120900.0,33.583333333333336,0.19295336193038887,0.0,0.19295336193038887,0.05769908809172523,0.1550257282450605,2.394974271754087,-8.522071937022702e-13,0.1550257282450605,3.697520298204982e-05,1920.0,5760.0,0.0,0.03125,0.03125,0.00046949167232570313,0.0
120960.0,33.6,0.1929006943640089,0.0,0.1929006943640089,0.057690937103487515,0.1549887922003708,2.395011207798777,-8.517631044924201e-13,0.1549887922003708,3.6936044689765885e-05,1920.0,5760.0,0.0,0.03125,0.03125,0.00046830307287311774,0.0
121020.0,33.61666666666667,0.19284808483066973,0.0,0.19284808483066973,0.057682800073953676,0.15495189524689287,2.3950481047522545,-8.526512829121202e-13,0.15495189524689287,3.689695347761579e-05,1920.0,5760.0,0.0,0.03125,0.03125,0.0004671347055028725,0.0
121080.0,33.63333333333333,0.19279553322830267,0.0,0.19279553322830267,0.05767467697053853,0.15491503731770398,2.3950849626814437,-8.522071937022702e-13,0.15491503731770398,3.685792918896098e-05,1920.0,5760.0,0.0,0.03125,0.03125,0.0004659676070442751,0.0
121140.0,33.65,0.19274303945508175,0.0,0.19274303945508175,0.057666567760753226,0.15487821834603596,2.395121781653111,-8.526512829121202e-13,0.15487821834603596,3.6818971667623395e-05,1920.0,5760.0,0.0,0.03125,0.03125,0.0004648050881072156,0.0
121200.0,33.666666666666664,0.19269060340942318,0.0,0.19269060340942318,0.057658472412203794,0.15484143826527794,2.395158561733869,-8.526512829121202e-13,0.15484143826527794,3.678008075788533e-05,1920.0,5760.0,0.0,0.03125,0.03125,0.00046362780639152017,0.0
121260.0,33.68333333333333,0.1926382249899837,0.0,0.1926382249899837,0.05765039089259178,0.15480469700897348,2.3951953029901736,-8.526512829121202e-13,0.15480469700897348,3.6741256304484234e-05,1920.0,5760.0,0.0,0.03125,0.03125,0.0004624722077058504,0.0
121320.0,33.7,0.19258590409566106,0.0,0.19258590409566106,0.05764232316971316,0.1547679945108208,2.3952320054883263,-8.526512829121202e-13,0.1547679945108208,3.670249815261492e-05,1920.0,5760.0,0.0,0.03125,0.03125,0.00046132695728108976,0.0
121380.0,33.71666666666667,0.19253364062559253,0.0,0.19253364062559253,0.057634269211458485,0.15473133070467263,2.3952686692944742,-8.530953721219703e-13,0.15473133070467263,3.666380614792549e-05,1920.0,5760.0,0.0,0.03125,0.03125,0.0004601524897134334,0.0
121440.0,33.733333333333334,0.19248143447915442,0.0,0.19248143447915442,0.05762622898581232,0.15469470552453615,2.395305294474611,-8.526512829121202e-13,0.15469470552453615,3.662518013651722e-05,1920.0,5760.0,0.0,0.03125,0.03125,0.00045901788199811293,0.0
121500.0,33.75,0.19242928555596125,0.0,0.19242928555596125,0.057618202460853404,0.15465811890457098,2.3953418810945757,-8.530953721219703e-13,0.15465811890457098,3.6586619964940847e-05,1920.0,5760.0,0.0,0.03125,0.03125,0.00045786450618793363,0.0
121560.0,33.766666666666666,0.19237719375586548,0.0,0.19237719375586548,0.05761018960475331,0.15462157077909072,2.395378429220056,-8.530953721219703e-13,0.15462157077909072,3.654812548019783e-05,1920.0,5760.0,0.0,0.03125,0.03125,0.0004567243290440997,0.0
121620.0,33.78333333333333,0.19232515897895608,0.0,0.19232515897895608,0.05760219038577699,0.15458506108256087,2.3954149389165855,-8.535394613318203e-13,0.15458506108256087,3.650969652973613e-05,1920.0,5760.0,0.0,0.03125,0.03125,0.00045557727479765184,0.0
121680.0,33.8,0.19227318112555833,0.0,0.19227318112555833,0.05759420477228245,0.15454858974959906,2.3954514102495468,-8.539835505416704e-13,0.15454858974959906,3.6471332961451234e-05,1920.0,5760.0,0.0,0.03125,0.03125,0.00045444435839776126,0.0
121740.0,33.81666666666667,0.19222126009623342,0.0,0.19222126009623342,0.05758623273271956,0.15451215671497562,2.3954878432841706,-8.535394613318203e-13,0.15451215671497562,3.643303462368253e-05,1920.0,5760.0,0.0,0.03125,0.03125,0.00045328347650538784,0.0
121800.0,33.833333333333336,0.19216939579177683,0.0,0.19216939579177683,0.05757827423563077,0.1544757619136102,2.3955242380855357,-8.539835505416704e-13,0.1544757619136102,3.639480136521111e-05,1920.0,5760.0,0.0,0.03125,0.03125,0.0004521640819210618,0.0
121860.0,33.85,0.1921175881132183,0.0,0.1921175881132183,0.057570329249650394,0.15443940528057484,2.395560594718571,-8.539835505416704e-13,0.15443940528057484,3.63566330352625e-05,1920.0,5760.0,0.0,0.03125,0.03125,0.0004510235149495805,0.0
121920.0,33.86666666666667,0.19206583696182145,0.0,0.19206583696182145,0.057562397743503635,0.15440308675109124,2.3955969132480543,-8.544276397515205e-13,0.15440308675109124,3.631852948349832e-05,1920.0,5760.0,0.0,0.03125,0.03125,0.00044990304471787836,0.0
121980.0,33.88333333333333,0.1920141422390818,0.0,0.1920141422390818,0.05755447968600765,0.1543668062605311,2.395633193738614,-8.544276397515205e-13,0.1543668062605311,3.6280490560021266e-05,1920.0,5760.0,0.0,0.03125,0.03125,0.0004487614622837416,0.0
122040.0,33.9,0.19196250384672772,0.0,0.19196250384672772,0.05754657504606979,0.15433056374441587,2.3956694362547295,-8.544276397515205e-13,0.15433056374441587,3.624251611537123e-05,1920.0,5760.0,0.0,0.03125,0.03125,0.0004476354917735048,0.0
122100.0,33.916666666666664,0.19191092168671875,0.0,0.19191092168671875,0.057538683792688235,0.15429435913841513,2.3957056408607302,-8.544276397515205e-13,0.15429435913841513,3.6204606000519996e-05,1920.0,5760.0,0.0,0.03125,0.03125,0.0004465279742283937,0.0
122160.0,33.93333333333333,0.19185939566124502,0.0,0.19185939566124502,0.057530805894951666,0.1542581923783477,2.395741807620797,-8.553158181712206e-13,0.1542581923783477,3.616676006687727e-05,1920.0,5760.0,0.0,0.03125,0.03125,0.00044539980455302953,0.0
122220.0,33.95,0.19180792567272617,0.0,0.19180792567272617,0.05752294132203732,0.15422206340018152,2.395777936598963,-8.553158181712206e-13,0.15422206340018152,3.612897816628232e-05,1920.0,5760.0,0.0,0.03125,0.03125,0.00044426468354523874,0.0
122280.0,33.96666666666667,0.19175651162381238,0.0,0.19175651162381238,0.05751509004321392,0.15418597214003057,2.3958140278591142,-8.548717289613705e-13,0.15418597214003057,3.6091260151004584e-05,1920.0,5760.0,0.0,0.03125,0.03125,0.0004431499625885505,0.0
122340.0,33.983333333333334,0.19170515341738154,0.0,0.19170515341738154,0.05750725202783847,0.1541499185341566,2.395850081464988,-8.553158181712206e-13,0.1541499185341566,3.60536058737467e-05,1920.0,5760.0,0.0,0.03125,0.03125,0.000442059580545407,0.0
122400.0,34.0,0.19165385095654003,0.0,0.19165385095654003,0.057499427245356546,0.1541139025189688,2.3958860974801754,-8.557599073810707e-13,0.1541139025189688,3.6016015187633746e-05,1920.0,5760.0,0.0,0.03125,0.03125,0.0004409516452744286,0.0
122460.0,34.016666666666666,0.19160260414462135,0.0,0.19160260414462135,0.057491615665303086,0.15407792403102247,2.3959220759681217,-8.557599073810707e-13,0.15407792403102247,3.5978487946220416e-05,1920.0,5760.0,0.0,0.03125,0.03125,0.00043983972112990587,0.0
122520.0,34.03333333333333,0.19155141288518573,0.0,0.19155141288518573,0.05748381725730128,0.15404198300701905,2.3959580169921253,-8.553158181712206e-13,0.15404198300701905,3.5941024003486224e-05,1920.0,5760.0,0.0,0.03125,0.03125,0.00043871639978686504,0.0
122580.0,34.05,0.19150027708201797,0.0,0.19150027708201797,0.05747603199106158,0.1540060793838048,2.3959939206153393,-8.557599073810707e-13,0.1540060793838048,3.590362321383102e-05,1920.0,5760.0,0.0,0.03125,0.03125,0.00043763006110872544,0.0
122640.0,34.06666666666667,0.1914491966391307,0.0,0.1914491966391307,0.05746825983638332,0.15397021309837292,2.3960297869007716,-8.553158181712206e-13,0.15397021309837292,3.5866285432080266e-05,1920.0,5760.0,0.0,0.03125,0.03125,0.00043651794792652355,0.0
122700.0,34.083333333333336,0.1913981714607605,0.0,0.1913981714607605,0.05746050076315198,0.15393438408785926,2.396065615911285,-8.553158181712206e-13,0.15393438408785926,3.582901051347778e-05,1920.0,5760.0,0.0,0.03125,0.03125,0.00043543067533428014,0.0
122760.0,34.1,0.1913472014513674,0.0,0.1913472014513674,0.05745275474134137,0.15389859228954547,2.396101407709599,-8.557599073810707e-13,0.15389859228954547,3.579179831368424e-05,1920.0,5760.0,0.0,0.03125,0.03125,0.00043433286395454544,0.0
122820.0,34.11666666666667,0.19129628651563485,0.0,0.19129628651563485,0.0574450217410114,0.15386283764085662,2.3961371623582877,-8.553158181712206e-13,0.15386283764085662,3.575464868878255e-05,1920.0,5760.0,0.0,0.03125,0.03125,0.00043322749909011256,0.0
122880.0,34.13333333333333,0.19124542655846888,0.0,0.19124542655846888,0.05743730173230836,0.1538271200793611,2.396172879919783,-8.557599073810707e-13,0.1538271200793611,3.571756149526689e-05,1920.0,5760.0,0.0,0.03125,0.03125,0.00043215267981513815,0.0
122940.0,34.15,0.19119462148499822,0.0,0.19119462148499822,0.05742959468546542,0.1537914395427712,2.396208560456373,-8.557599073810707e-13,0.1537914395427712,3.5680536590048366e-05,1920.0,5760.0,0.0,0.03125,0.03125,0.0004310649576630176,0.0
123000.0,34.166666666666664,0.19114387120057236,0.0,0.19114387120057236,0.05742190057080086,0.1537557959689404,2.396244204030203,-8.562039965909207e-13,0.1537557959689404,3.564357383045105e-05,1920.0,5760.0,0.0,0.03125,0.03125,0.00042998542966343696,0.0
123060.0,34.18333333333333,0.19109317561076192,0.0,0.19109317561076192,0.057414219358719105,0.153720189295866,2.3962798107032772,-8.566480858007708e-13,0.153720189295866,3.5606673074209646e-05,1920.0,5760.0,0.0,0.03125,0.03125,0.00042888702782183406,0.0
123120.0,34.2,0.19104253462135784,0.0,0.19104253462135784,0.05740655101970994,0.15368461946168646,2.3963153805374566,-8.566480858007708e-13,0.15368461946168646,3.5569834179469875e-05,1920.0,5760.0,0.0,0.03125,0.03125,0.00042781219335763716,0.0
123180.0,34.21666666666667,0.19099194813837006,0.0,0.19099194813837006,0.05739889552434768,0.1536490864046819,2.3963509135944614,-8.566480858007708e-13,0.1536490864046819,3.5533057004785624e-05,1920.0,5760.0,0.0,0.03125,0.03125,0.00042675034665593854,0.0
123240.0,34.233333333333334,0.19094141606802775,0.0,0.19094141606802775,0.057391252843291385,0.1536135900632725,2.3963864099358707,-8.566480858007708e-13,0.1536135900632725,3.549634140911855e-05,1920.0,5760.0,0.0,0.03125,0.03125,0.00042567090689625553,0.0
123300.0,34.25,0.19089093831677864,0.0,0.19089093831677864,0.05738362294728524,0.1535781303760205,2.3964218696231225,-8.566480858007708e-13,0.1535781303760205,3.54596872518361e-05,1920.0,5760.0,0.0,0.03125,0.03125,0.00042459833558833234,0.0
123360.0,34.266666666666666,0.19084051479128528,0.0,0.19084051479128528,0.05737600580715697,0.1535427072816278,2.3964572927175154,-8.566480858007708e-13,0.1535427072816278,3.54230943927101e-05,1920.0,5760.0,0.0,0.03125,0.03125,0.00042352689474355607,0.0
123420.0,34.28333333333333,0.1907901453984307,0.0,0.1907901453984307,0.0573684013938182,0.1535073207189357,2.3964926792802075,-8.566480858007708e-13,0.1535073207189357,3.538656269191592e-05,1920.0,5760.0,0.0,0.03125,0.03125,0.0004224521094780393,0.0
123480.0,34.3,0.1907398300453135,0.0,0.1907398300453135,0.05736080967826412,0.15347197062692555,2.3965280293722175,-8.566480858007708e-13,0.15347197062692555,3.535009201003069e-05,1920.0,5760.0,0.0,0.03125,0.03125,0.00042138682429970607,0.0
123540.0,34.31666666666667,0.1906895686392472,0.0,0.1906895686392472,0.05735323063157336,0.15343665694471753,2.3965633430544258,-8.566480858007708e-13,0.15343665694471753,3.531368220803133e-05,1920.0,5760.0,0.0,0.03125,0.03125,0.0004203122907979121,0.0
123600.0,34.333333333333336,0.19063936108776036,0.0,0.19063936108776036,0.05734566422490745,0.15340137961157,2.396598620387573,-8.570921750106208e-13,0.15340137961157,3.527733314729405e-05,1920.0,5760.0,0.0,0.03125,0.03125,0.0004192514684935661,0.0
123660.0,34.35,0.19058920729859646,0.0,0.19058920729859646,0.057338110429510335,0.15336613856688047,2.3966338614322624,-8.570921750106208e-13,0.15336613856688047,3.524104468959278e-05,1920.0,5760.0,0.0,0.03125,0.03125,0.000418217531686013,0.0
123720.0,34.36666666666667,0.19053910717971198,0.0,0.19053910717971198,0.057330569216708815,0.15333093375018333,2.3966690662489594,-8.570921750106208e-13,0.15333093375018333,3.5204816697097134e-05,1920.0,5760.0,0.0,0.03125,0.03125,0.0004171531922364133,0.0
123780.0,34.38333333333333,0.1904890606392777,0.0,0.1904890606392777,0.05732304055791158,0.15329576510115056,2.396704234897992,-8.575362642204709e-13,0.15329576510115056,3.51686490323728e-05,1920.0,5760.0,0.0,0.03125,0.03125,0.0004160843894759214,0.0
123840.0,34.4,0.19043906758567622,0.0,0.19043906758567622,0.05731552442460878,0.1532606325595923,2.39673936743955,-8.575362642204709e-13,0.1532606325595923,3.513254155837719e-05,1920.0,5760.0,0.0,0.03125,0.03125,0.0004150471932445141,0.0
123900.0,34.416666666666664,0.19038912792750268,0.0,0.19038912792750268,0.05730802078837306,0.15322553606545372,2.3967744639336885,-8.575362642204709e-13,0.15322553606545372,3.50964941384609e-05,1920.0,5760.0,0.0,0.03125,0.03125,0.0004140032788965696,0.0
123960.0,34.43333333333333,0.1903392415735616,0.0,0.1903392415735616,0.057300529620857514,0.1531904755588172,2.3968095244403247,-8.57980353430321e-13,0.1531904755588172,3.5060506636366025e-05,1920.0,5760.0,0.0,0.03125,0.03125,0.00041296075843615945,0.0
124020.0,34.45,0.19028940843287048,0.0,0.19028940843287048,0.0572930508937962,0.15315545097990085,2.396844549019241,-8.57980353430321e-13,0.15315545097990085,3.5024578916221997e-05,1920.0,5760.0,0.0,0.03125,0.03125,0.0004119271299089114,0.0
124080.0,34.46666666666667,0.19023962841465689,0.0,0.19023962841465689,0.05728558457900482,0.15312046226905823,2.3968795377300833,-8.58424442640171e-13,0.15312046226905823,3.4988710842549216e-05,1920.0,5760.0,0.0,0.03125,0.03125,0.0004108846838346763,0.0
124140.0,34.483333333333334,0.19018990142835707,0.0,0.19018990142835707,0.05727813064837837,0.15308550936677773,2.3969144906323634,-8.588685318500211e-13,0.15308550936677773,3.49529022802527e-05,1920.0,5760.0,0.0,0.03125,0.03125,0.00040984400372021194,0.0
124200.0,34.5,0.1901402273836168,0.0,0.1901402273836168,0.05727068907389295,0.1530505922136834,2.396949407785458,-8.58424442640171e-13,0.1530505922136834,3.4917153094622806e-05,1920.0,5760.0,0.0,0.03125,0.03125,0.00040880170592427973,0.0
124260.0,34.516666666666666,0.19009060619028922,0.0,0.19009060619028922,0.05726325982760375,0.15301571075053166,2.3969842892486093,-8.588685318500211e-13,0.15301571075053166,3.4881463151335684e-05,1920.0,5760.0,0.0,0.03125,0.03125,0.0004077742305109496,0.0
124320.0,34.53333333333333,0.1900410377584358,0.0,0.1900410377584358,0.057255842881645896,0.15298086491821514,2.397019135080926,-8.588685318500211e-13,0.15298086491821514,3.484583231644841e-05,1920.0,5760.0,0.0,0.03125,0.03125,0.0004067437871460915,0.0
124380.0,34.55,0.1899915219983256,0.0,0.1899915219983256,0.05724843820823448,0.15294605465775857,2.397053945341382,-8.588685318500211e-13,0.15294605465775857,3.481026045640099e-05,1920.0,5760.0,0.0,0.03125,0.03125,0.00040571530539587543,0.0
124440.0,34.56666666666667,0.18994205882043355,0.0,0.18994205882043355,0.05724104577966237,0.15291127991032016,2.3970887200888202,-8.593126210598712e-13,0.15291127991032016,3.4774747438013435e-05,1920.0,5760.0,0.0,0.03125,0.03125,0.0004047019119621639,0.0
124500.0,34.583333333333336,0.1898926481354383,0.0,0.1898926481354383,0.05723366556830229,0.15287654061719194,2.3971234593819486,-8.593126210598712e-13,0.15287654061719194,3.473929312848304e-05,1920.0,5760.0,0.0,0.03125,0.03125,0.0004036614836111294,0.0
124560.0,34.6,0.1898432898542286,0.0,0.1898432898542286,0.057226297546605506,0.15284183671979637,2.397158163279344,-8.593126210598712e-13,0.15284183671979637,3.470389739538785e-05,1920.0,5760.0,0.0,0.03125,0.03125,0.0004026488291052469,0.0
124620.0,34.61666666666667,0.18979398388789526,0.0,0.18979398388789526,0.05721894168710045,0.1528071681596897,2.3971928318394506,-8.593126210598712e-13,0.1528071681596897,3.466856010667827e-05,1920.0,5760.0,0.0,0.03125,0.03125,0.0004016265609689672,0.0
124680.0,34.63333333333333,0.18974473014773313,0.0,0.18974473014773313,0.05721159796239482,0.15277253487855877,2.397227465120581,-8.597567102697212e-13,0.15277253487855877,3.463328113068329e-05,1920.0,5760.0,0.0,0.03125,0.03125,0.0004006012797532234,0.0
124740.0,34.65,0.189695528545241,0.0,0.189695528545241,0.05720426634517351,0.1527379368182227,2.3972620631809174,-8.597567102697212e-13,0.1527379368182227,3.459806033610376e-05,1920.0,5760.0,0.0,0.03125,0.03125,0.0003995973623671859,0.0
124800.0,34.666666666666664,0.18964637899212067,0.0,0.18964637899212067,0.05719694680819864,0.1527033739206306,2.3972966260785094,-8.597567102697212e-13,0.1527033739206306,3.4562897592011966e-05,1920.0,5760.0,0.0,0.03125,0.03125,0.00039859026831055394,0.0
124860.0,34.68333333333333,0.18959728140027723,0.0,0.18959728140027723,0.0571896393243099,0.1526688461278626,2.3973311538712774,-8.597567102697212e-13,0.1526688461278626,3.452779276785485e-05,1920.0,5760.0,0.0,0.03125,0.03125,0.00039758537909871216,0.0
124920.0,34.7,0.18954823568181328,0.0,0.18954823568181328,0.05718234386642394,0.15263435338212908,2.397365646617011,-8.597567102697212e-13,0.15263435338212908,3.4492745733446756e-05,1920.0,5760.0,0.0,0.03125,0.03125,0.00039657499537013523,0.0
124980.0,34.71666666666667,0.1894992417490387,0.0,0.1894992417490387,0.057175060407533604,0.15259989562576995,2.3974001043733697,-8.602007994795713e-13,0.15259989562576995,3.445775635896867e-05,1920.0,5760.0,0.0,0.03125,0.03125,0.00039555865879404407,0.0
125040.0,34.733333333333334,0.18945029951446102,0.0,0.18945029951446102,0.05716778892070857,0.15256547280125496,2.3974345271978845,-8.602007994795713e-13,0.15256547280125496,3.44228245149739e-05,1920.0,5760.0,0.0,0.03125,0.03125,0.00039458313268765963,0.0
125100.0,34.75,0.18940140889078838,0.0,0.18940140889078838,0.05716052937909464,0.15253108485118272,2.397468915147957,-8.602007994795713e-13,0.15253108485118272,3.438795007237891e-05,1920.0,5760.0,0.0,0.03125,0.03125,0.00039358231101853944,0.0
125160.0,34.766666666666666,0.18935256979092757,0.0,0.18935256979092757,0.057153281755913464,0.1524967317182799,2.3975032682808592,-8.606448886894214e-13,0.1524967317182799,3.4353132902464154e-05,1920.0,5760.0,0.0,0.03125,0.03125,0.00039257194062090043,0.0
125220.0,34.78333333333333,0.1893037821279859,0.0,0.1893037821279859,0.05714604602446232,0.15246241334540309,2.397537586653736,-8.606448886894214e-13,0.15246241334540309,3.4318372876877486e-05,1920.0,5760.0,0.0,0.03125,0.03125,0.00039157844541311184,0.0
125280.0,34.8,0.18925504581526834,0.0,0.18925504581526834,0.057138822158113695,0.15242812967553532,2.3975718703236035,-8.610889778992714e-13,0.15242812967553532,3.428366986762539e-05,1920.0,5760.0,0.0,0.03125,0.03125,0.0003905921318719414,0.0
125340.0,34.81666666666667,0.18920636076627412,0.0,0.18920636076627412,0.05713161013031532,0.1523938806517881,2.397606119347351,-8.610889778992714e-13,0.1523938806517881,3.424902374707662e-05,1920.0,5760.0,0.0,0.03125,0.03125,0.00038960676442104146,0.0
125400.0,34.833333333333336,0.18915772689470656,0.0,0.18915772689470656,0.05712440991459011,0.1523596662174,2.3976403337817387,-8.610889778992714e-13,0.1523596662174,3.421443438796142e-05,1920.0,5760.0,0.0,0.03125,0.03125,0.0003886010100775926,0.0
125460.0,34.85,0.18910914411446167,0.0,0.18910914411446167,0.057117221484535116,0.1523254863157366,2.397674513683402,-8.615330671091215e-13,0.1523254863157366,3.417990166336692e-05,1920.0,5760.0,0.0,0.03125,0.03125,0.0003876410131163885,0.0
125520.0,34.86666666666667,0.18906061233963112,0.0,0.18906061233963112,0.057110044813821786,0.15229134089028978,2.3977086591088486,-8.615330671091215e-13,0.15229134089028978,3.4145425446739076e-05,1920.0,5760.0,0.0,0.03125,0.03125,0.0003866604851329033,0.0
125580.0,34.88333333333333,0.18901213148450408,0.0,0.18901213148450408,0.057102879876196146,0.1522572298846778,2.3977427701144602,-8.619771563189715e-13,0.1522572298846778,3.41110056118789e-05,1920.0,5760.0,0.0,0.03125,0.03125,0.0003856661506586763,0.0
125640.0,34.9,0.18896370146356445,0.0,0.18896370146356445,0.057095726645477546,0.1522231532426447,2.3977768467564933,-8.619771563189715e-13,0.1522231532426447,3.407664203294323e-05,1920.0,5760.0,0.0,0.03125,0.03125,0.00038468657960074313,0.0
125700.0,34.916666666666664,0.18891532219148655,0.0,0.18891532219148655,0.05708858509555913,0.15218911090806017,2.397810889091078,-8.619771563189715e-13,0.15218911090806017,3.404233458444412e-05,1920.0,5760.0,0.0,0.03125,0.03125,0.00038372199904623594,0.0
125760.0,34.93333333333333,0.18886699358314485,0.0,0.18886699358314485,0.05708145520040766,0.15215510282491868,2.397844897174219,-8.619771563189715e-13,0.15215510282491868,3.4008083141243595e-05,1920.0,5760.0,0.0,0.03125,0.03125,0.0003827507171607957,0.0
125820.0,34.95,0.18881871555360413,0.0,0.18881871555360413,0.05707433693406242,0.15212112893734037,2.3978788710617978,-8.615330671091215e-13,0.15212112893734037,3.3973887578556417e-05,1920.0,5760.0,0.0,0.03125,0.03125,0.0003817637584098787,0.0
125880.0,34.96666666666667,0.18877048801812105,0.0,0.18877048801812105,0.05706723027063622,0.15208718918956837,2.3979128108095695,-8.619771563189715e-13,0.15208718918956837,3.393974777195002e-05,1920.0,5760.0,0.0,0.03125,0.03125,0.0003808117579368335,0.0
125940.0,34.983333333333334,0.18872231089214644,0.0,0.18872231089214644,0.057060135184313944,0.15205328352597064,2.3979467164731667,-8.624212455288216e-13,0.15205328352597064,3.390566359733589e-05,1920.0,5760.0,0.0,0.03125,0.03125,0.00037985334259785214,0.0
126000.0,35.0,0.18867418409132314,0.0,0.18867418409132314,0.05705305164935321,0.1520194118910395,2.3979805881080978,-8.624212455288216e-13,0.1520194118910395,3.387163493097822e-05,1920.0,5760.0,0.0,0.03125,0.03125,0.0003788721036932716,0.0
126060.0,35.016666666666666,0.18862610753147965,0.0,0.18862610753147965,0.05704597964008373,0.15198557422938988,2.3980144257697473,-8.624212455288216e-13,0.15198557422938988,3.383766164948739e-05,1920.0,5760.0,0.0,0.03125,0.03125,0.00037792229600238064,0.0
126120.0,35.03333333333333,0.18857808112864305,0.0,0.18857808112864305,0.05703891913090676,0.1519517704857601,2.398048229513377,-8.628653347386717e-13,0.1519517704857601,3.380374362981527e-05,1920.0,5760.0,0.0,0.03125,0.03125,0.00037696110840886087,0.0
126180.0,35.05,0.1885301047990265,0.0,0.1885301047990265,0.05703187009629563,0.15191800060501062,2.398081999394126,-8.633094239485217e-13,0.15191800060501062,3.37698807492637e-05,1920.0,5760.0,0.0,0.03125,0.03125,0.0003760156290000781,0.0
126240.0,35.06666666666667,0.1884821784590327,0.0,0.1884821784590327,0.05702483251079494,0.15188426453212542,2.3981157354670115,-8.628653347386717e-13,0.15188426453212542,3.373607288547489e-05,1920.0,5760.0,0.0,0.03125,0.03125,0.0003750600073042264,0.0
126300.0,35.083333333333336,0.1884343020252546,0.0,0.1884343020252546,0.05701780634901978,0.15185056221220866,2.398149437786928,-8.628653347386717e-13,0.15185056221220866,3.3702319916431986e-05,1920.0,5760.0,0.0,0.03125,0.03125,0.0003741015591483413,0.0
126360.0,35.1,0.18838647541447054,0.0,0.18838647541447054,0.05701079158565794,0.15181689359048822,2.3981831064086485,-8.633094239485217e-13,0.15181689359048822,3.366862172046254e-05,1920.0,5760.0,0.0,0.03125,0.03125,0.0003731566470953865,0.0
126420.0,35.11666666666667,0.1883386985436502,0.0,0.1883386985436502,0.05700378819546603,0.1517832586123121,2.398216741386825,-8.628653347386717e-13,0.1517832586123121,3.3634978176232386e-05,1920.0,5760.0,0.0,0.03125,0.03125,0.0003722019298641648,0.0
126480.0,35.13333333333333,0.18829097132995007,0.0,0.18829097132995007,0.05699679615327147,0.151749657223149,2.3982503427759876,-8.633094239485217e-13,0.151749657223149,3.360138916274509e-05,1920.0,5760.0,0.0,0.03125,0.03125,0.00037126695494770677,0.0
126540.0,35.15,0.1882432936907122,0.0,0.1882432936907122,0.05698981543397302,0.15171608936858932,2.398283910630547,-8.633094239485217e-13,0.15171608936858932,3.3567854559341705e-05,1920.0,5760.0,0.0,0.03125,0.03125,0.0003703338918559751,0.0
126600.0,35.166666666666664,0.18819566554346678,0.0,0.18819566554346678,0.05698284601253811,0.15168255499434377,2.398317445004793,-8.628653347386717e-13,0.15168255499434377,3.353437424570298e-05,1920.0,5760.0,0.0,0.03125,0.03125,0.00036937329784312206,0.0
126660.0,35.18333333333333,0.18814808680592746,0.0,0.18814808680592746,0.05697588786400452,0.15164905404624177,2.398350945952895,-8.633094239485217e-13,0.15164905404624177,3.3500948101841225e-05,1920.0,5760.0,0.0,0.03125,0.03125,0.00036843978600649424,0.0
126720.0,35.2,0.18810055739599416,0.0,0.18810055739599416,0.05696894096347936,0.1516155864702336,2.398384413528903,-8.628653347386717e-13,0.1516155864702336,3.3467576008102675e-05,1920.0,5760.0,0.0,0.03125,0.03125,0.0003675039321910511,0.0
126780.0,35.21666666666667,0.18805307723175363,0.0,0.18805307723175363,0.056962005286139344,0.1515821522123884,2.398417847786748,-8.633094239485217e-13,0.1515821522123884,3.3434257845171354e-05,1920.0,5760.0,0.0,0.03125,0.03125,0.0003665654367389004,0.0
126840.0,35.233333333333334,0.18800564623147364,0.0,0.18800564623147364,0.05695508080722989,0.15154875121889425,2.3984512487802423,-8.633094239485217e-13,0.15154875121889425,3.3400993494058626e-05,1920.0,5760.0,0.0,0.03125,0.03125,0.00036564786039498977,0.0
126900.0,35.25,0.18795826431360868,0.0,0.18795826431360868,0.05694816750206506,0.15151538343605808,2.398484616563078,-8.633094239485217e-13,0.15151538343605808,3.336778283610796e-05,1920.0,5760.0,0.0,0.03125,0.03125,0.00036471258755782195,0.0
126960.0,35.266666666666666,0.18791093139679393,0.0,0.18791093139679393,0.05694126534602829,0.15148204881030475,2.3985179511888313,-8.637535131583718e-13,0.15148204881030475,3.3334625752993675e-05,1920.0,5760.0,0.0,0.03125,0.03125,0.0003637865731656393,0.0
127020.0,35.28333333333333,0.1878636473998474,0.0,0.1878636473998474,0.05693437431457021,0.1514487472881782,2.398551252710958,-8.637535131583718e-13,0.1514487472881782,3.3301522126717735e-05,1920.0,5760.0,0.0,0.03125,0.03125,0.00036286624698168336,0.0
127080.0,35.3,0.1878164122417721,0.0,0.1878164122417721,0.05692749438321043,0.1514154788163383,2.3985845211827974,-8.641976023682219e-13,0.1514154788163383,3.326847183960901e-05,1920.0,5760.0,0.0,0.03125,0.03125,0.0003619378129969478,0.0
127140.0,35.31666666666667,0.18776922584175007,0.0,0.18776922584175007,0.05692062552753651,0.15138224334156433,2.398617756657572,-8.637535131583718e-13,0.15138224334156433,3.323547477432372e-05,1920.0,5760.0,0.0,0.03125,0.03125,0.00036101577786169765,0.0
127200.0,35.333333333333336,0.18772208811914637,0.0,0.18772208811914637,0.05691376772320303,0.15134904081075018,2.3986509591883856,-8.641976023682219e-13,0.15134904081075018,3.320253081384518e-05,1920.0,5760.0,0.0,0.03125,0.03125,0.0003601242184489898,0.0
127260.0,35.35,0.18767499899350287,0.0,0.18767499899350287,0.05690692094593233,0.15131587117090856,2.398684128828227,-8.641976023682219e-13,0.15131587117090856,3.3169639841476406e-05,1920.0,5760.0,0.0,0.03125,0.03125,0.0003592095208293167,0.0
127320.0,35.36666666666667,0.18762795838454654,0.0,0.18762795838454654,0.05690008517151418,0.15128273436916773,2.398717265629968,-8.641976023682219e-13,0.15128273436916773,3.3136801740847285e-05,1920.0,5760.0,0.0,0.03125,0.03125,0.0003582871507444564,0.0
127380.0,35.38333333333333,0.18758096621218173,0.0,0.18758096621218173,0.05689326037580543,0.15124963035277167,2.398750369646364,-8.641976023682219e-13,0.15124963035277167,3.310401639591068e-05,1920.0,5760.0,0.0,0.03125,0.03125,0.00035737451161504193,0.0
127440.0,35.4,0.18753402239649208,0.0,0.18753402239649208,0.05688644653472878,0.15121655906908066,2.398783440930055,-8.641976023682219e-13,0.15121655906908066,3.307128369093556e-05,1920.0,5760.0,0.0,0.03125,0.03125,0.0003564666455653167,0.0
127500.0,35.416666666666664,0.18748712685774038,0.0,0.18748712685774038,0.056879643624274535,0.15118352046557007,2.3988164795335654,-8.641976023682219e-13,0.15118352046557007,3.3038603510515676e-05,1920.0,5760.0,0.0,0.03125,0.03125,0.0003555559244662709,0.0
127560.0,35.43333333333333,0.18744027951636372,0.0,0.18744027951636372,0.05687285162049902,0.15115051448983047,2.398849485509305,-8.641976023682219e-13,0.15115051448983047,3.30059757395621e-05,1920.0,5760.0,0.0,0.03125,0.03125,0.0003546413353559985,0.0
127620.0,35.45,0.18739348029298397,0.0,0.18739348029298397,0.056866070499524274,0.15111754108956707,2.398882458909568,-8.646416915780719e-13,0.15111754108956707,3.297340026330317e-05,1920.0,5760.0,0.0,0.03125,0.03125,0.00035376461459795045,0.0
127680.0,35.46666666666667,0.18734672910839473,0.0,0.18734672910839473,0.05685930023753883,0.15108460021259967,2.3989153997865356,-8.646416915780719e-13,0.15108460021259967,3.2940876967283426e-05,1920.0,5760.0,0.0,0.03125,0.03125,0.0003528598802639339,0.0
127740.0,35.483333333333334,0.18730002588356914,0.0,0.18730002588356914,0.056852540810796555,0.1510516918068621,2.398948308192273,-8.646416915780719e-13,0.1510516918068621,3.290840573736663e-05,1920.0,5760.0,0.0,0.03125,0.03125,0.00035195543420083917,0.0
127800.0,35.5,0.18725337053965263,0.0,0.18725337053965263,0.056845792195616716,0.1510188158204023,2.3989811841787327,-8.646416915780719e-13,0.1510188158204023,3.287598645972732e-05,1920.0,5760.0,0.0,0.03125,0.03125,0.0003510548012873722,0.0
127860.0,35.516666666666666,0.18720676299797068,0.0,0.18720676299797068,0.056839054368383775,0.15098597220138132,2.3990140277977536,-8.65085780787922e-13,0.15098597220138132,3.2843619020854226e-05,1920.0,5760.0,0.0,0.03125,0.03125,0.0003501694239063045,0.0
127920.0,35.53333333333333,0.18716020318002236,0.0,0.18716020318002236,0.05683232730554771,0.15095316089807378,2.3990468391010613,-8.646416915780719e-13,0.15095316089807378,3.2811303307551426e-05,1920.0,5760.0,0.0,0.03125,0.03125,0.0003492754955633174,0.0
127980.0,35.55,0.18711369100748088,0.0,0.18711369100748088,0.05682561098362252,0.15092038185886678,2.3990796181402683,-8.646416915780719e-13,0.15092038185886678,3.2779039206931774e-05,1920.0,5760.0,0.0,0.03125,0.03125,0.0003483992226823575,0.0
128040.0,35.56666666666667,0.18706722640219406,0.0,0.18706722640219406,0.05681890537918719,0.15088763503226024,2.3991123649668746,-8.65085780787922e-13,0.15088763503226024,3.274682660641869e-05,1920.0,5760.0,0.0,0.03125,0.03125,0.00034750134653105494,0.0
128100.0,35.583333333333336,0.18702080928618237,0.0,0.18702080928618237,0.056812210468885335,0.1508549203668665,2.399145079632268,-8.65085780787922e-13,0.1508549203668665,3.2714665393747106e-05,1920.0,5760.0,0.0,0.03125,0.03125,0.0003466177167672016,0.0
128160.0,35.6,0.18697443958164206,0.0,0.18697443958164206,0.05680552622942463,0.15082223781140938,2.3991777621877253,-8.65085780787922e-13,0.15082223781140938,3.268255545695971e-05,1920.0,5760.0,0.0,0.03125,0.03125,0.0003457366918312806,0.0
128220.0,35.61666666666667,0.1869281172109404,0.0,0.1869281172109404,0.05679885263757611,0.15078958731472492,2.39921041268441,-8.65085780787922e-13,0.15078958731472492,3.265049668440522e-05,1920.0,5760.0,0.0,0.03125,0.03125,0.0003448447338504614,0.0
128280.0,35.63333333333333,0.18688184209661707,0.0,0.18688184209661707,0.05679218967017525,0.15075696882576,2.3992430311733743,-8.65529869997772e-13,0.15075696882576,3.2618488964740806e-05,1920.0,5760.0,0.0,0.03125,0.03125,0.00034398418171846377,0.0
128340.0,35.65,0.18683561416138178,0.0,0.18683561416138178,0.05678553730412093,0.1507243822935731,2.399275617705561,-8.65529869997772e-13,0.1507243822935731,3.258653218692781e-05,1920.0,5760.0,0.0,0.03125,0.03125,0.0003430944726255386,0.0
128400.0,35.666666666666664,0.1867894333281196,0.0,0.1867894333281196,0.05677889551637475,0.15069182766733275,2.3993081723318013,-8.659739592076221e-13,0.15069182766733275,3.2554626240232414e-05,1920.0,5760.0,0.0,0.03125,0.03125,0.00034222783607756115,0.0
128460.0,35.68333333333333,0.18674329951988397,0.0,0.18674329951988397,0.05677226428396247,0.15065930489631835,2.3993406951028153,-8.659739592076221e-13,0.15065930489631835,3.252277101422366e-05,1920.0,5760.0,0.0,0.03125,0.03125,0.00034136320168252996,0.0
128520.0,35.7,0.18669721265989936,0.0,0.18669721265989936,0.05676564358397169,0.15062681392991947,2.399373186069214,-8.664180484174722e-13,0.15062681392991947,3.249096639877375e-05,1920.0,5760.0,0.0,0.03125,0.03125,0.0003404840999884257,0.0
128580.0,35.71666666666667,0.18665117267155734,0.0,0.18665117267155734,0.05675903339355353,0.15059435471763533,2.3994056452814982,-8.664180484174722e-13,0.15059435471763533,3.2459212284056824e-05,1920.0,5760.0,0.0,0.03125,0.03125,0.0003396298469039986,0.0
128640.0,35.733333333333334,0.1866051794784237,0.0,0.1866051794784237,0.05675243368992094,0.15056192720907477,2.399438072790059,-8.664180484174722e-13,0.15056192720907477,3.242750856054533e-05,1920.0,5760.0,0.0,0.03125,0.03125,0.00033876117690827154,0.0
128700.0,35.75,0.18655923300423077,0.0,0.18655923300423077,0.056745844450349595,0.15052953135395575,2.3994704686451778,-8.664180484174722e-13,0.15052953135395575,3.2395855119013966e-05,1920.0,5760.0,0.0,0.03125,0.03125,0.000337900124567914,0.0
128760.0,35.766666666666666,0.186513333172879,0.0,0.186513333172879,0.05673926565217713,0.15049716710210514,2.3995028328970283,-8.664180484174722e-13,0.15049716710210514,3.2364251850532336e-05,1920.0,5760.0,0.0,0.03125,0.03125,0.0003370360740062501,0.0
128820.0,35.78333333333333,0.18646747990843565,0.0,0.18646747990843565,0.056732697272803216,0.1504648344034586,2.3995351655956747,-8.664180484174722e-13,0.1504648344034586,3.233269864647266e-05,1920.0,5760.0,0.0,0.03125,0.03125,0.000336180764223751,0.0
128880.0,35.8,0.1864216731351394,0.0,0.1864216731351394,0.05672613928968867,0.15043253320805985,2.399567466791073,-8.668621376273222e-13,0.15043253320805985,3.2301195398498625e-05,1920.0,5760.0,0.0,0.03125,0.03125,0.00033533250716362217,0.0
128940.0,35.81666666666667,0.18637591277739393,0.0,0.18637591277739393,0.05671959168035593,0.15040026346606145,2.3995997365330717,-8.668621376273222e-13,0.15040026346606145,3.2269741998571064e-05,1920.0,5760.0,0.0,0.03125,0.03125,0.0003344732884225648,0.0
129000.0,35.833333333333336,0.18633019875976775,0.0,0.18633019875976775,0.056713054422389705,0.1503680251277223,2.3996319748714106,-8.668621376273222e-13,0.1503680251277223,3.223833833894731e-05,1920.0,5760.0,0.0,0.03125,0.03125,0.0003336328002754256,0.0
129060.0,35.85,0.18628453100699754,0.0,0.18628453100699754,0.05670652749343436,0.15033581814340993,2.399664181855723,-8.668621376273222e-13,0.15033581814340993,3.220698431217645e-05,1920.0,5760.0,0.0,0.03125,0.03125,0.00033276799919237747,0.0
129120.0,35.86666666666667,0.1862389094439864,0.0,0.1862389094439864,0.05670001087119559,0.1503036424635989,2.399696357535534,-8.668621376273222e-13,0.1503036424635989,3.217567981110008e-05,1920.0,5760.0,0.0,0.03125,0.03125,0.0003319278199900118,0.0
129180.0,35.88333333333333,0.18619333399580265,0.0,0.18619333399580265,0.056693504533440346,0.15027149803886994,2.3997285019602628,-8.673062268371723e-13,0.15027149803886994,3.214442472885074e-05,1920.0,5760.0,0.0,0.03125,0.03125,0.0003310510231862055,0.0
129240.0,35.9,0.18614780458767427,0.0,0.18614780458767427,0.05668700845799554,0.15023938481991098,2.3997606151792215,-8.673062268371723e-13,0.15023938481991098,3.211321895885556e-05,1920.0,5760.0,0.0,0.03125,0.03125,0.0003302205237866279,0.0
129300.0,35.916666666666664,0.1861023211450015,0.0,0.1861023211450015,0.05668052262274793,0.15020730275751598,2.399792697241616,-8.677503160470224e-13,0.15020730275751598,3.2082062394827635e-05,1920.0,5760.0,0.0,0.03125,0.03125,0.00032939453743974565,0.0
129360.0,35.93333333333333,0.18605688359334355,0.0,0.18605688359334355,0.05667404700564503,0.1501752518025852,2.399824748196547,-8.673062268371723e-13,0.1501752518025852,3.205095493076772e-05,1920.0,5760.0,0.0,0.03125,0.03125,0.00032855516708866134,0.0
129420.0,35.95,0.1860114918584258,0.0,0.1860114918584258,0.056667581584694156,0.1501432319061241,2.399856768093008,-8.677503160470224e-13,0.1501432319061241,3.201989646096919e-05,1920.0,5760.0,0.0,0.03125,0.03125,0.0003277306540644459,0.0
129480.0,35.96666666666667,0.18596614586613136,0.0,0.18596614586613136,0.056661126337962386,0.150111243019244,2.399888756979888,-8.677503160470224e-13,0.150111243019244,3.198888688000998e-05,1920.0,5760.0,0.0,0.03125,0.03125,0.0003268856426870682,0.0
129540.0,35.983333333333334,0.18592084554251265,0.0,0.18592084554251265,0.05665468124357518,0.1500792850931612,2.3999207149059707,-8.677503160470224e-13,0.1500792850931612,3.1957926082752434e-05,1920.0,5760.0,0.0,0.03125,0.03125,0.0003260520900288747,0.0
129600.0,36.0,0.18587559081378133,0.0,0.18587559081378133,0.05664824627971915,0.15004735807919667,2.399952641919935,-8.681944052568724e-13,0.15004735807919667,3.192701396434534e-05,1920.0,5760.0,0.0,0.03125,0.03125,0.0003252200650482491,0.0
129660.0,36.016666666666666,0.1858303816063091,0.0,0.1858303816063091,0.056641821424638285,0.15001546192877646,2.3999845380703553,-8.681944052568724e-13,0.15001546192877646,3.189615042022317e-05,1920.0,5760.0,0.0,0.03125,0.03125,0.00032439518516797373,0.0
129720.0,36.03333333333333,0.18578521784663046,0.0,0.18578521784663046,0.0566354066566368,0.14998359659343025,2.400016403405701,-8.681944052568724e-13,0.14998359659343025,3.186533534610226e-05,1920.0,5760.0,0.0,0.03125,0.03125,0.0003235556547280723,0.0
129780.0,36.05,0.1857400994614415,0.0,0.1857400994614415,0.05662900195407648,0.14995176202479224,2.4000482379743393,-8.681944052568724e-13,0.14995176202479224,3.183456863797859e-05,1920.0,5760.0,0.0,0.03125,0.03125,0.00032274238488102104,0.0
129840.0,36.06666666666667,0.18569502637759885,0.0,0.18569502637759885,0.056622607295378574,0.14991995817459997,2.4000800418245314,-8.686384944667225e-13,0.14991995817459997,3.180385019213376e-05,1920.0,5760.0,0.0,0.03125,0.03125,0.00032192265648900165,0.0
129900.0,36.083333333333336,0.1856499985221126,0.0,0.1856499985221126,0.05661622265902233,0.14988818499469486,2.4001118150044367,-8.681944052568724e-13,0.14988818499469486,3.177317990512793e-05,1920.0,5760.0,0.0,0.03125,0.03125,0.00032109922091431574,0.0
129960.0,36.1,0.18560501582216293,0.0,0.18560501582216293,0.056609848023544816,0.14985644243702104,2.4001435575621106,-8.681944052568724e-13,0.14985644243702104,3.174255767380157e-05,1920.0,5760.0,0.0,0.03125,0.03125,0.00032026776483444014,0.0
130020.0,36.11666666666667,0.1855600782050826,0.0,0.1855600782050826,0.05660348336754123,0.14982473045362574,2.400175269545506,-8.681944052568724e-13,0.14982473045362574,3.1711983395271276e-05,1920.0,5760.0,0.0,0.03125,0.03125,0.0003194732928175371,0.0
130080.0,36.13333333333333,0.1855151855983625,0.0,0.1855151855983625,0.05659712866966482,0.14979304899665852,2.4002069510024726,-8.686384944667225e-13,0.14979304899665852,3.168145696693481e-05,1920.0,5760.0,0.0,0.03125,0.03125,0.0003186576876115304,0.0
130140.0,36.15,0.18547033792965395,0.0,0.18547033792965395,0.056590783908626534,0.14976139801837204,2.400238601980759,-8.690825836765725e-13,0.14976139801837204,3.165097828646463e-05,1920.0,5760.0,0.0,0.03125,0.03125,0.00031784070092609327,0.0
130200.0,36.166666666666664,0.18542553512676543,0.0,0.18542553512676543,0.056584449063193966,0.14972977747112004,2.4002702225280106,-8.690825836765725e-13,0.14972977747112004,3.162054725181043e-05,1920.0,5760.0,0.0,0.03125,0.03125,0.00031702984160482,0.0
130260.0,36.18333333333333,0.18538077711766346,0.0,0.18538077711766346,0.05657812411219196,0.14969818730735887,2.400301812691772,-8.690825836765725e-13,0.14969818730735887,3.1590163761193246e-05,1920.0,5760.0,0.0,0.03125,0.03125,0.0003162228449528316,0.0
130320.0,36.2,0.18533606383046733,0.0,0.18533606383046733,0.05657180903450363,0.1496666274796455,2.400333372519485,-8.695266728864226e-13,0.1496666274796455,3.155982771311472e-05,1920.0,5760.0,0.0,0.03125,0.03125,0.0003154289655254769,0.0
130380.0,36.21666666666667,0.18529139519345883,0.0,0.18529139519345883,0.05656550380906775,0.14963509794063892,2.400364902058491,-8.695266728864226e-13,0.14963509794063892,3.152953900634456e-05,1920.0,5760.0,0.0,0.03125,0.03125,0.00031462446257949446,0.0
130440.0,36.233333333333334,0.18524677113507365,0.0,0.18524677113507365,0.0565592084148796,0.14960359864309913,2.4003964013560313,-8.695266728864226e-13,0.14960359864309913,3.149929753992686e-05,1920.0,5760.0,0.0,0.03125,0.03125,0.00031381418865659923,0.0
130500.0,36.25,0.18520219158389759,0.0,0.18520219158389759,0.05655292283099178,0.149572129539886,2.4004278704592443,-8.695266728864226e-13,0.149572129539886,3.14691032131741e-05,1920.0,5760.0,0.0,0.03125,0.03125,0.00031301861926841864,0.0
130560.0,36.266666666666666,0.1851576564686802,0.0,0.1851576564686802,0.056546647036512625,0.1495406905839602,2.40045930941517,-8.695266728864226e-13,0.1495406905839602,3.1438955925676153e-05,1920.0,5760.0,0.0,0.03125,0.03125,0.00031222003739925176,0.0
130620.0,36.28333333333333,0.18511316571832165,0.0,0.18511316571832165,0.05654038101060697,0.14950928172838282,2.4004907182707473,-8.695266728864226e-13,0.14950928172838282,3.140885557728645e-05,1920.0,5760.0,0.0,0.03125,0.03125,0.0003114107323444094,0.0
130680.0,36.3,0.18506871926187513,0.0,0.18506871926187513,0.0565341247324949,0.14947790292631472,2.4005220970728156,-8.695266728864226e-13,0.14947790292631472,3.137880206812959e-05,1920.0,5760.0,0.0,0.03125,0.03125,0.00031061904057516697,0.0
130740.0,36.31666666666667,0.18502431702854935,0.0,0.18502431702854935,0.056527878181452836,0.149446554131016,2.4005534458681144,-8.695266728864226e-13,0.149446554131016,3.134879529859583e-05,1920.0,5760.0,0.0,0.03125,0.03125,0.0003098373644008424,0.0
130800.0,36.333333333333336,0.18497995894770702,0.0,0.18497995894770702,0.056521641336812485,0.1494152352958466,2.4005847647032836,-8.695266728864226e-13,0.1494152352958466,3.131883516934799e-05,1920.0,5760.0,0.0,0.03125,0.03125,0.0003090427713109552,0.0
130860.0,36.35,0.18493564494886325,0.0,0.18493564494886325,0.05651541417796129,0.14938394637426533,2.400616053624865,-8.695266728864226e-13,0.14938394637426533,3.128892158130952e-05,1920.0,5760.0,0.0,0.03125,0.03125,0.0003082385092673256,0.0
130920.0,36.36666666666667,0.18489137496168417,0.0,0.18489137496168417,0.056509196684341234,0.14935268731982954,2.4006473126793004,-8.699707620962727e-13,0.14935268731982954,3.1259054435672644e-05,1920.0,5760.0,0.0,0.03125,0.03125,0.00030745973319333905,0.0
130980.0,36.38333333333333,0.18484714891599152,0.0,0.18484714891599152,0.05650298883544996,0.14932145808619546,2.400678541912934,-8.704148513061227e-13,0.14932145808619546,3.122923363389088e-05,1920.0,5760.0,0.0,0.03125,0.03125,0.00030668435562753344,0.0
131040.0,36.4,0.1848029667417572,0.0,0.1848029667417572,0.05649679061083961,0.14929025862711778,2.4007097413720118,-8.704148513061227e-13,0.14929025862711778,3.1199459077685924e-05,1920.0,5760.0,0.0,0.03125,0.03125,0.0003059014572779957,0.0
131100.0,36.416666666666664,0.1847588283691015,0.0,0.1847588283691015,0.05649060199011737,0.14925908889644887,2.4007409111026807,-8.704148513061227e-13,0.14925908889644887,3.1169730669038395e-05,1920.0,5760.0,0.0,0.03125,0.03125,0.0003051191674653883,0.0
131160.0,36.43333333333333,0.18471473372830133,0.0,0.18471473372830133,0.056484422952944265,0.14922794884813828,2.400772051150991,-8.704148513061227e-13,0.14922794884813828,3.114004831019423e-05,1920.0,5760.0,0.0,0.03125,0.03125,0.00030433369275201743,0.0
131220.0,36.45,0.18467068274978232,0.0,0.18467068274978232,0.056478253479036004,0.14919683843623452,2.4008031615628944,-8.708589405159728e-13,0.14919683843623452,3.111041190365513e-05,1920.0,5760.0,0.0,0.03125,0.03125,0.0003035723827002693,0.0
131280.0,36.46666666666667,0.18462667536411434,0.0,0.18462667536411434,0.056472093548162676,0.1491657576148825,2.4008342423842466,-8.708589405159728e-13,0.1491657576148825,3.108082135218989e-05,1920.0,5760.0,0.0,0.03125,0.03125,0.00030279129233917236,0.0
131340.0,36.483333333333334,0.18458271150202668,0.0,0.18458271150202668,0.05646594314014829,0.14913470633832338,2.4008652936608055,-8.708589405159728e-13,0.14913470633832338,3.1051276558822004e-05,1920.0,5760.0,0.0,0.03125,0.03125,0.00030202979476432243,0.0
131400.0,36.5,0.18453879109439417,0.0,0.18453879109439417,0.05645980223487001,0.14910368456089668,2.4008963154382323,-8.708589405159728e-13,0.14910368456089668,3.102177742683685e-05,1920.0,5760.0,0.0,0.03125,0.03125,0.00030125671094651245,0.0
131460.0,36.516666666666666,0.18449491407223362,0.0,0.18449491407223362,0.056453670812259146,0.1490726922370366,2.400927307762092,-8.713030297258229e-13,0.1490726922370366,3.099232385977258e-05,1920.0,5760.0,0.0,0.03125,0.03125,0.0003004820362051658,0.0
131520.0,36.53333333333333,0.18445108036672234,0.0,0.18445108036672234,0.05644754885230081,0.14904172932127516,2.4009582706778536,-8.708589405159728e-13,0.14904172932127516,3.096291576143055e-05,1920.0,5760.0,0.0,0.03125,0.03125,0.0002997083692522961,0.0
131580.0,36.55,0.1844072899091804,0.0,0.1844072899091804,0.05644143633503281,0.14901079576823936,2.4009892042308896,-8.708589405159728e-13,0.14901079576823936,3.093355303586465e-05,1920.0,5760.0,0.0,0.03125,0.03125,0.0002989720508083149,0.0
131640.0,36.56666666666667,0.18436354263106874,0.0,0.18436354263106874,0.05643533324054598,0.14897989153265168,2.401020108466477,-8.713030297258229e-13,0.14897989153265168,3.090423558738506e-05,1920.0,5760.0,0.0,0.03125,0.03125,0.0002982075529746711,0.0
131700.0,36.583333333333336,0.18431983846400837,0.0,0.18431983846400837,0.056429239548984565,0.14894901656933116,2.4010509834297977,-8.708589405159728e-13,0.14894901656933116,3.08749633205539e-05,1920.0,5760.0,0.0,0.03125,0.03125,0.0002974297523974025,0.0
131760.0,36.6,0.1842761773397613,0.0,0.1842761773397613,0.05642315524054565,0.148918170833191,2.4010818291659377,-8.713030297258229e-13,0.148918170833191,3.084573614019331e-05,1920.0,5760.0,0.0,0.03125,0.03125,0.0002966763705948662,0.0
131820.0,36.61666666666667,0.1842325591902293,0.0,0.1842325591902293,0.056417080295478275,0.1488873542792394,2.401112645719889,-8.713030297258229e-13,0.1488873542792394,3.081655395137182e-05,1920.0,5760.0,0.0,0.03125,0.03125,0.00029592990514831525,0.0
131880.0,36.63333333333333,0.18418898394747332,0.0,0.18418898394747332,0.056411014694084397,0.14885656686257992,2.4011434331365487,-8.713030297258229e-13,0.14885656686257992,3.078741665941356e-05,1920.0,5760.0,0.0,0.03125,0.03125,0.00029515560680776274,0.0
131940.0,36.65,0.1841454515436935,0.0,0.1841454515436935,0.05640495841671783,0.14882580853840996,2.4011741914607185,-8.713030297258229e-13,0.14882580853840996,3.075832416989096e-05,1920.0,5760.0,0.0,0.03125,0.03125,0.00029441426133308435,0.0
132000.0,36.666666666666664,0.18410196191122966,0.0,0.18410196191122966,0.056398911443785504,0.14879507926202135,2.4012049207371073,-8.713030297258229e-13,0.14879507926202135,3.072927638863148e-05,1920.0,5760.0,0.0,0.03125,0.03125,0.00029365745673788954,0.0
132060.0,36.68333333333333,0.18405851498257797,0.0,0.18405851498257797,0.05639287375574505,0.14876437898879954,2.401235621010329,-8.713030297258229e-13,0.14876437898879954,3.0700273221709025e-05,1920.0,5760.0,0.0,0.03125,0.03125,0.00029291676056565966,0.0
132120.0,36.7,0.18401511069037377,0.0,0.18401511069037377,0.056386845333106485,0.14873370767422397,2.4012662923249044,-8.713030297258229e-13,0.14873370767422397,3.067131457544693e-05,1920.0,5760.0,0.0,0.03125,0.03125,0.00029217363121884305,0.0
132180.0,36.71666666666667,0.18397174896739146,0.0,0.18397174896739146,0.05638082615643092,0.14870306527386773,2.4012969347252606,-8.713030297258229e-13,0.14870306527386773,3.064240035641561e-05,1920.0,5760.0,0.0,0.03125,0.03125,0.00029140756383582827,0.0
132240.0,36.733333333333334,0.18392842974655926,0.0,0.18392842974655926,0.05637481620633214,0.14867245174339594,2.401327548255732,-8.717471189356729e-13,0.14867245174339594,3.06135304714349e-05,1920.0,5760.0,0.0,0.03125,0.03125,0.00029067766519815105,0.0
132300.0,36.75,0.18388515296094368,0.0,0.18388515296094368,0.05636881546347379,0.1486418670385685,2.4013581329605596,-8.717471189356729e-13,0.1486418670385685,3.058470482757129e-05,1920.0,5760.0,0.0,0.03125,0.03125,0.0002899332549877482,0.0
132360.0,36.766666666666666,0.18384191854375073,0.0,0.18384191854375073,0.05636282390857148,0.14861131111523623,2.4013886888838916,-8.72191208145523e-13,0.14861131111523623,3.055592333213371e-05,1920.0,5760.0,0.0,0.03125,0.03125,0.00028920666821752566,0.0
132420.0,36.78333333333333,0.1837987264283364,0.0,0.1837987264283364,0.05635684152239105,0.14858078392934357,2.401419216069784,-8.72191208145523e-13,0.14858078392934357,3.052718589268027e-05,1920.0,5760.0,0.0,0.03125,0.03125,0.00028846423268688955,0.0
132480.0,36.8,0.18375557654819524,0.0,0.18375557654819524,0.056350868285750234,0.14855028543692633,2.401449714562201,-8.72635297355373e-13,0.14855028543692633,3.0498492417008707e-05,1920.0,5760.0,0.0,0.03125,0.03125,0.00028772808743667705,0.0
132540.0,36.81666666666667,0.18371246883696174,0.0,0.18371246883696174,0.05634490417951618,0.1485198155941131,2.401480184405014,-8.72635297355373e-13,0.1485198155941131,3.0469842813165283e-05,1920.0,5760.0,0.0,0.03125,0.03125,0.00028697984408149836,0.0
132600.0,36.833333333333336,0.18366940322841604,0.0,0.18366940322841604,0.05633894918460744,0.14848937435712364,2.4015106256420036,-8.72635297355373e-13,0.14848937435712364,3.0441236989433878e-05,1920.0,5760.0,0.0,0.03125,0.03125,0.000286258583646618,0.0
132660.0,36.85,0.1836263796564771,0.0,0.1836263796564771,0.05633300328199206,0.14845896168226946,2.401541038316858,-8.72191208145523e-13,0.14845896168226946,3.041267485434446e-05,1920.0,5760.0,0.0,0.03125,0.03125,0.0002855164319155212,0.0
132720.0,36.86666666666667,0.1835833980552043,0.0,0.1835833980552043,0.05632706645268887,0.1484285775259523,2.401571422473175,-8.72635297355373e-13,0.1484285775259523,3.0384156316663602e-05,1920.0,5760.0,0.0,0.03125,0.03125,0.0002847986992217799,0.0
132780.0,36.88333333333333,0.18354045835880003,0.0,0.18354045835880003,0.056321138677766704,0.14839822184466678,2.4016017781544603,-8.72635297355373e-13,0.14839822184466678,3.035568128540373e-05,1920.0,5760.0,0.0,0.03125,0.03125,0.0002840814948159013,0.0
132840.0,36.9,0.18349756050160249,0.0,0.18349756050160249,0.05631521993834357,0.14836789459499705,2.40163210540413,-8.72635297355373e-13,0.14836789459499705,3.032724966981151e-05,1920.0,5760.0,0.0,0.03125,0.03125,0.0002833379994133264,0.0
132900.0,36.916666666666664,0.18345470441809336,0.0,0.18345470441809336,0.05630931021558787,0.14833759573361766,2.4016624042655095,-8.72635297355373e-13,0.14833759573361766,3.0298861379376224e-05,1920.0,5760.0,0.0,0.03125,0.03125,0.0002826206275798984,0.0
132960.0,36.93333333333333,0.18341189004289418,0.0,0.18341189004289418,0.05630340949071674,0.14830732521729376,2.4016926747818332,-8.72635297355373e-13,0.14830732521729376,3.027051632382194e-05,1920.0,5760.0,0.0,0.03125,0.03125,0.00028191524893365915,0.0
133020.0,36.95,0.18336911731075722,0.0,0.18336911731075722,0.056297517744997624,0.14827708300288056,2.4017229169962464,-8.730793865652231e-13,0.14827708300288056,3.0242214413113396e-05,1920.0,5760.0,0.0,0.03125,0.03125,0.0002811949366277629,0.0
133080.0,36.96666666666667,0.18332638615658506,0.0,0.18332638615658506,0.05629163495974672,0.14824686904732312,2.401753130951804,-8.72635297355373e-13,0.14824686904732312,3.0213955557448933e-05,1920.0,5760.0,0.0,0.03125,0.03125,0.0002804640631015682,0.0
133140.0,36.983333333333334,0.18328369651541246,0.0,0.18328369651541246,0.05628576111632883,0.1482166833076559,2.4017833166914713,-8.72635297355373e-13,0.1482166833076559,3.0185739667265737e-05,1920.0,5760.0,0.0,0.03125,0.03125,0.00027974980603178405,0.0
133200.0,37.0,0.183241048322409,0.0,0.183241048322409,0.05627989619615821,0.14818652574100255,2.4018134742581245,-8.72635297355373e-13,0.14818652574100255,3.0157566653231888e-05,1920.0,5760.0,0.0,0.03125,0.03125,0.00027904593717309017,0.0
133260.0,37.016666666666666,0.18319844151288806,0.0,0.18319844151288806,0.05627404018069769,0.14815639630457625,2.4018436036945507,-8.72635297355373e-13,0.14815639630457625,3.0129436426253273e-05,1920.0,5760.0,0.0,0.03125,0.03125,0.0002783355767545541,0.0
133320.0,37.03333333333333,0.18315587602229622,0.0,0.18315587602229622,0.0562681930514588,0.1481262949556786,2.401873705043448,-8.730793865652231e-13,0.1481262949556786,3.0101348897467556e-05,1920.0,5760.0,0.0,0.03125,0.03125,0.0002776139867761842,0.0
133380.0,37.05,0.18311335178621696,0.0,0.18311335178621696,0.056262354790001155,0.14809622165170047,2.4019037783474264,-8.730793865652231e-13,0.14809622165170047,3.0073303978247435e-05,1920.0,5760.0,0.0,0.03125,0.03125,0.00027691928998102865,0.0
133440.0,37.06666666666667,0.18307086874037318,0.0,0.18307086874037318,0.056256525377933055,0.14806617635012012,2.4019338236490064,-8.730793865652231e-13,0.14806617635012012,3.0045301580194287e-05,1920.0,5760.0,0.0,0.03125,0.03125,0.0002762024245939418,0.0
133500.0,37.083333333333336,0.1830284268206171,0.0,0.1830284268206171,0.05625070479691036,0.14803615900850473,2.4019638409906214,-8.735234757750732e-13,0.14803615900850473,3.001734161514319e-05,1920.0,5760.0,0.0,0.03125,0.03125,0.0002754934455280974,0.0
133560.0,37.1,0.18298602596294422,0.0,0.18298602596294422,0.056244893028637534,0.14800616958450938,2.4019938304146167,-8.739675649849232e-13,0.14800616958450938,2.998942399515856e-05,1920.0,5760.0,0.0,0.03125,0.03125,0.00027479758322986454,0.0
133620.0,37.11666666666667,0.18294366610348262,0.0,0.18294366610348262,0.05623909005486681,0.14797620803587697,2.402023791963249,-8.739675649849232e-13,0.14797620803587697,2.9961548632537146e-05,1920.0,5760.0,0.0,0.03125,0.03125,0.0002740987970322659,0.0
133680.0,37.13333333333333,0.18290134717849024,0.0,0.18290134717849024,0.05623329585739743,0.14794627432043703,2.4020537256786887,-8.739675649849232e-13,0.14794627432043703,2.9933715439801524e-05,1920.0,5760.0,0.0,0.03125,0.03125,0.00027341148755592834,0.0
133740.0,37.15,0.18285906912436833,0.0,0.18285906912436833,0.05622751041807692,0.14791636839610717,2.4020836316030185,-8.739675649849232e-13,0.14791636839610717,2.9905924329705864e-05,1920.0,5760.0,0.0,0.03125,0.03125,0.00027270520730988756,0.0
133800.0,37.166666666666664,0.1828168318776459,0.0,0.1828168318776459,0.05622173371879946,0.14788649022089204,2.402113509778234,-8.739675649849232e-13,0.14788649022089204,2.987817521522768e-05,1920.0,5760.0,0.0,0.03125,0.03125,0.0002720093156817341,0.0
133860.0,37.18333333333333,0.18277463537498762,0.0,0.18277463537498762,0.05621596574150752,0.14785663975288232,2.402143360246243,-8.744116541947733e-13,0.14785663975288232,2.9850468009577734e-05,1920.0,5760.0,0.0,0.03125,0.03125,0.000271314002850161,0.0
133920.0,37.2,0.18273247955319422,0.0,0.18273247955319422,0.05621020646818916,0.1478268169502561,2.4021731830488693,-8.744116541947733e-13,0.1478268169502561,2.982280262618771e-05,1920.0,5760.0,0.0,0.03125,0.03125,0.000270639119536187,0.0
133980.0,37.21666666666667,0.1826903643491921,0.0,0.1826903643491921,0.05620445588088096,0.1477970217712771,2.402202978227848,-8.748557434046234e-13,0.1477970217712771,2.979517897871789e-05,1920.0,5760.0,0.0,0.03125,0.03125,0.00026994745969036437,0.0
134040.0,37.233333333333334,0.18264828970005026,0.0,0.18264828970005026,0.0561987139616645,0.14776725417429595,2.402232745824829,-8.748557434046234e-13,0.14776725417429595,2.9767596981051186e-05,1920.0,5760.0,0.0,0.03125,0.03125,0.0002692344949310806,0.0
134100.0,37.25,0.18260625554296434,0.0,0.18260625554296434,0.05619298069266992,0.14773751411774863,2.4022624858813764,-8.748557434046234e-13,0.14773751411774863,2.974005654729687e-05,1920.0,5760.0,0.0,0.03125,0.03125,0.0002685619653959907,0.0
134160.0,37.266666666666666,0.1825642618152613,0.0,0.1825642618152613,0.05618725605607248,0.1477078015601569,2.402292198438968,-8.748557434046234e-13,0.1477078015601569,2.9712557591787436e-05,1920.0,5760.0,0.0,0.03125,0.03125,0.0002678667025593701,0.0
134220.0,37.28333333333333,0.18252230845440393,0.0,0.18252230845440393,0.056181540034094375,0.14767811646012766,2.4023218835389972,-8.748557434046234e-13,0.14767811646012766,2.968510002907598e-05,1920.0,5760.0,0.0,0.03125,0.03125,0.00026720024923315136,0.0
134280.0,37.3,0.18248039539798155,0.0,0.18248039539798155,0.05617583260900342,0.14764845877635388,2.402351541222771,-8.748557434046234e-13,0.14764845877635388,2.9657683773940386e-05,1920.0,5760.0,0.0,0.03125,0.03125,0.00026651033214706947,0.0
134340.0,37.31666666666667,0.18243852258371898,0.0,0.18243852258371898,0.05617013376311441,0.14761882846761243,2.402381171531512,-8.752998326144734e-13,0.14761882846761243,2.963030874137695e-05,1920.0,5760.0,0.0,0.03125,0.03125,0.0002658340411774834,0.0
134400.0,37.333333333333336,0.18239668994947061,0.0,0.18239668994947061,0.05616444347878732,0.14758922549276574,2.4024107745063588,-8.752998326144734e-13,0.14758922549276574,2.9602974846607015e-05,1920.0,5760.0,0.0,0.03125,0.03125,0.0002651512061062348,0.0
134460.0,37.35,0.18235489743321676,0.0,0.18235489743321676,0.05615876173842784,0.14755964981076045,2.402440350188364,-8.752998326144734e-13,0.14755964981076045,2.957568200506758e-05,1920.0,5760.0,0.0,0.03125,0.03125,0.0002644764066074015,0.0
134520.0,37.36666666666667,0.18231314497307466,0.0,0.18231314497307466,0.05615308852448788,0.14753010138062805,2.4024698986184965,-8.752998326144734e-13,0.14753010138062805,2.9548430132417117e-05,1920.0,5760.0,0.0,0.03125,0.03125,0.0002638109045709856,0.0
134580.0,37.38333333333333,0.1822714325072865,0.0,0.1822714325072865,0.05614742381946394,0.14750058016148343,2.402499419837641,-8.757439218243235e-13,0.14750058016148343,2.952121914453231e-05,1920.0,5760.0,0.0,0.03125,0.03125,0.0002631390715983867,0.0
134640.0,37.4,0.18222975997422547,0.0,0.18222975997422547,0.05614176760589913,0.1474710861125259,2.402528913886598,-8.757439218243235e-13,0.1474710861125259,2.949404895750796e-05,1920.0,5760.0,0.0,0.03125,0.03125,0.0002624587825366952,0.0
134700.0,37.416666666666664,0.1821881273123948,0.0,0.1821881273123948,0.056136119866380514,0.14744161919303805,2.4025583808060857,-8.761880110341735e-13,0.14744161919303805,2.9466919487656542e-05,1920.0,5760.0,0.0,0.03125,0.03125,0.00026179181459552096,0.0
134760.0,37.43333333333333,0.1821465344604215,0.0,0.1821465344604215,0.056130480583540865,0.1474121793623866,2.4025878206367373,-8.757439218243235e-13,0.1474121793623866,2.943983065150514e-05,1920.0,5760.0,0.0,0.03125,0.03125,0.00026113169435656937,0.0
134820.0,37.45,0.18210498135706774,0.0,0.18210498135706774,0.05612484974005786,0.14738276658002075,2.402617233419103,-8.761880110341735e-13,0.14738276658002075,2.9412782365799992e-05,1920.0,5760.0,0.0,0.03125,0.03125,0.00026045469820483365,0.0
134880.0,37.46666666666667,0.1820634679412188,0.0,0.1820634679412188,0.05611922731865344,0.1473533808054732,2.4026466191936504,-8.761880110341735e-13,0.1473533808054732,2.9385774547499168e-05,1920.0,5760.0,0.0,0.03125,0.03125,0.0002598024118739517,0.0
134940.0,37.483333333333334,0.18202199415188935,0.0,0.18202199415188935,0.05611361330209478,0.14732402199835937,2.4026759780007643,-8.761880110341735e-13,0.14732402199835937,2.9358807113778334e-05,1920.0,5760.0,0.0,0.03125,0.03125,0.0002591379426359148,0.0
135000.0,37.5,0.18198055992822262,0.0,0.18198055992822262,0.056108007673193065,0.14729469011837723,2.4027053098807465,-8.761880110341735e-13,0.14729469011837723,2.933187998202453e-05,1920.0,5760.0,0.0,0.03125,0.03125,0.00025847272834857155,0.0
135060.0,37.516666666666666,0.18193916520948383,0.0,0.18193916520948383,0.056102410414804314,0.14726538512530715,2.4027346148738165,-8.761880110341735e-13,0.14726538512530715,2.930499306983977e-05,1920.0,5760.0,0.0,0.03125,0.03125,0.0002578151801854998,0.0
135120.0,37.53333333333333,0.18189780993507196,0.0,0.18189780993507196,0.05609682150982864,0.14723610697901227,2.4027638930201114,-8.761880110341735e-13,0.14723610697901227,2.92781462950385e-05,1920.0,5760.0,0.0,0.03125,0.03125,0.0002571653606121569,0.0
135180.0,37.55,0.1818564940445057,0.0,0.1818564940445057,0.056091240941209854,0.14720685563943647,2.402793144359687,-8.766321002440236e-13,0.14720685563943647,2.9251339575645253e-05,1920.0,5760.0,0.0,0.03125,0.03125,0.00025650117972767205,0.0
135240.0,37.56666666666667,0.18181521747743434,0.0,0.18181521747743434,0.05608566869193613,0.14717763106660642,2.4028223689325166,-8.766321002440236e-13,0.14717763106660642,2.9224572829898587e-05,1920.0,5760.0,0.0,0.03125,0.03125,0.00025584104845038404,0.0
135300.0,37.583333333333336,0.1817739801736318,0.0,0.1817739801736318,0.05608010474503922,0.14714843322063012,2.4028515667784927,-8.770761894538737e-13,0.14714843322063012,2.919784597624539e-05,1920.0,5760.0,0.0,0.03125,0.03125,0.0002551989486185105,0.0
135360.0,37.6,0.18173278207299415,0.0,0.18173278207299415,0.056074549083594785,0.14711926206169698,2.402880737937426,-8.770761894538737e-13,0.14711926206169698,2.9171158933343824e-05,1920.0,5760.0,0.0,0.03125,0.03125,0.00025454351566402453,0.0
135420.0,37.61666666666667,0.18169162311554937,0.0,0.18169162311554937,0.05606900169072158,0.14709011755007678,2.402909882449046,-8.770761894538737e-13,0.14709011755007678,2.9144511620061723e-05,1920.0,5760.0,0.0,0.03125,0.03125,0.00025388490908315577,0.0
135480.0,37.63333333333333,0.18165050324143814,0.0,0.18165050324143814,0.05606346254958261,0.14706099964612115,2.4029390003530016,-8.770761894538737e-13,0.14706099964612115,2.9117903955473025e-05,1920.0,5760.0,0.0,0.03125,0.03125,0.00025324926602412383,0.0
135540.0,37.65,0.1816094223909398,0.0,0.1816094223909398,0.05605793164338298,0.14703190831026225,2.4029680916888605,-8.770761894538737e-13,0.14703190831026225,2.9091335858863137e-05,1920.0,5760.0,0.0,0.03125,0.03125,0.0002526019735818119,0.0
135600.0,37.666666666666664,0.18156838050444868,0.0,0.18156838050444868,0.056052408955371835,0.14700284350301235,2.4029971564961103,-8.770761894538737e-13,0.14700284350301235,2.906480724972207e-05,1920.0,5760.0,0.0,0.03125,0.03125,0.00025196017273398973,0.0
135660.0,37.68333333333333,0.18152737752248443,0.0,0.18152737752248443,0.056046894468841195,0.14697380518496475,2.4030261948141582,-8.766321002440236e-13,0.14697380518496475,2.903831804774792e-05,1920.0,5760.0,0.0,0.03125,0.03125,0.00025131959263469957,0.0
135720.0,37.7,0.18148641338569316,0.0,0.18148641338569316,0.05604138816712537,0.1469447933167916,2.403055206682331,-8.770761894538737e-13,0.1469447933167916,2.90118681728454e-05,1920.0,5760.0,0.0,0.03125,0.03125,0.00025067965491303994,0.0
135780.0,37.71666666666667,0.1814454880348366,0.0,0.1814454880348366,0.056035890033602126,0.14691580785924666,2.4030841921398762,-8.770761894538737e-13,0.14691580785924666,2.8985457545122305e-05,1920.0,5760.0,0.0,0.03125,0.03125,0.00025003208233351383,0.0
135840.0,37.733333333333334,0.18140460141080844,0.0,0.18140460141080844,0.05603040005169144,0.14688684877316183,2.403113151225961,-8.770761894538737e-13,0.14688684877316183,2.8959086084892854e-05,1920.0,5760.0,0.0,0.03125,0.03125,0.0002494059447843886,0.0
135900.0,37.75,0.18136375345461833,0.0,0.18136375345461833,0.056024918204855625,0.14685791601944906,2.4031420839796738,-8.770761894538737e-13,0.14685791601944906,2.8932753712677526e-05,1920.0,5760.0,0.0,0.03125,0.03125,0.0002487793755537278,0.0
135960.0,37.766666666666666,0.1813229441074011,0.0,0.1813229441074011,0.05601944447660023,0.14682900955909964,2.403170990440023,-8.770761894538737e-13,0.14682900955909964,2.8906460349195884e-05,1920.0,5760.0,0.0,0.03125,0.03125,0.00024814182226187963,0.0
136020.0,37.78333333333333,0.18128217331041274,0.0,0.18128217331041274,0.05601397885047139,0.14680012935318418,2.4031998706459383,-8.775202786637237e-13,0.14680012935318418,2.8880205915374353e-05,1920.0,5760.0,0.0,0.03125,0.03125,0.00024749986542130773,0.0
136080.0,37.8,0.18124144100502865,0.0,0.18124144100502865,0.056008521310058776,0.14677127536285167,2.4032287246362705,-8.775202786637237e-13,0.14677127536285167,2.8853990332338664e-05,1920.0,5760.0,0.0,0.03125,0.03125,0.0002468777021144459,0.0
136140.0,37.81666666666667,0.18120074713275036,0.0,0.18120074713275036,0.05600307183899378,0.14674244754933038,2.4032575524497917,-8.779643678735738e-13,0.14674244754933038,2.882781352141762e-05,1920.0,5760.0,0.0,0.03125,0.03125,0.00024625506558201667,0.0
136200.0,37.833333333333336,0.18116009163519156,0.0,0.18116009163519156,0.055997630420948755,0.14671364587392602,2.403286354125196,-8.779643678735738e-13,0.14671364587392602,2.8801675404142357e-05,1920.0,5760.0,0.0,0.03125,0.03125,0.0002456200272342107,0.0
136260.0,37.85,0.18111947445409707,0.0,0.18111947445409707,0.05599219703963898,0.14668487029802393,2.403315129701098,-8.779643678735738e-13,0.14668487029802393,2.877557590224235e-05,1920.0,5760.0,0.0,0.03125,0.03125,0.0002449849924176498,0.0
136320.0,37.86666666666667,0.18107889553132295,0.0,0.18107889553132295,0.055986771678819984,0.14665612078308626,2.4033438792160355,-8.779643678735738e-13,0.14665612078308626,2.8749514937648113e-05,1920.0,5760.0,0.0,0.03125,0.03125,0.000244367406936937,0.0
136380.0,37.88333333333333,0.181038354808851,0.0,0.181038354808851,0.05598135432228945,0.1466273972906536,2.403372602708468,-8.779643678735738e-13,0.1466273972906536,2.8723492432487547e-05,1920.0,5760.0,0.0,0.03125,0.03125,0.00024374834661584083,0.0
136440.0,37.9,0.18099785222878031,0.0,0.18099785222878031,0.05597594495388698,0.14659869978234452,2.4034013002167773,-8.779643678735738e-13,0.14659869978234452,2.869750830908999e-05,1920.0,5760.0,0.0,0.03125,0.03125,0.00024311815570737114,0.0
136500.0,37.916666666666664,0.18095738773332845,0.0,0.18095738773332845,0.05597054355749217,0.14657002821985454,2.4034299717792673,-8.779643678735738e-13,0.14657002821985454,2.8671562489980924e-05,1920.0,5760.0,0.0,0.03125,0.03125,0.00024250446361046143,0.0
136560.0,37.93333333333333,0.18091696126483497,0.0,0.18091696126483497,0.05596515011702663,0.14654138256495633,2.4034586174341652,-8.784084570834239e-13,0.14654138256495633,2.8645654897884123e-05,1920.0,5760.0,0.0,0.03125,0.03125,0.00024189967449182685,0.0
136620.0,37.95,0.18087657276575186,0.0,0.18087657276575186,0.05595976461645177,0.14651276277950068,2.403487237219621,-8.779643678735738e-13,0.14651276277950068,2.86197854557194e-05,1920.0,5760.0,0.0,0.03125,0.03125,0.0002412763324281391,0.0
136680.0,37.96666666666667,0.18083622217865908,0.0,0.18083622217865908,0.05595438703977071,0.14648416882541418,2.4035158311737077,-8.779643678735738e-13,0.14648416882541418,2.8593954086600495e-05,1920.0,5760.0,0.0,0.03125,0.03125,0.0002406634328002529,0.0
136740.0,37.983333333333334,0.18079590944624235,0.0,0.18079590944624235,0.05594901737102763,0.14645560066470015,2.4035443993344217,-8.779643678735738e-13,0.14645560066470015,2.8568160713842196e-05,1920.0,5760.0,0.0,0.03125,0.03125,0.0002400427487197112,0.0
136800.0,38.0,0.1807556345113179,0.0,0.1807556345113179,0.055943655594306134,0.14642705825943889,2.4035729417396827,-8.784084570834239e-13,0.14642705825943889,2.8542405260950197e-05,1920.0,5760.0,0.0,0.03125,0.03125,0.00023942851182570524,0.0
136860.0,38.016666666666666,0.1807153973168109,0.0,0.1807153973168109,0.05593830169373126,0.14639854157178733,2.4036014584273344,-8.779643678735738e-13,0.14639854157178733,2.851668765162615e-05,1920.0,5760.0,0.0,0.03125,0.03125,0.0002388176005292213,0.0
136920.0,38.03333333333333,0.18067519780576646,0.0,0.18067519780576646,0.0559329556534672,0.14637005056397767,2.4036299494351443,-8.779643678735738e-13,0.14637005056397767,2.849100780976447e-05,1920.0,5760.0,0.0,0.03125,0.03125,0.00023821609992466763,0.0
136980.0,38.05,0.18063503592134683,0.0,0.18063503592134683,0.05592761745771942,0.14634158519831814,2.4036584148008036,-8.779643678735738e-13,0.14634158519831814,2.846536565945124e-05,1920.0,5760.0,0.0,0.03125,0.03125,0.00023761652169296065,0.0
137040.0,38.06666666666667,0.18059491160682845,0.0,0.18059491160682845,0.05592228709073335,0.14631314543719295,2.4036868545619283,-8.784084570834239e-13,0.14631314543719295,2.8439761124970013e-05,1920.0,5760.0,0.0,0.03125,0.03125,0.00023700929670938403,0.0
137100.0,38.083333333333336,0.18055482480560883,0.0,0.18055482480560883,0.05591696453679353,0.1462847312430623,2.4037152687560592,-8.784084570834239e-13,0.1462847312430623,2.841419413079219e-05,1920.0,5760.0,0.0,0.03125,0.03125,0.00023641661853046072,0.0
137160.0,38.1,0.1805147754611936,0.0,0.1805147754611936,0.05591164978022562,0.14625634257846065,2.403743657420661,-8.784084570834239e-13,0.14625634257846065,2.8388664601582175e-05,1920.0,5760.0,0.0,0.03125,0.03125,0.0002358027295744085,0.0
137220.0,38.11666666666667,0.1804747635172146,0.0,0.1804747635172146,0.05590634280539315,0.1462279794059985,2.4037720205931232,-8.779643678735738e-13,0.1462279794059985,2.8363172462195227e-05,1920.0,5760.0,0.0,0.03125,0.03125,0.00023521796445990123,0.0
137280.0,38.13333333333333,0.1804347889174059,0.0,0.1804347889174059,0.05590104359670103,0.1461996416883607,2.403800358310761,-8.779643678735738e-13,0.1461996416883607,2.8337717637674068e-05,1920.0,5760.0,0.0,0.03125,0.03125,0.00023460504676882154,0.0
137340.0,38.15,0.18039485160563046,0.0,0.18039485160563046,0.05589575213859281,0.14617132938830715,2.4038286706108143,-8.784084570834239e-13,0.14617132938830715,2.8312300053255912e-05,1920.0,5760.0,0.0,0.03125,0.03125,0.00023401195833471855,0.0
137400.0,38.166666666666664,0.18035495152585582,0.0,0.18035495152585582,0.0558904684155513,0.14614304246867282,2.4038569575304485,-8.784084570834239e-13,0.14614304246867282,2.8286919634364733e-05,1920.0,5760.0,0.0,0.03125,0.03125,0.00023340454059113944,0.0
137460.0,38.18333333333333,0.1803150886221684,0.0,0.1803150886221684,0.05588519241209889,0.146114780892366,2.4038852191067552,-8.784084570834239e-13,0.146114780892366,2.826157630661188e-05,1920.0,5760.0,0.0,0.03125,0.03125,0.0002328283189850606,0.0
137520.0,38.2,0.1802752628387687,0.0,0.1802752628387687,0.05587992411279658,0.14608654462237008,2.403913455376751,-8.784084570834239e-13,0.14608654462237008,2.8236269995799036e-05,1920.0,5760.0,0.0,0.03125,0.03125,0.0002322236743154339,0.0
137580.0,38.21666666666667,0.18023547411996876,0.0,0.18023547411996876,0.05587466350224438,0.1460583336217425,2.403941666377379,-8.779643678735738e-13,0.1460583336217425,2.8211000627910696e-05,1920.0,5760.0,0.0,0.03125,0.03125,0.0002316333213838888,0.0
137640.0,38.233333333333334,0.18019572241019743,0.0,0.18019572241019743,0.05586941056508202,0.1460301478536131,2.4039698521455084,-8.784084570834239e-13,0.1460301478536131,2.8185768129124155e-05,1920.0,5760.0,0.0,0.03125,0.03125,0.0002310539095192886,0.0
137700.0,38.25,0.18015600765399234,0.0,0.18015600765399234,0.05586416528598706,0.14600198728118716,2.4039980127179343,-8.784084570834239e-13,0.14600198728118716,2.8160572425800328e-05,1920.0,5760.0,0.0,0.03125,0.03125,0.0002304638337908236,0.0
137760.0,38.266666666666666,0.180116329796011,0.0,0.180116329796011,0.055858927649675844,0.14597385186774267,2.4040261481313787,-8.784084570834239e-13,0.14597385186774267,2.813541344448487e-05,1920.0,5760.0,0.0,0.03125,0.03125,0.0002298718899563654,0.0
137820.0,38.28333333333333,0.1800766887810141,0.0,0.1800766887810141,0.05585369764090375,0.1459457415766306,2.4040542584224904,-8.788525462932739e-13,0.1459457415766306,2.811029111190973e-05,1920.0,5760.0,0.0,0.03125,0.03125,0.00022930091581788595,0.0
137880.0,38.3,0.180037084553887,0.0,0.180037084553887,0.0558484752444633,0.14591765637127574,2.4040823436278456,-8.784084570834239e-13,0.14591765637127574,2.8085205354989804e-05,1920.0,5760.0,0.0,0.03125,0.03125,0.0002287089440661564,0.0
137940.0,38.31666666666667,0.17999751705961156,0.0,0.17999751705961156,0.055843260445186824,0.14588959621517486,2.4041104037839465,-8.784084570834239e-13,0.14588959621517486,2.8060156100824926e-05,1920.0,5760.0,0.0,0.03125,0.03125,0.0002281293459683887,0.0
138000.0,38.333333333333336,0.17995798624329817,0.0,0.17995798624329817,0.055838053227944176,0.14586156107189813,2.404138438927223,-8.784084570834239e-13,0.14586156107189813,2.8035143276701513e-05,1920.0,5760.0,0.0,0.03125,0.03125,0.00022754648925671687,0.0
138060.0,38.35,0.17991849205015595,0.0,0.17991849205015595,0.05583285357764267,0.1458335509050881,2.404166449094033,-8.784084570834239e-13,0.1458335509050881,2.8010166810083488e-05,1920.0,5760.0,0.0,0.03125,0.03125,0.00022697470827958436,0.0
138120.0,38.36666666666667,0.17987903442551317,0.0,0.17987903442551317,0.05582766147922884,0.14580556567845937,2.4041944343206616,-8.788525462932739e-13,0.14580556567845937,2.7985226628620683e-05,1920.0,5760.0,0.0,0.03125,0.03125,0.00022640148005920958,0.0
138180.0,38.38333333333333,0.17983961331480466,0.0,0.17983961331480466,0.05582247691768501,0.14577760535579898,2.404222394643322,-8.788525462932739e-13,0.14577760535579898,2.7960322660142474e-05,1920.0,5760.0,0.0,0.03125,0.03125,0.00022582022700725853,0.0
138240.0,38.4,0.17980022866357748,0.0,0.17980022866357748,0.05581729987803332,0.14574966990096636,2.4042503300981544,-8.79296635503124e-13,0.14574966990096636,2.7935454832659084e-05,1920.0,5760.0,0.0,0.03125,0.03125,0.00022523729556229514,0.0
138300.0,38.416666666666664,0.17976088041748958,0.0,0.17976088041748958,0.055812130345332826,0.14572175927789208,2.404278240721229,-8.788525462932739e-13,0.14572175927789208,2.791062307436693e-05,1920.0,5760.0,0.0,0.03125,0.03125,0.0002246740243110831,0.0
138360.0,38.43333333333333,0.1797215685223079,0.0,0.1797215685223079,0.055806968304678926,0.14569387345057835,2.4043061265485424,-8.79296635503124e-13,0.14569387345057835,2.7885827313635213e-05,1920.0,5760.0,0.0,0.03125,0.03125,0.00022408816124596021,0.0
138420.0,38.45,0.17968229292391047,0.0,0.17968229292391047,0.055801813741206456,0.1456660123830989,2.4043339876160212,-8.79740724712974e-13,0.1456660123830989,2.786106747901734e-05,1920.0,5760.0,0.0,0.03125,0.03125,0.00022352834391494404,0.0
138480.0,38.46666666666667,0.17964305356828292,0.0,0.17964305356828292,0.05579666664008498,0.14563817603959986,2.4043618239595204,-8.79740724712974e-13,0.14563817603959986,2.7836343499244635e-05,1920.0,5760.0,0.0,0.03125,0.03125,0.00022296238468709996,0.0
138540.0,38.483333333333334,0.17960385040152363,0.0,0.17960385040152363,0.05579152698652331,0.1456103643842967,2.4043896356148236,-8.79740724712974e-13,0.1456103643842967,2.7811655303223067e-05,1920.0,5760.0,0.0,0.03125,0.03125,0.00022240098864962211,0.0
138600.0,38.5,0.1795646833698351,0.0,0.1795646833698351,0.055786394765766675,0.14558257738147648,2.4044174226176436,-8.79740724712974e-13,0.14558257738147648,2.7787002820045433e-05,1920.0,5760.0,0.0,0.03125,0.03125,0.00022182814011015013,0.0
138660.0,38.516666666666666,0.17952555241953502,0.0,0.17952555241953502,0.05578126996309657,0.14555481499549758,2.4044451850036226,-8.79740724712974e-13,0.14555481499549758,2.776238597897371e-05,1920.0,5760.0,0.0,0.03125,0.03125,0.00022127065035153166,0.0
138720.0,38.53333333333333,0.17948645749704162,0.0,0.17948645749704162,0.055776152563832095,0.14552707719078803,2.404472922808332,-8.79740724712974e-13,0.14552707719078803,2.7737804709449953e-05,1920.0,5760.0,0.0,0.03125,0.03125,0.00022070274951542726,0.0
138780.0,38.55,0.1794473985488905,0.0,0.1794473985488905,0.05577104255332855,0.1454993639318467,2.404500636067273,-8.801848139228241e-13,0.1454993639318467,2.771325894109331e-05,1920.0,5760.0,0.0,0.03125,0.03125,0.0002201399471463464,0.0
138840.0,38.56666666666667,0.1794083755217146,0.0,0.1794083755217146,0.05576593991697732,0.14547167518324303,2.404528324815877,-8.79740724712974e-13,0.14547167518324303,2.7688748603695336e-05,1920.0,5760.0,0.0,0.03125,0.03125,0.00021958021856636087,0.0
138900.0,38.583333333333336,0.17936938836226698,0.0,0.17936938836226698,0.05576084464020804,0.1454440109096158,2.4045559890895043,-8.79740724712974e-13,0.1454440109096158,2.7664273627226574e-05,1920.0,5760.0,0.0,0.03125,0.03125,0.00021902727573559845,0.0
138960.0,38.6,0.17933043701739326,0.0,0.17933043701739326,0.05575575670848474,0.14541637107567387,2.4045836289234463,-8.79740724712974e-13,0.14541637107567387,2.7639833941833037e-05,1920.0,5760.0,0.0,0.03125,0.03125,0.000218452370973457,0.0
139020.0,38.61666666666667,0.1792915214340628,0.0,0.1792915214340628,0.055750676107308814,0.14538875564619594,2.404611244352924,-8.79740724712974e-13,0.14538875564619594,2.761542947782988e-05,1920.0,5760.0,0.0,0.03125,0.03125,0.00021791854168861575,0.0
139080.0,38.63333333333333,0.17925264155933396,0.0,0.17925264155933396,0.055745602822217584,0.1453611645860302,2.40463883541309,-8.79296635503124e-13,0.1453611645860302,2.7591060165712067e-05,1920.0,5760.0,0.0,0.03125,0.03125,0.00021736592459022124,0.0
139140.0,38.65,0.17921379734039009,0.0,0.17921379734039009,0.05574053683878354,0.14533359786009414,2.4046664021390263,-8.79296635503124e-13,0.14533359786009414,2.7566725936142087e-05,1920.0,5760.0,0.0,0.03125,0.03125,0.00021681825620604707,0.0
139200.0,38.666666666666664,0.17917498872450383,0.0,0.17917498872450383,0.05573547814261661,0.14530605543337394,2.404693944565746,-8.79740724712974e-13,0.14530605543337394,2.7542426719957585e-05,1920.0,5760.0,0.0,0.03125,0.03125,0.00021626604372945846,0.0
139260.0,38.68333333333333,0.17913621565906854,0.0,0.17913621565906854,0.055730426719361736,0.14527853727092582,2.4047214627281943,-8.79740724712974e-13,0.14527853727092582,2.7518162448171715e-05,1920.0,5760.0,0.0,0.03125,0.03125,0.00021571760391747005,0.0
139320.0,38.7,0.17909747809157028,0.0,0.17909747809157028,0.05572538255469919,0.14525104333787384,2.4047489566612463,-8.79740724712974e-13,0.14525104333787384,2.7493933051963545e-05,1920.0,5760.0,0.0,0.03125,0.03125,0.00021516941404668417,0.0
139380.0,38.71666666666667,0.179058775969612,0.0,0.179058775969612,0.055720345634345705,0.14522357359941113,2.404776426399709,-8.79740724712974e-13,0.14522357359941113,2.746973846268666e-05,1920.0,5760.0,0.0,0.03125,0.03125,0.0002146182045057007,0.0
139440.0,38.733333333333334,0.17902010924089196,0.0,0.17902010924089196,0.055715315944052705,0.1451961280207991,2.404803871978321,-8.79740724712974e-13,0.1451961280207991,2.7445578611865217e-05,1920.0,5760.0,0.0,0.03125,0.03125,0.00021407837893408719,0.0
139500.0,38.75,0.17898147785322174,0.0,0.17898147785322174,0.055710293469607056,0.14516870656736788,2.404831293431752,-8.801848139228241e-13,0.14516870656736788,2.742145343118984e-05,1920.0,5760.0,0.0,0.03125,0.03125,0.000213522008005489,0.0
139560.0,38.766666666666666,0.17894288175451173,0.0,0.17894288175451173,0.05570527819683185,0.14514130920451523,2.4048586907946046,-8.801848139228241e-13,0.14514130920451523,2.7397362852526104e-05,1920.0,5760.0,0.0,0.03125,0.03125,0.00021299455725609418,0.0
139620.0,38.78333333333333,0.17890432089278036,0.0,0.17890432089278036,0.05570027011158433,0.1451139358977075,2.4048860641014125,-8.79740724712974e-13,0.1451139358977075,2.737330680790609e-05,1920.0,5760.0,0.0,0.03125,0.03125,0.00021244865724469336,0.0
139680.0,38.8,0.17886579521614768,0.0,0.17886579521614768,0.055695269199757154,0.1450865866124779,2.404913413386642,-8.801848139228241e-13,0.1450865866124779,2.73492852295294e-05,1920.0,5760.0,0.0,0.03125,0.03125,0.00021190818579817884,0.0
139740.0,38.81666666666667,0.17882730467283997,0.0,0.17882730467283997,0.055690275447278316,0.14505926131442823,2.4049407386846915,-8.801848139228241e-13,0.14505926131442823,2.7325298049766423e-05,1920.0,5760.0,0.0,0.03125,0.03125,0.00021137016230593435,0.0
139800.0,38.833333333333336,0.1787888492111847,0.0,0.1787888492111847,0.05568528884010969,0.14503195996922685,2.4049680400298925,-8.806289031326742e-13,0.14503195996922685,2.730134520115219e-05,1920.0,5760.0,0.0,0.03125,0.03125,0.00021083632012594588,0.0
139860.0,38.85,0.17875042877961508,0.0,0.17875042877961508,0.055680309364248864,0.1450046825426103,2.404995317456509,-8.806289031326742e-13,0.1450046825426103,2.727742661638947e-05,1920.0,5760.0,0.0,0.03125,0.03125,0.00021031384998923948,0.0
139920.0,38.86666666666667,0.17871204332666524,0.0,0.17871204332666524,0.05567533700572789,0.14497742900038205,2.4050225709987374,-8.801848139228241e-13,0.14497742900038205,2.7253542228350414e-05,1920.0,5760.0,0.0,0.03125,0.03125,0.00020977142477962495,0.0
139980.0,38.88333333333333,0.17867369280097425,0.0,0.17867369280097425,0.055670371750612895,0.14495019930841183,2.4050498006907075,-8.806289031326742e-13,0.14495019930841183,2.7229691970069775e-05,1920.0,5760.0,0.0,0.03125,0.03125,0.00020922862764274856,0.0
140040.0,38.9,0.1786353771512822,0.0,0.1786353771512822,0.05566541358500527,0.14492299343263695,2.4050770065664824,-8.806289031326742e-13,0.14492299343263695,2.720587577474974e-05,1920.0,5760.0,0.0,0.03125,0.03125,0.00020871120166006144,0.0
140100.0,38.916666666666664,0.17859709632643286,0.0,0.17859709632643286,0.055660462495039614,0.14489581133906118,2.405104188660058,-8.806289031326742e-13,0.14489581133906118,2.7182093575757116e-05,1920.0,5760.0,0.0,0.03125,0.03125,0.00020817724927626823,0.0
140160.0,38.93333333333333,0.17855885027537022,0.0,0.17855885027537022,0.05565551846688563,0.14486865299375462,2.4051313470053644,-8.810729923425242e-13,0.14486865299375462,2.715834530662333e-05,1920.0,5760.0,0.0,0.03125,0.03125,0.00020764982712643016,0.0
140220.0,38.95,0.17852063894714273,0.0,0.17852063894714273,0.05565058148674714,0.14484151836285344,2.405158481636265,-8.810729923425242e-13,0.14484151836285344,2.7134630901042788e-05,1920.0,5760.0,0.0,0.03125,0.03125,0.00020711944075684988,0.0
140280.0,38.96666666666667,0.17848246229089734,0.0,0.17848246229089734,0.05564565154086169,0.14481440741256052,2.405185592586558,-8.815170815523743e-13,0.14481440741256052,2.711095029287671e-05,1920.0,5760.0,0.0,0.03125,0.03125,0.00020659786550784694,0.0
140340.0,38.983333333333334,0.1784443202558855,0.0,0.1784443202558855,0.05564072861550086,0.14478732010914439,2.4052126798899742,-8.810729923425242e-13,0.14478732010914439,2.7087303416145565e-05,1920.0,5760.0,0.0,0.03125,0.03125,0.00020606878819651552,0.0
140400.0,39.0,0.17840621279145674,0.0,0.17840621279145674,0.05563581269697011,0.14476025641893936,2.405239743580179,-8.815170815523743e-13,0.14476025641893936,2.706369020503557e-05,1920.0,5760.0,0.0,0.03125,0.03125,0.0002055486520944718,0.0
140460.0,39.016666666666666,0.17836813984706437,0.0,0.17836813984706437,0.05563090377160874,0.1447332163083454,2.405266783690773,-8.815170815523743e-13,0.1447332163083454,2.70401105938931e-05,1920.0,5760.0,0.0,0.03125,0.03125,0.00020503021258757488,0.0
140520.0,39.03333333333333,0.17833010137225896,0.0,0.17833010137225896,0.05562600182578882,0.14470619974382817,2.40529380025529,-8.815170815523743e-13,0.14470619974382817,2.701656451722679e-05,1920.0,5760.0,0.0,0.03125,0.03125,0.00020451589270922677,0.0
140580.0,39.05,0.17829209731669554,0.0,0.17829209731669554,0.05562110684591759,0.14467920669191833,2.4053207933071996,-8.819611707622244e-13,0.14467920669191833,2.6993051909706087e-05,1920.0,5760.0,0.0,0.03125,0.03125,0.00020399014895753031,0.0
140640.0,39.06666666666667,0.17825412763012372,0.0,0.17825412763012372,0.05561621881843437,0.14465223711921205,2.405347762879906,-8.819611707622244e-13,0.14465223711921205,2.6969572706163654e-05,1920.0,5760.0,0.0,0.03125,0.03125,0.00020347786511585062,0.0
140700.0,39.083333333333336,0.17821619226239976,0.0,0.17821619226239976,0.055611337729812395,0.14462529099237037,2.405374709006747,-8.824052599720744e-13,0.14462529099237037,2.6946126841588745e-05,1920.0,5760.0,0.0,0.03125,0.03125,0.0002029601504641482,0.0
140760.0,39.1,0.17817829116347145,0.0,0.17817829116347145,0.05560646356655782,0.14459836827811937,2.4054016317209985,-8.819611707622244e-13,0.14459836827811937,2.6922714251132788e-05,1920.0,5760.0,0.0,0.03125,0.03125,0.00020244755596430337,0.0
140820.0,39.11666666666667,0.17814042428339522,0.0,0.17814042428339522,0.055601596315210604,0.144571468943249,2.4054285310558687,-8.819611707622244e-13,0.144571468943249,2.6899334870106136e-05,1920.0,5760.0,0.0,0.03125,0.03125,0.00020193410157906883,0.0
140880.0,39.13333333333333,0.17810259157231573,0.0,0.17810259157231573,0.05559673596234264,0.14454459295461505,2.405455407044503,-8.819611707622244e-13,0.14454459295461505,2.687598863397682e-05,1920.0,5760.0,0.0,0.03125,0.03125,0.0002014187928594016,0.0
140940.0,39.15,0.1780647929804892,0.0,0.1780647929804892,0.05559188249455993,0.14451774027913655,2.405482259719981,-8.819611707622244e-13,0.14451774027913655,2.685267547837262e-05,1920.0,5760.0,0.0,0.03125,0.03125,0.00020091196096035064,0.0
141000.0,39.166666666666664,0.17802702845825602,0.0,0.17802702845825602,0.05558703589850036,0.1444909108837977,2.4055090891153204,-8.819611707622244e-13,0.1444909108837977,2.682939533907919e-05,1920.0,5760.0,0.0,0.03125,0.03125,0.00020041228709925197,0.0
141060.0,39.18333333333333,0.1779892979560702,0.0,0.1779892979560702,0.05558219616083546,0.14446410473564564,2.4055358952634722,-8.819611707622244e-13,0.14446410473564564,2.680614815203842e-05,1920.0,5760.0,0.0,0.03125,0.03125,0.00019990507727938602,0.0
141120.0,39.2,0.1779516014244672,0.0,0.1779516014244672,0.05557736326826838,0.14443732180179206,2.4055626781973256,-8.819611707622244e-13,0.14443732180179206,2.678293385334974e-05,1920.0,5760.0,0.0,0.03125,0.03125,0.00019939593714096232,0.0
141180.0,39.21666666666667,0.17791393881409848,0.0,0.17791393881409848,0.055572537207535924,0.1444105620494126,2.405589437949705,-8.824052599720744e-13,0.1444105620494126,2.6759752379270325e-05,1920.0,5760.0,0.0,0.03125,0.03125,0.00019889194777384034,0.0
141240.0,39.233333333333334,0.1778763100756952,0.0,0.1778763100756952,0.05556771796540634,0.14438382544574652,2.405616174553371,-8.824052599720744e-13,0.14438382544574652,2.6736603666210443e-05,1920.0,5760.0,0.0,0.03125,0.03125,0.00019837041793842848,0.0
141300.0,39.25,0.17783871516010236,0.0,0.17783871516010236,0.05556290552868124,0.14435711195809567,2.405642888041022,-8.824052599720744e-13,0.14435711195809567,2.671348765073881e-05,1920.0,5760.0,0.0,0.03125,0.03125,0.00019787780013875333,0.0
141360.0,39.266666666666666,0.17780115401824734,0.0,0.17780115401824734,0.05555809988419354,0.14433042155382603,2.4056695784452913,-8.824052599720744e-13,0.14433042155382603,2.6690404269578785e-05,1920.0,5760.0,0.0,0.03125,0.03125,0.00019737580346761475,0.0
141420.0,39.28333333333333,0.17776362660116707,0.0,0.17776362660116707,0.05555330101880906,0.14430375420036648,2.405696245798751,-8.824052599720744e-13,0.14430375420036648,2.66673534596072e-05,1920.0,5760.0,0.0,0.03125,0.03125,0.00019688156524724554,0.0
141480.0,39.3,0.17772613285998465,0.0,0.17772613285998465,0.05554850891942547,0.14427710986520847,2.4057228901339087,-8.828493491819245e-13,0.14427710986520847,2.6644335157855493e-05,1920.0,5760.0,0.0,0.03125,0.03125,0.00019638346896134204,0.0
141540.0,39.31666666666667,0.1776886727459276,0.0,0.1776886727459276,0.05554372357297219,0.144250488515907,2.40574951148321,-8.828493491819245e-13,0.144250488515907,2.662134930150989e-05,1920.0,5760.0,0.0,0.03125,0.03125,0.0001958847813888354,0.0
141600.0,39.333333333333336,0.17765124621031358,0.0,0.17765124621031358,0.05553894496641064,0.14422389012007902,2.4057761098790382,-8.824052599720744e-13,0.14422389012007902,2.6598395827908304e-05,1920.0,5760.0,0.0,0.03125,0.03125,0.0001953899691980941,0.0
141660.0,39.35,0.17761385320456113,0.0,0.17761385320456113,0.0555341730867343,0.1441973146454045,2.405802685353713,-8.824052599720744e-13,0.1441973146454045,2.6575474674542252e-05,1920.0,5760.0,0.0,0.03125,0.03125,0.00019489531270896316,0.0
141720.0,39.36666666666667,0.1775764936801803,0.0,0.1775764936801803,0.05552940792096821,0.14417076205962537,2.405829237939492,-8.824052599720744e-13,0.14417076205962537,2.6552585779056344e-05,1920.0,5760.0,0.0,0.03125,0.03125,0.00019440767980180739,0.0
141780.0,39.38333333333333,0.17753916758877958,0.0,0.17753916758877958,0.055524649456168675,0.144144232330546,2.4058557676685712,-8.824052599720744e-13,0.144144232330546,2.652972907924668e-05,1920.0,5760.0,0.0,0.03125,0.03125,0.00019391613049406215,0.0
141840.0,39.4,0.17750187488206115,0.0,0.17750187488206115,0.055519897679424335,0.1441177254260328,2.4058822745730843,-8.828493491819245e-13,0.1441177254260328,2.650690451305934e-05,1920.0,5760.0,0.0,0.03125,0.03125,0.000193412944600988,0.0
141900.0,39.416666666666664,0.1774646155118223,0.0,0.1774646155118223,0.05551515257785441,0.1440912413140141,2.405908758685103,-8.828493491819245e-13,0.1440912413140141,2.6484112018595215e-05,1920.0,5760.0,0.0,0.03125,0.03125,0.0001929414923255368,0.0
141960.0,39.43333333333333,0.17742738942995578,0.0,0.17742738942995578,0.05551041413860961,0.14406477996248018,2.405935220036637,-8.828493491819245e-13,0.14406477996248018,2.6461351534100887e-05,1920.0,5760.0,0.0,0.03125,0.03125,0.00019243881997939001,0.0
142020.0,39.45,0.17739019658844743,0.0,0.17739019658844743,0.05550568234887252,0.1440383413394822,2.405961658659635,-8.828493491819245e-13,0.1440383413394822,2.6438622997977208e-05,1920.0,5760.0,0.0,0.03125,0.03125,0.0001919675874138479,0.0
142080.0,39.46666666666667,0.1773530369393804,0.0,0.1773530369393804,0.05550095719585607,0.14401192541313323,2.4059880745859834,-8.832934383917745e-13,0.14401192541313323,2.641592634877333e-05,1920.0,5760.0,0.0,0.03125,0.03125,0.00019146238550091354,0.0
142140.0,39.483333333333334,0.17731591043492592,0.0,0.17731591043492592,0.055496238666804774,0.14398553215160806,2.4060144678475086,-8.832934383917745e-13,0.14398553215160806,2.639326152518654e-05,1920.0,5760.0,0.0,0.03125,0.03125,0.00019099950032871693,0.0
142200.0,39.5,0.1772788170273596,0.0,0.1772788170273596,0.05549152674899392,0.14395916152314195,2.406040838475975,-8.828493491819245e-13,0.14395916152314195,2.6370628466065152e-05,1920.0,5760.0,0.0,0.03125,0.03125,0.00019050047191286306,0.0
142260.0,39.516666666666666,0.17724175666903327,0.0,0.17724175666903327,0.05548682142972962,0.1439328134960317,2.406067186503085,-8.828493491819245e-13,0.1439328134960317,2.6348027110404524e-05,1920.0,5760.0,0.0,0.03125,0.03125,0.00019002571381924026,0.0
142320.0,39.53333333333333,0.1772047293124137,0.0,0.1772047293124137,0.05548212269634902,0.143906488038634,2.4060935119604827,-8.832934383917745e-13,0.143906488038634,2.6325457397348163e-05,1920.0,5760.0,0.0,0.03125,0.03125,0.0001895337456652467,0.0
142380.0,39.55,0.17716773491004162,0.0,0.17716773491004162,0.055477430536219494,0.1438801851193678,2.406119814879749,-8.832934383917745e-13,0.1438801851193678,2.630291926618692e-05,1920.0,5760.0,0.0,0.03125,0.03125,0.00018907769727807703,0.0
142440.0,39.56666666666667,0.17713077341456482,0.0,0.17713077341456482,0.05547274493673943,0.14385390470671144,2.406146095292405,-8.832934383917745e-13,0.14385390470671144,2.628041265635933e-05,1920.0,5760.0,0.0,0.03125,0.03125,0.00018860070176237895,0.0
142500.0,39.583333333333336,0.17709384477871348,0.0,0.17709384477871348,0.05546806588533776,0.1438276467692038,2.4061723532299126,-8.832934383917745e-13,0.1438276467692038,2.6257937507450706e-05,1920.0,5760.0,0.0,0.03125,0.03125,0.00018811597203192916,0.0
142560.0,39.6,0.1770569489553176,0.0,0.1770569489553176,0.05546339336947364,0.1438014112754448,2.406198588723672,-8.832934383917745e-13,0.1438014112754448,2.6235493759192484e-05,1920.0,5760.0,0.0,0.03125,0.03125,0.00018763702012525852,0.0
142620.0,39.61666666666667,0.1770200858972939,0.0,0.1770200858972939,0.055458727376636735,0.1437751981940932,2.406224801805023,-8.832934383917745e-13,0.1437751981940932,2.621308135146198e-05,1920.0,5760.0,0.0,0.03125,0.03125,0.00018715853079537604,0.0
142680.0,39.63333333333333,0.17698325555765498,0.0,0.17698325555765498,0.05545406789434679,0.14374900749386887,2.4062509925052473,-8.837375276016246e-13,0.14374900749386887,2.619070022428177e-05,1920.0,5760.0,0.0,0.03125,0.03125,0.00018669473158633844,0.0
142740.0,39.65,0.17694645788950303,0.0,0.17694645788950303,0.0554494149101534,0.14372283914355102,2.406277160855565,-8.837375276016246e-13,0.14372283914355102,2.616835031781828e-05,1920.0,5760.0,0.0,0.03125,0.03125,0.00018623338854017874,0.0
142800.0,39.666666666666664,0.17690969284603186,0.0,0.17690969284603186,0.05544476841163735,0.14369669311197872,2.4063033068871373,-8.837375276016246e-13,0.14369669311197872,2.614603157238459e-05,1920.0,5760.0,0.0,0.03125,0.03125,0.0001857622470374175,0.0
142860.0,39.68333333333333,0.1768729603805294,0.0,0.1768729603805294,0.055440128386408015,0.1436705693680503,2.406329430631066,-8.837375276016246e-13,0.1436705693680503,2.6123743928437312e-05,1920.0,5760.0,0.0,0.03125,0.03125,0.0001852850840109316,0.0
142920.0,39.7,0.17683626044636808,0.0,0.17683626044636808,0.05543549482210571,0.14364446788072377,2.4063555321183925,-8.837375276016246e-13,0.14364446788072377,2.6101487326576055e-05,1920.0,5760.0,0.0,0.03125,0.03125,0.0001848075721526631,0.0
142980.0,39.71666666666667,0.17679959299702108,0.0,0.17679959299702108,0.05543086770640034,0.14361838861901585,2.4063816113801,-8.841816168114747e-13,0.14361838861901585,2.607926170754422e-05,1920.0,5760.0,0.0,0.03125,0.03125,0.00018435386386225826,0.0
143040.0,39.733333333333334,0.1767629579860388,0.0,0.1767629579860388,0.05542624702699114,0.1435923315520036,2.406407668447112,-8.841816168114747e-13,0.1435923315520036,2.605706701222878e-05,1920.0,5760.0,0.0,0.03125,0.03125,0.00018387534741973218,0.0
143100.0,39.75,0.1767263553670781,0.0,0.1767263553670781,0.055421632771606985,0.14356629664882203,2.406433703350294,-8.837375276016246e-13,0.14356629664882203,2.6034903181657734e-05,1920.0,5760.0,0.0,0.03125,0.03125,0.00018341675415317927,0.0
143160.0,39.766666666666666,0.17668978509387206,0.0,0.17668978509387206,0.05541702492800715,0.14354028387866496,2.406459716120451,-8.841816168114747e-13,0.14354028387866496,2.601277015700092e-05,1920.0,5760.0,0.0,0.03125,0.03125,0.00018295396564433405,0.0
143220.0,39.78333333333333,0.17665324712025293,0.0,0.17665324712025293,0.05541242348397941,0.1435142932107854,2.4064857067883305,-8.837375276016246e-13,0.1435142932107854,2.599066787957312e-05,1920.0,5760.0,0.0,0.03125,0.03125,0.0001825055302459642,0.0
143280.0,39.8,0.17661674140013717,0.0,0.17661674140013717,0.05540782842734139,0.14348832461449448,2.406511675384621,-8.841816168114747e-13,0.14348832461449448,2.596859629082674e-05,1920.0,5760.0,0.0,0.03125,0.03125,0.00018203531623234008,0.0
143340.0,39.81666666666667,0.1765802678875338,0.0,0.1765802678875338,0.05540323974594002,0.14346237805916212,2.4065376219399535,-8.841816168114747e-13,0.14346237805916212,2.5946555332356396e-05,1920.0,5760.0,0.0,0.03125,0.03125,0.00018157703051887477,0.0
143400.0,39.833333333333336,0.17654382653653986,0.0,0.17654382653653986,0.05539865742765133,0.14343645351421608,2.4065635464848993,-8.846257060213247e-13,0.14343645351421608,2.5924544945897992e-05,1920.0,5760.0,0.0,0.03125,0.03125,0.0001811120089277843,0.0
143460.0,39.85,0.1765074173013408,0.0,0.1765074173013408,0.055394081460380364,0.14341055094914285,2.4065894490499726,-8.841816168114747e-13,0.14341055094914285,2.5902565073326035e-05,1920.0,5760.0,0.0,0.03125,0.03125,0.00018064259481644594,0.0
143520.0,39.86666666666667,0.17647104013621612,0.0,0.17647104013621612,0.05538951183206135,0.14338467033348593,2.4066153296656294,-8.846257060213247e-13,0.14338467033348593,2.588061565665376e-05,1920.0,5760.0,0.0,0.03125,0.03125,0.00018021537193038388,0.0
143580.0,39.88333333333333,0.1764346949955209,0.0,0.1764346949955209,0.055384948530657674,0.14335881163684797,2.4066411883622676,-8.841816168114747e-13,0.14335881163684797,2.585869663803736e-05,1920.0,5760.0,0.0,0.03125,0.03125,0.00017974970572358123,0.0
143640.0,39.9,0.1763983818337172,0.0,0.1763983818337172,0.055380391544161245,0.14333297482888796,2.4066670251702273,-8.846257060213247e-13,0.14333297482888796,2.583680795976813e-05,1920.0,5760.0,0.0,0.03125,0.03125,0.00017929431320315895,0.0
143700.0,39.916666666666664,0.1763621006053387,0.0,0.1763621006053387,0.05537584086059307,0.14330715987932394,2.4066928401197916,-8.841816168114747e-13,0.14330715987932394,2.5814949564277242e-05,1920.0,5760.0,0.0,0.03125,0.03125,0.00017885307326943626,0.0
143760.0,39.93333333333333,0.17632585126501868,0.0,0.17632585126501868,0.055371296468002706,0.14328136675792963,2.406718633241186,-8.841816168114747e-13,0.14328136675792963,2.5793121394135143e-05,1920.0,5760.0,0.0,0.03125,0.03125,0.00017839135269065868,0.0
143820.0,39.95,0.17628963376747073,0.0,0.17628963376747073,0.05536675835446816,0.14325559543453759,2.406744404564578,-8.841816168114747e-13,0.14325559543453759,2.577132339204764e-05,1920.0,5760.0,0.0,0.03125,0.03125,0.00017794400472235782,0.0
143880.0,39.96666666666667,0.17625344806750032,0.0,0.17625344806750032,0.05536222650809614,0.14322984587903662,2.4067701541200788,-8.846257060213247e-13,0.14322984587903662,2.5749555500857112e-05,1920.0,5760.0,0.0,0.03125,0.03125,0.00017751204214352563,0.0
143940.0,39.983333333333334,0.17621729411999842,0.0,0.17621729411999842,0.05535770091702231,0.14320411806137315,2.406795881937742,-8.846257060213247e-13,0.14320411806137315,2.5727817663546405e-05,1920.0,5760.0,0.0,0.03125,0.03125,0.0001770567330384003,0.0
144000.0,40.0,0.17618117187994292,0.0,0.17618117187994292,0.055353181570886804,0.14317841195154826,2.4068215880475665,-8.850697952311748e-13,0.14317841195154826,2.5706109824387727e-05,1920.0,5537.0,0.0,0.03125,0.03125,0.015476815644715888,0.0
144060.0,40.016666666666666,0.17614508130240314,0.0,0.17614508130240314,0.05534866845336786,0.1431527275196199,2.4068472724794914,-8.886225089099753e-13,0.1431527275196199,2.5684431924815297e-05,1920.0,3840.0,0.0,0.03125,0.03125,0.015471864218476508,0.0
144120.0,40.03333333333333,0.17610902234252207,0.0,0.17610902234252207,0.05534416155705251,0.1431270647357109,2.406872935263397,-8.921752225887758e-13,0.1431270647357109,2.5662783905697285e-05,1920.0,3840.0,0.0,0.03125,0.03125,0.015441757905557237,0.0
144180.0,40.05,0.17607299495554843,0.0,0.17607299495554843,0.05533966086899013,0.14310142356999178,2.4068985764291124,-8.957279362675763e-13,0.14310142356999178,2.564116571571527e-05,1920.0,3840.0,0.0,0.03125,0.03125,0.015411678514387987,0.0
144240.0,40.06666666666667,0.17603699909680098,0.0,0.17603699909680098,0.0553351663773688,0.1430758039926916,2.4069241960064094,-8.988365607365267e-13,0.1430758039926916,2.5619577296918965e-05,1920.0,3840.0,0.0,0.03125,0.03125,0.015381709970464574,0.0
144300.0,40.083333333333336,0.17600103472169454,0.0,0.17600103472169454,0.055330678070469534,0.14305020597409532,2.406949794025002,-9.023892744153272e-13,0.14305020597409532,2.559801859287818e-05,1920.0,3840.0,0.0,0.03125,0.03125,0.015351759963216147,0.0
144360.0,40.1,0.1759651017857242,0.0,0.1759651017857242,0.05532619593661558,0.14302462948454475,2.40697537051455,-9.050538096744276e-13,0.14302462948454475,2.557648954745079e-05,1920.0,3840.0,0.0,0.03125,0.03125,0.01532188411224978,0.0
144420.0,40.11666666666667,0.17592920024447312,0.0,0.17592920024447312,0.05532171996416225,0.14299907449443655,2.4070009255046543,-9.090506125630782e-13,0.14299907449443655,2.5554990104666063e-05,1920.0,3840.0,0.0,0.03125,0.03125,0.015292061835169884,0.0
144480.0,40.13333333333333,0.17589333005361207,0.0,0.17589333005361207,0.05531725014149566,0.14297354097422454,2.407026459024863,-9.121592370320286e-13,0.14297354097422454,2.5533520208706062e-05,1920.0,3840.0,0.0,0.03125,0.03125,0.015262322391344249,0.0
144540.0,40.15,0.17585749116888744,0.0,0.17585749116888744,0.05531278645702971,0.14294802889441738,2.407051971104667,-9.157119507108291e-13,0.14294802889441738,2.5512079803889505e-05,1920.0,3840.0,0.0,0.03125,0.03125,0.015232648638714855,0.0
144600.0,40.166666666666664,0.17582168354614586,0.0,0.17582168354614586,0.05530832889920614,0.14292253822557968,2.407077461773502,-9.183764859699295e-13,0.14292253822557968,2.5490668834670107e-05,1920.0,3840.0,0.0,0.03125,0.03125,0.015203019099777268,0.0
144660.0,40.18333333333333,0.17578590714130468,0.0,0.17578590714130468,0.055303877456494996,0.14289706893833037,2.4071029310607472,-9.2237328885858e-13,0.14289706893833037,2.546928724563783e-05,1920.0,3840.0,0.0,0.03125,0.03125,0.01517343323893996,0.0
144720.0,40.2,0.17575016191037635,0.0,0.17575016191037635,0.05529943211739407,0.14287162100334538,2.4071283789957287,-9.254819133275305e-13,0.14287162100334538,2.5447934981513526e-05,1920.0,3840.0,0.0,0.03125,0.03125,0.015143921181244961,0.0
144780.0,40.21666666666667,0.17571444780945109,0.0,0.17571444780945109,0.05529499287042764,0.14284619439135496,2.4071538056077157,-9.29034627006331e-13,0.14284619439135496,2.5426611987151904e-05,1920.0,3840.0,0.0,0.03125,0.03125,0.01511449451057942,0.0
144840.0,40.233333333333334,0.17567876479470604,0.0,0.17567876479470604,0.05529055970414862,0.14282078907314444,2.407179210925923,-9.321432514752814e-13,0.14282078907314444,2.540531820753702e-05,1920.0,3840.0,0.0,0.03125,0.03125,0.015085092925919317,0.0
144900.0,40.25,0.17564311282240455,0.0,0.17564311282240455,0.055286132607136614,0.14279540501955323,2.407204594979511,-9.352518759442319e-13,0.14279540501955323,2.538405358778792e-05,1920.0,3840.0,0.0,0.03125,0.03125,0.015055739140638286,0.0
144960.0,40.266666666666666,0.1756074918488848,0.0,0.1756074918488848,0.055281711567997376,0.14277004220147668,2.4072299577975844,-9.388045896230324e-13,0.14277004220147668,2.5362818073149318e-05,1920.0,3840.0,0.0,0.03125,0.03125,0.015026502862201151,0.0
145020.0,40.28333333333333,0.17557190183058213,0.0,0.17557190183058213,0.05527729657536549,0.14274470058986433,2.4072552994091936,-9.419132140919828e-13,0.14274470058986433,2.5341611608997422e-05,1920.0,3840.0,0.0,0.03125,0.03125,0.01499728942041448,0.0
145080.0,40.3,0.17553634272400304,0.0,0.17553634272400304,0.055272887617901195,0.14271938015572028,2.4072806198433345,-9.450218385609332e-13,0.14271938015572028,2.5320434140841357e-05,1920.0,3840.0,0.0,0.03125,0.03125,0.014968151099116114,0.0
145140.0,40.31666666666667,0.17550081448574645,0.0,0.17550081448574645,0.05526848468429154,0.14269408087010285,2.407305919128949,-9.481304630298837e-13,0.14269408087010285,2.5299285614312728e-05,1920.0,3840.0,0.0,0.03125,0.03125,0.01493910289786723,0.0
145200.0,40.333333333333336,0.17546531707248827,0.0,0.17546531707248827,0.055264087763251514,0.14266880270412435,2.407331197294924,-9.512390874988341e-13,0.14266880270412435,2.5278165975178548e-05,1920.0,3840.0,0.0,0.03125,0.03125,0.014910063093339653,0.0
145260.0,40.35,0.17542985044098966,0.0,0.17542985044098966,0.05525969684352236,0.14264354562895165,2.4073564543700936,-9.547918011776346e-13,0.14264354562895165,2.5257075169332715e-05,1920.0,3840.0,0.0,0.03125,0.03125,0.014881071352573732,0.0
145320.0,40.36666666666667,0.17539441454809745,0.0,0.17539441454809745,0.05525531191387134,0.1426183096158055,2.4073816903832364,-9.57900425646585e-13,0.1426183096158055,2.5236013142795273e-05,1920.0,3840.0,0.0,0.03125,0.03125,0.014852193919340657,0.0
145380.0,40.38333333333333,0.1753590093507284,0.0,0.1753590093507284,0.05525093296309282,0.14259309463596062,2.407406905363078,-9.610090501155355e-13,0.14259309463596062,2.5214979841714933e-05,1920.0,3840.0,0.0,0.03125,0.03125,0.014823342518641255,0.0
145440.0,40.4,0.17532363480590052,0.0,0.17532363480590052,0.055246559980008006,0.14256790066074504,2.4074320993382905,-9.64117674584486e-13,0.14256790066074504,2.519397521236879e-05,1920.0,3840.0,0.0,0.03125,0.03125,0.014794528317408817,0.0
145500.0,40.416666666666664,0.1752882908706987,0.0,0.1752882908706987,0.05524219295346308,0.14254272766154075,2.4074572723374916,-9.672262990534364e-13,0.14254272766154075,2.5172999201159437e-05,1920.0,3840.0,0.0,0.03125,0.03125,0.014765831640842131,0.0
145560.0,40.43333333333333,0.1752529775022973,0.0,0.1752529775022973,0.0552378318723327,0.14251757560978273,2.4074824243892463,-9.707790127322369e-13,0.14251757560978273,2.5152051754615285e-05,1920.0,3840.0,0.0,0.03125,0.03125,0.014737186690252087,0.0
145620.0,40.45,0.17521769465794973,0.0,0.17521769465794973,0.05523347672551605,0.14249244447696044,2.4075075555220655,-9.738876372011873e-13,0.14249244447696044,2.5131132819394714e-05,1920.0,3840.0,0.0,0.03125,0.03125,0.014708570485108069,0.0
145680.0,40.46666666666667,0.17518244229498953,0.0,0.17518244229498953,0.0552291275019394,0.1424673342346147,2.407532665764408,-9.774403508799878e-13,0.1424673342346147,2.5110242342279804e-05,1920.0,3840.0,0.0,0.03125,0.03125,0.014680047638979194,0.0
145740.0,40.483333333333334,0.17514722037083613,0.0,0.17514722037083613,0.05522478419055483,0.14244224485434132,2.407557755144678,-9.805489753489383e-13,0.14244224485434132,2.5089380270177e-05,1920.0,3840.0,0.0,0.03125,0.03125,0.014651578714419604,0.0
145800.0,40.5,0.17511202884298216,0.0,0.17511202884298216,0.05522044678034048,0.14241717630778788,2.4075828236912282,-9.836575998178887e-13,0.14241717630778788,2.5068546550119725e-05,1920.0,3840.0,0.0,0.03125,0.03125,0.014623079638832269,0.0
145860.0,40.516666666666666,0.17507686766901093,0.0,0.17507686766901093,0.05521611526030064,0.1423921285666555,2.4076078714323574,-9.867662242868391e-13,0.1423921285666555,2.5047741129265254e-05,1920.0,3840.0,0.0,0.03125,0.03125,0.014594735041768519,0.0
145920.0,40.53333333333333,0.1750417368065792,0.0,0.1750417368065792,0.055211789619464643,0.14236710160269728,2.4076328983963124,-9.903189379656396e-13,0.14236710160269728,2.5026963954895425e-05,1920.0,3840.0,0.0,0.03125,0.03125,0.014566433816128248,0.0
145980.0,40.55,0.17500663621342644,0.0,0.17500663621342644,0.055207469846889366,0.14234209538771989,2.4076579046112867,-9.9342756243459e-13,0.14234209538771989,2.5006214974415996e-05,1920.0,3840.0,0.0,0.03125,0.03125,0.01453815207770993,0.0
146040.0,40.56666666666667,0.17497156584737644,0.0,0.17497156584737644,0.05520315593165571,0.14231710989358123,2.407682890105422,-9.965361869035405e-13,0.14231710989358123,2.4985494135357996e-05,1920.0,3840.0,0.0,0.03125,0.03125,0.014509948387715512,0.0
146100.0,40.583333333333336,0.17493652566631923,0.0,0.17493652566631923,0.05519884786287134,0.1422921450921926,2.4077078549068074,-9.99644811372491e-13,0.1422921450921926,2.4964801385375174e-05,1920.0,3840.0,0.0,0.03125,0.03125,0.014481824885074301,0.0
146160.0,40.6,0.17490151562824477,0.0,0.17490151562824477,0.055194545629669016,0.14226720095551734,2.4077327990434796,-1.0027534358414414e-12,0.14226720095551734,2.4944136672243334e-05,1920.0,3840.0,0.0,0.03125,0.03125,0.014453762054856375,0.0
146220.0,40.61666666666667,0.17486653569120789,0.0,0.17486653569120789,0.05519024922120694,0.1422422774555704,2.4077577225434235,-1.0058620603103918e-12,0.1422422774555704,2.4923499943861204e-05,1920.0,3840.0,0.0,0.03125,0.03125,0.014425724779979878,0.0
146280.0,40.63333333333333,0.17483158581334912,0.0,0.17483158581334912,0.05518595862666959,0.14221737456441885,2.4077826254345718,-1.0089706847793423e-12,0.14221737456441885,2.4902891148251156e-05,1920.0,3840.0,0.0,0.03125,0.03125,0.014397778900853099,0.0
146340.0,40.65,0.1747966659528883,0.0,0.1747966659528883,0.055181673835265184,0.14219249225418198,2.4078075077448053,-1.0125233984581428e-12,0.14219249225418198,2.488231023355657e-05,1920.0,3840.0,0.0,0.03125,0.03125,0.014369890758575418,0.0
146400.0,40.666666666666664,0.17476177606811696,0.0,0.17476177606811696,0.05517739483622915,0.14216763049703085,2.4078323695019535,-1.0156320229270932e-12,0.14216763049703085,2.4861757148040833e-05,1920.0,3840.0,0.0,0.03125,0.03125,0.014342047319495762,0.0
146460.0,40.68333333333333,0.17472691611741886,0.0,0.17472691611741886,0.055173121618821014,0.1421427892651877,2.4078572107337934,-1.0187406473960436e-12,0.1421427892651877,2.484123184009279e-05,1920.0,3840.0,0.0,0.03125,0.03125,0.014314199139475686,0.0
146520.0,40.7,0.17469208605924436,0.0,0.17469208605924436,0.05516885417232592,0.14211796853092612,2.4078820314680516,-1.0222933610748441e-12,0.14211796853092612,2.4820734258219946e-05,1920.0,3840.0,0.0,0.03125,0.03125,0.014286514069392162,0.0
146580.0,40.71666666666667,0.1746572858521302,0.0,0.1746572858521302,0.05516459248605375,0.14209316826657206,2.4079068317324026,-1.0249578963339445e-12,0.14209316826657206,2.480026435104924e-05,1920.0,3840.0,0.0,0.03125,0.03125,0.014258809826050984,0.0
146640.0,40.733333333333334,0.17462251545468885,0.0,0.17462251545468885,0.05516033654933974,0.14206838844450145,2.4079316115544698,-1.028510610012745e-12,0.14206838844450145,2.477982206733071e-05,1920.0,3840.0,0.0,0.03125,0.03125,0.014231179779618276,0.0
146700.0,40.75,0.1745877748256069,0.0,0.1745877748256069,0.055156086351544203,0.14204362903714257,2.4079563709618257,-1.0316192344816955e-12,0.14204362903714257,2.475940735593192e-05,1920.0,3840.0,0.0,0.03125,0.03125,0.014203642148259766,0.0
146760.0,40.766666666666666,0.17455306392365783,0.0,0.17455306392365783,0.05515184188205132,0.14201889001697357,2.4079811099819914,-1.0347278589506459e-12,0.14201889001697357,2.4739020165841563e-05,1920.0,3840.0,0.0,0.03125,0.03125,0.014176147893836415,0.0
146820.0,40.78333333333333,0.1745183827076838,0.0,0.1745183827076838,0.05514760313027144,0.14199417135652415,2.4080058286424375,-1.0382805726294464e-12,0.14199417135652415,2.4718660446165113e-05,1920.0,3840.0,0.0,0.03125,0.03125,0.014148711093756386,0.0
146880.0,40.8,0.1744837311366124,0.0,0.1744837311366124,0.05514337008563894,0.14196947302837504,2.4080305269705837,-1.0409451078885468e-12,0.14196947302837504,2.469832814613072e-05,1920.0,3840.0,0.0,0.03125,0.03125,0.01412134027405062,0.0
146940.0,40.81666666666667,0.1744491091694443,0.0,0.1744491091694443,0.05513914273761323,0.14194479500515678,2.408055204993799,-1.0440537323574972e-12,0.14194479500515678,2.4678023215083298e-05,1920.0,3840.0,0.0,0.03125,0.03125,0.014093982231139711,0.0
147000.0,40.833333333333336,0.1744145167652552,0.0,0.1744145167652552,0.05513492107567814,0.14192013725955144,2.4080798627394016,-1.0467182676165976e-12,0.14192013725955144,2.4657745602486237e-05,1920.0,3840.0,0.0,0.03125,0.03125,0.01406666647065843,0.0
147060.0,40.85,0.1743799538832054,0.0,0.1743799538832054,0.05513070508934161,0.14189549976429022,2.4081045002346593,-1.050270981295398e-12,0.14189549976429022,2.4637495257920806e-05,1920.0,3840.0,0.0,0.03125,0.03125,0.014039458020825391,0.0
147120.0,40.86666666666667,0.1743454204825235,0.0,0.1743454204825235,0.05512649476813684,0.14187088249215604,2.4081291175067903,-1.0533796057643485e-12,0.14187088249215604,2.4617272131084937e-05,1920.0,3840.0,0.0,0.03125,0.03125,0.014012340553208824,0.0
147180.0,40.88333333333333,0.17431091652252267,0.0,0.17431091652252267,0.05512229010162098,0.14184628541598104,2.408153714582962,-1.056488230233299e-12,0.14184628541598104,2.459707617179647e-05,1920.0,3840.0,0.0,0.03125,0.03125,0.013985200640543574,0.0
147240.0,40.9,0.1742764419625885,0.0,0.1742764419625885,0.055118091079375306,0.14182170850864811,2.4081782914902923,-1.0595968547022494e-12,0.14182170850864811,2.4576907329985982e-05,1920.0,3840.0,0.0,0.03125,0.03125,0.013958115961706917,0.0
147300.0,40.916666666666664,0.17424199676217972,0.0,0.17424199676217972,0.05511389769100574,0.14179715174308924,2.408202848255848,-1.0627054791711998e-12,0.14179715174308924,2.455676555570495e-05,1920.0,3840.0,0.0,0.03125,0.03125,0.013931138407380885,0.0
147360.0,40.93333333333333,0.17420758088084012,0.0,0.17420758088084012,0.05510970992614252,0.1417726150922872,2.408227384906647,-1.0653700144303002e-12,0.1417726150922872,2.453665079911872e-05,1920.0,3840.0,0.0,0.03125,0.03125,0.013904203599607116,0.0
147420.0,40.95,0.1741731942781805,0.0,0.1741731942781805,0.05510552777443978,0.14174809852927356,2.4082519014696575,-1.0689227281091007e-12,0.14174809852927356,2.4516563010510212e-05,1920.0,3840.0,0.0,0.03125,0.03125,0.013877322160041158,0.0
147480.0,40.96666666666667,0.1741388369138937,0.0,0.1741388369138937,0.05510135122557551,0.1417236020271301,2.4082763979717976,-1.0720313525780512e-12,0.1417236020271301,2.449650214027746e-05,1920.0,3840.0,0.0,0.03125,0.03125,0.013850465646997509,0.0
147540.0,40.983333333333334,0.17410450874774758,0.0,0.17410450874774758,0.05509718026925205,0.14169912555898803,2.4083008744399366,-1.0751399770470016e-12,0.14169912555898803,2.4476468138931466e-05,1920.0,3840.0,0.0,0.03125,0.03125,0.013823714253665317,0.0
147600.0,41.0,0.17407020973957626,0.0,0.17407020973957626,0.05509301489519579,0.14167466909802812,2.408325330900894,-1.077804512306102e-12,0.14167466909802812,2.445646095710275e-05,1920.0,3840.0,0.0,0.03125,0.03125,0.013796994994980587,0.0
147660.0,41.016666666666666,0.17403593984930538,0.0,0.17403593984930538,0.055088855093155885,0.14165023261747955,2.4083497673814396,-1.0809131367750524e-12,0.14165023261747955,2.4436480545532136e-05,1920.0,3840.0,0.0,0.03125,0.03125,0.013770345842094862,0.0
147720.0,41.03333333333333,0.17400169903692192,0.0,0.17400169903692192,0.05508470085290659,0.1416258160906212,2.4083741839082946,-1.0840217612440028e-12,0.1416258160906212,2.4416526855076335e-05,1920.0,3840.0,0.0,0.03125,0.03125,0.013743699852078944,0.0
147780.0,41.05,0.1739674872624951,0.0,0.1739674872624951,0.055080552164245705,0.14160141949078156,2.4083985805081314,-1.0866862965031032e-12,0.14160141949078156,2.439659983670755e-05,1920.0,3840.0,0.0,0.03125,0.03125,0.013717147288745525,0.0
147840.0,41.06666666666667,0.17393330448616956,0.0,0.17393330448616956,0.05507640901699401,0.1415770427913369,2.408422957207573,-1.0897949209720537e-12,0.1415770427913369,2.437669944151089e-05,1920.0,3840.0,0.0,0.03125,0.03125,0.013690657683196461,0.0
147900.0,41.083333333333336,0.17389915066815156,0.0,0.17389915066815156,0.05507227140099649,0.14155268596571335,2.408447314033194,-1.092459456231154e-12,0.14155268596571335,2.4356825620684706e-05,1920.0,3840.0,0.0,0.03125,0.03125,0.01366427638651858,0.0
147960.0,41.1,0.17386502576874246,0.0,0.17386502576874246,0.0550681393061211,0.14152834898738487,2.4084716510115194,-1.0955680807001045e-12,0.14152834898738487,2.4336978325538496e-05,1920.0,3840.0,0.0,0.03125,0.03125,0.013637828417569454,0.0
148020.0,41.11666666666667,0.173830929748303,0.0,0.173830929748303,0.05506401272226005,0.1415040318298742,2.408495968169027,-1.098676705169055e-12,0.1415040318298742,2.431715750749854e-05,1920.0,3840.0,0.0,0.03125,0.03125,0.013611498898469925,0.0
148080.0,41.13333333333333,0.17379686256727248,0.0,0.17379686256727248,0.055059891639328125,0.14147973446675327,2.408520265532145,-1.1017853296380054e-12,0.14147973446675327,2.42973631181012e-05,1920.0,3840.0,0.0,0.03125,0.03125,0.01358519999295334,0.0
148140.0,41.15,0.17376282418616576,0.0,0.17376282418616576,0.0550557760472635,0.14145545687164127,2.408544543127254,-1.1048939541069558e-12,0.14145545687164127,2.427759510899268e-05,1920.0,3840.0,0.0,0.03125,0.03125,0.013559003289005766,0.0
148200.0,41.166666666666664,0.17372881456556458,0.0,0.17372881456556458,0.05505166593602865,0.1414311990182064,2.4085688009806856,-1.1080025785759062e-12,0.1414311990182064,2.4257853431935976e-05,1920.0,3840.0,0.0,0.03125,0.03125,0.013532830609815734,0.0
148260.0,41.18333333333333,0.1736948336661348,0.0,0.1736948336661348,0.05504756129560807,0.1414069608801644,2.4085930391187245,-1.1111112030448567e-12,0.1414069608801644,2.4238138038802357e-05,1920.0,3840.0,0.0,0.03125,0.03125,0.013506729380654973,0.0
148320.0,41.2,0.17366088144860928,0.0,0.17366088144860928,0.05504346211600995,0.14138274243128005,2.408617257567606,-1.113775738303957e-12,0.14138274243128005,2.4218448881575754e-05,1920.0,3840.0,0.0,0.03125,0.03125,0.013480652799595457,0.0
148380.0,41.21666666666667,0.17362695787379012,0.0,0.17362695787379012,0.05503936838726534,0.1413585436453648,2.4086414563535183,-1.1168843627729075e-12,0.1413585436453648,2.419878591234989e-05,1920.0,3840.0,0.0,0.03125,0.03125,0.013454633774191482,0.0
148440.0,41.233333333333334,0.17359306290256304,0.0,0.17359306290256304,0.055035280099428464,0.14133436449627834,2.4086656355026017,-1.119992987241858e-12,0.14133436449627834,2.4179149083329046e-05,1920.0,3840.0,0.0,0.03125,0.03125,0.01342871218400544,0.0
148500.0,41.25,0.17355919649587664,0.0,0.17355919649587664,0.05503119724257663,0.14131020495792848,2.4086897950409485,-1.1226575225009583e-12,0.14131020495792848,2.4159538346829477e-05,1920.0,3840.0,0.0,0.03125,0.03125,0.01340277798725797,0.0
148560.0,41.266666666666666,0.17352535861475862,0.0,0.17352535861475862,0.05502711980680929,0.1412860650042704,2.4087139349946036,-1.1257661469699087e-12,0.1412860650042704,2.4139953655275266e-05,1920.0,3840.0,0.0,0.03125,0.03125,0.013376930855769511,0.0
148620.0,41.28333333333333,0.17349154922030977,0.0,0.17349154922030977,0.055023047782249354,0.14126194460930627,2.408738055389565,-1.1284306822290091e-12,0.14126194460930627,2.412039496119978e-05,1920.0,3840.0,0.0,0.03125,0.03125,0.013351145646891297,0.0
148680.0,41.3,0.17345776827369072,0.0,0.17345776827369072,0.05501898115904256,0.14123784374708587,2.408762156251782,-1.1319833959078096e-12,0.14123784374708587,2.4100862217248912e-05,1920.0,3840.0,0.0,0.03125,0.03125,0.013325399614198546,0.0
148740.0,41.31666666666667,0.17342401573615354,0.0,0.17342401573615354,0.05501491992735736,0.14121376239170674,2.408786237607158,-1.13509202037676e-12,0.14121376239170674,2.408135537617576e-05,1920.0,3840.0,0.0,0.03125,0.03125,0.01329969953667377,0.0
148800.0,41.333333333333336,0.17339029156900992,0.0,0.17339029156900992,0.05501086407738438,0.1411897005173129,2.408810299481549,-1.1382006448457105e-12,0.1411897005173129,2.406187439084239e-05,1920.0,3840.0,0.0,0.03125,0.03125,0.013274047549343209,0.0
148860.0,41.35,0.17335659573364393,0.0,0.17335659573364393,0.05500681359933681,0.14116565809809595,2.408834341900763,-1.1408651801048109e-12,0.14116565809809595,2.4042419214217737e-05,1920.0,3840.0,0.0,0.03125,0.03125,0.013248507656558066,0.0
148920.0,41.36666666666667,0.17332292819151646,0.0,0.17332292819151646,0.055002768483450995,0.14114163510829353,2.408858364890562,-1.1439738045737613e-12,0.14114163510829353,2.4022989799381733e-05,1920.0,3840.0,0.0,0.03125,0.03125,0.013222980439460283,0.0
148980.0,41.38333333333333,0.17328928890415446,0.0,0.17328928890415446,0.054998728719985006,0.14111763152219106,2.408882368476662,-1.1470824290427117e-12,0.14111763152219106,2.4003586099520513e-05,1920.0,3840.0,0.0,0.03125,0.03125,0.013197487659969162,0.0
149040.0,41.4,0.1732556778331608,0.0,0.1732556778331608,0.054994694299219514,0.14109364731412027,2.40890635268473,-1.1497469643018121e-12,0.14109364731412027,2.3984208067926416e-05,1920.0,3840.0,0.0,0.03125,0.03125,0.01317203761410355,0.0
149100.0,41.416666666666664,0.17322209494020996,0.0,0.17322209494020996,0.054990665211457866,0.14106968245845933,2.408930317540388,-1.1524114995609125e-12,0.14106968245845933,2.396485565800174e-05,1920.0,3840.0,0.0,0.03125,0.03125,0.013146698414208974,0.0
149160.0,41.43333333333333,0.17318854018703506,0.0,0.17318854018703506,0.05498664144702523,0.14104573692963307,2.4089542630692113,-1.155520124029863e-12,0.14104573692963307,2.3945528823254743e-05,1920.0,3840.0,0.0,0.03125,0.03125,0.013121370120412134,0.0
149220.0,41.45,0.1731550135354606,0.0,0.1731550135354606,0.05498262299626913,0.1410218107021128,2.408978189296729,-1.1581846592889633e-12,0.1410218107021128,2.3926227517300465e-05,1920.0,3840.0,0.0,0.03125,0.03125,0.013096117529523239,0.0
149280.0,41.46666666666667,0.17312151494736772,0.0,0.17312151494736772,0.0549786098495592,0.14099790375041618,2.4090020962484227,-1.1608491945480637e-12,0.14099790375041618,2.3906951693860333e-05,1920.0,3840.0,0.0,0.03125,0.03125,0.013070878902169587,0.0
149340.0,41.483333333333334,0.17308804438470904,0.0,0.17308804438470904,0.054974601997287056,0.14097401604910648,2.4090259839497294,-1.1639578190170141e-12,0.14097401604910648,2.3887701306759664e-05,1920.0,3840.0,0.0,0.03125,0.03125,0.01304576181468099,0.0
149400.0,41.5,0.1730546018095134,0.0,0.1730546018095134,0.054970599429866616,0.14095014757279364,2.4090498524260395,-1.1666223542761145e-12,0.14095014757279364,2.386847630993427e-05,1920.0,3840.0,0.0,0.03125,0.03125,0.013020600153200536,0.0
149460.0,41.516666666666666,0.1730211871838735,0.0,0.1730211871838735,0.05496660213773347,0.1409262982961334,2.409073701702697,-1.1692868895352149e-12,0.1409262982961334,2.384927665742083e-05,1920.0,3840.0,0.0,0.03125,0.03125,0.012995557272375622,0.0
149520.0,41.53333333333333,0.17298780046995665,0.0,0.17298780046995665,0.054962610111344644,0.140902468193827,2.4090975318050005,-1.1723955140041653e-12,0.140902468193827,2.383010230336326e-05,1920.0,3840.0,0.0,0.03125,0.03125,0.012970538285433682,0.0
149580.0,41.55,0.1729544416300004,0.0,0.1729544416300004,0.054958623341180214,0.1408786572406221,2.4091213427582026,-1.1750600492632657e-12,0.1408786572406221,2.3810953202009285e-05,1920.0,3840.0,0.0,0.03125,0.03125,0.012945578271690935,0.0
149640.0,41.56666666666667,0.17292111062630272,0.0,0.17292111062630272,0.0549546418177409,0.1408548654113115,2.40914513458751,-1.1781686737322161e-12,0.1408548654113115,2.3791829307713464e-05,1920.0,3840.0,0.0,0.03125,0.03125,0.012920724927353865,0.0
149700.0,41.583333333333336,0.1728878074212454,0.0,0.1728878074212454,0.0549506655315499,0.140831092680734,2.409168907318085,-1.1808332089913165e-12,0.140831092680734,2.377273057493418e-05,1920.0,3840.0,0.0,0.03125,0.03125,0.01289585027612703,0.0
149760.0,41.6,0.17285453197727177,0.0,0.17285453197727177,0.05494669447315136,0.1408073390237728,2.409192660975043,-1.183941833460267e-12,0.1408073390237728,2.375365695823217e-05,1920.0,3840.0,0.0,0.03125,0.03125,0.012871068481123895,0.0
149820.0,41.61666666666667,0.17282128425688917,0.0,0.17282128425688917,0.05494272863311143,0.1407836044153575,2.4092163955834556,-1.1866063687193673e-12,0.1407836044153575,2.3734608412271396e-05,1920.0,3840.0,0.0,0.03125,0.03125,0.012846284405374823,0.0
149880.0,41.63333333333333,0.17278806422268675,0.0,0.17278806422268675,0.0549387680020178,0.14075988883046298,2.4092401111683475,-1.1892709039784677e-12,0.14075988883046298,2.3715584891822986e-05,1920.0,3840.0,0.0,0.03125,0.03125,0.012821574422054697,0.0
149940.0,41.65,0.1727548718373124,0.0,0.1727548718373124,0.05493481257047971,0.14073619224410833,2.4092638077546993,-1.1923795284474181e-12,0.14073619224410833,2.369658635175877e-05,1920.0,3840.0,0.0,0.03125,0.03125,0.012796965475197751,0.0
150000.0,41.666666666666664,0.17272170706348694,0.0,0.17272170706348694,0.054930862329126987,0.1407125146313585,2.409287485367446,-1.1950440637065185e-12,0.1407125146313585,2.367761274705232e-05,1920.0,3840.0,0.0,0.03125,0.03125,0.012772386616596583,0.0
150060.0,41.68333333333333,0.17268856986399916,0.0,0.17268856986399916,0.0549269172686121,0.1406888559673227,2.409311144031479,-1.198152688175469e-12,0.1406888559673227,2.3658664032780676e-05,1920.0,3840.0,0.0,0.03125,0.03125,0.0127478089316112,0.0
150120.0,41.7,0.1726554602017037,0.0,0.1726554602017037,0.054922977379608016,0.14066521622715583,2.409334783771643,-1.2008172234345693e-12,0.14066521622715583,2.3639740164125606e-05,1920.0,3840.0,0.0,0.03125,0.03125,0.012723343994391323,0.0
150180.0,41.71666666666667,0.17262237803952854,0.0,0.17262237803952854,0.054919042652809016,0.14064159538605667,2.4093584046127394,-1.2039258479035198e-12,0.14064159538605667,2.3620841096369284e-05,1920.0,3840.0,0.0,0.03125,0.03125,0.012698898254710739,0.0
150240.0,41.733333333333334,0.1725893233404686,0.0,0.1725893233404686,0.05491511307893061,0.14061799341926867,2.4093820065795244,-1.2065903831626201e-12,0.14061799341926867,2.3601966784894538e-05,1920.0,3840.0,0.0,0.03125,0.03125,0.01267443742628442,0.0
150300.0,41.75,0.17255629606757664,0.0,0.17255629606757664,0.05491118864870948,0.14059441030208084,2.4094055896967097,-1.2092549184217205e-12,0.14059441030208084,2.3583117185186062e-05,1920.0,3840.0,0.0,0.03125,0.03125,0.012650170901979615,0.0
150360.0,41.766666666666666,0.17252329618399048,0.0,0.17252329618399048,0.0549072693529035,0.14057084600982533,2.4094291539889627,-1.2119194536808209e-12,0.14057084600982533,2.3564292252831775e-05,1920.0,3840.0,0.0,0.03125,0.03125,0.012625855404745067,0.0
150420.0,41.78333333333333,0.17249032365290573,0.0,0.17249032365290573,0.05490335518229125,0.1405473005178789,2.4094526994809065,-1.2145839889399213e-12,0.1405473005178789,2.3545491943518594e-05,1920.0,3840.0,0.0,0.03125,0.03125,0.012601631148985196,0.0
150480.0,41.8,0.17245737843757905,0.0,0.17245737843757905,0.054899446127671794,0.14052377380166312,2.4094762261971194,-1.2172485241990216e-12,0.14052377380166312,2.35267162130342e-05,1920.0,3840.0,0.0,0.03125,0.03125,0.012577416531929982,0.0
150540.0,41.81666666666667,0.1724244605013503,0.0,0.1724244605013503,0.05489554217986654,0.14050026583664288,2.4094997341621367,-1.220357148667972e-12,0.14050026583664288,2.3507965017265435e-05,1920.0,3840.0,0.0,0.03125,0.03125,0.012553312454459419,0.0
150600.0,41.833333333333336,0.1723915698076147,0.0,0.1723915698076147,0.05489164332971655,0.1404767765983279,2.409523223400449,-1.2230216839270724e-12,0.1404767765983279,2.348923831220441e-05,1920.0,3840.0,0.0,0.03125,0.03125,0.012529195286367553,0.0
150660.0,41.85,0.17235870631983694,0.0,0.17235870631983694,0.05488774956808386,0.14045330606227138,2.4095466939365027,-1.2256862191861728e-12,0.14045330606227138,2.3470536053937144e-05,1920.0,3840.0,0.0,0.03125,0.03125,0.012505135866048726,0.0
150720.0,41.86666666666667,0.17232587000155153,0.0,0.17232587000155153,0.05488386088585146,0.14042985420406978,2.409570145794701,-1.2287948436551233e-12,0.14042985420406978,2.345185819865357e-05,1920.0,3840.0,0.0,0.03125,0.03125,0.01248114402164531,0.0
150780.0,41.88333333333333,0.17229306081635523,0.0,0.17229306081635523,0.05487997727392264,0.14040642099936437,2.4095935789994036,-1.2319034681240737e-12,0.14040642099936437,2.343320470263871e-05,1920.0,3840.0,0.0,0.03125,0.03125,0.01245723576786241,0.0
150840.0,41.9,0.17226027872791538,0.0,0.17226027872791538,0.05487609872322174,0.14038300642383955,2.409616993574926,-1.234123914173324e-12,0.14038300642383955,2.341457552228018e-05,1920.0,3840.0,0.0,0.03125,0.03125,0.012433327290106828,0.0
150900.0,41.916666666666664,0.17222752369996475,0.0,0.17222752369996475,0.05487222522469378,0.14035961045322248,2.4096403895455403,-1.2372325386422744e-12,0.14035961045322248,2.3395970614063954e-05,1920.0,3840.0,0.0,0.03125,0.03125,0.012409488271512224,0.0
150960.0,41.93333333333333,0.1721947956962976,0.0,0.1721947956962976,0.054868356769302795,0.14033623306328502,2.409663766935475,-1.2398970739013748e-12,0.14033623306328502,2.337738993457308e-05,1920.0,3840.0,0.0,0.03125,0.03125,0.012385687598238968,0.0
151020.0,41.95,0.17216209468078236,0.0,0.17216209468078236,0.05486449334803506,0.1403128742298419,2.409687125768915,-1.2425616091604752e-12,0.1403128742298419,2.335883344048553e-05,1920.0,3840.0,0.0,0.03125,0.03125,0.01236195057549974,0.0
151080.0,41.96666666666667,0.1721294206173504,0.0,0.1721294206173504,0.054860634951896685,0.14028953392875046,2.409710466070004,-1.2452261444195756e-12,0.14028953392875046,2.334030108858627e-05,1920.0,3840.0,0.0,0.03125,0.03125,0.012338235465505507,0.0
151140.0,41.983333333333334,0.17209677346999025,0.0,0.17209677346999025,0.054856781571913794,0.140266212135912,2.4097337878628395,-1.248334768888526e-12,0.140266212135912,2.3321792835750474e-05,1920.0,3840.0,0.0,0.03125,0.03125,0.012314636755057916,0.0
151200.0,42.0,0.17206415320277135,0.0,0.17206415320277135,0.05485293319913314,0.1402429088272706,2.4097570911714783,-1.2509993041476264e-12,0.1402429088272706,2.3303308638954726e-05,1920.0,3840.0,0.0,0.03125,0.03125,0.012291006902714395,0.0
151260.0,42.016666666666666,0.1720315597798213,0.0,0.1720315597798213,0.054849089824620674,0.14021962397881246,2.4097803760199334,-1.2541079286165768e-12,0.14021962397881246,2.3284848455267977e-05,1920.0,3840.0,0.0,0.03125,0.03125,0.012267467483638815,0.0
151320.0,42.03333333333333,0.17199899316532247,0.0,0.17199899316532247,0.054845251439464414,0.14019635756656806,2.409803642432175,-1.2567724638756772e-12,0.14019635756656806,2.326641224186105e-05,1920.0,3840.0,0.0,0.03125,0.03125,0.012243945211974179,0.0
151380.0,42.05,0.171966453323543,0.0,0.171966453323543,0.05484141803477086,0.1401731095666091,2.409826890432131,-1.2598810883446276e-12,0.1401731095666091,2.3247999956000262e-05,1920.0,3840.0,0.0,0.03125,0.03125,0.012220500383544,0.0
151440.0,42.06666666666667,0.1719339402188043,0.0,0.1719339402188043,0.05483758960166706,0.14014987995505146,2.409850120043686,-1.262101534393878e-12,0.14014987995505146,2.3229611555046506e-05,1920.0,3840.0,0.0,0.03125,0.03125,0.012197111915727933,0.0
151500.0,42.083333333333336,0.17190145381548655,0.0,0.17190145381548655,0.05483376613129961,0.1401266687080522,2.4098733312906826,-1.2652101588628284e-12,0.1401266687080522,2.3211246996455686e-05,1920.0,3840.0,0.0,0.03125,0.03125,0.012173759490767464,0.0
151560.0,42.1,0.17186899407805029,0.0,0.17186899407805029,0.054829947614836415,0.14010347580181154,2.4098965241969204,-1.2678746941219288e-12,0.14010347580181154,2.3192906237783913e-05,1920.0,3840.0,0.0,0.03125,0.03125,0.012150467355522136,0.0
151620.0,42.11666666666667,0.17183656097100994,0.0,0.17183656097100994,0.0548261340434638,0.14008030121257214,2.409919698786157,-1.2709833185908792e-12,0.14008030121257214,2.3174589236680687e-05,1920.0,3840.0,0.0,0.03125,0.03125,0.012127204321834955,0.0
151680.0,42.13333333333333,0.17180415445894384,0.0,0.17180415445894384,0.054822325408389036,0.14005714491661872,2.409942855082108,-1.2732037646401295e-12,0.14005714491661872,2.3156295950890744e-05,1920.0,3840.0,0.0,0.03125,0.03125,0.012103987440515943,0.0
151740.0,42.15,0.1717717745065016,0.0,0.1717717745065016,0.05481852170083761,0.14003400689027767,2.4099659931084463,-1.2758682998992299e-12,0.14003400689027767,2.313802633825248e-05,1920.0,3840.0,0.0,0.03125,0.03125,0.012080825240360537,0.0
151800.0,42.166666666666664,0.17173942107839116,0.0,0.17173942107839116,0.054814722912056836,0.14001088710991835,2.409989112888803,-1.2785328351583303e-12,0.14001088710991835,2.3119780356701512e-05,1920.0,3840.0,0.0,0.03125,0.03125,0.012057705742010994,0.0
151860.0,42.18333333333333,0.1717070941393851,0.0,0.1717070941393851,0.054810929033311966,0.13998778555195124,2.4100122144467675,-1.2811973704174306e-12,0.13998778555195124,2.3101557964267086e-05,1920.0,3840.0,0.0,0.03125,0.03125,0.012034651263011998,0.0
151920.0,42.2,0.1716747936543238,0.0,0.1716747936543238,0.054807140055888916,0.13996470219282947,2.4100352978058868,-1.283417816466681e-12,0.13996470219282947,2.3083359119072613e-05,1920.0,3840.0,0.0,0.03125,0.03125,0.012011646762072866,0.0
151980.0,42.21666666666667,0.1716425195881061,0.0,0.1716425195881061,0.05480335597109183,0.13994163700904752,2.410058362989666,-1.2860823517257813e-12,0.13994163700904752,2.306518377933425e-05,1920.0,3840.0,0.0,0.03125,0.03125,0.011988684597368992,0.0
152040.0,42.233333333333334,0.1716102719056979,0.0,0.1716102719056979,0.05479957677024619,0.13991858997714154,2.4100814100215695,-1.2887468869848817e-12,0.13991858997714154,2.3047031903362647e-05,1920.0,3840.0,0.0,0.03125,0.03125,0.011965756265696365,0.0
152100.0,42.25,0.17157805057212783,0.0,0.17157805057212783,0.054795802444695854,0.13989556107368933,2.410104438925019,-1.291411422243982e-12,0.13989556107368933,2.302890344956536e-05,1920.0,3840.0,0.0,0.03125,0.03125,0.011942895248736162,0.0
152160.0,42.266666666666666,0.17154585555248594,0.0,0.17154585555248594,0.054792032985804213,0.13987255027531018,2.4101274497233955,-1.2940759575030825e-12,0.13987255027531018,2.301079837643824e-05,1920.0,3840.0,0.0,0.03125,0.03125,0.011920071222473301,0.0
152220.0,42.28333333333333,0.17151368681192833,0.0,0.17151368681192833,0.05478826838495405,0.1398495575586649,2.410150442440038,-1.2967404927621828e-12,0.1398495575586649,2.2992716642573974e-05,1920.0,3840.0,0.0,0.03125,0.03125,0.011897239481227374,0.0
152280.0,42.3,0.17148154431567275,0.0,0.17148154431567275,0.0547845086335473,0.13982658290045577,2.4101734170982447,-1.2994050280212832e-12,0.13982658290045577,2.2974658206654034e-05,1920.0,3840.0,0.0,0.03125,0.03125,0.011874504834325571,0.0
152340.0,42.31666666666667,0.17144942802899765,0.0,0.17144942802899765,0.05478075372300558,0.13980362627742557,2.410196373721272,-1.3020695632803836e-12,0.13980362627742557,2.2956623027456806e-05,1920.0,3840.0,0.0,0.03125,0.03125,0.011851864692561592,0.0
152400.0,42.333333333333336,0.17141733791724853,0.0,0.17141733791724853,0.05477700364476946,0.13978068766635895,2.410219312332336,-1.304734098539484e-12,0.13978068766635895,2.2938611063849853e-05,1920.0,3840.0,0.0,0.03125,0.03125,0.011829203911883062,0.0
152460.0,42.35,0.17138527394583097,0.0,0.17138527394583097,0.054773258390298236,0.13975776704408152,2.410242232954611,-1.3073986337985843e-12,0.13975776704408152,2.292062227479492e-05,1920.0,3840.0,0.0,0.03125,0.03125,0.011806595147049948,0.0
152520.0,42.36666666666667,0.1713532360802104,0.0,0.1713532360802104,0.05476951795107059,0.13973486438745963,2.41026513561123,-1.3100631690576847e-12,0.13973486438745963,2.2902656619340757e-05,1920.0,3840.0,0.0,0.03125,0.03125,0.011784074314708749,0.0
152580.0,42.38333333333333,0.17132122428592003,0.0,0.17132122428592003,0.054765782318584984,0.1397119796734003,2.4102880203252868,-1.312727704316785e-12,0.1397119796734003,2.2884714056634662e-05,1920.0,3840.0,0.0,0.03125,0.03125,0.011761546209359774,0.0
152640.0,42.4,0.17128923852855255,0.0,0.17128923852855255,0.05476205148435779,0.13968911287885158,2.4103108871198327,-1.3153922395758855e-12,0.13968911287885158,2.2866794545911338e-05,1920.0,3840.0,0.0,0.03125,0.03125,0.01173912364666517,0.0
152700.0,42.416666666666664,0.17125727877375946,0.0,0.17125727877375946,0.054758325439924885,0.13966626398080256,2.410333736017879,-1.3180567748349858e-12,0.13966626398080256,2.2848898046496043e-05,1920.0,3840.0,0.0,0.03125,0.03125,0.011716724785425842,0.0
152760.0,42.43333333333333,0.1712253449872598,0.0,0.1712253449872598,0.05475460417684093,0.1396434329562823,2.4103565670423968,-1.3207213100940862e-12,0.1396434329562823,2.283102451780672e-05,1920.0,3840.0,0.0,0.03125,0.03125,0.011694341478530466,0.0
152820.0,42.45,0.17119343713483204,0.0,0.17119343713483204,0.054750887686679135,0.13962061978236032,2.410379380216316,-1.3233858453531866e-12,0.13962061978236032,2.28131739193499e-05,1920.0,3840.0,0.0,0.03125,0.03125,0.011672065182290688,0.0
152880.0,42.46666666666667,0.17116155518231235,0.0,0.17116155518231235,0.05474717596103203,0.13959782443614688,2.4104021755625267,-1.326050380612287e-12,0.13959782443614688,2.2795346210723526e-05,1920.0,3840.0,0.0,0.03125,0.03125,0.011649792583029816,0.0
152940.0,42.483333333333334,0.17112969909560488,0.0,0.17112969909560488,0.054743468991510745,0.13957504689479264,2.4104249531038784,-1.3287149158713873e-12,0.13957504689479264,2.2777541351616504e-05,1920.0,3840.0,0.0,0.03125,0.03125,0.011627568496142686,0.0
153000.0,42.5,0.17109786884067235,0.0,0.17109786884067235,0.05473976676974454,0.1395522871354882,2.41044771286318,-1.3313794511304877e-12,0.1395522871354882,2.2759759301806004e-05,1920.0,3840.0,0.0,0.03125,0.03125,0.011605393487280808,0.0
153060.0,42.516666666666666,0.17106606438353458,0.0,0.17106606438353458,0.05473606928738165,0.13952954513546448,2.410470454863201,-1.3344880755994382e-12,0.13952954513546448,2.27420000211571e-05,1920.0,3840.0,0.0,0.03125,0.03125,0.011583272370891642,0.0
153120.0,42.53333333333333,0.17103428569027954,0.0,0.17103428569027954,0.054732376536089464,0.13950682087199226,2.4104931791266706,-1.3371526108585385e-12,0.13950682087199226,2.2724263469627857e-05,1920.0,3840.0,0.0,0.03125,0.03125,0.011561184759969157,0.0
153180.0,42.55,0.17100253272705243,0.0,0.17100253272705243,0.05472868850755312,0.13948411432238234,2.410515885676278,-1.339817146117639e-12,0.13948411432238234,2.2706549607265273e-05,1920.0,3840.0,0.0,0.03125,0.03125,0.01153915226446545,0.0
153240.0,42.56666666666667,0.17097080546005627,0.0,0.17097080546005627,0.05472500519347687,0.13946142546398563,2.410538574534672,-1.3420375921668892e-12,0.13946142546398563,2.2688858394202758e-05,1920.0,3840.0,0.0,0.03125,0.03125,0.011517151981101103,0.0
153300.0,42.583333333333336,0.17093910385556077,0.0,0.17093910385556077,0.05472132658558259,0.13943875427419222,2.410561245724463,-1.3447021274259896e-12,0.13943875427419222,2.267118979066356e-05,1920.0,3840.0,0.0,0.03125,0.03125,0.01149522696834918,0.0
153360.0,42.6,0.17090742787989283,0.0,0.17090742787989283,0.05471765267561109,0.139416100730433,2.41058389926822,-1.34692257347524e-12,0.139416100730433,2.2653543756957963e-05,1920.0,3840.0,0.0,0.03125,0.03125,0.011473333542452877,0.0
153420.0,42.61666666666667,0.17087577749943783,0.0,0.17087577749943783,0.054713983455322045,0.1393934648101768,2.410606535188473,-1.3500311979441904e-12,0.1393934648101768,2.2635920253487646e-05,1920.0,3840.0,0.0,0.03125,0.03125,0.01145143953681119,0.0
153480.0,42.63333333333333,0.17084415268064546,0.0,0.17084415268064546,0.054710318916492105,0.13937084649093348,2.410629153507714,-1.3526957332032907e-12,0.13937084649093348,2.2618319240739315e-05,1920.0,3840.0,0.0,0.03125,0.03125,0.011429635582451839,0.0
153540.0,42.65,0.1708125533900229,0.0,0.1708125533900229,0.05470665905091712,0.13934824575025134,2.410651754248393,-1.3553602684623911e-12,0.13934824575025134,2.2600740679287675e-05,1920.0,3840.0,0.0,0.03125,0.03125,0.011407855814333729,0.0
153600.0,42.666666666666664,0.17078097959413668,0.0,0.17078097959413668,0.05470300385041058,0.1393256625657193,2.410674337432923,-1.3575807145116414e-12,0.1393256625657193,2.2583184529793732e-05,1920.0,3840.0,0.0,0.03125,0.03125,0.011386146047699554,0.0
153660.0,42.68333333333333,0.17074943125961553,0.0,0.17074943125961553,0.05469935330680528,0.13930309691496376,2.410696903083676,-1.3602452497707418e-12,0.13930309691496376,2.2565650753009915e-05,1920.0,3840.0,0.0,0.03125,0.03125,0.011364467045821204,0.0
153720.0,42.7,0.17071790835314637,0.0,0.17071790835314637,0.05469570741195031,0.13928054877565155,2.410719451222986,-1.3624656958199921e-12,0.13928054877565155,2.2548139309772897e-05,1920.0,3840.0,0.0,0.03125,0.03125,0.011342829625817074,0.0
153780.0,42.71666666666667,0.170686410841475,0.0,0.170686410841475,0.0546920661577145,0.13925801812548788,2.410741981873147,-1.3651302310790925e-12,0.13925801812548788,2.2530650161004847e-05,1920.0,3840.0,0.0,0.03125,0.03125,0.011321242794625375,0.0
153840.0,42.733333333333334,0.17065493869140735,0.0,0.17065493869140735,0.05468842953598334,0.13923550494221754,2.410764495056415,-1.3673506771283428e-12,0.13923550494221754,2.2513183267716974e-05,1920.0,3840.0,0.0,0.03125,0.03125,0.011299704710098045,0.0
153900.0,42.75,0.17062349186980985,0.0,0.17062349186980985,0.05468479753866111,0.1392130092036241,2.410786990795006,-1.3700152123874432e-12,0.1392130092036241,2.249573859100379e-05,1920.0,3840.0,0.0,0.03125,0.03125,0.011278247883870125,0.0
153960.0,42.766666666666666,0.17059207034360555,0.0,0.17059207034360555,0.05468117015766997,0.13919053088752945,2.410809469111098,-1.3722356584366935e-12,0.13919053088752945,2.2478316092050104e-05,1920.0,3840.0,0.0,0.03125,0.03125,0.011256789934597127,0.0
154020.0,42.78333333333333,0.17056067407977693,0.0,0.17056067407977693,0.054677547384949426,0.13916806997179487,2.41083193002683,-1.3749001936957939e-12,0.13916806997179487,2.2460915732122382e-05,1920.0,3840.0,0.0,0.03125,0.03125,0.0112353671206551,0.0
154080.0,42.8,0.1705293030453685,0.0,0.1705293030453685,0.05467392921245695,0.1391456264343198,2.4108543735643027,-1.3775647289548942e-12,0.1391456264343198,2.2443537472575704e-05,1920.0,3840.0,0.0,0.03125,0.03125,0.01121401300649614,0.0
154140.0,42.81666666666667,0.1704979572074808,0.0,0.1704979572074808,0.054670315632167725,0.13912320025304242,2.4108767997455773,-1.3802292642139946e-12,0.13912320025304242,2.2426181274845583e-05,1920.0,3840.0,0.0,0.03125,0.03125,0.011192694036282891,0.0
154200.0,42.833333333333336,0.17046663653326857,0.0,0.17046663653326857,0.05466670663607549,0.13910079140593942,2.410899208592678,-1.382449710263245e-12,0.13910079140593942,2.2408847100459517e-05,1920.0,3840.0,0.0,0.03125,0.03125,0.011171365946035036,0.0
154260.0,42.85,0.1704353409899556,0.0,0.1704353409899556,0.05466310221619025,0.13907839987102583,2.410921600127589,-1.3851142455223453e-12,0.13907839987102583,2.239153491102599e-05,1920.0,3840.0,0.0,0.03125,0.03125,0.011150153637048724,0.0
154320.0,42.86666666666667,0.1704040705448183,0.0,0.1704040705448183,0.05465950236454097,0.139056025626355,2.410943974372257,-1.3877787807814457e-12,0.139056025626355,2.2374244668238773e-05,1920.0,3840.0,0.0,0.03125,0.03125,0.011128980167763371,0.0
154380.0,42.88333333333333,0.17037282516518248,0.0,0.17037282516518248,0.054655907073173145,0.13903366865001873,2.410966331348591,-1.389999226830696e-12,0.13903366865001873,2.2356976333876248e-05,1920.0,3840.0,0.0,0.03125,0.03125,0.011107820303395056,0.0
154440.0,42.9,0.17034160481844968,0.0,0.17034160481844968,0.05465231633415019,0.13901132892014637,2.410988671078461,-1.3926637620897964e-12,0.13901132892014637,2.2339729869799704e-05,1920.0,3840.0,0.0,0.03125,0.03125,0.011086757272447649,0.0
154500.0,42.916666666666664,0.17031040947207066,0.0,0.17031040947207066,0.0546487301395533,0.13898900641490589,2.411010993583699,-1.3948842081390467e-12,0.13898900641490589,2.2322505237957114e-05,1920.0,3840.0,0.0,0.03125,0.03125,0.011065697689798022,0.0
154560.0,42.93333333333333,0.17027923909354198,0.0,0.17027923909354198,0.05464514848148061,0.13896670111250314,2.411033298886099,-1.397548743398147e-12,0.13896670111250314,2.2305302400377523e-05,1920.0,3840.0,0.0,0.03125,0.03125,0.011044662110927788,0.0
154620.0,42.95,0.1702480936504416,0.0,0.1702480936504416,0.05464157135204792,0.1389444129911815,2.4110555870074184,-1.3997691894473974e-12,0.1389444129911815,2.2288121319176108e-05,1920.0,3840.0,0.0,0.03125,0.03125,0.011023678362651869,0.0
154680.0,42.96666666666667,0.17021697311039097,0.0,0.17021697311039097,0.054637998743387685,0.1389221420292224,2.411077857969375,-1.4024337247064977e-12,0.1389221420292224,2.2270961956547064e-05,1920.0,3840.0,0.0,0.03125,0.03125,0.011002822376713668,0.0
154740.0,42.983333333333334,0.17018587744106356,0.0,0.17018587744106356,0.05463443064765116,0.13889988820494525,2.4111001117936497,-1.4050982599655981e-12,0.13889988820494525,2.2253824274772344e-05,1920.0,3840.0,0.0,0.03125,0.03125,0.01098193050613841,0.0
154800.0,43.0,0.1701548066102047,0.0,0.1701548066102047,0.054630867057005414,0.13887765149670647,2.411122348501886,-1.4077627952246985e-12,0.13887765149670647,2.223670823621595e-05,1920.0,3840.0,0.0,0.03125,0.03125,0.01096106060694957,0.0
154860.0,43.016666666666666,0.17012376058560882,0.0,0.17012376058560882,0.05462730796363561,0.13885543188290073,2.411144568115689,-1.4104273304837989e-12,0.13885543188290073,2.2219613803322902e-05,1920.0,3840.0,0.0,0.03125,0.03125,0.010940260272273615,0.0
154920.0,43.03333333333333,0.17009273933512395,0.0,0.17009273933512395,0.05462375335974343,0.13883322934195946,2.4111667706566275,-1.4126477765330492e-12,0.13883322934195946,2.220254093862185e-05,1920.0,3840.0,0.0,0.03125,0.03125,0.010919508391892058,0.0
154980.0,43.05,0.17006174282666325,0.0,0.17006174282666325,0.0546202032375478,0.1388110438523524,2.411188956146232,-1.4153123117921496e-12,0.1388110438523524,2.2185489604721964e-05,1920.0,3840.0,0.0,0.03125,0.03125,0.010898815309562559,0.0
155040.0,43.06666666666667,0.17003077102819109,0.0,0.17003077102819109,0.05461665758928524,0.13878887539258564,2.4112111246059964,-1.41797684705125e-12,0.13878887539258564,2.2168459764316972e-05,1920.0,3840.0,0.0,0.03125,0.03125,0.010878118015870953,0.0
155100.0,43.083333333333336,0.1699998239077293,0.0,0.1699998239077293,0.054613116407208645,0.13876672394120318,2.4112332760573767,-1.4197532038906502e-12,0.13876672394120318,2.2151451380180864e-05,1920.0,3840.0,0.0,0.03125,0.03125,0.010857492911199728,0.0
155160.0,43.1,0.16996890143335783,0.0,0.16996890143335783,0.05460957968358835,0.13874458947678536,2.411255410521792,-1.4228618283596006e-12,0.13874458947678536,2.2134464415170317e-05,1920.0,3840.0,0.0,0.03125,0.03125,0.010836921821841667,0.0
155220.0,43.11666666666667,0.16993800357321298,0.0,0.16993800357321298,0.05460604741071075,0.13872247197795076,2.4112775280206242,-1.4246381851990009e-12,0.13872247197795076,2.2117498832220537e-05,1920.0,3840.0,0.0,0.03125,0.03125,0.010816423779595161,0.0
155280.0,43.13333333333333,0.16990713029548646,0.0,0.16990713029548646,0.05460251958088022,0.13870037142335387,2.4112996285752186,-1.4273027204581012e-12,0.13870037142335387,2.2100554594349843e-05,1920.0,3840.0,0.0,0.03125,0.03125,0.010795896073591734,0.0
155340.0,43.15,0.16987628156842183,0.0,0.16987628156842183,0.05459899618641782,0.13867828779168673,2.4113217122068833,-1.4299672557172016e-12,0.13867828779168673,2.208363166465925e-05,1920.0,3840.0,0.0,0.03125,0.03125,0.010775437178370158,0.0
155400.0,43.166666666666664,0.16984545736032855,0.0,0.16984545736032855,0.05459547721966063,0.1386562210616783,2.4113437789368897,-1.4317436125566019e-12,0.1386562210616783,2.20667300063286e-05,1920.0,3840.0,0.0,0.03125,0.03125,0.010755042629890856,0.0
155460.0,43.18333333333333,0.16981465763956752,0.0,0.16981465763956752,0.05459196267296342,0.13863417121209304,2.4113658287864723,-1.4344081478157023e-12,0.13863417121209304,2.2049849582617787e-05,1920.0,3840.0,0.0,0.03125,0.03125,0.010734629573386483,0.0
155520.0,43.2,0.1697838823745434,0.0,0.1697838823745434,0.05458845253869674,0.1386121382217338,2.4113878617768294,-1.4366285938649526e-12,0.1386121382217338,2.203299035686862e-05,1920.0,3840.0,0.0,0.03125,0.03125,0.01071432441361198,0.0
155580.0,43.21666666666667,0.16975313153373897,0.0,0.16975313153373897,0.05458494680924857,0.13859012206943885,2.4114098779291218,-1.439293129124053e-12,0.13859012206943885,2.2016152292500317e-05,1920.0,3840.0,0.0,0.03125,0.03125,0.010694035489556481,0.0
155640.0,43.233333333333334,0.1697224050856788,0.0,0.1697224050856788,0.054581445477023094,0.1385681227340833,2.4114318772644747,-1.4419576643831533e-12,0.1385681227340833,2.199933535301513e-05,1920.0,3840.0,0.0,0.03125,0.03125,0.010673808470051449,0.0
155700.0,43.25,0.1696917029989392,0.0,0.1696917029989392,0.054577948534441326,0.13854614019457903,2.4114538598039768,-1.4441781104324036e-12,0.13854614019457903,2.1982539501993204e-05,1920.0,3840.0,0.0,0.03125,0.03125,0.010653577968013275,0.0
155760.0,43.266666666666666,0.1696610252421638,0.0,0.1696610252421638,0.054574455973940825,0.13852417442987353,2.41147582556868,-1.446398556481654e-12,0.13852417442987353,2.1965764703095067e-05,1920.0,3840.0,0.0,0.03125,0.03125,0.01063342362657464,0.0
155820.0,43.28333333333333,0.16963037178404308,0.0,0.16963037178404308,0.054570967787974746,0.1385022254189511,2.4114977745796,-1.4490630917407543e-12,0.1385022254189511,2.1949010920058585e-05,1920.0,3840.0,0.0,0.03125,0.03125,0.010613315412456565,0.0
155880.0,43.3,0.16959974259332355,0.0,0.16959974259332355,0.054567483969014015,0.13848029314083188,2.4115197068577165,-1.4512835377900046e-12,0.13848029314083188,2.1932278116701255e-05,1920.0,3840.0,0.0,0.03125,0.03125,0.010593233261319926,0.0
155940.0,43.31666666666667,0.1695691376388081,0.0,0.1695691376388081,0.054564004509545405,0.13845837757457247,2.4115416224239734,-1.453948073049105e-12,0.13845837757457247,2.1915566256922428e-05,1920.0,3840.0,0.0,0.03125,0.03125,0.010573185659924544,0.0
156000.0,43.333333333333336,0.16953855688935554,0.0,0.16953855688935554,0.054560529402071886,0.13843647869926548,2.411563521299278,-1.4561685190983553e-12,0.13843647869926548,2.1898875304696687e-05,1920.0,3840.0,0.0,0.03125,0.03125,0.010553192543976653,0.0
156060.0,43.35,0.16950800031387894,0.0,0.16950800031387894,0.05455705863911305,0.13841459649403903,2.4115854035045023,-1.4583889651476056e-12,0.13841459649403903,2.188220522407906e-05,1920.0,3840.0,0.0,0.03125,0.03125,0.010533274485955283,0.0
156120.0,43.36666666666667,0.16947746788133752,0.0,0.16947746788133752,0.05455359221320423,0.1383927309380574,2.4116072690604815,-1.461053500406706e-12,0.1383927309380574,2.1865555979200492e-05,1920.0,3840.0,0.0,0.03125,0.03125,0.010513328171054376,0.0
156180.0,43.38333333333333,0.16944695956076,0.0,0.16944695956076,0.054550130116897556,0.13837088201052059,2.411629117988016,-1.4632739464559563e-12,0.13837088201052059,2.1848927534271294e-05,1920.0,3840.0,0.0,0.03125,0.03125,0.01049348942320291,0.0
156240.0,43.4,0.16941647532122206,0.0,0.16941647532122206,0.05454667234276147,0.13834904969066494,2.4116509503078696,-1.4654943925052066e-12,0.13834904969066494,2.1832319853580708e-05,1920.0,3840.0,0.0,0.03125,0.03125,0.010473616625848926,0.0
156300.0,43.416666666666664,0.1693860151318436,0.0,0.1693860151318436,0.054543218883379825,0.13832723395776095,2.411672766040771,-1.467714838554457e-12,0.13832723395776095,2.1815732901494482e-05,1920.0,3840.0,0.0,0.03125,0.03125,0.010453842520348446,0.0
156360.0,43.43333333333333,0.1693555789618175,0.0,0.1693555789618175,0.054539769731353,0.1383054347911159,2.4116945652074135,-1.4703793738135573e-12,0.1383054347911159,2.179916664245563e-05,1920.0,3840.0,0.0,0.03125,0.03125,0.010434091831592879,0.0
156420.0,43.45,0.16932516678037923,0.0,0.16932516678037923,0.054536324879297125,0.13828365217007274,2.4117163478284547,-1.4725998198628076e-12,0.13828365217007274,2.17826210409817e-05,1920.0,3840.0,0.0,0.03125,0.03125,0.010414370454035841,0.0
156480.0,43.46666666666667,0.16929477855681757,0.0,0.16929477855681757,0.05453288431984508,0.13826188607400883,2.411738113924516,-1.474820265912058e-12,0.13826188607400883,2.176609606167232e-05,1920.0,3840.0,0.0,0.03125,0.03125,0.01039476175061487,0.0
156540.0,43.483333333333334,0.16926441426047892,0.0,0.16926441426047892,0.054529448045645336,0.1382401364823372,2.411759863516185,-1.4774848011711583e-12,0.1382401364823372,2.17495916692023e-05,1920.0,3840.0,0.0,0.03125,0.03125,0.010375092980987169,0.0
156600.0,43.5,0.16923407386076264,0.0,0.16923407386076264,0.05452601604936215,0.13821840337450628,2.4117815966240137,-1.4797052472204086e-12,0.13821840337450628,2.173310782832136e-05,1920.0,3840.0,0.0,0.03125,0.03125,0.010355543616887486,0.0
156660.0,43.516666666666666,0.16920375732712134,0.0,0.16920375732712134,0.054522588323675555,0.13819668673000027,2.4118033132685177,-1.481925693269659e-12,0.13819668673000027,2.171664450385699e-05,1920.0,3840.0,0.0,0.03125,0.03125,0.010335988110242422,0.0
156720.0,43.53333333333333,0.16917346462905491,0.0,0.16917346462905491,0.05451916486128171,0.13817498652833735,2.4118250134701786,-1.4837020501090592e-12,0.13817498652833735,2.1700201660711637e-05,1920.0,3840.0,0.0,0.03125,0.03125,0.010316449001075385,0.0
156780.0,43.55,0.16914319573612857,0.0,0.16914319573612857,0.054515745654892665,0.13815330274907112,2.4118466972494423,-1.4863665853681596e-12,0.13815330274907112,2.1683779263864488e-05,1920.0,3840.0,0.0,0.03125,0.03125,0.010296998060208121,0.0
156840.0,43.56666666666667,0.16911295061795392,0.0,0.16911295061795392,0.05451233069723606,0.13813163537179027,2.4118683646267205,-1.48903112062726e-12,0.13813163537179027,2.1667377278372017e-05,1920.0,3840.0,0.0,0.03125,0.03125,0.010277564584914793,0.0
156900.0,43.583333333333336,0.1690827292441881,0.0,0.1690827292441881,0.054508919981055365,0.1381099843761185,2.4118900156223897,-1.4916956558863603e-12,0.1381099843761185,2.165099566936353e-05,1920.0,3840.0,0.0,0.03125,0.03125,0.010258187557178727,0.0
156960.0,43.6,0.1690525315845569,0.0,0.1690525315845569,0.05450551349910926,0.1380883497417144,2.411911650256792,-1.4934720127257606e-12,0.1380883497417144,2.1634634402045775e-05,1920.0,3840.0,0.0,0.03125,0.03125,0.010238822182814916,0.0
157020.0,43.61666666666667,0.16902235760882822,0.0,0.16902235760882822,0.05450211124417266,0.13806673144827028,2.4119332685502335,-1.496136547984861e-12,0.13806673144827028,2.1618293441697674e-05,1920.0,3840.0,0.0,0.03125,0.03125,0.010219551739515302,0.0
157080.0,43.63333333333333,0.1689922072868243,0.0,0.1689922072868243,0.054498713209036036,0.13804512947551453,2.411954870522987,-1.4979129048242612e-12,0.13804512947551453,2.160197275367698e-05,1920.0,3840.0,0.0,0.03125,0.03125,0.010200293601517075,0.0
157140.0,43.65,0.16896208058842,0.0,0.16896208058842,0.05449531938650539,0.13802354380320855,2.4119764561952906,-1.5005774400833616e-12,0.13802354380320855,2.158567230341663e-05,1920.0,3840.0,0.0,0.03125,0.03125,0.01018103021378921,0.0
157200.0,43.666666666666664,0.16893197748354574,0.0,0.16893197748354574,0.05449192976940192,0.13800197441114992,2.411998025587347,-1.5027978861326119e-12,0.13800197441114992,2.15693920564194e-05,1920.0,3840.0,0.0,0.03125,0.03125,0.010161858053095524,0.0
157260.0,43.68333333333333,0.1689018979421842,0.0,0.1689018979421842,0.054488544350562655,0.13798042127916949,2.4120195787193253,-1.5050183321818622e-12,0.13798042127916949,2.1553131978266913e-05,1920.0,3840.0,0.0,0.03125,0.03125,0.010142735474317054,0.0
157320.0,43.7,0.16887184193435617,0.0,0.16887184193435617,0.054485163122839776,0.13795888438713252,2.41204111561136,-1.5072387782311125e-12,0.13795888438713252,2.1536892034612557e-05,1920.0,3840.0,0.0,0.03125,0.03125,0.010123594902645637,0.0
157380.0,43.71666666666667,0.1688418094301586,0.0,0.1688418094301586,0.054481786079101216,0.13793736371493898,2.412062636283551,-1.5099033134902129e-12,0.13793736371493898,2.152067219118498e-05,1920.0,3840.0,0.0,0.03125,0.03125,0.01010454809484608,0.0
157440.0,43.733333333333334,0.16881180039972526,0.0,0.16881180039972526,0.054478413212230126,0.13791585924252284,2.412084140755965,-1.5121237595394632e-12,0.13791585924252284,2.150447241378662e-05,1920.0,3840.0,0.0,0.03125,0.03125,0.010085492768114946,0.0
157500.0,43.75,0.16878181481324084,0.0,0.16878181481324084,0.05447504451512487,0.13789437094985224,2.412105629048633,-1.5143442055887135e-12,0.13789437094985224,2.1488292668293007e-05,1920.0,3840.0,0.0,0.03125,0.03125,0.010066527109120397,0.0
157560.0,43.766666666666666,0.1687518526409485,0.0,0.1687518526409485,0.05447167998069918,0.13787289881692924,2.4121271011815537,-1.5170087408478139e-12,0.13787289881692924,2.147213292065384e-05,1920.0,3840.0,0.0,0.03125,0.03125,0.01004760771183502,0.0
157620.0,43.78333333333333,0.16872191385314,0.0,0.16872191385314,0.05446831960188152,0.1378514428237901,2.4121485571746906,-1.5192291868970642e-12,0.1378514428237901,2.145599313688935e-05,1920.0,3840.0,0.0,0.03125,0.03125,0.010028695972681686,0.0
157680.0,43.8,0.16869199842016022,0.0,0.16869199842016022,0.05446496337161668,0.1378300029505047,2.4121699970479735,-1.5214496329463145e-12,0.1378300029505047,2.1439873283096284e-05,1920.0,3840.0,0.0,0.03125,0.03125,0.010009781801771256,0.0
157740.0,43.81666666666667,0.1686621063123961,0.0,0.1686621063123961,0.05446161128286399,0.13780857917717695,2.412191420821299,-1.5236700789955648e-12,0.13780857917717695,2.142377332544465e-05,1920.0,3840.0,0.0,0.03125,0.03125,0.009990969729344644,0.0
157800.0,43.833333333333336,0.16863223750030198,0.0,0.16863223750030198,0.054458263328597704,0.1377871714839446,2.4122128285145292,-1.5258905250448151e-12,0.1377871714839446,2.1407693230174145e-05,1920.0,3840.0,0.0,0.03125,0.03125,0.009972160185568726,0.0
157860.0,43.85,0.1686023919543745,0.0,0.1686023919543745,0.054454919501807496,0.1377657798509787,2.412234220147493,-1.5281109710940655e-12,0.1377657798509787,2.1391632963599322e-05,1920.0,3840.0,0.0,0.03125,0.03125,0.00995341867942563,0.0
157920.0,43.86666666666667,0.16857256964515566,0.0,0.16857256964515566,0.05445157979549762,0.13774440425848428,2.412255595739985,-1.5307755063531658e-12,0.13774440425848428,2.13755924921049e-05,1920.0,3840.0,0.0,0.03125,0.03125,0.009934705988003103,0.0
157980.0,43.88333333333333,0.16854277054325045,0.0,0.16854277054325045,0.054448244202688165,0.13772304468669994,2.412276955311767,-1.5329959524024162e-12,0.13772304468669994,2.135957178214932e-05,1920.0,3840.0,0.0,0.03125,0.03125,0.009916003996235144,0.0
158040.0,43.9,0.16851299461930735,0.0,0.16851299461930735,0.05444491271641335,0.1377017011158973,2.412298298882567,-1.5356604876615165e-12,0.1377017011158973,2.1343570800263394e-05,1920.0,3840.0,0.0,0.03125,0.03125,0.009897393304835383,0.0
158100.0,43.916666666666664,0.16848324184402835,0.0,0.16848324184402835,0.05444158532972292,0.13768037352638213,2.41231962647208,-1.5374368445009168e-12,0.13768037352638213,2.132758951304856e-05,1920.0,3840.0,0.0,0.03125,0.03125,0.009878803967030877,0.0
158160.0,43.93333333333333,0.16845351218815927,0.0,0.16845351218815927,0.05443826203568093,0.13765906189849264,2.4123409380999674,-1.539657290550167e-12,0.13765906189849264,2.1311627887178224e-05,1920.0,3840.0,0.0,0.03125,0.03125,0.00986023133773419,0.0
158220.0,43.95,0.16842380562250822,0.0,0.16842380562250822,0.054434942827366696,0.13763776621260104,2.412362233785857,-1.5418777365994174e-12,0.13763776621260104,2.1295685889395497e-05,1920.0,3840.0,0.0,0.03125,0.03125,0.009841747972746138,0.0
158280.0,43.96666666666667,0.16839412211792704,0.0,0.16839412211792704,0.05443162769787444,0.1376164864491122,2.412383513549343,-1.5445422718585178e-12,0.1376164864491122,2.1279763486517884e-05,1920.0,3840.0,0.0,0.03125,0.03125,0.009823249245160572,0.0
158340.0,43.983333333333334,0.16836446164531338,0.0,0.16836446164531338,0.05442831664031305,0.13759522258846452,2.412404777409989,-1.546318628697918e-12,0.13759522258846452,2.1263860645432155e-05,1920.0,3840.0,0.0,0.03125,0.03125,0.009804759828210968,0.0
158400.0,44.0,0.16833482417562454,0.0,0.16833482417562454,0.054425009647805896,0.13757397461112927,2.412426025387322,-1.5485390747471683e-12,0.13757397461112927,2.1247977333097164e-05,1920.0,3840.0,0.0,0.03125,0.03125,0.009786380878464613,0.0
158460.0,44.016666666666666,0.16830520967986223,0.0,0.16830520967986223,0.05442170671349138,0.1375527424976104,2.4124472575008387,-1.5507595207964187e-12,0.1375527424976104,2.1232113516539463e-05,1920.0,3840.0,0.0,0.03125,0.03125,0.009767977152995641,0.0
158520.0,44.03333333333333,0.1682756181290812,0.0,0.1682756181290812,0.05441840783052255,0.13753152622844533,2.4124684737700015,-1.552979966845669e-12,0.13753152622844533,2.121626916285937e-05,1920.0,3840.0,0.0,0.03125,0.03125,0.009749668847694884,0.0
158580.0,44.05,0.1682460494943764,0.0,0.1682460494943764,0.0544151129920665,0.13751032578420389,2.4124896742142408,-1.5552004128949193e-12,0.13751032578420389,2.120044423922564e-05,1920.0,3840.0,0.0,0.03125,0.03125,0.0097313775892623,0.0
158640.0,44.06666666666667,0.16821650374690872,0.0,0.16821650374690872,0.05441182219130587,0.13748914114548885,2.412510858852954,-1.5569767697343195e-12,0.13748914114548885,2.1184638712876814e-05,1920.0,3840.0,0.0,0.03125,0.03125,0.009713133677030705,0.0
158700.0,44.083333333333336,0.1681869808578786,0.0,0.1681869808578786,0.05440853542143726,0.13746797229293561,2.412532027705505,-1.5591972157835698e-12,0.13746797229293561,2.1168852551123646e-05,1920.0,3840.0,0.0,0.03125,0.03125,0.009694870073179365,0.0
158760.0,44.1,0.16815748079853374,0.0,0.16815748079853374,0.05440525267567187,0.13744681920721194,2.4125531807912264,-1.5614176618328202e-12,0.13744681920721194,2.1153085721344864e-05,1920.0,3840.0,0.0,0.03125,0.03125,0.009676724977773004,0.0
158820.0,44.11666666666667,0.16812800354017804,0.0,0.16812800354017804,0.05440197394723517,0.13742568186901896,2.4125743181294173,-1.5636381078820705e-12,0.13742568186901896,2.1137338190988297e-05,1920.0,3840.0,0.0,0.03125,0.03125,0.009658550607154523,0.0
158880.0,44.13333333333333,0.16809854905416216,0.0,0.16809854905416216,0.054398699229367,0.13740456025908904,2.412595439739345,-1.5658585539313208e-12,0.13740456025908904,2.1121609927570882e-05,1920.0,3840.0,0.0,0.03125,0.03125,0.009640451351610978,0.0
158940.0,44.15,0.16806911731188845,0.0,0.16806911731188845,0.05439542851532255,0.1373834543581881,2.4126165456402435,-1.568078999980571e-12,0.1373834543581881,2.1105900898680734e-05,1920.0,3840.0,0.0,0.03125,0.03125,0.009622382068988014,0.0
159000.0,44.166666666666664,0.1680397082847934,0.0,0.1680397082847934,0.05439216179837069,0.13736236414711417,2.4126376358513153,-1.5702994460298214e-12,0.13736236414711417,2.1090211071975395e-05,1920.0,3840.0,0.0,0.03125,0.03125,0.009604351926260395,0.0
159060.0,44.18333333333333,0.16801032194438736,0.0,0.16801032194438736,0.054388899071794096,0.13734128960669664,2.4126587103917303,-1.5729639812889218e-12,0.13734128960669664,2.107454041517886e-05,1920.0,3840.0,0.0,0.03125,0.03125,0.009586368335337388,0.0
159120.0,44.2,0.16798095826221354,0.0,0.16798095826221354,0.05438564032889075,0.13732023071779836,2.4126797692806266,-1.574740338128322e-12,0.13732023071779836,2.1058888896084862e-05,1920.0,3840.0,0.0,0.03125,0.03125,0.009568385999237185,0.0
159180.0,44.21666666666667,0.16795161720986496,0.0,0.16795161720986496,0.05438238556297192,0.13729918746131362,2.412700812537109,-1.5769607841775724e-12,0.13729918746131362,2.1043256482555492e-05,1920.0,3840.0,0.0,0.03125,0.03125,0.009550457972546783,0.0
159240.0,44.233333333333334,0.1679222987589859,0.0,0.1679222987589859,0.054379134767363974,0.13727815981816893,2.412721840180252,-1.5791812302268227e-12,0.13727815981816893,2.1027643142520767e-05,1920.0,3840.0,0.0,0.03125,0.03125,0.009532564751563189,0.0
159300.0,44.25,0.16789300288127154,0.0,0.16789300288127154,0.05437588793540715,0.13725714776932282,2.412742852229096,-1.580957587066223e-12,0.13725714776932282,2.101204884398078e-05,1920.0,3840.0,0.0,0.03125,0.03125,0.009514732978054363,0.0
159360.0,44.266666666666666,0.16786372954846318,0.0,0.16786372954846318,0.05437264506045535,0.13723615129576558,2.412763848702651,-1.5836221223253233e-12,0.13723615129576558,2.0996473555002144e-05,1920.0,3840.0,0.0,0.03125,0.03125,0.009496878119673991,0.0
159420.0,44.28333333333333,0.16783447873234317,0.0,0.16783447873234317,0.05436940613587734,0.13721517037851969,2.4127848296198944,-1.5858425683745736e-12,0.13721517037851969,2.0980917243718397e-05,1920.0,3840.0,0.0,0.03125,0.03125,0.009479139289664412,0.0
159480.0,44.3,0.16780525040475702,0.0,0.16780525040475702,0.05436617115505497,0.13719420499863919,2.4128057949997728,-1.588063014423824e-12,0.13719420499863919,2.0965379878331408e-05,1920.0,3840.0,0.0,0.03125,0.03125,0.00946136508222899,0.0
159540.0,44.31666666666667,0.16777604453758743,0.0,0.16777604453758743,0.05436294011138526,0.13717325513721007,2.4128267448611997,-1.5898393712632242e-12,0.13717325513721007,2.094986142711005e-05,1920.0,3840.0,0.0,0.03125,0.03125,0.009443701324587949,0.0
159600.0,44.333333333333336,0.16774686110277115,0.0,0.16774686110277115,0.05435971299827876,0.13715232077534936,2.412847679223058,-1.5925039065223245e-12,0.13715232077534936,2.093436185839337e-05,1920.0,3840.0,0.0,0.03125,0.03125,0.009426025251231736,0.0
159660.0,44.35,0.16771770007228098,0.0,0.16771770007228098,0.05435648980915983,0.13713140189420658,2.4128685981041986,-1.5947243525715749e-12,0.13713140189420658,2.0918881140585106e-05,1920.0,3840.0,0.0,0.03125,0.03125,0.009408389649242455,0.0
159720.0,44.36666666666667,0.16768856141815636,0.0,0.16768856141815636,0.05435327053746664,0.13711049847496237,2.412889501523441,-1.5965007094109751e-12,0.13711049847496237,2.0903419242154247e-05,1920.0,3840.0,0.0,0.03125,0.03125,0.009390800321804886,0.0
159780.0,44.38333333333333,0.16765944511247238,0.0,0.16765944511247238,0.054350055176651854,0.13708961049882853,2.4129103894995723,-1.5991652446700755e-12,0.13708961049882853,2.088797613164041e-05,1920.0,3840.0,0.0,0.03125,0.03125,0.009373226694047158,0.0
159840.0,44.4,0.16763035112735133,0.0,0.16763035112735133,0.05434684372018129,0.13706873794704885,2.41293126205135,-1.6009416015094757e-12,0.13706873794704885,2.0872551777646685e-05,1920.0,3840.0,0.0,0.03125,0.03125,0.00935573212078505,0.0
159900.0,44.416666666666664,0.16760127943496633,0.0,0.16760127943496633,0.054343636161535085,0.13704788080089786,2.4129521191974987,-1.603162047558726e-12,0.13704788080089786,2.085714614884386e-05,1920.0,3840.0,0.0,0.03125,0.03125,0.009338226502514854,0.0
159960.0,44.43333333333333,0.16757223000753993,0.0,0.16757223000753993,0.05434043249420706,0.13702703904168168,2.4129729609567128,-1.6053824936079764e-12,0.13702703904168168,2.084175921396966e-05,1920.0,3840.0,0.0,0.03125,0.03125,0.009320818678256647,0.0
160020.0,44.45,0.16754320281734011,0.0,0.16754320281734011,0.05433723271170462,0.13700621265073754,2.412993787347655,-1.6076029396572267e-12,0.13700621265073754,2.0826390941826763e-05,1920.0,3840.0,0.0,0.03125,0.03125,0.009303371473160238,0.0
160080.0,44.46666666666667,0.1675141978366734,0.0,0.1675141978366734,0.05433403680754899,0.13698540160943415,2.413014598388956,-1.609379296496627e-12,0.13698540160943415,2.0811041301284283e-05,1920.0,3840.0,0.0,0.03125,0.03125,0.009286004417946265,0.0
160140.0,44.483333333333334,0.16748521503791042,0.0,0.16748521503791042,0.054330844775274716,0.136964605899171,2.4130353940992175,-1.6111556533360272e-12,0.136964605899171,2.0795710261275758e-05,1920.0,3840.0,0.0,0.03125,0.03125,0.00926865955903056,0.0
160200.0,44.5,0.1674562543934568,0.0,0.1674562543934568,0.054327656608430724,0.136943825501378,2.4130561744970085,-1.6133760993852775e-12,0.136943825501378,2.0780397790801293e-05,1920.0,3840.0,0.0,0.03125,0.03125,0.009251340828977486,0.0
160260.0,44.516666666666666,0.1674273158757714,0.0,0.1674273158757714,0.05432447230057914,0.13692306039751695,2.4130769396008676,-1.6151524562246777e-12,0.13692306039751695,2.0765103858928045e-05,1920.0,3840.0,0.0,0.03125,0.03125,0.009234073979969261,0.0
160320.0,44.53333333333333,0.16739839945734566,0.0,0.16739839945734566,0.05432129184529569,0.1369023105690801,2.413097689429302,-1.617372902273928e-12,0.1369023105690801,2.0749828434786727e-05,1920.0,3840.0,0.0,0.03125,0.03125,0.009216835615023008,0.0
160380.0,44.55,0.16736950511074067,0.0,0.16736950511074067,0.05431811523616955,0.13688157599759035,2.41311842400079,-1.6195933483231784e-12,0.13688157599759035,2.073457148757281e-05,1920.0,3840.0,0.0,0.03125,0.03125,0.00919963757177086,0.0
160440.0,44.56666666666667,0.16734063280854883,0.0,0.16734063280854883,0.05431494246680368,0.13686085666460174,2.4131391433337765,-1.6213697051625786e-12,0.13686085666460174,2.071933298654811e-05,1920.0,3840.0,0.0,0.03125,0.03125,0.00918249621050624,0.0
160500.0,44.583333333333336,0.16731178252341122,0.0,0.16731178252341122,0.05431177353081409,0.13684015255169857,2.4131598474466776,-1.623590151211829e-12,0.13684015255169857,2.070411290103753e-05,1920.0,3840.0,0.0,0.03125,0.03125,0.009165352450365349,0.0
160560.0,44.6,0.16728295422801537,0.0,0.16728295422801537,0.05430860842183068,0.13681946364049577,2.4131805363578778,-1.6262546864709293e-12,0.13681946364049577,2.0688911200431483e-05,1920.0,3840.0,0.0,0.03125,0.03125,0.009148244797127822,0.0
160620.0,44.61666666666667,0.16725414789509951,0.0,0.16725414789509951,0.05430544713349639,0.1367987899126398,2.413201210085732,-1.6280310433103296e-12,0.1367987899126398,2.0673727854184903e-05,1920.0,3840.0,0.0,0.03125,0.03125,0.00913122169662602,0.0
160680.0,44.63333333333333,0.16722536349744518,0.0,0.16722536349744518,0.054302289659467866,0.1367781313498059,2.413221868648564,-1.6302514893595799e-12,0.1367781313498059,2.0658562831816832e-05,1920.0,3840.0,0.0,0.03125,0.03125,0.009114161105096887,0.0
160740.0,44.65,0.16719660100787537,0.0,0.16719660100787537,0.05429913599341501,0.13675748793370096,2.4132425120646666,-1.6324719354088302e-12,0.13675748793370096,2.0643416102910963e-05,1920.0,3840.0,0.0,0.03125,0.03125,0.009097205186652422,0.0
160800.0,44.666666666666664,0.16716786039926695,0.0,0.16716786039926695,0.0542959861290202,0.13673685964606155,2.4132631403523037,-1.6346923814580805e-12,0.13673685964606155,2.0628287637112773e-05,1920.0,3840.0,0.0,0.03125,0.03125,0.009080237104371764,0.0
160860.0,44.68333333333333,0.16713914164453988,0.0,0.16713914164453988,0.0542928400599805,0.13671624646865538,2.413283753529708,-1.6364687382974807e-12,0.13671624646865538,2.061317740413268e-05,1920.0,3840.0,0.0,0.03125,0.03125,0.00906331265653677,0.0
160920.0,44.7,0.1671104447166608,0.0,0.1671104447166608,0.05428969778000518,0.13669564838327936,2.4133043516150816,-1.638689184346731e-12,0.13669564838327936,2.0598085373746533e-05,1920.0,3840.0,0.0,0.03125,0.03125,0.00904645549901167,0.0
160980.0,44.71666666666667,0.16708176958863236,0.0,0.16708176958863236,0.05428655928281744,0.1366750653717619,2.4133249346265973,-1.6404655411861313e-12,0.1366750653717619,2.058301151579189e-05,1920.0,3840.0,0.0,0.03125,0.03125,0.009029572253196358,0.0
161040.0,44.733333333333334,0.16705311623352043,0.0,0.16705311623352043,0.054283424562152946,0.13665449741595945,2.4133455025823976,-1.6426859872353816e-12,0.13665449741595945,2.05679558001704e-05,1920.0,3840.0,0.0,0.03125,0.03125,0.009012757132898938,0.0
161100.0,44.75,0.1670244846244237,0.0,0.1670244846244237,0.05428029361176091,0.13663394449776065,2.4133660555005942,-1.644906433284632e-12,0.13663394449776065,2.0552918196845206e-05,1920.0,3840.0,0.0,0.03125,0.03125,0.008995985032951884,0.0
161160.0,44.766666666666666,0.16699587473449418,0.0,0.16699587473449418,0.05427716642540369,0.13661340659908272,2.41338659339927,-1.6466827901240322e-12,0.13661340659908272,2.0537898675844526e-05,1920.0,3840.0,0.0,0.03125,0.03125,0.00897925048146494,0.0
161220.0,44.78333333333333,0.1669672865369118,0.0,0.1669672865369118,0.0542740429968561,0.13659288370187314,2.4134071162964776,-1.6489032361732825e-12,0.13659288370187314,2.052289720725759e-05,1920.0,3840.0,0.0,0.03125,0.03125,0.008962540971829254,0.0
161280.0,44.8,0.1669387200049286,0.0,0.1669387200049286,0.05427092331990708,0.1365723757881101,2.413427624210239,-1.6506795930126827e-12,0.1365723757881101,2.0507913761237254e-05,1920.0,3840.0,0.0,0.03125,0.03125,0.008945819289439156,0.0
161340.0,44.81666666666667,0.1669101751118225,0.0,0.1669101751118225,0.05426780738835766,0.1365518828398001,2.413448117158547,-1.652455949852083e-12,0.1365518828398001,2.0492948307999482e-05,1920.0,3840.0,0.0,0.03125,0.03125,0.008929220828356291,0.0
161400.0,44.833333333333336,0.16688165183092496,0.0,0.16688165183092496,0.054264695196022235,0.13653140483898013,2.413468595159365,-1.6546763959013333e-12,0.13653140483898013,2.047800081782156e-05,1920.0,3840.0,0.0,0.03125,0.03125,0.008912575693815109,0.0
161460.0,44.85,0.16685315013560087,0.0,0.16685315013560087,0.05426158673672749,0.13651094176771703,2.413489058230626,-1.6568968419505836e-12,0.13651094176771703,2.0463071261042366e-05,1920.0,3840.0,0.0,0.03125,0.03125,0.008895982314538559,0.0
161520.0,44.86666666666667,0.16682466999927797,0.0,0.16682466999927797,0.054258482004313956,0.1364904936081068,2.413509506390234,-1.659117287999834e-12,0.1364904936081068,2.0448159608062116e-05,1920.0,3840.0,0.0,0.03125,0.03125,0.008879497093740401,0.0
161580.0,44.88333333333333,0.16679621139541642,0.0,0.16679621139541642,0.05425538099263493,0.1364700603422755,2.4135299396560637,-1.6608936448392342e-12,0.1364700603422755,2.043326582934711e-05,1920.0,3840.0,0.0,0.03125,0.03125,0.008862969223308063,0.0
161640.0,44.9,0.16676777429752332,0.0,0.16676777429752332,0.05425228369555589,0.13644964195237813,2.413550358045959,-1.6626700016786344e-12,0.13644964195237813,2.041838989542182e-05,1920.0,3840.0,0.0,0.03125,0.03125,0.00884647521943796,0.0
161700.0,44.916666666666664,0.1667393586791486,0.0,0.1667393586791486,0.054249190106955884,0.1364292384205993,2.413570761577736,-1.6644463585180347e-12,0.1364292384205993,2.0403531776874116e-05,1920.0,3840.0,0.0,0.03125,0.03125,0.008830046979696055,0.0
161760.0,44.93333333333333,0.16671096451389278,0.0,0.16671096451389278,0.054246100220725985,0.1364088497291529,2.4135911502691805,-1.666222715357435e-12,0.1364088497291529,2.038869144435089e-05,1920.0,3840.0,0.0,0.03125,0.03125,0.008813672274433363,0.0
161820.0,44.95,0.16668259177539707,0.0,0.16668259177539707,0.05424301403077029,0.1363884758602821,2.413611524138049,-1.6688872506165353e-12,0.1363884758602821,2.0373868868561585e-05,1920.0,3840.0,0.0,0.03125,0.03125,0.008797264034219243,0.0
161880.0,44.96666666666667,0.16665424043734417,0.0,0.16665424043734417,0.054239931531005876,0.13636811679625996,2.4136318832020693,-1.6706636074559356e-12,0.13636811679625996,2.0359064020277302e-05,1920.0,3840.0,0.0,0.03125,0.03125,0.008780933254608499,0.0
161940.0,44.983333333333334,0.16662591047346376,0.0,0.16662591047346376,0.05423685271536225,0.13634777251938765,2.4136522274789396,-1.6724399642953358e-12,0.13634777251938765,2.034427687032873e-05,1920.0,3840.0,0.0,0.03125,0.03125,0.008764609096706412,0.0
162000.0,45.0,0.16659760185753283,0.0,0.16659760185753283,0.054233777577781896,0.13632744301199579,2.413672556986329,-1.6751044995544362e-12,0.13632744301199579,2.032950738960898e-05,1920.0,3840.0,0.0,0.03125,0.03125,0.008748347315014653,0.0
162060.0,45.016666666666666,0.16656931456336854,0.0,0.16656931456336854,0.054230706112219494,0.13630712825644473,2.413692871741878,-1.6773249456036865e-12,0.13630712825644473,2.031475554907199e-05,1920.0,3840.0,0.0,0.03125,0.03125,0.008732133981699655,0.0
162120.0,45.03333333333333,0.1665410485648289,0.0,0.1665410485648289,0.05422763831264216,0.1362868282351231,2.413713171763198,-1.6786572132332367e-12,0.1362868282351231,2.030002131973005e-05,1920.0,3840.0,0.0,0.03125,0.03125,0.008715935341852662,0.0
162180.0,45.05,0.16651280383582234,0.0,0.16651280383582234,0.0542245741730297,0.13626654293044826,2.4137334570678703,-1.681321748492337e-12,0.13626654293044826,2.028530467265453e-05,1920.0,3840.0,0.0,0.03125,0.03125,0.008699730110043593,0.0
162240.0,45.06666666666667,0.16648458035029895,0.0,0.16648458035029895,0.05422151368737513,0.13624627232486747,2.4137537276734493,-1.6830981053317373e-12,0.13624627232486747,2.027060557898163e-05,1920.0,3840.0,0.0,0.03125,0.03125,0.008683637916284782,0.0
162300.0,45.083333333333336,0.16645637808225203,0.0,0.16645637808225203,0.054218456849683086,0.13622601640085563,2.4137739835974594,-1.6848744621711376e-12,0.13622601640085563,2.025592400990534e-05,1920.0,3840.0,0.0,0.03125,0.03125,0.008667502736308544,0.0
162360.0,45.1,0.1664281970057137,0.0,0.1664281970057137,0.05421540365397144,0.1362057751409168,2.413794224857396,-1.6870949082203879e-12,0.1362057751409168,2.024125993667943e-05,1920.0,3840.0,0.0,0.03125,0.03125,0.008651433811528013,0.0
162420.0,45.11666666666667,0.16640003709476742,0.0,0.16640003709476742,0.05421235409426952,0.1361855485275841,2.4138144514707265,-1.6893153542696382e-12,0.1361855485275841,2.0226613330617877e-05,1920.0,3840.0,0.0,0.03125,0.03125,0.00863536988799532,0.0
162480.0,45.13333333333333,0.166371898323537,0.0,0.166371898323537,0.05420930816461979,0.13616533654341914,2.4138346634548897,-1.6910917111090384e-12,0.13616533654341914,2.0211984163091754e-05,1920.0,3840.0,0.0,0.03125,0.03125,0.008619379828939464,0.0
162540.0,45.15,0.16634378066618982,0.0,0.16634378066618982,0.05420626585907702,0.1361451391710115,2.4138548608272954,-1.6928680679484387e-12,0.1361451391710115,2.019737240553563e-05,1920.0,3840.0,0.0,0.03125,0.03125,0.008603394141114487,0.0
162600.0,45.166666666666664,0.16631568409693076,0.0,0.16631568409693076,0.05420322717170781,0.13612495639298,2.4138750436053247,-1.695088513997689e-12,0.13612495639298,2.018277802944045e-05,1920.0,3840.0,0.0,0.03125,0.03125,0.008587500989583339,0.0
162660.0,45.18333333333333,0.16628760859001648,0.0,0.16628760859001648,0.054200192096591646,0.13610478819197203,2.413895211806331,-1.6968648708370893e-12,0.13610478819197203,2.01682010063565e-05,1920.0,3840.0,0.0,0.03125,0.03125,0.008571571815932452,0.0
162720.0,45.2,0.1662595541197435,0.0,0.1662595541197435,0.05419716062782012,0.136084634550662,2.4139153654476386,-1.6990853168863396e-12,0.136084634550662,2.015364130789516e-05,1920.0,3840.0,0.0,0.03125,0.03125,0.008555656440585252,0.0
162780.0,45.21666666666667,0.1662315206604511,0.0,0.1662315206604511,0.0541941327594968,0.13606449545175422,2.4139355045465445,-1.7013057629355899e-12,0.13606449545175422,2.0139098905723816e-05,1920.0,3840.0,0.0,0.03125,0.03125,0.008539818969437379,0.0
162840.0,45.233333333333334,0.16620350818651555,0.0,0.16620350818651555,0.05419110848573748,0.13604437087798088,2.413955629120316,-1.7030821197749901e-12,0.13604437087798088,2.0124573771570477e-05,1920.0,3840.0,0.0,0.03125,0.03125,0.008524039281246117,0.0
162900.0,45.25,0.1661755166723664,0.0,0.1661755166723664,0.0541880878006703,0.13602426081210153,2.4139757391861933,-1.7048584766143904e-12,0.13602426081210153,2.011006587721861e-05,1920.0,3840.0,0.0,0.03125,0.03125,0.008508244620499365,0.0
162960.0,45.266666666666666,0.1661475460924703,0.0,0.1661475460924703,0.05418507069843605,0.1360041652369052,2.413995834761388,-1.7066348334537906e-12,0.1360041652369052,2.0095575194515105e-05,1920.0,3840.0,0.0,0.03125,0.03125,0.00849247079836477,0.0
163020.0,45.28333333333333,0.16611959642133733,0.0,0.16611959642133733,0.05418205717318681,0.13598408413520782,2.414015915863083,-1.708855279503041e-12,0.13598408413520782,2.008110169536274e-05,1920.0,3840.0,0.0,0.03125,0.03125,0.008476773686363173,0.0
163080.0,45.3,0.16609166763351474,0.0,0.16609166763351474,0.05417904721908723,0.13596401748985418,2.4140359825084348,-1.7110757255522913e-12,0.13596401748985418,2.0066645351721228e-05,1920.0,3840.0,0.0,0.03125,0.03125,0.008461095137433964,0.0
163140.0,45.31666666666667,0.16606375970360118,0.0,0.16606375970360118,0.05417604083031377,0.1359439652837167,2.4140560347145703,-1.7128520823916915e-12,0.1359439652837167,2.00522061356098e-05,1920.0,3840.0,0.0,0.03125,0.03125,0.008445453798388658,0.0
163200.0,45.333333333333336,0.16603587260623345,0.0,0.16603587260623345,0.05417303800105503,0.1359239274996955,2.4140760724985895,-1.7150725284409418e-12,0.1359239274996955,2.0037784019103828e-05,1920.0,3840.0,0.0,0.03125,0.03125,0.008429831451071231,0.0
163260.0,45.35,0.16600800631609103,0.0,0.16600800631609103,0.054170038725511606,0.13590390412071957,2.414096095877564,-1.716404796070492e-12,0.13590390412071957,2.002337897433801e-05,1920.0,3840.0,0.0,0.03125,0.03125,0.008414225580695725,0.0
163320.0,45.36666666666667,0.16598016080789074,0.0,0.16598016080789074,0.05416704299789597,0.13588389512974386,2.4141161048685373,-1.7186252421197423e-12,0.13588389512974386,2.0008990973504338e-05,1920.0,3840.0,0.0,0.03125,0.03125,0.008398678182663722,0.0
163380.0,45.38333333333333,0.16595233605639842,0.0,0.16595233605639842,0.05416405081243267,0.13586390050975297,2.4141360994885264,-1.7204015989591426e-12,0.13586390050975297,1.9994619988849924e-05,1920.0,3840.0,0.0,0.03125,0.03125,0.008383161263426265,0.0
163440.0,45.4,0.16592453203642,0.0,0.16592453203642,0.054161062163358344,0.1358439202437585,2.414156079754519,-1.7221779557985428e-12,0.1358439202437585,1.998026599268306e-05,1920.0,3840.0,0.0,0.03125,0.03125,0.008367661567448946,0.0
163500.0,45.416666666666664,0.1658967487228029,0.0,0.1658967487228029,0.05415807704492126,0.13582395431479896,2.4141760456834764,-1.7243984018477931e-12,0.13582395431479896,1.996592895736748e-05,1920.0,3840.0,0.0,0.03125,0.03125,0.00835220829628668,0.0
163560.0,45.43333333333333,0.1658689860904317,0.0,0.1658689860904317,0.05415509545138081,0.13580400270594173,2.4141959972923317,-1.7266188478970435e-12,0.13580400270594173,1.9951608855321567e-05,1920.0,3840.0,0.0,0.03125,0.03125,0.008336770287984891,0.0
163620.0,45.45,0.16584124411423867,0.0,0.16584124411423867,0.05415211737700955,0.13578406540028082,2.4142159345979906,-1.7283952047364437e-12,0.13578406540028082,1.993730565902053e-05,1920.0,3840.0,0.0,0.03125,0.03125,0.008321405999635188,0.0
163680.0,45.46666666666667,0.16581352276919764,0.0,0.16581352276919764,0.05414914281609118,0.1357641423809381,2.4142358576173315,-1.730171561575844e-12,0.1357641423809381,1.9923019341001537e-05,1920.0,3840.0,0.0,0.03125,0.03125,0.008306020365763608,0.0
163740.0,45.483333333333334,0.1657858220303214,0.0,0.1657858220303214,0.05414617176292121,0.13574423363106208,2.4142557663672055,-1.7323920076250943e-12,0.13574423363106208,1.9908749873853966e-05,1920.0,3840.0,0.0,0.03125,0.03125,0.00829071691477641,0.0
163800.0,45.5,0.1657581418726626,0.0,0.1657581418726626,0.054143204211806996,0.13572433913383006,2.4142756608644356,-1.7341683644644945e-12,0.13572433913383006,1.9894497230224025e-05,1920.0,3840.0,0.0,0.03125,0.03125,0.008275404053710977,0.0
163860.0,45.516666666666666,0.16573048227131684,0.0,0.16573048227131684,0.05414024015706734,0.13570445887244537,2.4142955411258185,-1.7359447213038948e-12,0.13570445887244537,1.9880261382815426e-05,1920.0,3840.0,0.0,0.03125,0.03125,0.008260139159223192,0.0
163920.0,45.53333333333333,0.16570284320142392,0.0,0.16570284320142392,0.054137279593032536,0.13568459283013895,2.414315407168123,-1.737721078143295e-12,0.13568459283013895,1.9866042304385553e-05,1920.0,3840.0,0.0,0.03125,0.03125,0.008244872757186892,0.0
163980.0,45.55,0.1656752246381628,0.0,0.1656752246381628,0.05413432251404539,0.1356647409901694,2.414335259008091,-1.7394974349826953e-12,0.1356647409901694,1.9851839967749615e-05,1920.0,3840.0,0.0,0.03125,0.03125,0.008229695093113804,0.0
164040.0,45.56666666666667,0.16564762655675164,0.0,0.16564762655675164,0.054131368914459514,0.1356449033358215,2.4143550966624368,-1.7417178810319456e-12,0.1356449033358215,1.9837654345780325e-05,1920.0,3840.0,0.0,0.03125,0.03125,0.008214507403722943,0.0
164100.0,45.583333333333336,0.16562004893244775,0.0,0.16562004893244775,0.054128418788640366,0.1356250798504083,2.414374920147848,-1.7434942378713458e-12,0.1356250798504083,1.982348541140146e-05,1920.0,3840.0,0.0,0.03125,0.03125,0.00819936444102728,0.0
164160.0,45.6,0.16559249174055757,0.0,0.16559249174055757,0.054125472130965184,0.13560527051726903,2.4143947294809855,-1.745270594710746e-12,0.13560527051726903,1.980933313759709e-05,1920.0,3840.0,0.0,0.03125,0.03125,0.008184227531659689,0.0
164220.0,45.61666666666667,0.1655649549564223,0.0,0.1655649549564223,0.05412252893582262,0.13558547531976947,2.414414524678483,-1.7470469515501463e-12,0.13558547531976947,1.979519749740489e-05,1920.0,3840.0,0.0,0.03125,0.03125,0.008169152345949181,0.0
164280.0,45.63333333333333,0.1655374385554264,0.0,0.1655374385554264,0.05411958919761171,0.1355656942413037,2.4144343057569473,-1.7488233083895466e-12,0.1355656942413037,1.9781078463916194e-05,1920.0,3840.0,0.0,0.03125,0.03125,0.00815410413096497,0.0
164340.0,45.65,0.16550994251298387,0.0,0.16550994251298387,0.054116652910744745,0.13554592726529155,2.4144540727329575,-1.7505996652289468e-12,0.13554592726529155,1.976697601027561e-05,1920.0,3840.0,0.0,0.03125,0.03125,0.008139053625298522,0.0
164400.0,45.666666666666664,0.1654824668045705,0.0,0.1654824668045705,0.05411372006964462,0.13552617437518008,2.4144738256230673,-1.752376022068347e-12,0.13552617437518008,1.975289010969072e-05,1920.0,3840.0,0.0,0.03125,0.03125,0.008124092301057274,0.0
164460.0,45.68333333333333,0.16545501140568572,0.0,0.16545501140568572,0.05411079066874597,0.13550643555444272,2.4144935644438026,-1.7545964681175974e-12,0.13550643555444272,1.9738820735417843e-05,1920.0,3840.0,0.0,0.03125,0.03125,0.008109149633106131,0.0
164520.0,45.7,0.1654275762918795,0.0,0.1654275762918795,0.05410786470249443,0.13548671078657998,2.4145132892116634,-1.7563728249569976e-12,0.13548671078657998,1.9724767860769942e-05,1920.0,3840.0,0.0,0.03125,0.03125,0.00809421688432041,0.0
164580.0,45.71666666666667,0.1654001614387238,0.0,0.1654001614387238,0.05410494216534729,0.13546700005511905,2.4145329999431224,-1.7581491817963979e-12,0.13546700005511905,1.9710731459114425e-05,1920.0,3840.0,0.0,0.03125,0.03125,0.00807928566577294,0.0
164640.0,45.733333333333334,0.16537276682185764,0.0,0.16537276682185764,0.054102023051772155,0.13544730334361324,2.4145526966546265,-1.7599255386357981e-12,0.13544730334361324,1.9696711503871014e-05,1920.0,3840.0,0.0,0.03125,0.03125,0.008064424848927868,0.0
164700.0,45.75,0.16534539241694232,0.0,0.16534539241694232,0.05409910735624987,0.13542762063564295,2.414572379362595,-1.7621459846850485e-12,0.13542762063564295,1.968270796851536e-05,1920.0,3840.0,0.0,0.03125,0.03125,0.008049594033159293,0.0
164760.0,45.766666666666666,0.16531803819968588,0.0,0.16531803819968588,0.054096195073271125,0.1354079519148145,2.4145920480834215,-1.7639223415244487e-12,0.1354079519148145,1.9668720826580105e-05,1920.0,3840.0,0.0,0.03125,0.03125,0.008034795486554547,0.0
164820.0,45.78333333333333,0.16529070414582575,0.0,0.16529070414582575,0.054093286197338025,0.13538829716476106,2.414611702833473,-1.765698698363849e-12,0.13538829716476106,1.9654750051647367e-05,1920.0,3840.0,0.0,0.03125,0.03125,0.008020015355510505,0.0
164880.0,45.8,0.16526339023115544,0.0,0.16526339023115544,0.05409038072296422,0.1353686563691418,2.4146313436290905,-1.7674750552032492e-12,0.1353686563691418,1.964079561735506e-05,1920.0,3840.0,0.0,0.03125,0.03125,0.008005246033265644,0.0
164940.0,45.81666666666667,0.16523609643149856,0.0,0.16523609643149856,0.05408747864467449,0.13534902951164274,2.414650970486588,-1.7692514120426495e-12,0.13534902951164274,1.962685749739531e-05,1920.0,3840.0,0.0,0.03125,0.03125,0.007990521041158384,0.0
165000.0,45.833333333333336,0.16520882272272105,0.0,0.16520882272272105,0.054084579957004324,0.13532941657597525,2.4146705834222533,-1.7714718580918998e-12,0.13532941657597525,1.961293566551403e-05,1920.0,3840.0,0.0,0.03125,0.03125,0.00797583142648128,0.0
165060.0,45.85,0.16518156908072368,0.0,0.16518156908072368,0.05408168465450086,0.13530981754587798,2.4146901824523486,-1.7732482149313e-12,0.13530981754587798,1.959903009550713e-05,1920.0,3840.0,0.0,0.03125,0.03125,0.007961204235969504,0.0
165120.0,45.86666666666667,0.16515433548145264,0.0,0.16515433548145264,0.054078792731722704,0.13529023240511465,2.4147097675931097,-1.7754686609805503e-12,0.13529023240511465,1.9585140761230403e-05,1920.0,3840.0,0.0,0.03125,0.03125,0.007946552184344176,0.0
165180.0,45.88333333333333,0.16512712190089301,0.0,0.16512712190089301,0.05407590418323872,0.13527066113747646,2.4147293388607465,-1.7768009286101005e-12,0.13527066113747646,1.957126763658915e-05,1920.0,3840.0,0.0,0.03125,0.03125,0.007931923240952914,0.0
165240.0,45.9,0.16509992831506803,0.0,0.16509992831506803,0.05407301900362915,0.13525110372677904,2.414748896271442,-1.7790213746593508e-12,0.13525110372677904,1.9557410695541637e-05,1920.0,3840.0,0.0,0.03125,0.03125,0.007917393295159145,0.0
165300.0,45.916666666666664,0.16507275470003985,0.0,0.16507275470003985,0.054070137187485504,0.135231560156865,2.414768439841354,-1.780797731498751e-12,0.135231560156865,1.9543569912099127e-05,1920.0,3840.0,0.0,0.03125,0.03125,0.007902817903826784,0.0
165360.0,45.93333333333333,0.16504560103190455,0.0,0.16504560103190455,0.05406725872941005,0.135212030411603,2.4147879695866146,-1.7821299991283013e-12,0.135212030411603,1.952974526032802e-05,1920.0,3840.0,0.0,0.03125,0.03125,0.007888325408344535,0.0
165420.0,45.95,0.16501846728681088,0.0,0.16501846728681088,0.054064383624015465,0.1351925144748866,2.414807485523329,-1.7843504451775516e-12,0.1351925144748866,1.9515936714342938e-05,1920.0,3840.0,0.0,0.03125,0.03125,0.007873853701073848,0.0
165480.0,45.96666666666667,0.16499135344093502,0.0,0.16499135344093502,0.05406151186592663,0.13517301233063667,2.414826987667577,-1.7861268020169518e-12,0.13517301233063667,1.9502144248315113e-05,1920.0,3840.0,0.0,0.03125,0.03125,0.007859377609607738,0.0
165540.0,45.983333333333334,0.1649642594705007,0.0,0.1649642594705007,0.05405864344977833,0.13515352396279834,2.4148464760354136,-1.787903158856352e-12,0.13515352396279834,1.9488367836467263e-05,1920.0,3840.0,0.0,0.03125,0.03125,0.007844990610746923,0.0
165600.0,46.0,0.1649371853517519,0.0,0.1649371853517519,0.05405577837021687,0.13513404935534332,2.4148659506428665,-1.7901236049056024e-12,0.13513404935534332,1.9474607453074045e-05,1920.0,3840.0,0.0,0.03125,0.03125,0.007830562956880642,0.0
165660.0,46.016666666666666,0.16491013106099917,0.0,0.16491013106099917,0.05405291662189923,0.135114588492269,2.414885411505939,-1.7918999617450027e-12,0.135114588492269,1.9460863072463337e-05,1920.0,3840.0,0.0,0.03125,0.03125,0.007816228498630663,0.0
165720.0,46.03333333333333,0.16488309657457326,0.0,0.16488309657457326,0.054050058199493156,0.13509514135759818,2.414904858640608,-1.793676318584403e-12,0.13509514135759818,1.944713466901458e-05,1920.0,3840.0,0.0,0.03125,0.03125,0.007801885766825348,0.0
165780.0,46.05,0.16485608186884998,0.0,0.16485608186884998,0.05404720309767612,0.1350757079353793,2.414924292062825,-1.7954526754238032e-12,0.1350757079353793,1.9433422217156645e-05,1920.0,3840.0,0.0,0.03125,0.03125,0.007787588170747208,0.0
165840.0,46.06666666666667,0.16482908692023593,0.0,0.16482908692023593,0.05404435131113861,0.13505628820968618,2.4149437117885166,-1.7967849430533533e-12,0.13505628820968618,1.9419725691371644e-05,1920.0,3840.0,0.0,0.03125,0.03125,0.007773310820182223,0.0
165900.0,46.083333333333336,0.164802111705187,0.0,0.164802111705187,0.0540415028345805,0.13503688216461826,2.4149631178335826,-1.7990053891026037e-12,0.13503688216461826,1.9406045066197448e-05,1920.0,3840.0,0.0,0.03125,0.03125,0.0077590706720717375,0.0
165960.0,46.1,0.16477515620019276,0.0,0.16477515620019276,0.05403865766271277,0.1350174897843,2.414982510213899,-1.800781745942004e-12,0.1350174897843,1.939238031621972e-05,1920.0,3840.0,0.0,0.03125,0.03125,0.007744843024846816,0.0
166020.0,46.11666666666667,0.16474822038178105,0.0,0.16474822038178105,0.05403581579025674,0.13499811105288234,2.415001888945315,-1.8025581027814042e-12,0.13499811105288234,1.9378731416076464e-05,1920.0,3840.0,0.0,0.03125,0.03125,0.007730660225001782,0.0
166080.0,46.13333333333333,0.1647213042265177,0.0,0.1647213042265177,0.054032977211944506,0.13497874595453982,2.4150212540436553,-1.8047785488306545e-12,0.13497874595453982,1.9365098340454864e-05,1920.0,3840.0,0.0,0.03125,0.03125,0.007716501260965155,0.0
166140.0,46.15,0.16469440771100172,0.0,0.16469440771100172,0.054030141922519134,0.13495939447347424,2.4150406055247196,-1.8061108164602047e-12,0.13495939447347424,1.9351481064096498e-05,1920.0,3840.0,0.0,0.03125,0.03125,0.007702350988089202,0.0
166200.0,46.166666666666664,0.1646675308118835,0.0,0.1646675308118835,0.054027309916733934,0.1349400565939105,2.415059943404281,-1.808331262509455e-12,0.1349400565939105,1.933787956179181e-05,1920.0,3840.0,0.0,0.03125,0.03125,0.00768826779773489,0.0
166260.0,46.18333333333333,0.16464067350583916,0.0,0.16464067350583916,0.05402448118935354,0.1349207323001004,2.4150792676980894,-1.8101076193488552e-12,0.1349207323001004,1.9324293808384953e-05,1920.0,3840.0,0.0,0.03125,0.03125,0.007674186206375706,0.0
166320.0,46.2,0.164613835769592,0.0,0.164613835769592,0.054021655735152364,0.13490142157631987,2.415098578421868,-1.8118839761882555e-12,0.13490142157631987,1.9310723778768605e-05,1920.0,3840.0,0.0,0.03125,0.03125,0.007660123550573822,0.0
166380.0,46.21666666666667,0.16458701757988642,0.0,0.16458701757988642,0.05401883354891568,0.13488212440687022,2.415117875591316,-1.8136603330276557e-12,0.13488212440687022,1.929716944788675e-05,1920.0,3840.0,0.0,0.03125,0.03125,0.007646122424566586,0.0
166440.0,46.233333333333334,0.1645602189135277,0.0,0.1645602189135277,0.054016014625439375,0.13486284077607763,2.4151371592221067,-1.815436689867056e-12,0.13486284077607763,1.928363079073339e-05,1920.0,3840.0,0.0,0.03125,0.03125,0.00763216477810439,0.0
166500.0,46.25,0.1645334397473448,0.0,0.1645334397473448,0.05401319895952945,0.13484357066829367,2.415156429329889,-1.8172130467064562e-12,0.13484357066829367,1.9270107782354246e-05,1920.0,3840.0,0.0,0.03125,0.03125,0.00761816082121903,0.0
166560.0,46.266666666666666,0.16450668005820784,0.0,0.16450668005820784,0.05401038654600229,0.13482431406789397,2.415175685930287,-1.8189894035458565e-12,0.13482431406789397,1.9256600397841856e-05,1920.0,3840.0,0.0,0.03125,0.03125,0.007604255560354525,0.0
166620.0,46.28333333333333,0.16447993982302075,0.0,0.16447993982302075,0.054007577379685784,0.13480507095927982,2.415194929038899,-1.8207657603852567e-12,0.13480507095927982,1.9243108612342985e-05,1920.0,3840.0,0.0,0.03125,0.03125,0.007590355785637423,0.0
166680.0,46.3,0.16445321901872842,0.0,0.16445321901872842,0.05400477145541731,0.13478584132687707,2.4152141586713003,-1.822542117224657e-12,0.13478584132687707,1.92296324010544e-05,1920.0,3840.0,0.0,0.03125,0.03125,0.007576465780180357,0.0
166740.0,46.31666666666667,0.16442651762231553,0.0,0.16442651762231553,0.054001968768044965,0.13476662515513607,2.4152333748430395,-1.8243184740640572e-12,0.13476662515513607,1.921617173922095e-05,1920.0,3840.0,0.0,0.03125,0.03125,0.007562628987807548,0.0
166800.0,46.333333333333336,0.16439983561080038,0.0,0.16439983561080038,0.05399916931242727,0.13474742242853213,2.4152525775696416,-1.8260948309034575e-12,0.13474742242853213,1.920272660213942e-05,1920.0,3840.0,0.0,0.03125,0.03125,0.007548795604141636,0.0
166860.0,46.35,0.16437317296124304,0.0,0.16437317296124304,0.05399637308343287,0.13472823313156515,2.415271766866607,-1.8278711877428577e-12,0.13472823313156515,1.918929696515389e-05,1920.0,3840.0,0.0,0.03125,0.03125,0.007535027658056541,0.0
166920.0,46.36666666666667,0.16434652965072313,0.0,0.16434652965072313,0.053993580075941065,0.13470905724875964,2.4152909427494107,-1.829647544582258e-12,0.13470905724875964,1.917588280366012e-05,1920.0,3840.0,0.0,0.03125,0.03125,0.0075212406823424345,0.0
166980.0,46.38333333333333,0.16431990565638627,0.0,0.16431990565638627,0.053990790284840745,0.1346898947646649,2.415310105233504,-1.830979812211808e-12,0.1346898947646649,1.91624840931022e-05,1920.0,3840.0,0.0,0.03125,0.03125,0.007507534960843597,0.0
167040.0,46.4,0.16429330095539557,0.0,0.16429330095539557,0.053988003705031914,0.1346707456638541,2.415329254334313,-1.8327561690512084e-12,0.1346707456638541,1.9149100808972368e-05,1920.0,3840.0,0.0,0.03125,0.03125,0.007493799536411979,0.0
167100.0,46.416666666666664,0.16426671552495672,0.0,0.16426671552495672,0.05398522033142456,0.13465160993092568,2.4153483900672397,-1.8345325258906087e-12,0.13465160993092568,1.9135732926815094e-05,1920.0,3840.0,0.0,0.03125,0.03125,0.007480125783617877,0.0
167160.0,46.43333333333333,0.16424014934230785,0.0,0.16424014934230785,0.05398244015893868,0.13463248755050156,2.415367512447662,-1.836308882730009e-12,0.13463248755050156,1.912238042222282e-05,1920.0,3840.0,0.0,0.03125,0.03125,0.007466482951364236,0.0
167220.0,46.45,0.16421360238472923,0.0,0.16421360238472923,0.0539796631825048,0.13461337850722924,2.4153866214909328,-1.837641150359559e-12,0.13461337850722924,1.9109043270835946e-05,1920.0,3840.0,0.0,0.03125,0.03125,0.007452898261564716,0.0
167280.0,46.46666666666667,0.16418707462953763,0.0,0.16418707462953763,0.05397688939706277,0.13459428278577895,2.4154057172123813,-1.8394175071989594e-12,0.13459428278577895,1.9095721448344614e-05,1920.0,3840.0,0.0,0.03125,0.03125,0.007439265708887196,0.0
167340.0,46.483333333333334,0.16416056605408408,0.0,0.16416056605408408,0.05397411879756312,0.13457520037084683,2.4154247996273117,-1.8411938640383596e-12,0.13457520037084683,1.9082414930484775e-05,1920.0,3840.0,0.0,0.03125,0.03125,0.00742573092578006,0.0
167400.0,46.5,0.16413407663576074,0.0,0.16413407663576074,0.053971351378967275,0.13455613124715196,2.4154438687510047,-1.84297022087776e-12,0.13455613124715196,1.9069123693044753e-05,1920.0,3840.0,0.0,0.03125,0.03125,0.007412193887200136,0.0
167460.0,46.516666666666666,0.16410760635197857,0.0,0.16410760635197857,0.05396858713624615,0.13453707539943857,2.4154629245987165,-1.84474657771716e-12,0.13453707539943857,1.905584771186368e-05,1920.0,3840.0,0.0,0.03125,0.03125,0.0073986317743793195,0.0
167520.0,46.53333333333333,0.16408115518021352,0.0,0.16408115518021352,0.05396582606438078,0.13451803281247396,2.4154819671856793,-1.8465229345565604e-12,0.13451803281247396,1.9042586962825564e-05,1920.0,3840.0,0.0,0.03125,0.03125,0.007385170561306492,0.0
167580.0,46.55,0.16405472309795893,0.0,0.16405472309795893,0.053963068158361834,0.13449900347105048,2.415500996527101,-1.8482992913959606e-12,0.13449900347105048,1.9029341421862066e-05,1920.0,3840.0,0.0,0.03125,0.03125,0.007371690037007117,0.0
167640.0,46.56666666666667,0.16402831008274932,0.0,0.16402831008274932,0.053960313413190575,0.1344799873599836,2.415520012638166,-1.850075648235361e-12,0.1344799873599836,1.9016111064954626e-05,1920.0,3840.0,0.0,0.03125,0.03125,0.00735826884055064,0.0
167700.0,46.583333333333336,0.1640019161121523,0.0,0.1640019161121523,0.05395756182387776,0.1344609844641137,2.415539015534034,-1.852296094284611e-12,0.1344609844641137,1.9002895868130766e-05,1920.0,3840.0,0.0,0.03125,0.03125,0.007344867967338866,0.0
167760.0,46.6,0.16397554116377416,0.0,0.16397554116377416,0.05395481338544467,0.13444199476830426,2.4155580052298413,-1.8540724511240114e-12,0.13444199476830426,1.8989695807468982e-05,1920.0,3840.0,0.0,0.03125,0.03125,0.007331512887445938,0.0
167820.0,46.61666666666667,0.16394918521526056,0.0,0.16394918521526056,0.053952068092921975,0.134423018257444,2.4155769817407005,-1.8554047187535616e-12,0.134423018257444,1.897651085909286e-05,1920.0,3840.0,0.0,0.03125,0.03125,0.007318120288448623,0.0
167880.0,46.63333333333333,0.16392284824428804,0.0,0.16392284824428804,0.05394932594135083,0.13440405491644303,2.4155959450816997,-1.857181075592962e-12,0.13440405491644303,1.8963340999175312e-05,1920.0,3840.0,0.0,0.03125,0.03125,0.007304829297718285,0.0
167940.0,46.65,0.16389653022857456,0.0,0.16389653022857456,0.05394658692578207,0.13438510473023718,2.4156148952679035,-1.858957432432362e-12,0.13438510473023718,1.8950186203937455e-05,1920.0,3840.0,0.0,0.03125,0.03125,0.007291504205306223,0.0
168000.0,46.666666666666664,0.16387023114585864,0.0,0.16387023114585864,0.05394385104127662,0.1343661676837859,2.415633832314353,-1.8607337892717624e-12,0.1343661676837859,1.8937046449647058e-05,1920.0,3840.0,0.0,0.03125,0.03125,0.0072782593532348715,0.0
168060.0,46.68333333333333,0.16384395097393767,0.0,0.16384395097393767,0.05394111828290329,0.13434724376207174,2.415652756236066,-1.8620660569013125e-12,0.13434724376207174,1.8923921712615718e-05,1920.0,3840.0,0.0,0.03125,0.03125,0.007265019325126902,0.0
168120.0,46.7,0.16381768969063026,0.0,0.16381768969063026,0.05393838864574434,0.13432833295010074,2.415671667048035,-1.863842413740713e-12,0.13432833295010074,1.89108119692052e-05,1920.0,3840.0,0.0,0.03125,0.03125,0.007251824392964901,0.0
168180.0,46.71666666666667,0.16379144727379405,0.0,0.16379144727379405,0.053935662124889636,0.13430943523290317,2.415690564765231,-1.865618770580113e-12,0.13430943523290317,1.8897717195829952e-05,1920.0,3840.0,0.0,0.03125,0.03125,0.0072385911349135855,0.0
168240.0,46.733333333333334,0.16376522370132163,0.0,0.16376522370132163,0.05393293871543924,0.1342905505955326,2.4157094494026,-1.8669510382096632e-12,0.1342905505955326,1.888463736894506e-05,1920.0,3840.0,0.0,0.03125,0.03125,0.0072254306502299364,0.0
168300.0,46.75,0.1637390189511349,0.0,0.1637390189511349,0.05393021841250262,0.13427167902306572,2.4157283209750653,-1.8687273950490635e-12,0.13427167902306572,1.8871572465053164e-05,1920.0,3840.0,0.0,0.03125,0.03125,0.007212308572311128,0.0
168360.0,46.766666666666666,0.16371283300120648,0.0,0.16371283300120648,0.05392750121119926,0.13425282050060333,2.415747179497526,-1.8705037518884637e-12,0.13425282050060333,1.8858522460704618e-05,1920.0,3840.0,0.0,0.03125,0.03125,0.00719921680693474,0.0
168420.0,46.78333333333333,0.1636866658295315,0.0,0.1636866658295315,0.053924787106658496,0.13423397501326925,2.4157660249848583,-1.872280108727864e-12,0.13423397501326925,1.8845487332496423e-05,1920.0,3840.0,0.0,0.03125,0.03125,0.0071861264601062015,0.0
168480.0,46.8,0.16366051741414678,0.0,0.16366051741414678,0.05392207609401898,0.13421514254621045,2.415784857451915,-1.8740564655672642e-12,0.13421514254621045,1.8832467057070833e-05,1920.0,3840.0,0.0,0.03125,0.03125,0.007173084601808618,0.0
168540.0,46.81666666666667,0.16363438773311587,0.0,0.16363438773311587,0.053919368168429654,0.13419632308459797,2.4158036769135265,-1.8753887331968144e-12,0.13419632308459797,1.8819461611118976e-05,1920.0,3840.0,0.0,0.03125,0.03125,0.007160041459248201,0.0
168600.0,46.833333333333336,0.16360827676454748,0.0,0.16360827676454748,0.05391666332504853,0.13417751661362462,2.4158224833844977,-1.8776091792460647e-12,0.13417751661362462,1.880647097137779e-05,1920.0,3840.0,0.0,0.03125,0.03125,0.007147054752649709,0.0
168660.0,46.85,0.16358218448658154,0.0,0.16358218448658154,0.05391396155904338,0.13415872311850832,2.4158412768796125,-1.878941446875615e-12,0.13415872311850832,1.879349511462816e-05,1920.0,3840.0,0.0,0.03125,0.03125,0.007134060221363925,0.0
168720.0,46.86666666666667,0.16355611087739214,0.0,0.16355611087739214,0.05391126286559184,0.13413994258448897,2.41586005741363,-1.880717803715015e-12,0.13413994258448897,1.8780534017699926e-05,1920.0,3840.0,0.0,0.03125,0.03125,0.0071211374236929996,0.0
168780.0,46.88333333333333,0.16353005591519215,0.0,0.16353005591519215,0.0539085672398808,0.1341211749968299,2.4158788250012875,-1.8824941605544154e-12,0.1341211749968299,1.8767587657467937e-05,1920.0,3840.0,0.0,0.03125,0.03125,0.007108183771382911,0.0
168840.0,46.9,0.16350401957821364,0.0,0.16350401957821364,0.05390587467710632,0.13410242034081726,2.4158975796572983,-1.8842705173938157e-12,0.13410242034081726,1.87546560108507e-05,1920.0,3840.0,0.0,0.03125,0.03125,0.007095295359364358,0.0
168900.0,46.916666666666664,0.16347800184474806,0.0,0.16347800184474806,0.053903185172475394,0.13408367860176096,2.4159163213963533,-1.885602785023366e-12,0.13408367860176096,1.8741739054815877e-05,1920.0,3840.0,0.0,0.03125,0.03125,0.007082444468158537,0.0
168960.0,46.93333333333333,0.163452002693106,0.0,0.163452002693106,0.05390049872120357,0.1340649497649928,2.4159350502331196,-1.887379141862766e-12,0.1340649497649928,1.8728836766377665e-05,1920.0,3840.0,0.0,0.03125,0.03125,0.007069583445543314,0.0
169020.0,46.95,0.16342602210163604,0.0,0.16342602210163604,0.05389781531851566,0.13404623381586872,2.415953766182242,-1.8891554987021664e-12,0.13404623381586872,1.871594912259338e-05,1920.0,3840.0,0.0,0.03125,0.03125,0.007056782029454748,0.0
169080.0,46.96666666666667,0.16340006004872282,0.0,0.16340006004872282,0.05389513495964632,0.13402753073976637,2.415972469258343,-1.8904877663317166e-12,0.13402753073976637,1.870307610056516e-05,1920.0,3840.0,0.0,0.03125,0.03125,0.007043972599467112,0.0
169140.0,46.983333333333334,0.16337411651277362,0.0,0.16337411651277362,0.053892457639839575,0.13400884052208742,2.4159911594760204,-1.8918200339612667e-12,0.13400884052208742,1.8690217677441524e-05,1920.0,3840.0,0.0,0.03125,0.03125,0.007031179140754491,0.0
169200.0,47.0,0.16334819147225235,0.0,0.16334819147225235,0.053889783354348776,0.13399016314825526,2.4160098368498506,-1.894040480010517e-12,0.13399016314825526,1.867737383041737e-05,1920.0,3840.0,0.0,0.03125,0.03125,0.007018468267879017,0.0
169260.0,47.016666666666666,0.16332228490564152,0.0,0.16332228490564152,0.053887112098436954,0.13397149860371682,2.416028501394387,-1.8958168368499173e-12,0.13397149860371682,1.866454453673085e-05,1920.0,3840.0,0.0,0.03125,0.03125,0.007005754734317684,0.0
169320.0,47.03333333333333,0.16329639679146207,0.0,0.16329639679146207,0.053884443867376036,0.13395284687394166,2.4160471531241607,-1.8975931936893176e-12,0.13395284687394166,1.8651729773666727e-05,1920.0,3840.0,0.0,0.03125,0.03125,0.006993077192025058,0.0
169380.0,47.05,0.16327052710826687,0.0,0.16327052710826687,0.05388177865644786,0.13393420794442124,2.416065792053679,-1.899369550528718e-12,0.13393420794442124,1.863892951855334e-05,1920.0,3840.0,0.0,0.03125,0.03125,0.006980416974232596,0.0
169440.0,47.06666666666667,0.16324467583464308,0.0,0.16324467583464308,0.05387911646094331,0.13391558180067095,2.416084418197428,-1.901145907368118e-12,0.13391558180067095,1.8626143748765977e-05,1920.0,3840.0,0.0,0.03125,0.03125,0.006967768109222401,0.0
169500.0,47.083333333333336,0.16321884294921934,0.0,0.16321884294921934,0.053876457276162124,0.13389696842822776,2.4161030315698695,-1.9024781749976682e-12,0.13389696842822776,1.8613372441721984e-05,1920.0,3840.0,0.0,0.03125,0.03125,0.0069551511780046515,0.0
169560.0,47.1,0.16319302843064792,0.0,0.16319302843064792,0.05387380109741404,0.13387836781265106,2.4161216321854444,-1.9042545318370685e-12,0.13387836781265106,1.860061557488334e-05,1920.0,3840.0,0.0,0.03125,0.03125,0.006942580006745131,0.0
169620.0,47.11666666666667,0.1631672322576246,0.0,0.1631672322576246,0.053871147920018035,0.1338597799395237,2.41614022005857,-1.9060308886764687e-12,0.1338597799395237,1.8587873125759878e-05,1920.0,3840.0,0.0,0.03125,0.03125,0.006929994959182555,0.0
169680.0,47.13333333333333,0.1631414544088669,0.0,0.1631414544088669,0.0538684977393019,0.13384120479445016,2.416158795203642,-1.907807245515869e-12,0.13384120479445016,1.8575145071903513e-05,1920.0,3840.0,0.0,0.03125,0.03125,0.006917483892099548,0.0
169740.0,47.15,0.16311569486313798,0.0,0.16311569486313798,0.05386585055060288,0.1338226423630575,2.416177357635033,-1.9095836023552692e-12,0.1338226423630575,1.8562431390910474e-05,1920.0,3840.0,0.0,0.03125,0.03125,0.006904963625881128,0.0
169800.0,47.166666666666664,0.1630899535992305,0.0,0.1630899535992305,0.05386320634926746,0.13380409263099557,2.4161959073670936,-1.9104717807749694e-12,0.13380409263099557,1.8549732060421425e-05,1920.0,3840.0,0.0,0.03125,0.03125,0.006892463361381003,0.0
169860.0,47.18333333333333,0.16306423059596986,0.0,0.16306423059596986,0.053860565130651246,0.1337855555839359,2.416214444414152,-1.9122481376143696e-12,0.1337855555839359,1.8537047058122206e-05,1920.0,3840.0,0.0,0.03125,0.03125,0.006879972279293614,0.0
169920.0,47.2,0.16303852583221842,0.0,0.16303852583221842,0.05385792689011863,0.13376703120757266,2.4162329687905135,-1.91358040524392e-12,0.13376703120757266,1.85243763617399e-05,1920.0,3840.0,0.0,0.03125,0.03125,0.006867577012557734,0.0
169980.0,47.21666666666667,0.1630128392868593,0.0,0.1630128392868593,0.053855291623043755,0.13374851948762176,2.4162514805104625,-1.91580085129317e-12,0.13374851948762176,1.851171994904695e-05,1920.0,3840.0,0.0,0.03125,0.03125,0.006855195557261593,0.0
170040.0,47.233333333333334,0.16298717093882853,0.0,0.16298717093882853,0.05385265932480975,0.1337300204098224,2.4162699795882605,-1.9166890297128703e-12,0.1337300204098224,1.8499077797862045e-05,1920.0,3840.0,0.0,0.03125,0.03125,0.0068427696451186714,0.0
170100.0,47.25,0.16296152076708414,0.0,0.16296152076708414,0.053850029990808165,0.1337115339599348,2.4162884660381465,-1.9184653865522705e-12,0.1337115339599348,1.848644988604317e-05,1920.0,3840.0,0.0,0.03125,0.03125,0.006830440109928296,0.0
170160.0,47.266666666666666,0.1629358887506192,0.0,0.1629358887506192,0.05384740361644067,0.1336930601237418,2.416306939874338,-1.9202417433916708e-12,0.1336930601237418,1.8473836191494692e-05,1920.0,3840.0,0.0,0.03125,0.03125,0.006818101133641672,0.0
170220.0,47.28333333333333,0.1629102748684635,0.0,0.1629102748684635,0.05384478019711694,0.133674598887048,2.4163254011110302,-1.921574011021221e-12,0.133674598887048,1.8461236692163605e-05,1920.0,3840.0,0.0,0.03125,0.03125,0.006805805613657903,0.0
170280.0,47.3,0.16288467909966392,0.0,0.16288467909966392,0.053842159728256594,0.13365615023568025,2.4163438497623964,-1.923350367860621e-12,0.13365615023568025,1.8448651366040495e-05,1920.0,3840.0,0.0,0.03125,0.03125,0.006793505940303755,0.0
170340.0,47.31666666666667,0.1628591014233268,0.0,0.1628591014233268,0.053839542205287444,0.13363771415548759,2.4163622858425877,-1.9246826354901714e-12,0.13363771415548759,1.8436080191158927e-05,1920.0,3840.0,0.0,0.03125,0.03125,0.006781249417731042,0.0
170400.0,47.333333333333336,0.16283354181857435,0.0,0.16283354181857435,0.05383692762364668,0.13361929063234035,2.4163807093657335,-1.9260149031197216e-12,0.13361929063234035,1.8423523145594925e-05,1920.0,3840.0,0.0,0.03125,0.03125,0.00676897411993334,0.0
170460.0,47.35,0.16280800026456557,0.0,0.16280800026456557,0.05383431597878076,0.1336008796521312,2.416399120345941,-1.927791259959122e-12,0.1336008796521312,1.841098020746978e-05,1920.0,3840.0,0.0,0.03125,0.03125,0.006756787200010414,0.0
170520.0,47.36666666666667,0.16278247674049573,0.0,0.16278247674049573,0.05383170726614453,0.13358248120077482,2.416417518797296,-1.929123527588672e-12,0.13358248120077482,1.839845135494615e-05,1920.0,3840.0,0.0,0.03125,0.03125,0.006744598439052975,0.0
170580.0,47.38333333333333,0.16275697122557536,0.0,0.16275697122557536,0.053829101481202166,0.13356409526420684,2.416435904733862,-1.9308998844280723e-12,0.13356409526420684,1.838593656622979e-05,1920.0,3840.0,0.0,0.03125,0.03125,0.006732441058882734,0.0
170640.0,47.4,0.162731483699077,0.0,0.162731483699077,0.053826498619426365,0.13354572182838578,2.4164542781696814,-1.9326762412674725e-12,0.13354572182838578,1.8373435819569237e-05,1920.0,3840.0,0.0,0.03125,0.03125,0.0067203053404283905,0.0
170700.0,47.416666666666664,0.16270601414028674,0.0,0.16270601414028674,0.053823898676299026,0.13352736087929098,2.4164726391187745,-1.9344525981068728e-12,0.13352736087929098,1.8360949093255562e-05,1920.0,3840.0,0.0,0.03125,0.03125,0.006708205049192677,0.0
170760.0,47.43333333333333,0.16268056252852767,0.0,0.16268056252852767,0.05382130164731061,0.13350901240292368,2.4164909875951404,-1.935784865736423e-12,0.13350901240292368,1.8348476365622236e-05,1920.0,3840.0,0.0,0.03125,0.03125,0.006696105599955403,0.0
170820.0,47.45,0.16265512884315877,0.0,0.16265512884315877,0.0538187075279605,0.1334906763853071,2.4165093236127553,-1.937561222575823e-12,0.1334906763853071,1.8336017615045492e-05,1920.0,3840.0,0.0,0.03125,0.03125,0.00668403760650551,0.0
170880.0,47.46666666666667,0.16262971306355306,0.0,0.16262971306355306,0.05381611631375726,0.13347235281248565,2.4165276471855752,-1.9388934902053734e-12,0.13347235281248565,1.8323572819943643e-05,1920.0,3840.0,0.0,0.03125,0.03125,0.0066719980528548595,0.0
170940.0,47.483333333333334,0.16260431516914717,0.0,0.16260431516914717,0.05381352800021766,0.13345404167052533,2.416545958327534,-1.9406698470447736e-12,0.13345404167052533,1.831114195877834e-05,1920.0,3840.0,0.0,0.03125,0.03125,0.006659976388450441,0.0
171000.0,47.5,0.1625789351393893,0.0,0.1625789351393893,0.05381094258286759,0.13343574294551364,2.416564257052544,-1.942446203884174e-12,0.13343574294551364,1.8298725010051062e-05,1920.0,3840.0,0.0,0.03125,0.03125,0.006647978095847421,0.0
171060.0,47.516666666666666,0.16255357295376538,0.0,0.16255357295376538,0.053808360057241766,0.13341745662355975,2.416582543374496,-1.944222560723574e-12,0.13341745662355975,1.8286321952308177e-05,1920.0,3840.0,0.0,0.03125,0.03125,0.006636009499299666,0.0
171120.0,47.53333333333333,0.16252822859179647,0.0,0.16252822859179647,0.053805780418883016,0.1333991826907941,2.4166008173072604,-1.9451107391432743e-12,0.1333991826907941,1.827393276413513e-05,1920.0,3840.0,0.0,0.03125,0.03125,0.006624064737584118,0.0
171180.0,47.55,0.16250290203301654,0.0,0.16250290203301654,0.05380320366334389,0.13338092113336847,2.4166190788646844,-1.9468870959826745e-12,0.13338092113336847,1.8261557424161273e-05,1920.0,3840.0,0.0,0.03125,0.03125,0.006612142574384694,0.0
171240.0,47.56666666666667,0.16247759325702443,0.0,0.16247759325702443,0.053800629786184655,0.13336267193745588,2.4166373280605953,-1.9486634528220748e-12,0.13336267193745588,1.824919591105713e-05,1920.0,3840.0,0.0,0.03125,0.03125,0.006600250336925208,0.0
171300.0,47.583333333333336,0.16245230224342946,0.0,0.16245230224342946,0.053798058782974854,0.1333444350892509,2.416655564908799,-1.949995720451625e-12,0.1333444350892509,1.823684820353436e-05,1920.0,3840.0,0.0,0.03125,0.03125,0.006588374482245083,0.0
171360.0,47.6,0.16242702897187788,0.0,0.16242702897187788,0.0537954906492926,0.13332621057496888,2.416673789423079,-1.951772077291025e-12,0.13332621057496888,1.8224514280347427e-05,1920.0,3840.0,0.0,0.03125,0.03125,0.00657653530632856,0.0
171420.0,47.61666666666667,0.1624017734220512,0.0,0.1624017734220512,0.05379292538072426,0.13330799838084703,2.4166920016171995,-1.9531043449205754e-12,0.13330799838084703,1.821219412029096e-05,1920.0,3840.0,0.0,0.03125,0.03125,0.00656468980413757,0.0
171480.0,47.63333333333333,0.16237653557364387,0.0,0.16237653557364387,0.053790362972865484,0.13328979849314326,2.416710201504902,-1.9548807017599756e-12,0.13328979849314326,1.819988770220194e-05,1920.0,3840.0,0.0,0.03125,0.03125,0.006552905766326428,0.0
171540.0,47.65,0.16235131540641443,0.0,0.16235131540641443,0.053787803421319474,0.13327161089813672,2.416728389099907,-1.956212969389526e-12,0.13327161089813672,1.8187595004957784e-05,1920.0,3840.0,0.0,0.03125,0.03125,0.0065411030748302075,0.0
171600.0,47.666666666666664,0.16232611290013155,0.0,0.16232611290013155,0.05378524672169929,0.1332534355821276,2.4167465644159143,-1.957989326228926e-12,0.1332534355821276,1.8175316007477216e-05,1920.0,3840.0,0.0,0.03125,0.03125,0.006529367211286007,0.0
171660.0,47.68333333333333,0.16230092803460042,0.0,0.16230092803460042,0.053782692869625365,0.13323527253143758,2.416764727466603,-1.9593215938584763e-12,0.13323527253143758,1.816305068872033e-05,1920.0,3840.0,0.0,0.03125,0.03125,0.006517646614262014,0.0
171720.0,47.7,0.1622757607896619,0.0,0.1622757607896619,0.053780141860727194,0.13321712173240827,2.416782878265631,-1.9606538614880265e-12,0.13321712173240827,1.8150799027688165e-05,1920.0,3840.0,0.0,0.03125,0.03125,0.006505925909093765,0.0
171780.0,47.71666666666667,0.16225061114516964,0.0,0.16225061114516964,0.05377759369064307,0.1331989831714033,2.4168010168266343,-1.9624302183274267e-12,0.1331989831714033,1.8138561003421884e-05,1920.0,3840.0,0.0,0.03125,0.03125,0.006494243168290042,0.0
171840.0,47.733333333333334,0.16222547908103874,0.0,0.16222547908103874,0.05377504835501902,0.13318085683480674,2.416819143163229,-1.963762485956977e-12,0.13318085683480674,1.812633659500543e-05,1920.0,3840.0,0.0,0.03125,0.03125,0.006482596915372333,0.0
171900.0,47.75,0.1622003645771968,0.0,0.1622003645771968,0.05377250584951029,0.1331627427090237,2.4168372572890107,-1.965538842796377e-12,0.1331627427090237,1.8114125781560534e-05,1920.0,3840.0,0.0,0.03125,0.03125,0.006470953419252341,0.0
171960.0,47.766666666666666,0.16217526761360668,0.0,0.16217526761360668,0.05376996616978005,0.13314464078047988,2.416855359217553,-1.9668711104259273e-12,0.13314464078047988,1.81019285422524e-05,1920.0,3840.0,0.0,0.03125,0.03125,0.006459353207175741,0.0
172020.0,47.78333333333333,0.16215018817026539,0.0,0.16215018817026539,0.053767429311500005,0.1331265510356222,2.4168734489624093,-1.9682033780554775e-12,0.1331265510356222,1.8089744856283988e-05,1920.0,3840.0,0.0,0.03125,0.03125,0.006447785446299346,0.0
172080.0,47.8,0.16212512622718644,0.0,0.16212512622718644,0.05376489527035056,0.13310847346091773,2.4168915265371123,-1.9699797348948778e-12,0.13310847346091773,1.80775747029008e-05,1920.0,3840.0,0.0,0.03125,0.03125,0.006436196263403016,0.0
172140.0,47.81666666666667,0.16210008176443863,0.0,0.16210008176443863,0.05376236404202018,0.13309040804285469,2.4169095919551737,-1.971312002524428e-12,0.13309040804285469,1.8065418061388324e-05,1920.0,3840.0,0.0,0.03125,0.03125,0.0064246438740198,0.0
172200.0,47.833333333333336,0.16207505476210715,0.0,0.16207505476210715,0.0537598356222057,0.13307235476794216,2.4169276452300847,-1.9730883593638282e-12,0.13307235476794216,1.8053274911070855e-05,1920.0,3840.0,0.0,0.03125,0.03125,0.006413161309778513,0.0
172260.0,47.85,0.1620500452003107,0.0,0.1620500452003107,0.05375731000661262,0.13305431362270906,2.4169456863753163,-1.9744206269933784e-12,0.13305431362270906,1.8041145231314217e-05,1920.0,3840.0,0.0,0.03125,0.03125,0.00640165866581248,0.0
172320.0,47.86666666666667,0.16202505305920112,0.0,0.16202505305920112,0.05375478719095437,0.13303628459370653,2.416963715404318,-1.9753088054130785e-12,0.13303628459370653,1.8029029001523652e-05,1920.0,3840.0,0.0,0.03125,0.03125,0.0063901481634786395,0.0
172380.0,47.88333333333333,0.16200007831895114,0.0,0.16200007831895114,0.05375226717095296,0.1330182676675037,2.416981732330519,-1.9770851622524788e-12,0.1330182676675037,1.801692620114479e-05,1920.0,3840.0,0.0,0.03125,0.03125,0.006378719187273575,0.0
172440.0,47.9,0.16197512095978006,0.0,0.16197512095978006,0.05374974994233863,0.13300026283069247,2.4169997371673286,-1.978861519091879e-12,0.13300026283069247,1.8004836809662334e-05,1920.0,3840.0,0.0,0.03125,0.03125,0.006367267392417754,0.0
172500.0,47.916666666666664,0.1619501809619303,0.0,0.1619501809619303,0.053747235500849734,0.13298227006988447,2.4170177299281352,-1.9801937867214292e-12,0.13298227006988447,1.7992760806601692e-05,1920.0,3840.0,0.0,0.03125,0.03125,0.006355895048125991,0.0
172560.0,47.93333333333333,0.16192525830567311,0.0,0.16192525830567311,0.053744723842233055,0.13296428937171134,2.417035710626307,-1.9815260543509794e-12,0.13296428937171134,1.7980698171526313e-05,1920.0,3840.0,0.0,0.03125,0.03125,0.0063444865919635406,0.0
172620.0,47.95,0.16190035297131633,0.0,0.16190035297131633,0.053742214962243476,0.1329463207228259,2.417053679275191,-1.9828583219805296e-12,0.1329463207228259,1.796864888404142e-05,1920.0,3840.0,0.0,0.03125,0.03125,0.0063331301055614,0.0
172680.0,47.96666666666667,0.1618754649391886,0.0,0.1618754649391886,0.05373970885664432,0.1329283641099006,2.4170716358881146,-1.98463467881993e-12,0.1329283641099006,1.795661292378913e-05,1920.0,3840.0,0.0,0.03125,0.03125,0.0063218341279548925,0.0
172740.0,47.983333333333334,0.16185059418965816,0.0,0.16185059418965816,0.05373720552120692,0.13291041951962868,2.417089580478385,-1.98596694644948e-12,0.13291041951962868,1.7944590270454117e-05,1920.0,3840.0,0.0,0.03125,0.03125,0.006310521751721765,0.0
172800.0,48.0,0.16182574070312392,0.0,0.16182574070312392,0.053734704951710476,0.1328924869387235,2.417107513059289,-1.9872992140790302e-12,0.1328924869387235,1.7932580903756796e-05,1920.0,3840.0,0.0,0.03125,0.03125,0.006299237382787763,0.0
172860.0,48.016666666666666,0.1618009044600099,0.0,0.1618009044600099,0.05373220714394305,0.13287456635391834,2.4171254336440926,-1.9890755709184305e-12,0.13287456635391834,1.7920584803458773e-05,1920.0,3840.0,0.0,0.03125,0.03125,0.006287938326535402,0.0
172920.0,48.03333333333333,0.1617760854407743,0.0,0.1617760854407743,0.053729712093700484,0.13285665775196745,2.417143342246042,-1.9904078385479806e-12,0.13285665775196745,1.7908601949362055e-05,1920.0,3840.0,0.0,0.03125,0.03125,0.0062766890560324385,0.0
172980.0,48.05,0.16175128362590438,0.0,0.16175128362590438,0.05372721979678627,0.13283876111964477,2.4171612388783634,-1.991740106177531e-12,0.13283876111964477,1.7896632321303942e-05,1920.0,3840.0,0.0,0.03125,0.03125,0.00626545790445816,0.0
173040.0,48.06666666666667,0.1617264989959111,0.0,0.1617264989959111,0.05372473024901302,0.13282087644374405,2.417179123554263,-1.993072373807081e-12,0.13282087644374405,1.7884675899164176e-05,1920.0,3840.0,0.0,0.03125,0.03125,0.006254287851392497,0.0
173100.0,48.083333333333336,0.1617017315313513,0.0,0.1617017315313513,0.05372224344620044,0.13280300371107986,2.4171969962869255,-1.9944046414366312e-12,0.13280300371107986,1.787273266285979e-05,1920.0,3840.0,0.0,0.03125,0.03125,0.006243098774320221,0.0
173160.0,48.1,0.16167698121280002,0.0,0.16167698121280002,0.0537197593841768,0.13278514290848595,2.417214857089518,-1.9957369090661814e-12,0.13278514290848595,1.786080259234608e-05,1920.0,3840.0,0.0,0.03125,0.03125,0.006231952222146561,0.0
173220.0,48.11666666666667,0.16165224802086606,0.0,0.16165224802086606,0.0537172780587782,0.13276729402281706,2.4172327059751857,-1.9970691766957316e-12,0.13276729402281706,1.7848885667617352e-05,1920.0,3840.0,0.0,0.03125,0.03125,0.00622082121317736,0.0
173280.0,48.13333333333333,0.16162753193619075,0.0,0.16162753193619075,0.05371479946584905,0.1327494570409468,2.4172505429570545,-1.9984014443252818e-12,0.1327494570409468,1.7836981868706667e-05,1920.0,3840.0,0.0,0.03125,0.03125,0.006209705482283805,0.0
173340.0,48.15,0.16160283293942715,0.0,0.16160283293942715,0.053712323601241604,0.13273163194976945,2.41726836804823,-2.000177801164682e-12,0.13273163194976945,1.7825091175687032e-05,1920.0,3840.0,0.0,0.03125,0.03125,0.006198589913647216,0.0
173400.0,48.166666666666664,0.1615781510112897,0.0,0.1615781510112897,0.053709850460815965,0.1327138187361997,2.4172861812617987,-2.0015100687942322e-12,0.1327138187361997,1.7813213568667292e-05,1920.0,3840.0,0.0,0.03125,0.03125,0.006187536918462409,0.0
173460.0,48.18333333333333,0.16155348613250212,0.0,0.16155348613250212,0.05370738004044015,0.13269601738717038,2.4173039826108265,-2.0028423364237824e-12,0.13269601738717038,1.7801349027794704e-05,1920.0,3840.0,0.0,0.03125,0.03125,0.006176507903038732,0.0
173520.0,48.2,0.16152883828382175,0.0,0.16152883828382175,0.053704912335990715,0.13267822788963549,2.4173217721083597,-2.0046186932631826e-12,0.13267822788963549,1.778949753325717e-05,1920.0,3840.0,0.0,0.03125,0.03125,0.0061654949248758206,0.0
173580.0,48.21666666666667,0.1615042074460384,0.0,0.1615042074460384,0.05370244734335126,0.13266045023056877,2.417339549767425,-2.005950960892733e-12,0.13266045023056877,1.7777659065278463e-05,1920.0,3840.0,0.0,0.03125,0.03125,0.006154494307602296,0.0
173640.0,48.233333333333334,0.1614795935999615,0.0,0.1614795935999615,0.053699985058414,0.1326426843969631,2.4173573156010293,-2.007283228522283e-12,0.1326426843969631,1.7765833604120634e-05,1920.0,3840.0,0.0,0.03125,0.03125,0.006143483972444669,0.0
173700.0,48.25,0.16145499672644462,0.0,0.16145499672644462,0.05369752547707873,0.13262493037583176,2.4173750696221594,-2.0086154961518332e-12,0.13262493037583176,1.7754021130084593e-05,1920.0,3840.0,0.0,0.03125,0.03125,0.006132559549722336,0.0
173760.0,48.266666666666666,0.1614304168063655,0.0,0.1614304168063655,0.05369506859525311,0.13260718815420686,2.417392811843783,-2.0099477637813834e-12,0.13260718815420686,1.7742221623507788e-05,1920.0,3840.0,0.0,0.03125,0.03125,0.006121616432865485,0.0
173820.0,48.28333333333333,0.16140585382062672,0.0,0.16140585382062672,0.05369261440885292,0.13258945771914077,2.4174105422788474,-2.0117241206207837e-12,0.13258945771914077,1.773043506476749e-05,1920.0,3840.0,0.0,0.03125,0.03125,0.006110703352053955,0.0
173880.0,48.3,0.16138130775016735,0.0,0.16138130775016735,0.053690162913801465,0.13257173905770478,2.4174282609402815,-2.013500477460184e-12,0.13257173905770478,1.771866143427693e-05,1920.0,3840.0,0.0,0.03125,0.03125,0.006099803315139937,0.0
173940.0,48.31666666666667,0.1613567785759505,0.0,0.1613567785759505,0.05368771410602977,0.132554032156991,2.417445967840994,-2.014832745089734e-12,0.132554032156991,1.770690071248617e-05,1920.0,3840.0,0.0,0.03125,0.03125,0.006088946972350304,0.0
174000.0,48.333333333333336,0.16133226627896585,0.0,0.16133226627896585,0.053685267981477346,0.13253633700410947,2.4174636629938737,-2.0166091019291343e-12,0.13253633700410947,1.7695152879885173e-05,1920.0,3840.0,0.0,0.03125,0.03125,0.006078074500135674,0.0
174060.0,48.35,0.1613077708402451,0.0,0.1613077708402451,0.05368282453609055,0.13251865358619105,2.417481346411791,-2.0179413695586845e-12,0.13251865358619105,1.7683417917e-05,1920.0,3840.0,0.0,0.03125,0.03125,0.006067259431136526,0.0
174120.0,48.36666666666667,0.16128329224083826,0.0,0.16128329224083826,0.05368038376582427,0.13250098189038528,2.4174990181075953,-2.0192736371882347e-12,0.13250098189038528,1.767169580439307e-05,1920.0,3840.0,0.0,0.03125,0.03125,0.006056465298839667,0.0
174180.0,48.38333333333333,0.16125883046182835,0.0,0.16125883046182835,0.053677945666640574,0.13248332190386128,2.4175166780941177,-2.020605904817785e-12,0.13248332190386128,1.765998652266512e-05,1920.0,3840.0,0.0,0.03125,0.03125,0.006045688126636285,0.0
174240.0,48.4,0.1612343854843295,0.0,0.1612343854843295,0.053675510234509886,0.13246567361380743,2.41753432638417,-2.022382261657185e-12,0.13246567361380743,1.7648290052454986e-05,1920.0,3840.0,0.0,0.03125,0.03125,0.006034944286022309,0.0
174300.0,48.416666666666664,0.16120995728946846,0.0,0.16120995728946846,0.053673077465409745,0.13244803700743152,2.4175519629905446,-2.0237145292867353e-12,0.13244803700743152,1.7636606374437155e-05,1920.0,3840.0,0.0,0.03125,0.03125,0.006024191562819771,0.0
174360.0,48.43333333333333,0.16118554585842917,0.0,0.16118554585842917,0.053670647355325805,0.13243041207196082,2.417569587926014,-2.0250467969162855e-12,0.13243041207196082,1.7624935469323375e-05,1920.0,3840.0,0.0,0.03125,0.03125,0.006013456268811885,0.0
174420.0,48.45,0.16116115117240631,0.0,0.16116115117240631,0.05366821990025084,0.13241279879464132,2.417587201203332,-2.0263790645458357e-12,0.13241279879464132,1.7613277317861863e-05,1920.0,3840.0,0.0,0.03125,0.03125,0.006002763413884111,0.0
174480.0,48.46666666666667,0.16113677321262654,0.0,0.16113677321262654,0.05366579509618609,0.13239519716273923,2.417604802835233,-2.027711332175386e-12,0.13239519716273923,1.7601631900838688e-05,1920.0,3840.0,0.0,0.03125,0.03125,0.005992130446847647,0.0
174540.0,48.483333333333334,0.1611124119603477,0.0,0.1611124119603477,0.05366337293913953,0.13237760716353883,2.417622392834432,-2.029043599804936e-12,0.13237760716353883,1.758999919907546e-05,1920.0,3840.0,0.0,0.03125,0.03125,0.005981457720720722,0.0
174600.0,48.5,0.16108806739685147,0.0,0.16108806739685147,0.053660953425127535,0.1323600287843438,2.4176399712136254,-2.0308199566443363e-12,0.1323600287843438,1.757837919343074e-05,1920.0,3840.0,0.0,0.03125,0.03125,0.005970799674982471,0.0
174660.0,48.516666666666666,0.16106373950345054,0.0,0.16106373950345054,0.053658536550173816,0.1323424620124776,2.41765753798549,-2.0321522242738865e-12,0.1323424620124776,1.756677186480059e-05,1920.0,3840.0,0.0,0.03125,0.03125,0.00596017244949367,0.0
174720.0,48.53333333333333,0.16103942826149237,0.0,0.16103942826149237,0.053656122310309334,0.13232490683528214,2.4176750931626843,-2.0334844919034367e-12,0.13232490683528214,1.7555177194117144e-05,1920.0,3840.0,0.0,0.03125,0.03125,0.005949618817167405,0.0
174780.0,48.55,0.1610151336523459,0.0,0.1610151336523459,0.05365371070157331,0.13230736324011858,2.4176926367578466,-2.034816759532987e-12,0.13230736324011858,1.7543595162347595e-05,1920.0,3840.0,0.0,0.03125,0.03125,0.005939052116899849,0.0
174840.0,48.56666666666667,0.1609908556574117,0.0,0.1609908556574117,0.05365130172001187,0.1322898312143665,2.417710168783597,-2.036593116372387e-12,0.1322898312143665,1.753202575049743e-05,1920.0,3840.0,0.0,0.03125,0.03125,0.005928487670325348,0.0
174900.0,48.583333333333336,0.1609665942581207,0.0,0.1609665942581207,0.05364889536167877,0.13227231074542556,2.4177276892525366,-2.0374812947920873e-12,0.13227231074542556,1.7520468939607077e-05,1920.0,3840.0,0.0,0.03125,0.03125,0.0059179754192007815,0.0
174960.0,48.6,0.1609423494359153,0.0,0.1609423494359153,0.05364649162263571,0.13225480182071317,2.4177451981772475,-2.0392576516314875e-12,0.13225480182071317,1.7508924710751875e-05,1920.0,3840.0,0.0,0.03125,0.03125,0.0059074756389126855,0.0
175020.0,48.61666666666667,0.16091812117229598,0.0,0.16091812117229598,0.053644090498951434,0.13223730442766682,2.4177626955702927,-2.0401458300511877e-12,0.13223730442766682,1.7497393045046558e-05,1920.0,3840.0,0.0,0.03125,0.03125,0.005896959925855257,0.0
175080.0,48.63333333333333,0.16089390944877213,0.0,0.16089390944877213,0.05364169198670261,0.1322198185537419,2.417780181444216,-2.041922186890588e-12,0.1322198185537419,1.7485873923639377e-05,1920.0,3840.0,0.0,0.03125,0.03125,0.005886510914597607,0.0
175140.0,48.65,0.16086971424688418,0.0,0.16086971424688418,0.053639296081972876,0.13220234418641266,2.417797655811544,-2.043254454520138e-12,0.13220234418641266,1.7474367327715017e-05,1920.0,3840.0,0.0,0.03125,0.03125,0.005876092380342795,0.0
175200.0,48.666666666666664,0.16084553554820458,0.0,0.16084553554820458,0.05363690278085372,0.13218488131317283,2.4178151186847825,-2.0445867221496883e-12,0.13218488131317283,1.746287323849433e-05,1920.0,3840.0,0.0,0.03125,0.03125,0.005865641064403546,0.0
175260.0,48.68333333333333,0.16082137333432733,0.0,0.16082137333432733,0.053634512079443634,0.13216742992153438,2.4178325700764196,-2.0459189897792385e-12,0.13216742992153438,1.7451391637232833e-05,1920.0,3840.0,0.0,0.03125,0.03125,0.005855248036338102,0.0
175320.0,48.7,0.16079722758687837,0.0,0.16079722758687837,0.0536321239738492,0.13214998999902777,2.417850009998925,-2.0472512574087887e-12,0.13214998999902777,1.7439922505222653e-05,1920.0,3840.0,0.0,0.03125,0.03125,0.005844872274818494,0.0
175380.0,48.71666666666667,0.16077309828751682,0.0,0.16077309828751682,0.0536297384601835,0.13213256153320252,2.4178674384647487,-2.048583525038339e-12,0.13213256153320252,1.7428465823791605e-05,1920.0,3840.0,0.0,0.03125,0.03125,0.005834521947260796,0.0
175440.0,48.733333333333334,0.16074898541792326,0.0,0.16074898541792326,0.05362735553456779,0.13211514451162681,2.417884855486323,-2.049915792667889e-12,0.13211514451162681,1.7417021574300983e-05,1920.0,3840.0,0.0,0.03125,0.03125,0.00582421158057694,0.0
175500.0,48.75,0.16072488895980824,0.0,0.16072488895980824,0.05362497519313048,0.13209773892188723,2.417902261076061,-2.0516921495072893e-12,0.13209773892188723,1.7405589738151664e-05,1920.0,3840.0,0.0,0.03125,0.03125,0.005813858718226382,0.0
175560.0,48.766666666666666,0.160700808894913,0.0,0.160700808894913,0.05362259743200678,0.13208034475158928,2.4179196552463575,-2.0530244171368395e-12,0.13208034475158928,1.739417029677455e-05,1920.0,3840.0,0.0,0.03125,0.03125,0.005803563602991215,0.0
175620.0,48.78333333333333,0.16067674520499212,0.0,0.16067674520499212,0.053620222247340046,0.13206296198835596,2.417937038009589,-2.0548007739762397e-12,0.13206296198835596,1.7382763231639484e-05,1920.0,3840.0,0.0,0.03125,0.03125,0.005793267908662203,0.0
175680.0,48.8,0.16065269787185088,0.0,0.16065269787185088,0.05361784963528072,0.13204559061983032,2.417954409378113,-2.05657713081564e-12,0.13204559061983032,1.737136852425098e-05,1920.0,3840.0,0.0,0.03125,0.03125,0.005783021616456747,0.0
175740.0,48.81666666666667,0.16062866687730948,0.0,0.16062866687730948,0.05361547959198582,0.13202823063367297,2.4179717693642693,-2.05746530923534e-12,0.13202823063367297,1.735998615614755e-05,1920.0,3840.0,0.0,0.03125,0.03125,0.005772771425041166,0.0
175800.0,48.833333333333336,0.1606046522032148,0.0,0.1606046522032148,0.053613112113620666,0.1320108820175628,2.4179891179803783,-2.0587975768648903e-12,0.1320108820175628,1.7348616108901907e-05,1920.0,3840.0,0.0,0.03125,0.03125,0.005762594582284625,0.0
175860.0,48.85,0.16058065383144668,0.0,0.16058065383144668,0.05361074719635742,0.13199354475919714,2.4180064552387424,-2.0601298444944405e-12,0.13199354475919714,1.7337258364125077e-05,1920.0,3840.0,0.0,0.03125,0.03125,0.005752369511290157,0.0
175920.0,48.86666666666667,0.1605566717439103,0.0,0.1605566717439103,0.053608384836375096,0.13197621884629238,2.418023781151646,-2.0614621121239907e-12,0.13197621884629238,1.73259129034591e-05,1920.0,3840.0,0.0,0.03125,0.03125,0.005742189609424851,0.0
175980.0,48.88333333333333,0.1605327059225278,0.0,0.1605327059225278,0.05360602502986083,0.13195890426658233,2.4180410957313545,-2.062794379753541e-12,0.13195890426658233,1.731457970858297e-05,1920.0,3840.0,0.0,0.03125,0.03125,0.005732063797851098,0.0
176040.0,48.9,0.16050875634927125,0.0,0.16050875634927125,0.053603667773007894,0.1319416010078198,2.418058398990116,-2.064126647383091e-12,0.1319416010078198,1.7303258761209776e-05,1920.0,3840.0,0.0,0.03125,0.03125,0.00572189053076695,0.0
176100.0,48.916666666666664,0.16048482300612443,0.0,0.16048482300612443,0.05360131306201771,0.1319243090577753,2.418075690940159,-2.0659030042224913e-12,0.1319243090577753,1.7291950043087058e-05,1920.0,3840.0,0.0,0.03125,0.03125,0.005711782157223909,0.0
176160.0,48.93333333333333,0.16046090587510142,0.0,0.16046090587510142,0.05359896089309849,0.13190702840423804,2.418092971593695,-2.0667911826421914e-12,0.13190702840423804,1.7280653535997062e-05,1920.0,3840.0,0.0,0.03125,0.03125,0.005701725750090359,0.0
176220.0,48.95,0.16043700493824595,0.0,0.16043700493824595,0.05359661126246541,0.13188975903501496,2.4181102409629167,-2.0681234502717416e-12,0.13188975903501496,1.726936922175711e-05,1920.0,3840.0,0.0,0.03125,0.03125,0.005691615872187375,0.0
176280.0,48.96666666666667,0.16041312017762205,0.0,0.16041312017762205,0.05359426416634067,0.1318725009379313,2.418127499059999,-2.069899807111142e-12,0.1318725009379313,1.725809708221555e-05,1920.0,3840.0,0.0,0.03125,0.03125,0.005681564899444794,0.0
176340.0,48.983333333333334,0.16038925157532816,0.0,0.16038925157532816,0.053591919600954704,0.13185525410083077,2.418144745897098,-2.070787985530842e-12,0.13185525410083077,1.724683709926042e-05,1920.0,3840.0,0.0,0.03125,0.03125,0.0056715435479616815,0.0
176400.0,49.0,0.1603653991134909,0.0,0.1603653991134909,0.053589577562543726,0.13183801851157465,2.418161981486353,-2.072120253160392e-12,0.13183801851157465,1.7235589254810063e-05,1920.0,3840.0,0.0,0.03125,0.03125,0.005661511418437836,0.0
176460.0,49.016666666666666,0.16034156277425965,0.0,0.16034156277425965,0.05358723804735167,0.13182079415804235,2.418179205839884,-2.0734525207899424e-12,0.13182079415804235,1.722435353081786e-05,1920.0,3840.0,0.0,0.03125,0.03125,0.005651502090852604,0.0
176520.0,49.03333333333333,0.16031774253981268,0.0,0.16031774253981268,0.05358490105162955,0.13180358102813178,2.4181964189697935,-2.0743406992096425e-12,0.13180358102813178,1.721312990927161e-05,1920.0,3840.0,0.0,0.03125,0.03125,0.005641531056823364,0.0
176580.0,49.05,0.16029393839235712,0.0,0.16029393839235712,0.05358256657163523,0.13178637910975824,2.418213620888166,-2.0756729668391927e-12,0.13178637910975824,1.7201918372192106e-05,1920.0,3840.0,0.0,0.03125,0.03125,0.00563157151811165,0.0
176640.0,49.06666666666667,0.16027015031411482,0.0,0.16027015031411482,0.053580234603633974,0.1317691883908555,2.4182308116070677,-2.0765611452588928e-12,0.1317691883908555,1.7190718901635026e-05,1920.0,3840.0,0.0,0.03125,0.03125,0.005621636618509483,0.0
176700.0,49.083333333333336,0.16024637828735344,0.0,0.16024637828735344,0.05357790514389778,0.13175200885937421,2.4182479911385473,-2.078337502098293e-12,0.13175200885937421,1.7179531479690606e-05,1920.0,3840.0,0.0,0.03125,0.03125,0.005611728614061613,0.0
176760.0,49.1,0.16022262229435852,0.0,0.16022262229435852,0.05357557818870555,0.13173484050328432,2.4182651594946356,-2.0801138589376933e-12,0.13173484050328432,1.7168356088479774e-05,1920.0,3840.0,0.0,0.03125,0.03125,0.005601856966659198,0.0
176820.0,49.11666666666667,0.1601988823174399,0.0,0.1601988823174399,0.0535732537343437,0.13171768331057282,2.4182823166873457,-2.0814461265672435e-12,0.13171768331057282,1.7157192710160314e-05,1920.0,3840.0,0.0,0.03125,0.03125,0.005591963973785225,0.0
176880.0,49.13333333333333,0.16017515833893892,0.0,0.16017515833893892,0.05357093177710542,0.1317005372692446,2.4182994627286725,-2.0827783941967937e-12,0.1317005372692446,1.7146041326922754e-05,1920.0,3840.0,0.0,0.03125,0.03125,0.005582078704125688,0.0
176940.0,49.15,0.1601514503412249,0.0,0.1601514503412249,0.05356861231329041,0.13168340236732234,2.4183165976305934,-2.084110661826344e-12,0.13168340236732234,1.713490192099062e-05,1920.0,3840.0,0.0,0.03125,0.03125,0.00557229206744741,0.0
177000.0,49.166666666666664,0.16012775830667403,0.0,0.16012775830667403,0.0535662953392058,0.1316662785928464,2.418333721405068,-2.085442929455894e-12,0.1316662785928464,1.7123774474618797e-05,1920.0,3840.0,0.0,0.03125,0.03125,0.005562451038939275,0.0
177060.0,49.18333333333333,0.16010408221772296,0.0,0.16010408221772296,0.05356398085116571,0.13164916593387493,2.4183508340640385,-2.086331107875594e-12,0.13164916593387493,1.7112658970100758e-05,1920.0,3840.0,0.0,0.03125,0.03125,0.0055526700388112,0.0
177120.0,49.2,0.16008042205681283,0.0,0.16008042205681283,0.05356166884549082,0.1316320643784839,2.418367935619428,-2.0876633755051444e-12,0.1316320643784839,1.7101555389757616e-05,1920.0,3840.0,0.0,0.03125,0.03125,0.00554287326587414,0.0
177180.0,49.21666666666667,0.1600567778064139,0.0,0.1600567778064139,0.05355935931850914,0.13161497391476668,2.418385026083144,-2.0894397323445446e-12,0.13161497391476668,1.7090463715947715e-05,1920.0,3840.0,0.0,0.03125,0.03125,0.005533123960046288,0.0
177240.0,49.233333333333334,0.1600331494490273,0.0,0.1600331494490273,0.053557052266555154,0.13159789453083423,2.418402105467075,-2.0907719999740948e-12,0.13159789453083423,1.7079383931060765e-05,1920.0,3840.0,0.0,0.03125,0.03125,0.00552339892606549,0.0
177300.0,49.25,0.16000953696718032,0.0,0.16000953696718032,0.05355474768597036,0.1315808262148155,2.4184191737830925,-2.091660178393795e-12,0.1315808262148155,1.706831601751885e-05,1920.0,3840.0,0.0,0.03125,0.03125,0.005513653973540585,0.0
177360.0,49.266666666666666,0.15998594034341057,0.0,0.15998594034341057,0.05355244557310355,0.13156376895485647,2.4184362310430503,-2.092992446023345e-12,0.13156376895485647,1.705725995777878e-05,1920.0,3840.0,0.0,0.03125,0.03125,0.005503954541804632,0.0
177420.0,49.28333333333333,0.15996235956031138,0.0,0.15996235956031138,0.05355014592430961,0.13154672273912082,2.418453277258785,-2.0943247136528953e-12,0.13154672273912082,1.7046215734329807e-05,1920.0,3840.0,0.0,0.03125,0.03125,0.00549428297828272,0.0
177480.0,49.3,0.1599387946004827,0.0,0.1599387946004827,0.05354784873595076,0.13152968755578984,2.4184703124421145,-2.0956569812824455e-12,0.13152968755578984,1.7035183329692507e-05,1920.0,3840.0,0.0,0.03125,0.03125,0.005484613187851585,0.0
177540.0,49.31666666666667,0.15991524544655314,0.0,0.15991524544655314,0.05354555400439598,0.13151266339306206,2.418487336604841,-2.0965451597021456e-12,0.13151266339306206,1.7024162726421617e-05,1920.0,3840.0,0.0,0.03125,0.03125,0.005474964080061562,0.0
177600.0,49.333333333333336,0.15989171208118153,0.0,0.15989171208118153,0.05354326172602063,0.13149565023915386,2.418504349758748,-2.097877427331696e-12,0.13149565023915386,1.7013153907104337e-05,1920.0,3840.0,0.0,0.03125,0.03125,0.005465357198295864,0.0
177660.0,49.35,0.15986819448705025,0.0,0.15986819448705025,0.05354097189720767,0.1314786480822979,2.4185213519156026,-2.099209694961246e-12,0.1314786480822979,1.700215685435991e-05,1920.0,3840.0,0.0,0.03125,0.03125,0.005455757284582365,0.0
177720.0,49.36666666666667,0.1598446926468587,0.0,0.1598446926468587,0.05353868451434629,0.1314616569107458,2.418538343087153,-2.1009860518006462e-12,0.1314616569107458,1.6991171550841692e-05,1920.0,3840.0,0.0,0.03125,0.03125,0.00544613055864971,0.0
177780.0,49.38333333333333,0.1598212065433533,0.0,0.1598212065433533,0.05353639957383206,0.13144467671276544,2.4185553232851325,-2.1018742302203464e-12,0.13144467671276544,1.6980197979233844e-05,1920.0,3840.0,0.0,0.03125,0.03125,0.005436569656616568,0.0
177840.0,49.4,0.1597977361592915,0.0,0.1597977361592915,0.05353411707206804,0.13142770747664176,2.4185722925212545,-2.1036505870597466e-12,0.13142770747664176,1.696923612225176e-05,1920.0,3840.0,0.0,0.03125,0.03125,0.005427014715781985,0.0
177900.0,49.416666666666664,0.15977428147745865,0.0,0.15977428147745865,0.0535318370054639,0.13141074919067774,2.418589250807217,-2.104982854689297e-12,0.13141074919067774,1.6958285962646997e-05,1920.0,3840.0,0.0,0.03125,0.03125,0.005417483139306088,0.0
177960.0,49.43333333333333,0.159750842480669,0.0,0.159750842480669,0.053529559370435506,0.1313938018431933,2.4186061981547002,-2.106315122318847e-12,0.1313938018431933,1.6947347483200683e-05,1920.0,3840.0,0.0,0.03125,0.03125,0.005407981599347503,0.0
178020.0,49.45,0.15972741915175948,0.0,0.15972741915175948,0.05352728416340565,0.13137686542252539,2.418623134575367,-2.107203300738547e-12,0.13137686542252539,1.6936420666725604e-05,1920.0,3840.0,0.0,0.03125,0.03125,0.005398504446721242,0.0
178080.0,49.46666666666667,0.15970401147358745,0.0,0.15970401147358745,0.05352501138080421,0.131359939917028,2.4186400600808633,-2.1085355683680973e-12,0.131359939917028,1.6925505496067345e-05,1920.0,3840.0,0.0,0.03125,0.03125,0.005389036274531783,0.0
178140.0,49.483333333333334,0.15968061942905226,0.0,0.15968061942905226,0.05352274101906695,0.13134302531507244,2.4186569746828175,-2.1098678359976475e-12,0.13134302531507244,1.6914601954104934e-05,1920.0,3840.0,0.0,0.03125,0.03125,0.0053795602768859346,0.0
178200.0,49.5,0.15965724300106646,0.0,0.15965724300106646,0.053520473074637184,0.13132612160504753,2.418673878392841,-2.1112001036271977e-12,0.13132612160504753,1.6903710023747158e-05,1920.0,3840.0,0.0,0.03125,0.03125,0.005370147851072452,0.0
178260.0,49.516666666666666,0.15963388217257027,0.0,0.15963388217257027,0.05351820754396413,0.13130922877535842,2.418690771222529,-2.112088282046898e-12,0.13130922877535842,1.6892829687936752e-05,1920.0,3840.0,0.0,0.03125,0.03125,0.005360726821772235,0.0
178320.0,49.53333333333333,0.15961053692653163,0.0,0.15961053692653163,0.05351594442350377,0.13129234681442734,2.418707653183459,-2.113864638886298e-12,0.13129234681442734,1.6881960929645286e-05,1920.0,3840.0,0.0,0.03125,0.03125,0.0053512938396452405,0.0
178380.0,49.55,0.15958720724594144,0.0,0.15958720724594144,0.05351368370971916,0.13127547571069428,2.4187245242871906,-2.114752817305998e-12,0.13127547571069428,1.6871103731879608e-05,1920.0,3840.0,0.0,0.03125,0.03125,0.005341934737466881,0.0
178440.0,49.56666666666667,0.15956389311381097,0.0,0.15956389311381097,0.0535114253990794,0.13125861545261538,2.4187413845452683,-2.1160850849355484e-12,0.13125861545261538,1.68602580776759e-05,1920.0,3840.0,0.0,0.03125,0.03125,0.0053325217309901345,0.0
178500.0,49.583333333333336,0.15954059451319258,0.0,0.15954059451319258,0.05350916948806011,0.13124176602866386,2.4187582339692186,-2.1174173525650986e-12,0.13124176602866386,1.6849423950102116e-05,1920.0,3840.0,0.0,0.03125,0.03125,0.005323226400926634,0.0
178560.0,49.6,0.1595173114271519,0.0,0.1595173114271519,0.05350691597314404,0.13122492742733038,2.418775072570551,-2.1183055309847987e-12,0.13122492742733038,1.6838601332257982e-05,1920.0,3840.0,0.0,0.03125,0.03125,0.005313893887188937,0.0
178620.0,49.61666666666667,0.1594940438387815,0.0,0.1594940438387815,0.05350466485082019,0.13120809963712185,2.418791900360758,-2.120081887824199e-12,0.13120809963712185,1.6827790207275967e-05,1920.0,3840.0,0.0,0.03125,0.03125,0.005304552979388512,0.0
178680.0,49.63333333333333,0.15947079173120216,0.0,0.15947079173120216,0.053502416117583475,0.1311912826465622,2.4188087173513164,-2.120970066243899e-12,0.1311912826465622,1.6816990558317682e-05,1920.0,3840.0,0.0,0.03125,0.03125,0.005295291994655016,0.0
178740.0,49.65,0.15944755508755792,0.0,0.15944755508755792,0.0535001697699366,0.13117447644419244,2.418825523553685,-2.1227464230832993e-12,0.13117447644419244,1.6806202368576714e-05,1920.0,3840.0,0.0,0.03125,0.03125,0.005286037221396805,0.0
178800.0,49.666666666666664,0.15942433389100863,0.0,0.15942433389100863,0.05349792580438768,0.13115768101856992,2.4188423189793062,-2.1236346015029994e-12,0.13115768101856992,1.679542562127995e-05,1920.0,3840.0,0.0,0.03125,0.03125,0.005276792158384248,0.0
178860.0,49.68333333333333,0.159401128124761,0.0,0.159401128124761,0.0534956842174516,0.131140896358269,2.418859103639606,-2.1245227799226996e-12,0.131140896358269,1.6784660299681754e-05,1920.0,3840.0,0.0,0.03125,0.03125,0.005267538466436345,0.0
178920.0,49.7,0.15937793777203152,0.0,0.15937793777203152,0.05349344500565016,0.13112412245188074,2.418875877545993,-2.1258550475522497e-12,0.13112412245188074,1.6773906387070806e-05,1920.0,3840.0,0.0,0.03125,0.03125,0.005258327004731833,0.0
178980.0,49.71666666666667,0.15935476281606292,0.0,0.15935476281606292,0.05349120816551105,0.13110735928801262,2.41889264070986,-2.1271873151818e-12,0.13110735928801262,1.6763163866765696e-05,1920.0,3840.0,0.0,0.03125,0.03125,0.005249137116594605,0.0
179040.0,49.733333333333334,0.15933160324012685,0.0,0.15933160324012685,0.053488973693568614,0.13109060685528923,2.418909393142582,-2.1289636720212e-12,0.13109060685528923,1.6752432722114944e-05,1920.0,3840.0,0.0,0.03125,0.03125,0.005239985183668836,0.0
179100.0,49.75,0.15930845902752014,0.0,0.15930845902752014,0.05348674158636364,0.1310738651423514,2.418926134855518,-2.1302959396507504e-12,0.1310738651423514,1.6741712936499774e-05,1920.0,3840.0,0.0,0.03125,0.03125,0.005230791924924608,0.0
179160.0,49.766666666666666,0.1592853301615475,0.0,0.1592853301615475,0.053484511840443186,0.13105713413785694,2.4189428658600116,-2.1311841180704505e-12,0.13105713413785694,1.673100449333008e-05,1920.0,3840.0,0.0,0.03125,0.03125,0.005221623208905134,0.0
179220.0,49.78333333333333,0.15926221662557025,0.0,0.15926221662557025,0.053482284452361036,0.1310404138304795,2.4189595861673876,-2.1325163857000007e-12,0.1310404138304795,1.6720307376048482e-05,1920.0,3840.0,0.0,0.03125,0.03125,0.0052125047807254545,0.0
179280.0,49.8,0.15923911840295288,0.0,0.15923911840295288,0.053480059418676944,0.1310237042089103,2.418976295788956,-2.133848653329551e-12,0.1310237042089103,1.670962156812708e-05,1920.0,3840.0,0.0,0.03125,0.03125,0.0052034120945217525,0.0
179340.0,49.81666666666667,0.15921603547708643,0.0,0.15921603547708643,0.053477836735957546,0.13100700526185582,2.418992994736009,-2.135180920959101e-12,0.13100700526185582,1.6698947053070028e-05,1920.0,3840.0,0.0,0.03125,0.03125,0.005194311137464489,0.0
179400.0,49.833333333333336,0.15919296783139245,0.0,0.15919296783139245,0.05347561640077511,0.13099031697804028,2.4190096830198233,-2.136069099378801e-12,0.13099031697804028,1.6688283814409386e-05,1920.0,3840.0,0.0,0.03125,0.03125,0.005185271962237964,0.0
179460.0,49.85,0.1591699154493175,0.0,0.1591699154493175,0.05347339840970904,0.1309736393462034,2.419026360651659,-2.1374013670083514e-12,0.1309736393462034,1.6677631835710074e-05,1920.0,3840.0,0.0,0.03125,0.03125,0.0051761765800565716,0.0
179520.0,49.86666666666667,0.1591468783143128,0.0,0.1591468783143128,0.05347118275934448,0.13095697235510134,2.4190430276427595,-2.1391777238477516e-12,0.13095697235510134,1.6666991100567558e-05,1920.0,3840.0,0.0,0.03125,0.03125,0.005167178350970778,0.0
179580.0,49.88333333333333,0.1591238564098878,0.0,0.1591238564098878,0.053468969446272926,0.1309403159935076,2.419059684004352,-2.1400659022674517e-12,0.1309403159935076,1.6656361592604008e-05,1920.0,3840.0,0.0,0.03125,0.03125,0.005158172991272608,0.0
179640.0,49.9,0.15910084971955613,0.0,0.15910084971955613,0.05346675846709285,0.13092367025021098,2.4190763297476474,-2.141398169897002e-12,0.13092367025021098,1.664574329547717e-05,1920.0,3840.0,0.0,0.03125,0.03125,0.005149126423524579,0.0
179700.0,49.916666666666664,0.15907785822685663,0.0,0.15907785822685663,0.0534645498184081,0.13090703511401686,2.4190929648838404,-2.142730437526552e-12,0.13090703511401686,1.6635136192872063e-05,1920.0,3840.0,0.0,0.03125,0.03125,0.005140190029515195,0.0
179760.0,49.93333333333333,0.159054881915357,0.0,0.159054881915357,0.05346234349682904,0.130890410573747,2.419109589424109,-2.1440627051561023e-12,0.130890410573747,1.6624540268502142e-05,1920.0,3840.0,0.0,0.03125,0.03125,0.005131220540124303,0.0
179820.0,49.95,0.15903192076865014,0.0,0.15903192076865014,0.05346013949897273,0.1308737966182398,2.419126203379615,-2.1453949727856525e-12,0.1308737966182398,1.661395550611384e-05,1920.0,3840.0,0.0,0.03125,0.03125,0.005122264652791718,0.0
179880.0,49.96666666666667,0.15900897477033948,0.0,0.15900897477033948,0.0534579378214623,0.13085719323634895,2.419142806761504,-2.1467272404152027e-12,0.13085719323634895,1.6603381889483913e-05,1920.0,3840.0,0.0,0.03125,0.03125,0.005113334222251955,0.0
179940.0,49.983333333333334,0.1589860439040734,0.0,0.1589860439040734,0.05345573846092659,0.13084060041694542,2.4191593995809066,-2.147615418834903e-12,0.13084060041694542,1.6592819402415985e-05,1920.0,3840.0,0.0,0.03125,0.03125,0.005104396996733815,0.0
180000.0,50.0,0.1589631281535148,0.0,0.1589631281535148,0.053453541414001354,0.13082401814891537,2.4191759818489356,-2.148947686464453e-12,0.13082401814891537,1.6582268028746602e-05,1920.0,3840.0,0.0,0.03125,0.03125,0.005095526373175256,0.0
180060.0,50.016666666666666,0.15894022750234965,0.0,0.15894022750234965,0.05345134667732801,0.1308074464211619,2.419192553576688,-2.150279954094003e-12,0.1308074464211619,1.6571727752340223e-05,1920.0,3840.0,0.0,0.03125,0.03125,0.0050866397336962275,0.0
180120.0,50.03333333333333,0.15891734193429013,0.0,0.15891734193429013,0.0534491542475544,0.1307908852226035,2.419209114775245,-2.1516122217235534e-12,0.1307908852226035,1.6561198557090067e-05,1920.0,3840.0,0.0,0.03125,0.03125,0.0050777865992530525,0.0
180180.0,50.05,0.1588944714330725,0.0,0.1588944714330725,0.05344696412133506,0.13077433454217544,2.419225665455672,-2.1525004001432535e-12,0.13077433454217544,1.6550680426924036e-05,1920.0,3840.0,0.0,0.03125,0.03125,0.00506890786500002,0.0
180240.0,50.06666666666667,0.15887161598245325,0.0,0.15887161598245325,0.053444776295329365,0.13075779436882837,2.4192422056290175,-2.1538326677728037e-12,0.13075779436882837,1.654017334579419e-05,1920.0,3840.0,0.0,0.03125,0.03125,0.005060142403732663,0.0
180300.0,50.083333333333336,0.15884877556621496,0.0,0.15884877556621496,0.053442590766204015,0.13074126469152955,2.419258735306315,-2.155164935402354e-12,0.13074126469152955,1.652967729768263e-05,1920.0,3840.0,0.0,0.03125,0.03125,0.005051339238453372,0.0
180360.0,50.1,0.15882595016817103,0.0,0.15882595016817103,0.053440407530631444,0.13072474549926166,2.4192752544985816,-2.156497203031904e-12,0.13072474549926166,1.651919226660444e-05,1920.0,3840.0,0.0,0.03125,0.03125,0.00504250766757396,0.0
180420.0,50.11666666666667,0.15880313977215132,0.0,0.15880313977215132,0.05343822658529011,0.13070823678102392,2.419291763216818,-2.1578294706614543e-12,0.13070823678102392,1.6508718236601285e-05,1920.0,3840.0,0.0,0.03125,0.03125,0.005033740594838876,0.0
180480.0,50.13333333333333,0.15878034436201055,0.0,0.15878034436201055,0.05343604792686486,0.13069173852583094,2.41930826147201,-2.1591617382910044e-12,0.13069173852583094,1.6498255191744994e-05,1920.0,3840.0,0.0,0.03125,0.03125,0.005024984603847685,0.0
180540.0,50.15,0.15875756392162965,0.0,0.15875756392162965,0.053433871552046534,0.13067525072271372,2.419324749275126,-2.1600499167107046e-12,0.13067525072271372,1.6487803116137497e-05,1920.0,3840.0,0.0,0.03125,0.03125,0.005016260386881177,0.0
180600.0,50.166666666666664,0.15873479843491412,0.0,0.15873479843491412,0.053431697457531555,0.13065877336071868,2.41934122663712,-2.1613821843402548e-12,0.13065877336071868,1.647736199390789e-05,1920.0,3840.0,0.0,0.03125,0.03125,0.005007535814952397,0.0
180660.0,50.18333333333333,0.15871204788577575,0.0,0.15871204788577575,0.05342952564002288,0.13064230642890823,2.419357693568929,-2.162270362759955e-12,0.13064230642890823,1.6466931809215123e-05,1920.0,3840.0,0.0,0.03125,0.03125,0.004998826360503176,0.0
180720.0,50.2,0.15868931225818259,0.0,0.15868931225818259,0.053427356096229915,0.13062584991636078,2.4193741500814756,-2.163602630389505e-12,0.13062584991636078,1.645651254624843e-05,1920.0,3840.0,0.0,0.03125,0.03125,0.004990136092909941,0.0
180780.0,50.21666666666667,0.15866659153610435,0.0,0.15866659153610435,0.053425188822867155,0.13060940381217023,2.4193905961856648,-2.1649348980190553e-12,0.13060940381217023,1.6446104189225615e-05,1920.0,3840.0,0.0,0.03125,0.03125,0.004981478737355813,0.0
180840.0,50.233333333333334,0.158643885703537,0.0,0.158643885703537,0.05342302381665587,0.1305929681054467,2.419407031892387,-2.1662671656486054e-12,0.1305929681054467,1.6435706722392187e-05,1920.0,3840.0,0.0,0.03125,0.03125,0.004972821861959024,0.0
180900.0,50.25,0.15862119474450426,0.0,0.15862119474450426,0.05342086107432279,0.13057654278531564,2.4194234572125173,-2.1667112548584555e-12,0.13057654278531564,1.642532013002363e-05,1920.0,3840.0,0.0,0.03125,0.03125,0.004964169333074249,0.0
180960.0,50.266666666666666,0.15859851864305324,0.0,0.15859851864305324,0.053418700592601016,0.130560127840918,2.419439872156914,-2.1680435224880057e-12,0.130560127840918,1.641494439642324e-05,1920.0,3840.0,0.0,0.03125,0.03125,0.004955572371551808,0.0
181020.0,50.28333333333333,0.158575857383242,0.0,0.158575857383242,0.05341654236822987,0.13054372326141062,2.41945627673642,-2.169375790117556e-12,0.13054372326141062,1.6404579505925164e-05,1920.0,3840.0,0.0,0.03125,0.03125,0.004946960262399959,0.0
181080.0,50.3,0.1585532109491718,0.0,0.1585532109491718,0.05341438639795422,0.13052732903596692,2.419472670961863,-2.170263968537256e-12,0.13052732903596692,1.6394225442891344e-05,1920.0,3840.0,0.0,0.03125,0.03125,0.004938390037352907,0.0
181140.0,50.31666666666667,0.1585305793249578,0.0,0.1585305793249578,0.053412232678524414,0.13051094515377382,2.4194890548440546,-2.171596236166806e-12,0.13051094515377382,1.6383882191710347e-05,1920.0,3840.0,0.0,0.03125,0.03125,0.0049297873481623025,0.0
181200.0,50.333333333333336,0.1585079624947376,0.0,0.1585079624947376,0.05341008120669784,0.1304945716040358,2.4195054283937916,-2.1724844145865063e-12,0.1304945716040358,1.6373549736800333e-05,1920.0,3840.0,0.0,0.03125,0.03125,0.004921248258534219,0.0
181260.0,50.35,0.1584853604426735,0.0,0.1584853604426735,0.053407931979237315,0.13047820837597204,2.4195217916218543,-2.1733725930062064e-12,0.13047820837597204,1.6363228062610693e-05,1920.0,3840.0,0.0,0.03125,0.03125,0.00491272905524721,0.0
181320.0,50.36666666666667,0.15846277315295187,0.0,0.15846277315295187,0.05340578499291144,0.13046185545881714,2.419538144539008,-2.1747048606357566e-12,0.13046185545881714,1.635291715361602e-05,1920.0,3840.0,0.0,0.03125,0.03125,0.004904186736466195,0.0
181380.0,50.38333333333333,0.15844020060978126,0.0,0.15844020060978126,0.05340364024449477,0.1304455128418217,2.4195544871560024,-2.1755930390554568e-12,0.1304455128418217,1.63426169943203e-05,1920.0,3840.0,0.0,0.03125,0.03125,0.004895688135551496,0.0
181440.0,50.4,0.15841764279738413,0.0,0.15841764279738413,0.05340149773076768,0.1304291805142513,2.4195708194835714,-2.176925306685007e-12,0.1304291805142513,1.6332327569255116e-05,1920.0,3840.0,0.0,0.03125,0.03125,0.004887220431004825,0.0
181500.0,50.416666666666664,0.15839509970002852,0.0,0.15839509970002852,0.053399357448516774,0.13041285846538705,2.4195871415324346,-2.178257574314557e-12,0.13041285846538705,1.6322048862981638e-05,1920.0,3840.0,0.0,0.03125,0.03125,0.004878767231376642,0.0
181560.0,50.43333333333333,0.15837257130198867,0.0,0.15837257130198867,0.053397219394534304,0.13039654668452608,2.419603453313295,-2.178701663524407e-12,0.13039654668452608,1.6311780860088907e-05,1920.0,3840.0,0.0,0.03125,0.03125,0.0048702972859030426,0.0
181620.0,50.45,0.15835005758756318,0.0,0.15835005758756318,0.05339508356561834,0.13038024516097943,2.41961975483684,-2.1804780203638074e-12,0.13038024516097943,1.6301523545193345e-05,1920.0,3840.0,0.0,0.03125,0.03125,0.004861875277345386,0.0
181680.0,50.46666666666667,0.1583275585410796,0.0,0.1583275585410796,0.053392949958572807,0.13036395388407537,2.419636046113743,-2.1813661987835076e-12,0.13036395388407537,1.6291276902940478e-05,1920.0,3840.0,0.0,0.03125,0.03125,0.004853453400303757,0.0
181740.0,50.483333333333334,0.15830507414688672,0.0,0.15830507414688672,0.053390818570207346,0.13034767284315607,2.4196523271546613,-2.1822543772032077e-12,0.13034767284315607,1.6281040918002292e-05,1920.0,3840.0,0.0,0.03125,0.03125,0.0048450452589635686,0.0
181800.0,50.5,0.15828260438934336,0.0,0.15828260438934336,0.05338868939733776,0.13033140202757992,2.419668597970236,-2.183586644832758e-12,0.13033140202757992,1.627081557508026e-05,1920.0,3840.0,0.0,0.03125,0.03125,0.004836678086574138,0.0
181860.0,50.516666666666666,0.15826014925285234,0.0,0.15826014925285234,0.05338656243678529,0.1303151414267201,2.419684858571095,-2.184918912462308e-12,0.1303151414267201,1.626060085890295e-05,1920.0,3840.0,0.0,0.03125,0.03125,0.004828273796483308,0.0
181920.0,50.53333333333333,0.15823770872182902,0.0,0.15823770872182902,0.0533844376853771,0.1302988910299646,2.419701108967849,-2.1862511800918583e-12,0.1302988910299646,1.6250396754226866e-05,1920.0,3840.0,0.0,0.03125,0.03125,0.004819932515778237,0.0
181980.0,50.55,0.15821528278071065,0.0,0.15821528278071065,0.05338231513994634,0.1302826508267175,2.4197173491710946,-2.1875834477214084e-12,0.1302826508267175,1.6240203245836326e-05,1920.0,3840.0,0.0,0.03125,0.03125,0.0048115973299197425,0.0
182040.0,50.56666666666667,0.1581928714139592,0.0,0.1581928714139592,0.05338019479733139,0.13026642080639794,2.419733579191413,-2.1889157153509586e-12,0.13026642080639794,1.6230020318543738e-05,1920.0,3840.0,0.0,0.03125,0.03125,0.004803278288750735,0.0
182100.0,50.583333333333336,0.15817047460605943,0.0,0.15817047460605943,0.0533780766543767,0.13025020095843945,2.41974979903937,-2.190247982980509e-12,0.13025020095843945,1.6219847957187202e-05,1920.0,3840.0,0.0,0.03125,0.03125,0.004795000676984589,0.0
182160.0,50.6,0.15814809234151989,0.0,0.15814809234151989,0.05337596070793276,0.13023399127229177,2.419766008725517,-2.191136161400209e-12,0.13023399127229177,1.6209686146634996e-05,1920.0,3840.0,0.0,0.03125,0.03125,0.0047867221957779,0.0
182220.0,50.61666666666667,0.15812572460485622,0.0,0.15812572460485622,0.05337384695485553,0.13021779173741882,2.4197822082603886,-2.192468429029759e-12,0.13021779173741882,1.6199534871782104e-05,1920.0,3840.0,0.0,0.03125,0.03125,0.004778450838576012,0.0
182280.0,50.63333333333333,0.15810337138063646,0.0,0.15810337138063646,0.05337173539200641,0.1302016023433,2.4197983976545063,-2.1933566074494593e-12,0.1302016023433,1.6189394117551197e-05,1920.0,3840.0,0.0,0.03125,0.03125,0.0047701636099606705,0.0
182340.0,50.65,0.15808103265343118,0.0,0.15808103265343118,0.053369626016252475,0.13018542307943023,2.4198145769183754,-2.1942447858691594e-12,0.13018542307943023,1.6179263868889177e-05,1920.0,3840.0,0.0,0.03125,0.03125,0.004761902345177569,0.0
182400.0,50.666666666666664,0.15805870840783579,0.0,0.15805870840783579,0.05336751882446736,0.1301692539353182,2.419830746062486,-2.1955770534987096e-12,0.1301692539353182,1.616914411077522e-05,1920.0,3840.0,0.0,0.03125,0.03125,0.0047536742245842265,0.0
182460.0,50.68333333333333,0.1580363986284714,0.0,0.1580363986284714,0.053365413813529494,0.13015309490048876,2.4198469050973146,-2.1964652319184097e-12,0.13015309490048876,1.6159034828213998e-05,1920.0,3840.0,0.0,0.03125,0.03125,0.004745506941544846,0.0
182520.0,50.7,0.15801410329998122,0.0,0.15801410329998122,0.053363310980323,0.13013694596448153,2.419863054033321,-2.19735341033811e-12,0.13013694596448153,1.6148936006234368e-05,1920.0,3840.0,0.0,0.03125,0.03125,0.004737289306488351,0.0
182580.0,50.71666666666667,0.1579918224070242,0.0,0.1579918224070242,0.05336121032173829,0.13012080711685037,2.4198791928809507,-2.19868567796766e-12,0.13012080711685037,1.6138847629896797e-05,1920.0,3840.0,0.0,0.03125,0.03125,0.00472913440968999,0.0
182640.0,50.733333333333334,0.15796955593428758,0.0,0.15796955593428758,0.05335911183467068,0.13010467834716496,2.419895321650635,-2.20001794559721e-12,0.13010467834716496,1.6128769684286075e-05,1920.0,3840.0,0.0,0.03125,0.03125,0.004720972508411697,0.0
182700.0,50.75,0.15794730386648587,0.0,0.15794730386648587,0.053357015516021504,0.1300885596450092,2.4199114403527893,-2.2013502132267604e-12,0.1300885596450092,1.6118702154515158e-05,1920.0,3840.0,0.0,0.03125,0.03125,0.004712815953539391,0.0
182760.0,50.766666666666666,0.15792506618834906,0.0,0.15792506618834906,0.05335492136269748,0.13007245099998252,2.419927548997815,-2.2022383916464605e-12,0.13007245099998252,1.610864502572189e-05,1920.0,3840.0,0.0,0.03125,0.03125,0.004704717351211102,0.0
182820.0,50.78333333333333,0.15790284288462808,0.0,0.15790284288462808,0.05335282937161164,0.13005635240169822,2.419943647596098,-2.2035706592760107e-12,0.13005635240169822,1.6098598283074823e-05,1920.0,3840.0,0.0,0.03125,0.03125,0.004696579568070438,0.0
182880.0,50.8,0.1578806339401009,0.0,0.1578806339401009,0.05335073953968184,0.13004026383978554,2.4199597361580096,-2.204458837695711e-12,0.13004026383978554,1.6088561911768e-05,1920.0,3840.0,0.0,0.03125,0.03125,0.004688494578930389,0.0
182940.0,50.81666666666667,0.15785843933956806,0.0,0.15785843933956806,0.05334865186383128,0.13002418530388732,2.4199758146939065,-2.205791105325261e-12,0.13002418530388732,1.6078535897019825e-05,1920.0,3840.0,0.0,0.03125,0.03125,0.004680406886528283,0.0
183000.0,50.833333333333336,0.1578362590678379,0.0,0.1578362590678379,0.05334656634098943,0.13000811678366228,2.4199918832141307,-2.206679283744961e-12,0.13000811678366228,1.6068520224076314e-05,1920.0,3840.0,0.0,0.03125,0.03125,0.004672361144353252,0.0
183060.0,50.85,0.15781409310976224,0.0,0.15781409310976224,0.053344482968091286,0.12999205826878274,2.420007941729009,-2.2080115513745113e-12,0.12999205826878274,1.6058514878212776e-05,1920.0,3840.0,0.0,0.03125,0.03125,0.004664295421498998,0.0
183120.0,50.86666666666667,0.15779194145020475,0.0,0.15779194145020475,0.05334240174207706,0.12997600974893678,2.4200239902488536,-2.2093438190040615e-12,0.12997600974893678,1.604851984472928e-05,1920.0,3840.0,0.0,0.03125,0.03125,0.00465628647355492,0.0
183180.0,50.88333333333333,0.1577698040740503,0.0,0.1577698040740503,0.053340322659892435,0.12995997121382685,2.4200400287839625,-2.2106760866336117e-12,0.12995997121382685,1.6038535108952586e-05,1920.0,3840.0,0.0,0.03125,0.03125,0.004648250484976668,0.0
183240.0,50.9,0.1577476809662069,0.0,0.1577476809662069,0.053338245718488594,0.1299439426531693,2.4200560573446186,-2.212008354263162e-12,0.1299439426531693,1.602856065623457e-05,1920.0,3840.0,0.0,0.03125,0.03125,0.004640267777123328,0.0
183300.0,50.916666666666664,0.15772557211160507,0.0,0.15772557211160507,0.053336170914822637,0.1299279240566963,2.4200720759410905,-2.212896532682862e-12,0.1299279240566963,1.601859647195556e-05,1920.0,3840.0,0.0,0.03125,0.03125,0.004632278691175803,0.0
183360.0,50.93333333333333,0.15770347749520025,0.0,0.15770347749520025,0.053334098245856984,0.1299119154141537,2.420088084583632,-2.2142288003124122e-12,0.1299119154141537,1.600864254152181e-05,1920.0,3840.0,0.0,0.03125,0.03125,0.0046243116390633585,0.0
183420.0,50.95,0.15768139710194812,0.0,0.15768139710194812,0.05333202770855914,0.1298959167153023,2.420104083282482,-2.2155610679419624e-12,0.1298959167153023,1.599869885036565e-05,1920.0,3840.0,0.0,0.03125,0.03125,0.004616321365280878,0.0
183480.0,50.96666666666667,0.15765933091686318,0.0,0.15765933091686318,0.053329959299902786,0.12987992794991715,2.420120072047866,-2.2164492463616625e-12,0.12987992794991715,1.598876538394613e-05,1920.0,3840.0,0.0,0.03125,0.03125,0.004608391024609983,0.0
183540.0,50.983333333333334,0.15763727892495752,0.0,0.15763727892495752,0.053327893016866204,0.1298639491077883,2.420136050889994,-2.2177815139912127e-12,0.1298639491077883,1.5978842127747742e-05,1920.0,3840.0,0.0,0.03125,0.03125,0.004600496757160497,0.0
183600.0,51.0,0.15761524111126873,0.0,0.15761524111126873,0.05332582885643392,0.12984798017871982,2.420152019819061,-2.219113781620763e-12,0.12984798017871982,1.596892906728072e-05,1920.0,3840.0,0.0,0.03125,0.03125,0.00459257745381426,0.0
183660.0,51.016666666666666,0.15759321746085778,0.0,0.15759321746085778,0.05332376681559526,0.12983202115253073,2.420167978845249,-2.220001960040463e-12,0.12983202115253073,1.595902618808296e-05,1920.0,3840.0,0.0,0.03125,0.03125,0.004584698387986093,0.0
183720.0,51.03333333333333,0.15757120795880755,0.0,0.15757120795880755,0.053321706891345654,0.12981607201905387,2.4201839279787247,-2.2213342276700132e-12,0.12981607201905387,1.5949133475717925e-05,1920.0,3840.0,0.0,0.03125,0.03125,0.004576797939178145,0.0
183780.0,51.05,0.15754921259022386,0.0,0.15754921259022386,0.053319649080685476,0.12980013276813707,2.4201998672296403,-2.2222224060897133e-12,0.12980013276813707,1.5939250915775033e-05,1920.0,3840.0,0.0,0.03125,0.03125,0.0045689629006161955,0.0
183840.0,51.06666666666667,0.1575272313402165,0.0,0.1575272313402165,0.053317593380620136,0.12978420338964194,2.4202157966081344,-2.2235546737192635e-12,0.12978420338964194,1.5929378493868997e-05,1920.0,3840.0,0.0,0.03125,0.03125,0.004561071291592064,0.0
183900.0,51.083333333333336,0.15750526419394964,0.0,0.15750526419394964,0.05331553978816118,0.12976828387344524,2.42023171612433,-2.2248869413488137e-12,0.12976828387344524,1.5919516195639403e-05,1920.0,3840.0,0.0,0.03125,0.03125,0.004553261665717968,0.0
183960.0,51.1,0.1574833111365867,0.0,0.1574833111365867,0.053313488300324896,0.12975237420943742,2.4202476257883365,-2.225775119768514e-12,0.12975237420943742,1.5909664006753684e-05,1920.0,3840.0,0.0,0.03125,0.03125,0.004545460843382134,0.0
184020.0,51.11666666666667,0.15746137215331618,0.0,0.15746137215331618,0.05331143891413386,0.1297364743875234,2.4202635256102494,-2.227107387398064e-12,0.1297364743875234,1.589982191290556e-05,1920.0,3840.0,0.0,0.03125,0.03125,0.004537616977811455,0.0
184080.0,51.13333333333333,0.15743944722934966,0.0,0.15743944722934966,0.0533093916266149,0.1297205843976225,2.4202794156001493,-2.227995565817764e-12,0.1297205843976225,1.5889989899812853e-05,1920.0,3840.0,0.0,0.03125,0.03125,0.0045298690346085866,0.0
184140.0,51.15,0.15741753634992026,0.0,0.15741753634992026,0.05330734643480084,0.12970470422966818,2.4202952957681023,-2.2293278334473143e-12,0.12970470422966818,1.5880167953219305e-05,1920.0,3840.0,0.0,0.03125,0.03125,0.004522084481130863,0.0
184200.0,51.166666666666664,0.15739563950028143,0.0,0.15739563950028143,0.05330530333572935,0.12968883387360805,2.4203111661241614,-2.2302160118670145e-12,0.12968883387360805,1.5870356058893397e-05,1920.0,3840.0,0.0,0.03125,0.03125,0.004514318720385207,0.0
184260.0,51.18333333333333,0.15737375666569803,0.0,0.15737375666569803,0.05330326232644405,0.12967297331940458,2.420327026678364,-2.2315482794965646e-12,0.12967297331940458,1.586055420263094e-05,1920.0,3840.0,0.0,0.03125,0.03125,0.004506596403331153,0.0
184320.0,51.2,0.15735188783147938,0.0,0.15735188783147938,0.05330122340399362,0.12965712255703327,2.420342877440734,-2.2324364579162648e-12,0.12965712255703327,1.5850762370253453e-05,1920.0,3840.0,0.0,0.03125,0.03125,0.0044988460330251,0.0
184380.0,51.21666666666667,0.15733003298293907,0.0,0.15733003298293907,0.05329918656543155,0.1296412815764846,2.420358718421282,-2.233324636335965e-12,0.1296412815764846,1.5840980547605433e-05,1920.0,3840.0,0.0,0.03125,0.03125,0.00449114838538638,0.0
184440.0,51.233333333333334,0.15730819210541408,0.0,0.15730819210541408,0.05329715180781725,0.12962545036776316,2.420374549630002,-2.234656903965515e-12,0.12962545036776316,1.5831208720558796e-05,1920.0,3840.0,0.0,0.03125,0.03125,0.0044834689307107515,0.0
184500.0,51.25,0.15728636518426556,0.0,0.15728636518426556,0.05329511912821497,0.12960962892088676,2.420390371076877,-2.2359891715950653e-12,0.12960962892088676,1.5821446875009497e-05,1920.0,3840.0,0.0,0.03125,0.03125,0.0044757732752490585,0.0
184560.0,51.266666666666666,0.15726455220487404,0.0,0.15726455220487404,0.053293088523694604,0.12959381722588897,2.420406182771874,-2.2368773500147654e-12,0.12959381722588897,1.5811694996880516e-05,1920.0,3840.0,0.0,0.03125,0.03125,0.0044680900555515305,0.0
184620.0,51.28333333333333,0.15724275315264125,0.0,0.15724275315264125,0.053291059991330915,0.12957801527281568,2.420421984724946,-2.2377655284344655e-12,0.12957801527281568,1.5801953072117402e-05,1920.0,3840.0,0.0,0.03125,0.03125,0.0044604685698339,0.0
184680.0,51.3,0.15722096801298022,0.0,0.15722096801298022,0.05328903352820412,0.12956222305172777,2.420437776946033,-2.2390977960640157e-12,0.12956222305172777,1.579222108669386e-05,1920.0,3840.0,0.0,0.03125,0.03125,0.004452850515547584,0.0
184740.0,51.31666666666667,0.1571991967713475,0.0,0.1571991967713475,0.05328700913139985,0.1295464405527003,2.42045355944506,-2.2395418852738658e-12,0.1295464405527003,1.5782499026607044e-05,1920.0,3840.0,0.0,0.03125,0.03125,0.0044451860992182285,0.0
184800.0,51.333333333333336,0.15717743941320395,0.0,0.15717743941320395,0.0532849867980082,0.12953066776582103,2.4204693322319377,-2.240874152903416e-12,0.12953066776582103,1.5772786877878998e-05,1920.0,3840.0,0.0,0.03125,0.03125,0.00443757441009578,0.0
184860.0,51.35,0.1571556959240336,0.0,0.1571556959240336,0.05328296652512527,0.1295149046811936,2.420485095316564,-2.242206420532966e-12,0.1295149046811936,1.5763084626556035e-05,1920.0,3840.0,0.0,0.03125,0.03125,0.004430018283173694,0.0
184920.0,51.36666666666667,0.15713396628934398,0.0,0.15713396628934398,0.053280948309852125,0.12949915128893383,2.420500848708823,-2.2430945989526663e-12,0.12949915128893383,1.575339225871201e-05,1920.0,3840.0,0.0,0.03125,0.03125,0.0044224496461874084,0.0
184980.0,51.38333333333333,0.15711225049466226,0.0,0.15711225049466226,0.05327893214929483,0.12948340757917226,2.420516592418583,-2.2444268665822165e-12,0.12948340757917226,1.574370976044419e-05,1920.0,3840.0,0.0,0.03125,0.03125,0.004414851556246653,0.0
185040.0,51.4,0.15709054852553822,0.0,0.15709054852553822,0.053276918040564926,0.12946767354205327,2.4205323264557013,-2.2453150450019166e-12,0.12946767354205327,1.5734037117873725e-05,1920.0,3840.0,0.0,0.03125,0.03125,0.004407319581230438,0.0
185100.0,51.416666666666664,0.15706886036752638,0.0,0.15706886036752638,0.053274905980778685,0.1294519491677351,2.4205480508300186,-2.2462032234216167e-12,0.1294519491677351,1.5724374317149014e-05,1920.0,3840.0,0.0,0.03125,0.03125,0.004399777254590323,0.0
185160.0,51.43333333333333,0.15704718600623238,0.0,0.15704718600623238,0.05327289596705755,0.12943623444638983,2.420563765551363,-2.2466473126314668e-12,0.12943623444638983,1.571472134443878e-05,1920.0,3840.0,0.0,0.03125,0.03125,0.00439225224903161,0.0
185220.0,51.45,0.1570255254272615,0.0,0.1570255254272615,0.05327088799652839,0.1294205293682025,2.420579470629549,-2.247979580261017e-12,0.1294205293682025,1.570507818594047e-05,1920.0,3840.0,0.0,0.03125,0.03125,0.004384738840015089,0.0
185280.0,51.46666666666667,0.15700387861624332,0.0,0.15700387861624332,0.05326888206632348,0.12940483392337376,2.420595166074377,-2.248867758680717e-12,0.12940483392337376,1.5695444827875267e-05,1920.0,3840.0,0.0,0.03125,0.03125,0.004377241259995525,0.0
185340.0,51.483333333333334,0.15698224555882964,0.0,0.15698224555882964,0.05326687817357966,0.1293891481021163,2.4206108518956335,-2.2502000263102673e-12,0.1293891481021163,1.5685821256489246e-05,1920.0,3840.0,0.0,0.03125,0.03125,0.004369798062684111,0.0
185400.0,51.5,0.1569606262406926,0.0,0.1569606262406926,0.053264876315438935,0.12937347189465703,2.4206265281030914,-2.2515322939398175e-12,0.12937347189465703,1.5676207458052185e-05,1920.0,3840.0,0.0,0.03125,0.03125,0.004362310398735484,0.0
185460.0,51.516666666666666,0.15693902064752693,0.0,0.15693902064752693,0.053262876489048185,0.12935780529123714,2.4206421947065104,-2.2524204723595176e-12,0.12935780529123714,1.566660341885612e-05,1920.0,3840.0,0.0,0.03125,0.03125,0.004354865424842693,0.0
185520.0,51.53333333333333,0.15691742876502907,0.0,0.15691742876502907,0.05326087869156017,0.1293421482821108,2.4206578517156356,-2.2533086507792177e-12,0.1293421482821108,1.5657009125221255e-05,1920.0,3840.0,0.0,0.03125,0.03125,0.004347456724200043,0.0
185580.0,51.55,0.15689585057895034,0.0,0.15689585057895034,0.05325888292013224,0.12932650085754646,2.4206734991401992,-2.254196829198918e-12,0.12932650085754646,1.5647424563491546e-05,1920.0,3840.0,0.0,0.03125,0.03125,0.00434000661818336,0.0
185640.0,51.56666666666667,0.15687428607503942,0.0,0.15687428607503942,0.053256889171926586,0.1293108630078254,2.4206891369899193,-2.255085007618618e-12,0.1293108630078254,1.56378497200342e-05,1920.0,3840.0,0.0,0.03125,0.03125,0.004332637135893974,0.0
185700.0,51.583333333333336,0.15685273523906898,0.0,0.15685273523906898,0.053254897444110647,0.12929523472324303,2.4207047652745004,-2.256417275248168e-12,0.12929523472324303,1.5628284581239826e-05,1920.0,3840.0,0.0,0.03125,0.03125,0.004325243705931157,0.0
185760.0,51.6,0.15683119805683346,0.0,0.15683119805683346,0.053252907733856845,0.12927961599410828,2.420720384003634,-2.2577495428777183e-12,0.12927961599410828,1.561872913352427e-05,1920.0,3840.0,0.0,0.03125,0.03125,0.004317848967323744,0.0
185820.0,51.61666666666667,0.1568096745141477,0.0,0.1568096745141477,0.05325092003834278,0.12926400681074413,2.420735993186997,-2.2586377212974185e-12,0.12926400681074413,1.5609183363327844e-05,1920.0,3840.0,0.0,0.03125,0.03125,0.004310523527081087,0.0
185880.0,51.63333333333333,0.15678816459684963,0.0,0.15678816459684963,0.05324893435475098,0.12924840716348604,2.4207515928342542,-2.2595258997171186e-12,0.12924840716348604,1.5599647257114734e-05,1920.0,3840.0,0.0,0.03125,0.03125,0.004303166820579532,0.0
185940.0,51.65,0.15676666829077912,0.0,0.15676666829077912,0.05324695068026911,0.12923281704268355,2.4207671829550557,-2.2604140781368187e-12,0.12923281704268355,1.5590120801373196e-05,1920.0,3840.0,0.0,0.03125,0.03125,0.004295827707430335,0.0
186000.0,51.666666666666664,0.156745185581826,0.0,0.156745185581826,0.0532449690120895,0.12921723643869987,2.420782763559038,-2.261746345766369e-12,0.12921723643869987,1.5580603982615417e-05,1920.0,3840.0,0.0,0.03125,0.03125,0.00428849699312076,0.0
186060.0,51.68333333333333,0.1567237164558825,0.0,0.1567237164558825,0.05324298934740956,0.12920166534191152,2.4207983346558257,-2.262634524186069e-12,0.12920166534191152,1.5571096787377182e-05,1920.0,3840.0,0.0,0.03125,0.03125,0.004281215078295522,0.0
186120.0,51.7,0.1567022608988642,0.0,0.1567022608988642,0.05324101168343184,0.1291861037427081,2.420813896255028,-2.2639667918156192e-12,0.1291861037427081,1.5561599202217587e-05,1920.0,3840.0,0.0,0.03125,0.03125,0.0042739078824541804,0.0
186180.0,51.71666666666667,0.15668081889670435,0.0,0.15668081889670435,0.05323903601736383,0.12917055163149335,2.4208294483662414,-2.2652990594451694e-12,0.12917055163149335,1.5552111213721252e-05,1920.0,3840.0,0.0,0.03125,0.03125,0.004266647903303294,0.0
186240.0,51.733333333333334,0.15665939043535954,0.0,0.15665939043535954,0.053237062346417896,0.12915500899868376,2.4208449909990497,-2.2661872378648695e-12,0.12915500899868376,1.5542632808495645e-05,1920.0,3840.0,0.0,0.03125,0.03125,0.00425938837486282,0.0
186300.0,51.75,0.15663797550080744,0.0,0.15663797550080744,0.05323509066781139,0.12913947583470958,2.420860524163023,-2.2670754162845697e-12,0.12913947583470958,1.553316397317242e-05,1920.0,3840.0,0.0,0.03125,0.03125,0.004252120239224763,0.0
186360.0,51.766666666666666,0.15661657407903515,0.0,0.15661657407903515,0.05323312097876647,0.12912395213001424,2.4208760478677176,-2.2679635947042698e-12,0.12912395213001424,1.552370469440608e-05,1920.0,3840.0,0.0,0.03125,0.03125,0.004244886060977218,0.0
186420.0,51.78333333333333,0.15659518615606308,0.0,0.15659518615606308,0.05323115327651027,0.12910843787505444,2.4208915621226765,-2.26885177312397e-12,0.12910843787505444,1.551425495887491e-05,1920.0,3840.0,0.0,0.03125,0.03125,0.004237694736466587,0.0
186480.0,51.8,0.15657381171792853,0.0,0.15657381171792853,0.053229187558274806,0.12909293306029987,2.42090706693743,-2.27018404075352e-12,0.12909293306029987,1.550481475328152e-05,1920.0,3840.0,0.0,0.03125,0.03125,0.004230487382541558,0.0
186540.0,51.81666666666667,0.15655245075068527,0.0,0.15655245075068527,0.05322722382129696,0.12907743767623478,2.4209225623214943,-2.27062812996337e-12,0.12907743767623478,1.5495384064350174e-05,1920.0,3840.0,0.0,0.03125,0.03125,0.004223316344670403,0.0
186600.0,51.833333333333336,0.15653110324040623,0.0,0.15653110324040623,0.05322526206281902,0.12906195171335472,2.420938048284373,-2.2719603975929203e-12,0.12906195171335472,1.548596287883151e-05,1920.0,3840.0,0.0,0.03125,0.03125,0.004216122851377572,0.0
186660.0,51.85,0.15650976917318848,0.0,0.15650976917318848,0.05322330228008741,0.12904647516217013,2.4209535248355563,-2.2732926652224705e-12,0.12904647516217013,1.547655118349873e-05,1920.0,3840.0,0.0,0.03125,0.03125,0.004208939888042217,0.0
186720.0,51.86666666666667,0.1564884485351461,0.0,0.1564884485351461,0.05322134447035365,0.12903100801320394,2.4209689919845214,-2.2746249328520207e-12,0.12903100801320394,1.546714896514648e-05,1920.0,3840.0,0.0,0.03125,0.03125,0.004201788889992717,0.0
186780.0,51.88333333333333,0.15646714131241385,0.0,0.15646714131241385,0.05321938863087415,0.12901555025699252,2.420984449740732,-2.275513111271721e-12,0.12901555025699252,1.545775621059406e-05,1920.0,3840.0,0.0,0.03125,0.03125,0.00419466503747913,0.0
186840.0,51.9,0.15644584749113352,0.0,0.15644584749113352,0.05321743475891031,0.12900010188408487,2.4209998981136387,-2.276401289691421e-12,0.12900010188408487,1.544837290668359e-05,1920.0,3840.0,0.0,0.03125,0.03125,0.004187503279709582,0.0
186900.0,51.916666666666664,0.15642456705749308,0.0,0.15642456705749308,0.05321548285172847,0.12898466288504362,2.421015337112679,-2.277289468111121e-12,0.12898466288504362,1.5438999040282654e-05,1920.0,3840.0,0.0,0.03125,0.03125,0.004180454488024257,0.0
186960.0,51.93333333333333,0.15640329999768204,0.0,0.15640329999768204,0.05321353290659944,0.12896923325044435,2.4210307667472772,-2.2781776465308212e-12,0.12896923325044435,1.5429634598279783e-05,1920.0,3840.0,0.0,0.03125,0.03125,0.004173343939285305,0.0
187020.0,51.95,0.15638204629791144,0.0,0.15638204629791144,0.053211584920798645,0.12895381297087555,2.4210461870268447,-2.2795099141603714e-12,0.12895381297087555,1.5420279567586456e-05,1920.0,3840.0,0.0,0.03125,0.03125,0.0041662348533287935,0.0
187080.0,51.96666666666667,0.15636080594441398,0.0,0.15636080594441398,0.05320963889160679,0.12893840203693954,2.42106159796078,-2.2803980925800715e-12,0.12893840203693954,1.5410933935136407e-05,1920.0,3840.0,0.0,0.03125,0.03125,0.004159178340859275,0.0
187140.0,51.983333333333334,0.15633957892344152,0.0,0.15633957892344152,0.053207694816309395,0.1289230004392506,2.421076999558468,-2.2812862709997717e-12,0.1289230004392506,1.5401597687889683e-05,1920.0,3840.0,0.0,0.03125,0.03125,0.004152129468598981,0.0
187200.0,52.0,0.15631836522126788,0.0,0.15631836522126788,0.05320575269219664,0.12890760816843683,2.421092391829281,-2.2821744494194718e-12,0.12890760816843683,1.5392270812827134e-05,1920.0,3840.0,0.0,0.03125,0.03125,0.0041450854412400095,0.0
187260.0,52.016666666666666,0.15629716482416967,0.0,0.15629716482416967,0.053203812516563365,0.12889222521513877,2.4211077747825778,-2.283506717049022e-12,0.12889222521513877,1.5382953296953156e-05,1920.0,3840.0,0.0,0.03125,0.03125,0.004138059308079339,0.0
187320.0,52.03333333333333,0.15627597771847007,0.0,0.15627597771847007,0.053201874286709375,0.1288768515700105,2.421123148427705,-2.284394895468722e-12,0.1288768515700105,1.5373645127295385e-05,1920.0,3840.0,0.0,0.03125,0.03125,0.004131036837615389,0.0
187380.0,52.05,0.1562548038904964,0.0,0.1562548038904964,0.05319993799993844,0.12886148722371857,2.4211385127739957,-2.2857271630982723e-12,0.12886148722371857,1.536434629090171e-05,1920.0,3840.0,0.0,0.03125,0.03125,0.004124059458114079,0.0
187440.0,52.06666666666667,0.15623364332659756,0.0,0.15623364332659756,0.053198003653560345,0.12884613216694307,2.4211538678307707,-2.2861712523081223e-12,0.12884613216694307,1.5355056774844555e-05,1920.0,3840.0,0.0,0.03125,0.03125,0.004117072789451211,0.0
187500.0,52.083333333333336,0.1562124960131365,0.0,0.1562124960131365,0.05319607124488882,0.12883078639037546,2.421169213607337,-2.2875035199376725e-12,0.12883078639037546,1.5345776566221317e-05,1920.0,3840.0,0.0,0.03125,0.03125,0.0041101040431078,0.0
187560.0,52.1,0.1561913619365053,0.0,0.1561913619365053,0.05319414077124277,0.1288154498847224,2.421184550112989,-2.2883916983573727e-12,0.1288154498847224,1.5336505652149645e-05,1920.0,3840.0,0.0,0.03125,0.03125,0.004103126401434096,0.0
187620.0,52.11666666666667,0.15617024108310953,0.0,0.15617024108310953,0.05319221222994541,0.12880012264070187,2.421199877357009,-2.2888357875672227e-12,0.12880012264070187,1.532724401977038e-05,1920.0,3840.0,0.0,0.03125,0.03125,0.00409619903922639,0.0
187680.0,52.13333333333333,0.15614913343937348,0.0,0.15614913343937348,0.05319028561832418,0.1287848046490444,2.4212151953486654,-2.290168055196773e-12,0.1287848046490444,1.531799165624622e-05,1920.0,3840.0,0.0,0.03125,0.03125,0.004089231028929023,0.0
187740.0,52.15,0.1561280389917337,0.0,0.1561280389917337,0.05318836093371242,0.1287694959004948,2.421230504097214,-2.290612144406623e-12,0.1287694959004948,1.5308748548761173e-05,1920.0,3840.0,0.0,0.03125,0.03125,0.0040823409754292776,0.0
187800.0,52.166666666666664,0.15610695772666577,0.0,0.15610695772666577,0.053186438173447516,0.12875419638580918,2.4212458036118987,-2.291944412036173e-12,0.12875419638580918,1.529951468452683e-05,1920.0,3840.0,0.0,0.03125,0.03125,0.004075427158178669,0.0
187860.0,52.18333333333333,0.15608588963064904,0.0,0.15608588963064904,0.05318451733487121,0.1287389060957574,2.4212610939019497,-2.2928325904558733e-12,0.1287389060957574,1.5290290050772125e-05,1920.0,3840.0,0.0,0.03125,0.03125,0.004068534850734405,0.0
187920.0,52.2,0.15606483469018467,0.0,0.15606483469018467,0.053182598415330566,0.1287236250211216,2.421276374976584,-2.2941648580854235e-12,0.1287236250211216,1.528107463475106e-05,1920.0,3840.0,0.0,0.03125,0.03125,0.0040616496826408836,0.0
187980.0,52.21666666666667,0.15604379289179354,0.0,0.15604379289179354,0.053180681412176856,0.12870835315269694,2.421291646845008,-2.2950530365051236e-12,0.12870835315269694,1.5271868423738658e-05,1920.0,3840.0,0.0,0.03125,0.03125,0.0040547733680400206,0.0
188040.0,52.233333333333334,0.15602276422201616,0.0,0.15602276422201616,0.05317876632276575,0.12869309048129088,2.421306909516413,-2.2959412149248237e-12,0.12869309048129088,1.5262671405031575e-05,1920.0,3840.0,0.0,0.03125,0.03125,0.004047923962250085,0.0
188100.0,52.25,0.1560017486674138,0.0,0.1560017486674138,0.053176853144458636,0.12867783699772398,2.421322162999979,-2.296829393344524e-12,0.12867783699772398,1.5253483565951537e-05,1920.0,3840.0,0.0,0.03125,0.03125,0.004041105676143827,0.0
188160.0,52.266666666666666,0.15598074621455263,0.0,0.15598074621455263,0.05317494187462049,0.12866259269282915,2.421337407304873,-2.297717571764224e-12,0.12866259269282915,1.5244304893841833e-05,1920.0,3840.0,0.0,0.03125,0.03125,0.004034270618134544,0.0
188220.0,52.28333333333333,0.15595975685003854,0.0,0.15595975685003854,0.05317303251062113,0.12864735755745219,2.4213526424402487,-2.299049839393774e-12,0.12864735755745219,1.5235135376064805e-05,1920.0,3840.0,0.0,0.03125,0.03125,0.004027441422735205,0.0
188280.0,52.3,0.1559387805604877,0.0,0.1559387805604877,0.053171125049835184,0.12863213158245126,2.4213678684152486,-2.2999380178134743e-12,0.12863213158245126,1.5225975000008687e-05,1920.0,3840.0,0.0,0.03125,0.03125,0.004020649906168342,0.0
188340.0,52.31666666666667,0.15591781733253318,0.0,0.15591781733253318,0.053169219489641546,0.12861691475869694,2.4213830852390017,-2.3012702854430245e-12,0.12861691475869694,1.5216823753080664e-05,1920.0,3840.0,0.0,0.03125,0.03125,0.004013860555626631,0.0
188400.0,52.333333333333336,0.15589686715282594,0.0,0.15589686715282594,0.05316731582742385,0.12860170707707355,2.4213982929206246,-2.3017143746528745e-12,0.12860170707707355,1.5207681622711534e-05,1920.0,3840.0,0.0,0.03125,0.03125,0.004007081720091053,0.0
188460.0,52.35,0.15587593000804006,0.0,0.15587593000804006,0.0531654140605708,0.12858650852847606,2.421413491469221,-2.3026025530725747e-12,0.12858650852847606,1.5198548596354817e-05,1920.0,3840.0,0.0,0.03125,0.03125,0.004000331788273719,0.0
188520.0,52.36666666666667,0.15585500588486598,0.0,0.15585500588486598,0.053163514186474865,0.1285713191038136,2.4214286808938827,-2.3034907314922748e-12,0.1285713191038136,1.5189424661485193e-05,1920.0,3840.0,0.0,0.03125,0.03125,0.003993584950078941,0.0
188580.0,52.38333333333333,0.15583409477001636,0.0,0.15583409477001636,0.05316161620253368,0.1285561387940072,2.4214438612036884,-2.304378909911975e-12,0.1285561387940072,1.5180309805598788e-05,1920.0,3840.0,0.0,0.03125,0.03125,0.003986830999546929,0.0
188640.0,52.4,0.15581319665020063,0.0,0.15581319665020063,0.05315972010614872,0.12854096758998984,2.4214590324077045,-2.305267088331675e-12,0.12854096758998984,1.5171204016213775e-05,1920.0,3840.0,0.0,0.03125,0.03125,0.003980118229117524,0.0
188700.0,52.416666666666664,0.15579231151218453,0.0,0.15579231151218453,0.05315782589472688,0.12852580548270806,2.4214741945149854,-2.3065993559612252e-12,0.12852580548270806,1.5162107280870126e-05,1920.0,3840.0,0.0,0.03125,0.03125,0.00397339058132149,0.0
188760.0,52.43333333333333,0.15577143934272814,0.0,0.15577143934272814,0.05315593356567876,0.12851065246311988,2.4214893475345725,-2.3074875343809254e-12,0.12851065246311988,1.515301958713009e-05,1920.0,3840.0,0.0,0.03125,0.03125,0.003966722721096796,0.0
188820.0,52.45,0.15575058012861562,0.0,0.15575058012861562,0.053154043116420364,0.1284955085221965,2.421504491475495,-2.3083757128006255e-12,0.1284955085221965,1.5143940922576962e-05,1920.0,3840.0,0.0,0.03125,0.03125,0.0039600318203309014,0.0
188880.0,52.46666666666667,0.15572973385664565,0.0,0.15572973385664565,0.05315215454437133,0.12848037365092058,2.42151962634677,-2.3092638912203256e-12,0.12848037365092058,1.5134871274816959e-05,1920.0,3840.0,0.0,0.03125,0.03125,0.003953354556083668,0.0
188940.0,52.483333333333334,0.15570890051364214,0.0,0.15570890051364214,0.053150267846956326,0.12846524784028818,2.4215347521574015,-2.3101520696400257e-12,0.12846524784028818,1.5125810631475606e-05,1920.0,3840.0,0.0,0.03125,0.03125,0.003946682355988685,0.0
189000.0,52.5,0.15568808008644405,0.0,0.15568808008644405,0.0531483830216041,0.12845013108130715,2.4215498689163817,-2.311040248059726e-12,0.12845013108130715,1.5116758980201952e-05,1920.0,3840.0,0.0,0.03125,0.03125,0.003940027918043155,0.0
189060.0,52.516666666666666,0.15566727256190813,0.0,0.15566727256190813,0.053146500065748455,0.12843502336499737,2.4215649766326903,-2.311928426479426e-12,0.12843502336499737,1.5107716308665618e-05,1920.0,3840.0,0.0,0.03125,0.03125,0.003933405038762289,0.0
189120.0,52.53333333333333,0.15564647792689995,0.0,0.15564647792689995,0.05314461897682706,0.12841992468239188,2.421580075315295,-2.312816604899126e-12,0.12841992468239188,1.5098682604558235e-05,1920.0,3840.0,0.0,0.03125,0.03125,0.003926792017056393,0.0
189180.0,52.55,0.15562569616832753,0.0,0.15562569616832753,0.053142739752282515,0.12840483502453545,2.4215951649731506,-2.3137047833188262e-12,0.12840483502453545,1.5089657855592816e-05,1920.0,3840.0,0.0,0.03125,0.03125,0.003920169586861782,0.0
189240.0,52.56666666666667,0.15560492727309932,0.0,0.15560492727309932,0.0531408623895614,0.1283897543824849,2.4216102456152,-2.3150370509483764e-12,0.1283897543824849,1.5080642049502866e-05,1920.0,3840.0,0.0,0.03125,0.03125,0.003913620724644086,0.0
189300.0,52.583333333333336,0.15558417122814588,0.0,0.15558417122814588,0.05313898688611531,0.12837468274730984,2.421625317250374,-2.3159252293680765e-12,0.12837468274730984,1.5071635174044224e-05,1920.0,3840.0,0.0,0.03125,0.03125,0.003906996787990044,0.0
189360.0,52.6,0.1555634280204154,0.0,0.1555634280204154,0.05313711323939969,0.1283596201100919,2.421640379887591,-2.3168134077877767e-12,0.1283596201100919,1.5062637216993722e-05,1920.0,3840.0,0.0,0.03125,0.03125,0.003900434215721136,0.0
189420.0,52.61666666666667,0.15554269763687523,0.0,0.15554269763687523,0.053135241446875044,0.1283445664619249,2.4216554335357574,-2.3177015862074768e-12,0.1283445664619249,1.5053648166149975e-05,1920.0,3840.0,0.0,0.03125,0.03125,0.0038938978016675937,0.0
189480.0,52.63333333333333,0.155521980064513,0.0,0.155521980064513,0.05313337150600554,0.12832952179391469,2.4216704782037666,-2.318589764627177e-12,0.12832952179391469,1.5044668009331729e-05,1920.0,3840.0,0.0,0.03125,0.03125,0.003887320457599328,0.0
189540.0,52.65,0.15550127529032762,0.0,0.15550127529032762,0.05313150341426052,0.1283144860971794,2.421685513900501,-2.319477943046877e-12,0.1283144860971794,1.5035696734380076e-05,1920.0,3840.0,0.0,0.03125,0.03125,0.003880793284003087,0.0
189600.0,52.666666666666664,0.15548058330133827,0.0,0.15548058330133827,0.05312963716911303,0.12829945936284926,2.42170054063483,-2.320366121466577e-12,0.12829945936284926,1.502673432915616e-05,1920.0,3840.0,0.0,0.03125,0.03125,0.0038742907948858467,0.0
189660.0,52.68333333333333,0.15545990408459287,0.0,0.15545990408459287,0.053127772768040836,0.1282844415820666,2.421715558415612,-2.3212542998862773e-12,0.1282844415820666,1.5017780781541717e-05,1920.0,3840.0,0.0,0.03125,0.03125,0.0038677752964166308,0.0
189720.0,52.7,0.1554392376271462,0.0,0.1554392376271462,0.0531259102085263,0.1282694327459862,2.421730567251691,-2.3225865675158275e-12,0.1282694327459862,1.5008836079441883e-05,1920.0,3840.0,0.0,0.03125,0.03125,0.003861297887669025,0.0
189780.0,52.71666666666667,0.15541858391607394,0.0,0.15541858391607394,0.053124049488055616,0.12825443284577462,2.421745567151902,-2.3234747459355276e-12,0.12825443284577462,1.4999900210780708e-05,1920.0,3840.0,0.0,0.03125,0.03125,0.0038547778760817377,0.0
189840.0,52.733333333333334,0.1553979429384698,0.0,0.1553979429384698,0.05312219060411975,0.12823944187261024,2.4217605581250656,-2.3239188351453777e-12,0.12823944187261024,1.4990973163503394e-05,1920.0,3840.0,0.0,0.03125,0.03125,0.0038483073110391146,0.0
189900.0,52.75,0.15537731468144542,0.0,0.15537731468144542,0.05312033355421372,0.12822445981768343,2.421775540179991,-2.325251102774928e-12,0.12822445981768343,1.4982054925576733e-05,1920.0,3840.0,0.0,0.03125,0.03125,0.0038418495197190673,0.0
189960.0,52.766666666666666,0.15535669913213299,0.0,0.15535669913213299,0.053118478335837334,0.12820948667219773,2.421790513325476,-2.326139281194628e-12,0.12820948667219773,1.4973145484987554e-05,1920.0,3840.0,0.0,0.03125,0.03125,0.0038354119425702588,0.0
190020.0,52.78333333333333,0.1553360962776741,0.0,0.1553360962776741,0.05311662494649436,0.12819452242736704,2.421805477570306,-2.327027459614328e-12,0.12819452242736704,1.496424482974477e-05,1920.0,3840.0,0.0,0.03125,0.03125,0.0038289908587696006,0.0
190080.0,52.8,0.15531550610523404,0.0,0.15531550610523404,0.05311477338369283,0.12817956707441827,2.421820432923254,-2.327471548824178e-12,0.12817956707441827,1.4955352947877078e-05,1920.0,3840.0,0.0,0.03125,0.03125,0.003822546782141699,0.0
190140.0,52.81666666666667,0.15529492860200284,0.0,0.15529492860200284,0.053112923644945555,0.12816462060458972,2.4218353793930816,-2.3283597272438783e-12,0.12816462060458972,1.4946469827434206e-05,1920.0,3840.0,0.0,0.03125,0.03125,0.003816172710627397,0.0
190200.0,52.833333333333336,0.1552743637551792,0.0,0.1552743637551792,0.05311107572776882,0.12814968300913235,2.421850316988538,-2.3292479056635784e-12,0.12814968300913235,1.4937595456485853e-05,1920.0,3840.0,0.0,0.03125,0.03125,0.0038097550658129104,0.0
190260.0,52.85,0.15525381155198154,0.0,0.15525381155198154,0.053109229629684174,0.12813475427930826,2.421865245718361,-2.3305801732931286e-12,0.12813475427930826,1.4928729823123256e-05,1920.0,3840.0,0.0,0.03125,0.03125,0.003803388661295288,0.0
190320.0,52.86666666666667,0.15523327197964626,0.0,0.15523327197964626,0.053107385348216844,0.12811983440639213,2.4218801655912765,-2.3310242625029787e-12,0.12811983440639213,1.4919872915458364e-05,1920.0,3840.0,0.0,0.03125,0.03125,0.0037970022712934216,0.0
190380.0,52.88333333333333,0.15521274502542864,0.0,0.15521274502542864,0.05310554288089636,0.12810492338166965,2.421895076615998,-2.3319124409226788e-12,0.12810492338166965,1.4911024721622512e-05,1920.0,3840.0,0.0,0.03125,0.03125,0.00379064869332023,0.0
190440.0,52.9,0.1551922306766021,0.0,0.1551922306766021,0.05310370222525681,0.12809002119643864,2.421909978801228,-2.333244708552229e-12,0.12809002119643864,1.4902185229768595e-05,1920.0,3840.0,0.0,0.03125,0.03125,0.0037843068890699057,0.0
190500.0,52.916666666666664,0.15517172892045067,0.0,0.15517172892045067,0.053101863378836316,0.12807512784200983,2.421924872155656,-2.334132886971929e-12,0.12807512784200983,1.4893354428069794e-05,1920.0,3840.0,0.0,0.03125,0.03125,0.0037779742680544223,0.0
190560.0,52.93333333333333,0.15515123974428163,0.0,0.15515123974428163,0.05310002633917729,0.12806024330970417,2.421939756687961,-2.3350210653916292e-12,0.12806024330970417,1.4884532304719724e-05,1920.0,3840.0,0.0,0.03125,0.03125,0.003771653276520896,0.0
190620.0,52.95,0.15513076313542606,0.0,0.15513076313542606,0.053098191103826096,0.12804536759085527,2.4219546324068086,-2.3359092438113294e-12,0.12804536759085527,1.487571884793112e-05,1920.0,3840.0,0.0,0.03125,0.03125,0.0037653091568389005,0.0
190680.0,52.96666666666667,0.15511029908122448,0.0,0.15511029908122448,0.05309635767033404,0.1280305006768085,2.4219694993208547,-2.3367974222310295e-12,0.1280305006768085,1.4866914045938366e-05,1920.0,3840.0,0.0,0.03125,0.03125,0.003759033094914918,0.0
190740.0,52.983333333333334,0.15508984756903654,0.0,0.15508984756903654,0.05309452603625637,0.12801564255892045,2.421984357438742,-2.3376856006507296e-12,0.12801564255892045,1.4858117886997355e-05,1920.0,3840.0,0.0,0.03125,0.03125,0.003752714673865903,0.0
190800.0,53.0,0.15506940858623938,0.0,0.15506940858623938,0.05309269619915188,0.1280007932285603,2.4219992067691014,-2.3381296898605797e-12,0.1280007932285603,1.484933035938196e-05,1920.0,3840.0,0.0,0.03125,0.03125,0.003746461713347079,0.0
190860.0,53.016666666666666,0.1550489821202279,0.0,0.1550489821202279,0.05309086815658449,0.12798595267710805,2.4220140473205527,-2.33901786828028e-12,0.12798595267710805,1.4840551451386183e-05,1920.0,3840.0,0.0,0.03125,0.03125,0.0037402038384733082,0.0
190920.0,53.03333333333333,0.15502856815841687,0.0,0.15502856815841687,0.05308904190612183,0.12797112089595558,2.422028879101704,-2.34035013590983e-12,0.12797112089595558,1.4831781151326275e-05,1920.0,3840.0,0.0,0.03125,0.03125,0.003733949140083527,0.0
190980.0,53.05,0.1550081666882321,0.0,0.1550081666882321,0.05308721744533573,0.12795629787650709,2.4220437021211514,-2.34123831432953e-12,0.12795629787650709,1.4823019447536853e-05,1920.0,3840.0,0.0,0.03125,0.03125,0.003727697157901424,0.0
191040.0,53.06666666666667,0.15498777769711602,0.0,0.15498777769711602,0.053085394771802526,0.12794148361017804,2.4220585163874797,-2.3421264927492302e-12,0.12794148361017804,1.4814266328373284e-05,1920.0,3840.0,0.0,0.03125,0.03125,0.0037214827096621527,0.0
191100.0,53.083333333333336,0.15496740117254337,0.0,0.15496740117254337,0.05308357388310227,0.12792667808839484,2.422073321909262,-2.3430146711689304e-12,0.12792667808839484,1.4805521782210957e-05,1920.0,3840.0,0.0,0.03125,0.03125,0.0037152584381374733,0.0
191160.0,53.1,0.15494703710199295,0.0,0.15494703710199295,0.05308175477681961,0.1279118813025964,2.4220881186950596,-2.3439028495886305e-12,0.1279118813025964,1.479678579744553e-05,1920.0,3840.0,0.0,0.03125,0.03125,0.0037090520423907034,0.0
191220.0,53.11666666666667,0.15492668547296365,0.0,0.15492668547296365,0.053079937450542757,0.1278970932442331,2.422102906753422,-2.3447910280083306e-12,0.1278970932442331,1.4788058362491285e-05,1920.0,3840.0,0.0,0.03125,0.03125,0.0037028368938987173,0.0
191280.0,53.13333333333333,0.15490634627297017,0.0,0.15490634627297017,0.05307812190186485,0.12788231390476648,2.4221176860928875,-2.3456792064280307e-12,0.12788231390476648,1.477933946578399e-05,1920.0,3840.0,0.0,0.03125,0.03125,0.0036966675093008045,0.0
191340.0,53.15,0.15488601948954797,0.0,0.15488601948954797,0.05307630812838228,0.12786754327566965,2.4221324567219833,-2.347011474057581e-12,0.12786754327566965,1.4770629095778303e-05,1920.0,3840.0,0.0,0.03125,0.03125,0.0036905303996626034,0.0
191400.0,53.166666666666664,0.15486570511024852,0.0,0.15486570511024852,0.053074496127696456,0.1278527813484279,2.4221472186492243,-2.347455563267431e-12,0.1278527813484279,1.476192724094883e-05,1920.0,3840.0,0.0,0.03125,0.03125,0.0036843457411107855,0.0
191460.0,53.18333333333333,0.1548454031226408,0.0,0.1548454031226408,0.053072685897412465,0.12783802811453704,2.422161971883114,-2.348787830896981e-12,0.12783802811453704,1.4753233889791265e-05,1920.0,3840.0,0.0,0.03125,0.03125,0.0036782306587672254,0.0
191520.0,53.2,0.15482511351429556,0.0,0.15482511351429556,0.053070877435139566,0.12782328356550557,2.4221767164321446,-2.3496760093166813e-12,0.12782328356550557,1.4744549030820391e-05,1920.0,3840.0,0.0,0.03125,0.03125,0.003672072961664434,0.0
191580.0,53.21666666666667,0.15480483627283206,0.0,0.15480483627283206,0.05306907073849077,0.1278085476928519,2.4221914523047974,-2.3505641877363814e-12,0.1278085476928519,1.4735872652569172e-05,1920.0,3840.0,0.0,0.03125,0.03125,0.0036659638834739034,0.0
191640.0,53.233333333333334,0.1547845713858651,0.0,0.1547845713858651,0.053067265805083544,0.1277938204881075,2.422206179509541,-2.3510082769462315e-12,0.1277938204881075,1.47272047435909e-05,1920.0,3840.0,0.0,0.03125,0.03125,0.0036598522713013784,0.0
191700.0,53.25,0.15476431884103173,0.0,0.15476431884103173,0.05306546263253954,0.12777910194281422,2.4222208980548334,-2.3523405445757817e-12,0.12777910194281422,1.471854529245976e-05,1920.0,3840.0,0.0,0.03125,0.03125,0.003653738937973121,0.0
191760.0,53.266666666666666,0.15474407862598072,0.0,0.15474407862598072,0.05306366121848455,0.12776439204852558,2.4222356079491214,-2.3527846337856317e-12,0.12776439204852558,1.4709894287769252e-05,1920.0,3840.0,0.0,0.03125,0.03125,0.0036476623352213883,0.0
191820.0,53.28333333333333,0.1547238507283872,0.0,0.1547238507283872,0.053061861560547735,0.1277496907968066,2.4222503092008396,-2.353672812205332e-12,0.1277496907968066,1.4701251718131423e-05,1920.0,3840.0,0.0,0.03125,0.03125,0.0036415715421288476,0.0
191880.0,53.3,0.1547036351359374,0.0,0.1547036351359374,0.05306006365636311,0.1277349981792334,2.422265001818412,-2.354560990625032e-12,0.1277349981792334,1.4692617572177812e-05,1920.0,3840.0,0.0,0.03125,0.03125,0.0036355246216043203,0.0
191940.0,53.31666666666667,0.1546834318363387,0.0,0.1546834318363387,0.05305826750356842,0.12772031418739385,2.4222796858102504,-2.355449169044732e-12,0.12772031418739385,1.4683991838560838e-05,1920.0,3840.0,0.0,0.03125,0.03125,0.003629473934286304,0.0
192000.0,53.333333333333336,0.154663240817296,0.0,0.154663240817296,0.05305647309980533,0.12770563881288713,2.4222943611847563,-2.3563373474644322e-12,0.12770563881288713,1.4675374505951037e-05,1920.0,3840.0,0.0,0.03125,0.03125,0.003623435797416909,0.0
192060.0,53.35,0.1546430620665632,0.0,0.1546430620665632,0.05305468044271956,0.12769097204732327,2.422309027950319,-2.3572255258841324e-12,0.12769097204732327,1.4666765563037975e-05,1920.0,3840.0,0.0,0.03125,0.03125,0.0036173959505257343,0.0
192120.0,53.36666666666667,0.15462289557189307,0.0,0.15462289557189307,0.05305288952996114,0.1276763138823238,2.422323686115318,-2.3581137043038325e-12,0.1276763138823238,1.4658164998531364e-05,1920.0,3840.0,0.0,0.03125,0.03125,0.003611360093297064,0.0
192180.0,53.38333333333333,0.15460274132105506,0.0,0.15460274132105506,0.05305110035918412,0.12766166430952197,2.422338335688119,-2.3590018827235326e-12,0.12766166430952197,1.4649572801161662e-05,1920.0,3840.0,0.0,0.03125,0.03125,0.003605356150162431,0.0
192240.0,53.4,0.15458259930183746,0.0,0.15458259930183746,0.053049312928046134,0.12764702332056097,2.422352976677079,-2.3598900611432327e-12,0.12764702332056097,1.464098895967606e-05,1920.0,3840.0,0.0,0.03125,0.03125,0.003599381018979693,0.0
192300.0,53.416666666666664,0.15456246950204633,0.0,0.15456246950204633,0.05304752723420916,0.12763239090709752,2.4223676090905415,-2.360778239562933e-12,0.12763239090709752,1.4632413462842409e-05,1920.0,3840.0,0.0,0.03125,0.03125,0.003593381012519234,0.0
192360.0,53.43333333333333,0.1545423519095033,0.0,0.1545423519095033,0.05304574327533901,0.12761776706079714,2.4223822329368407,-2.362110507192483e-12,0.12761776706079714,1.4623846299446779e-05,1920.0,3840.0,0.0,0.03125,0.03125,0.0035874300842417277,0.0
192420.0,53.45,0.1545222465120487,0.0,0.1545222465120487,0.053043961049105394,0.1276031517733378,2.4223968482242992,-2.362554596402333e-12,0.1276031517733378,1.4615287458294723e-05,1920.0,3840.0,0.0,0.03125,0.03125,0.0035814399056969134,0.0
192480.0,53.46666666666667,0.15450215329753156,0.0,0.15450215329753156,0.053042180553182425,0.12758854503640882,2.4224114549612272,-2.3638868640318833e-12,0.12758854503640882,1.4606736928211493e-05,1920.0,3840.0,0.0,0.03125,0.03125,0.003575466461588573,0.0
192540.0,53.483333333333334,0.15448207225382388,0.0,0.15448207225382388,0.05304040178524797,0.12757394684170995,2.422426053155925,-2.3647750424515834e-12,0.12757394684170995,1.459819469804176e-05,1920.0,3840.0,0.0,0.03125,0.03125,0.003569542909454371,0.0
192600.0,53.5,0.1544620033688206,0.0,0.1544620033688206,0.053038624742983466,0.12755935718095263,2.422440642816682,-2.3652191316614335e-12,0.12755935718095263,1.4589660756647838e-05,1920.0,3840.0,0.0,0.03125,0.03125,0.003563624793985554,0.0
192660.0,53.516666666666666,0.15444194663042457,0.0,0.15444194663042457,0.053036849424074765,0.1275447760458588,2.422455223951775,-2.3661073100811336e-12,0.1275447760458588,1.4581135092911548e-05,1920.0,3840.0,0.0,0.03125,0.03125,0.003557721392366816,0.0
192720.0,53.53333333333333,0.15442190202655723,0.0,0.15442190202655723,0.0530350758262115,0.12753020342816224,2.422469796569471,-2.3669954885008337e-12,0.12753020342816224,1.4572617695733193e-05,1920.0,3840.0,0.0,0.03125,0.03125,0.0035518218810061076,0.0
192780.0,53.55,0.15440186954515472,0.0,0.15440186954515472,0.05303330394708731,0.12751563931960716,2.4224843606780246,-2.367883666920534e-12,0.12751563931960716,1.4564108554033687e-05,1920.0,3840.0,0.0,0.03125,0.03125,0.00354589166485577,0.0
192840.0,53.56666666666667,0.15438184917417408,0.0,0.15438184917417408,0.053031533784399454,0.1275010837119497,2.4224989162856816,-2.368327756130384e-12,0.1275010837119497,1.4555607656750466e-05,1920.0,3840.0,0.0,0.03125,0.03125,0.003540020173552282,0.0
192900.0,53.583333333333336,0.15436184090158642,0.0,0.15436184090158642,0.05302976533584979,0.12748653659695594,2.4225134634006746,-2.369215934550084e-12,0.12748653659695594,1.4547114992841463e-05,1920.0,3840.0,0.0,0.03125,0.03125,0.003534165316382398,0.0
192960.0,53.6,0.15434184471538231,0.0,0.15434184471538231,0.05302799859914357,0.12747199796640382,2.422528002031226,-2.370104112969784e-12,0.12747199796640382,1.4538630551284643e-05,1920.0,3840.0,0.0,0.03125,0.03125,0.0035282706484796485,0.0
193020.0,53.61666666666667,0.15432186060354683,0.0,0.15432186060354683,0.05302623357199001,0.12745746781208195,2.422542532185547,-2.3705482021796342e-12,0.12745746781208195,1.4530154321073281e-05,1920.0,3840.0,0.0,0.03125,0.03125,0.0035224336238869063,0.0
193080.0,53.63333333333333,0.1543018885541203,0.0,0.1543018885541203,0.05302447025210227,0.1274429461257897,2.4225570538718384,-2.3718804698091844e-12,0.1274429461257897,1.452168629122253e-05,1920.0,3840.0,0.0,0.03125,0.03125,0.003516612653250792,0.0
193140.0,53.65,0.1542819285551351,0.0,0.1542819285551351,0.053022708637197026,0.1274284328993383,2.4225715670982892,-2.3723245590190345e-12,0.1274284328993383,1.4513226450762757e-05,1920.0,3840.0,0.0,0.03125,0.03125,0.0035107725086689443,0.0
193200.0,53.666666666666664,0.15426198059464263,0.0,0.15426198059464263,0.053020948724995624,0.12741392812454877,2.422586071873078,-2.3732127374387346e-12,0.12741392812454877,1.4504774788745973e-05,1920.0,3840.0,0.0,0.03125,0.03125,0.0035049498673467936,0.0
193260.0,53.68333333333333,0.15424204466071154,0.0,0.15424204466071154,0.053019190513222444,0.1273994317932535,2.422600568204372,-2.3741009158584347e-12,0.1273994317932535,1.4496331294242116e-05,1920.0,3840.0,0.0,0.03125,0.03125,0.0034991438063410696,0.0
193320.0,53.7,0.15422212074142824,0.0,0.15422212074142824,0.053017433999606726,0.12738494389729632,2.4226150561003283,-2.374989094278135e-12,0.12738494389729632,1.4487895956339e-05,1920.0,3840.0,0.0,0.03125,0.03125,0.003493331607535843,0.0
193380.0,53.71666666666667,0.15420220882489444,0.0,0.15420220882489444,0.05301567918188052,0.12737046442853114,2.4226295355690923,-2.376321361907685e-12,0.12737046442853114,1.4479468764144588e-05,1920.0,3840.0,0.0,0.03125,0.03125,0.0034875824893065214,0.0
193440.0,53.733333333333334,0.1541823088992296,0.0,0.1541823088992296,0.05301392605778026,0.12735599337882358,2.4226440066187993,-2.376765451117535e-12,0.12735599337882358,1.4471049706782858e-05,1920.0,3840.0,0.0,0.03125,0.03125,0.003481777793154018,0.0
193500.0,53.75,0.15416242095256324,0.0,0.15416242095256324,0.05301217462504609,0.12734153074004922,2.4226584692575726,-2.3780977187470853e-12,0.12734153074004922,1.4462638773397629e-05,1920.0,3840.0,0.0,0.03125,0.03125,0.0034760294337945223,0.0
193560.0,53.766666666666666,0.15414254497304244,0.0,0.15414254497304244,0.05301042488142219,0.1273270765040955,2.4226729234935256,-2.3785418079569354e-12,0.1273270765040955,1.4454235953151148e-05,1920.0,3840.0,0.0,0.03125,0.03125,0.0034702550595226375,0.0
193620.0,53.78333333333333,0.15412268094884243,0.0,0.15412268094884243,0.05300867682465628,0.12731263066285922,2.422687369334761,-2.3798740755864856e-12,0.12731263066285922,1.444584123522446e-05,1920.0,3840.0,0.0,0.03125,0.03125,0.0034645467133094373,0.0
193680.0,53.8,0.15410282886814328,0.0,0.15410282886814328,0.05300693045249981,0.12729819320824973,2.4227018067893695,-2.3807622540061857e-12,0.12729819320824973,1.4437454608814715e-05,1920.0,3840.0,0.0,0.03125,0.03125,0.0034588185677341143,0.0
193740.0,53.81666666666667,0.15408298871914397,0.0,0.15408298871914397,0.053005185762708525,0.12728376413218567,2.422716235865433,-2.3812063432160357e-12,0.12728376413218567,1.4429076063140346e-05,1920.0,3840.0,0.0,0.03125,0.03125,0.00345308472436976,0.0
193800.0,53.833333333333336,0.15406316049005453,0.0,0.15406316049005453,0.05300344275304184,0.1272693434265974,2.4227306565710203,-2.382094521635736e-12,0.1272693434265974,1.4420705587436815e-05,1920.0,3840.0,0.0,0.03125,0.03125,0.0034473961840796844,0.0
193860.0,53.85,0.15404334416911045,0.0,0.15404334416911045,0.053001701421262516,0.1272549310834256,2.422745068914191,-2.382982700055436e-12,0.1272549310834256,1.441234317095781e-05,1920.0,3840.0,0.0,0.03125,0.03125,0.0034416879776592965,0.0
193920.0,53.86666666666667,0.15402353974455707,0.0,0.15402353974455707,0.05299996176513729,0.12724052709462186,2.422759472902994,-2.383870878475136e-12,0.12724052709462186,1.4403988802973819e-05,1920.0,3840.0,0.0,0.03125,0.03125,0.003436008082168029,0.0
193980.0,53.88333333333333,0.1540037472046599,0.0,0.1540037472046599,0.05299822378243722,0.12722613145214817,2.422773868545467,-2.3847590568948362e-12,0.12722613145214817,1.4395642472775978e-05,1920.0,3840.0,0.0,0.03125,0.03125,0.003430321834845877,0.0
194040.0,53.9,0.15398396653768454,0.0,0.15398396653768454,0.05299648747093622,0.1272117441479776,2.4227882558496368,-2.3856472353145364e-12,0.1272117441479776,1.4387304169672191e-05,1920.0,3840.0,0.0,0.03125,0.03125,0.0034246630432709434,0.0
194100.0,53.916666666666664,0.15396419773193556,0.0,0.15396419773193556,0.05299475282841268,0.12719736517409388,2.42280263482352,-2.3860913245243864e-12,0.12719736517409388,1.437897388298716e-05,1920.0,3840.0,0.0,0.03125,0.03125,0.0034189960262130024,0.0
194160.0,53.93333333333333,0.15394444077572386,0.0,0.15394444077572386,0.05299301985264853,0.12718299452249102,2.422817005475122,-2.3869795029440866e-12,0.12718299452249102,1.4370651602066859e-05,1920.0,3840.0,0.0,0.03125,0.03125,0.003413359147997573,0.0
194220.0,53.95,0.15392469565737407,0.0,0.15392469565737407,0.052991288541429184,0.12716863218517366,2.4228313678124382,-2.3878676813637867e-12,0.12716863218517366,1.4362337316272185e-05,1920.0,3840.0,0.0,0.03125,0.03125,0.0034077118625072196,0.0
194280.0,53.96666666666667,0.15390496236522838,0.0,0.15390496236522838,0.05298955889254423,0.12715427815415817,2.422845721843453,-2.3883117705736367e-12,0.12715427815415817,1.4354031014983186e-05,1920.0,3840.0,0.0,0.03125,0.03125,0.0034020886051917137,0.0
194340.0,53.983333333333334,0.15388524088764288,0.0,0.15388524088764288,0.05298783090378678,0.1271399324214694,2.4228600675761407,-2.389644038203187e-12,0.1271399324214694,1.4345732687598468e-05,1920.0,3840.0,0.0,0.03125,0.03125,0.003396499989035056,0.0
194400.0,54.0,0.15386553121299257,0.0,0.15386553121299257,0.052986104572953774,0.12712559497914527,2.4228744050184643,-2.390088127413037e-12,0.12712559497914527,1.4337442323534369e-05,1920.0,3840.0,0.0,0.03125,0.03125,0.0033908693683848746,0.0
194460.0,54.016666666666666,0.15384583332966698,0.0,0.15384583332966698,0.05298437989784532,0.1271112658192321,2.4228887341783767,-2.390976305832737e-12,0.1271112658192321,1.4329159912223726e-05,1920.0,3840.0,0.0,0.03125,0.03125,0.0033853134246109935,0.0
194520.0,54.03333333333333,0.1538261472260745,0.0,0.1538261472260745,0.052982656876266014,0.12709694493378823,2.42290305506382,-2.391420395042587e-12,0.12709694493378823,1.432088544311733e-05,1920.0,3840.0,0.0,0.03125,0.03125,0.003379708555593212,0.0
194580.0,54.05,0.15380647289061755,0.0,0.15380647289061755,0.05298093550602383,0.12708263231488168,2.4229173676827256,-2.3927526626721374e-12,0.12708263231488168,1.4312618905686035e-05,1920.0,3840.0,0.0,0.03125,0.03125,0.0033741405599605726,0.0
194640.0,54.06666666666667,0.15378681031175093,0.0,0.15378681031175093,0.052979215784930596,0.12706832795459144,2.422931672043015,-2.3931967518819874e-12,0.12706832795459144,1.4304360289417064e-05,1920.0,3840.0,0.0,0.03125,0.03125,0.003368586336939093,0.0
194700.0,54.083333333333336,0.15376715947792313,0.0,0.15376715947792313,0.05297749771080113,0.12705403184500688,2.422945968152599,-2.3940849303016876e-12,0.12705403184500688,1.4296109583814748e-05,1920.0,3840.0,0.0,0.03125,0.03125,0.0033630340583551688,0.0
194760.0,54.1,0.15374752037759995,0.0,0.15374752037759995,0.05297578128145475,0.12703974397822745,2.4229602560193775,-2.3949731087213877e-12,0.12703974397822745,1.4287866778399956e-05,1920.0,3840.0,0.0,0.03125,0.03125,0.0033574831914197404,0.0
194820.0,54.11666666666667,0.15372789299926465,0.0,0.15372789299926465,0.0529740664947143,0.1270254643463641,2.42297453565124,-2.3954171979312378e-12,0.1270254643463641,1.427963186271508e-05,1920.0,3840.0,0.0,0.03125,0.03125,0.0033519447412461044,0.0
194880.0,54.13333333333333,0.15370827733141607,0.0,0.15370827733141607,0.052972353348405866,0.127011192941537,2.4229888070560666,-2.396305376350938e-12,0.127011192941537,1.4271404826317145e-05,1920.0,3840.0,0.0,0.03125,0.03125,0.003346449847408427,0.0
194940.0,54.15,0.15368867336256764,0.0,0.15368867336256764,0.05297064184035945,0.12699692975587734,2.4230030702417253,-2.397193554770638e-12,0.12699692975587734,1.4263185658780688e-05,1920.0,3840.0,0.0,0.03125,0.03125,0.0033409384983356925,0.0
195000.0,54.166666666666664,0.153669081081251,0.0,0.153669081081251,0.052968931968408635,0.12698267478152686,2.423017325216075,-2.397637643980488e-12,0.12698267478152686,1.4254974349697885e-05,1920.0,3840.0,0.0,0.03125,0.03125,0.003335446239807676,0.0
195060.0,54.18333333333333,0.1536495004760141,0.0,0.1536495004760141,0.05296722373039102,0.12696842801063732,2.423031571986964,-2.398525822400188e-12,0.12696842801063732,1.4246770888680773e-05,1920.0,3840.0,0.0,0.03125,0.03125,0.0033299556444823194,0.0
195120.0,54.2,0.15362993153539772,0.0,0.15362993153539772,0.05296551712414742,0.1269541894353711,2.4230458105622295,-2.3994140008198883e-12,0.1269541894353711,1.4238575265356397e-05,1920.0,3840.0,0.0,0.03125,0.03125,0.003324470012937118,0.0
195180.0,54.21666666666667,0.15361037424799906,0.0,0.15361037424799906,0.0529638121475225,0.1269399590479009,2.4230600409496987,-2.4003021792395884e-12,0.1269399590479009,1.4230387469370309e-05,1920.0,3840.0,0.0,0.03125,0.03125,0.0033189884118445625,0.0
195240.0,54.233333333333334,0.1535908286024052,0.0,0.1535908286024052,0.052962108798364084,0.12692573684040978,2.423074263157189,-2.4007462684494385e-12,0.12692573684040978,1.4222207490384997e-05,1920.0,3840.0,0.0,0.03125,0.03125,0.0033135555051765062,0.0
195300.0,54.25,0.1535712945872204,0.0,0.1535712945872204,0.05296040707452409,0.12691152280509083,2.423088477192507,-2.4016344468691386e-12,0.12691152280509083,1.4214035318078728e-05,1920.0,3840.0,0.0,0.03125,0.03125,0.003308117561825143,0.0
195360.0,54.266666666666666,0.15355177219106775,0.0,0.15355177219106775,0.05295870697385795,0.12689731693414788,2.4231026830634494,-2.4025226252888388e-12,0.12689731693414788,1.42058709421504e-05,1920.0,3840.0,0.0,0.03125,0.03125,0.0033026707451991495,0.0
195420.0,54.28333333333333,0.15353226140258483,0.0,0.15353226140258483,0.052957008494224446,0.1268831192197948,2.4231168807778016,-2.403410803708539e-12,0.1268831192197948,1.419771435231288e-05,1920.0,3840.0,0.0,0.03125,0.03125,0.003297254599572006,0.0
195480.0,54.3,0.15351276221042315,0.0,0.15351276221042315,0.0529553116334866,0.1268689296542556,2.4231310703433397,-2.404298982128239e-12,0.1268689296542556,1.4189565538299641e-05,1920.0,3840.0,0.0,0.03125,0.03125,0.003291833053458754,0.0
195540.0,54.31666666666667,0.15349327460325274,0.0,0.15349327460325274,0.05295361638951011,0.12685474822976503,2.4231452517678296,-2.405187160547939e-12,0.12685474822976503,1.418142448985901e-05,1920.0,3840.0,0.0,0.03125,0.03125,0.0032864269304431534,0.0
195600.0,54.333333333333336,0.15347379856975973,0.0,0.15347379856975973,0.05295192276016509,0.12684057493856737,2.4231594250590263,-2.4060753389676393e-12,0.12684057493856737,1.4173291196757011e-05,1920.0,3840.0,0.0,0.03125,0.03125,0.0032810347409771394,0.0
195660.0,54.35,0.15345433409862302,0.0,0.15345433409862302,0.052950230743324646,0.12682640977291787,2.423173590224675,-2.4069635173873394e-12,0.12682640977291787,1.41651656487775e-05,1920.0,3840.0,0.0,0.03125,0.03125,0.0032756243015228193,0.0
195720.0,54.36666666666667,0.15343488117857734,0.0,0.15343488117857734,0.052948540336865545,0.12681225272508126,2.423187747272511,-2.4074076065971894e-12,0.12681225272508126,1.4157047835720108e-05,1920.0,3840.0,0.0,0.03125,0.03125,0.003270268640442538,0.0
195780.0,54.38333333333333,0.15341543979834693,0.0,0.15341543979834693,0.052946851538668134,0.1267981037873331,2.423201896210258,-2.4087398742267396e-12,0.1267981037873331,1.4148937747402339e-05,1920.0,3840.0,0.0,0.03125,0.03125,0.003264864240792883,0.0
195840.0,54.4,0.1533960099466735,0.0,0.1533960099466735,0.05294516434661633,0.12678396295195843,2.423216037045632,-2.4096280526464398e-12,0.12678396295195843,1.4140835373657295e-05,1920.0,3840.0,0.0,0.03125,0.03125,0.0032595455710284263,0.0
195900.0,54.416666666666664,0.15337659161231662,0.0,0.15337659161231662,0.05294347875859768,0.12676983021125354,2.4232301697863363,-2.41007214185629e-12,0.12676983021125354,1.41327407043375e-05,1920.0,3840.0,0.0,0.03125,0.03125,0.003254200151273934,0.0
195960.0,54.43333333333333,0.15335718478405003,0.0,0.15335718478405003,0.05294179477250336,0.12675570555752347,2.4232442944400656,-2.41051623106614e-12,0.12675570555752347,1.4124653729311504e-05,1920.0,3840.0,0.0,0.03125,0.03125,0.0032488553165448512,0.0
196020.0,54.45,0.15333778945066293,0.0,0.15333778945066293,0.052940112386228075,0.12674158898308402,2.423258411014504,-2.41184849869569e-12,0.12674158898308402,1.4116574438465889e-05,1920.0,3840.0,0.0,0.03125,0.03125,0.003243564647131874,0.0
196080.0,54.46666666666667,0.15331840560096072,0.0,0.15331840560096072,0.05293843159766947,0.12672748048026172,2.4232725195173255,-2.41273667711539e-12,0.12672748048026172,1.4108502821701722e-05,1920.0,3840.0,0.0,0.03125,0.03125,0.003238229480137025,0.0
196140.0,54.483333333333334,0.1532990332237656,0.0,0.1532990332237656,0.052936752404729295,0.12671338004139204,2.4232866199561944,-2.4131807663252403e-12,0.12671338004139204,1.4100438868937857e-05,1920.0,3840.0,0.0,0.03125,0.03125,0.0032329262593569076,0.0
196200.0,54.5,0.1532796723078938,0.0,0.1532796723078938,0.05293507480531267,0.12669928765882085,2.4233007123387647,-2.4145130339547904e-12,0.12669928765882085,1.4092382570110806e-05,1920.0,3840.0,0.0,0.03125,0.03125,0.0032276351507219375,0.0
196260.0,54.516666666666666,0.15326032284221244,0.0,0.15326032284221244,0.05293339879732824,0.12668520332490513,2.42331479667268,-2.4149571231646405e-12,0.12668520332490513,1.4084333915173248e-05,1920.0,3840.0,0.0,0.03125,0.03125,0.003222340345620931,0.0
196320.0,54.53333333333333,0.15324098481558204,0.0,0.15324098481558204,0.052931724378687844,0.12667112703201022,2.4233288729655738,-2.4158453015843406e-12,0.12667112703201022,1.4076292894095286e-05,1920.0,3840.0,0.0,0.03125,0.03125,0.0032170640650435313,0.0
196380.0,54.55,0.1532216582168807,0.0,0.1532216582168807,0.05293005154730643,0.12665705877251263,2.4233429412250707,-2.4167334800040408e-12,0.12665705877251263,1.406825949685967e-05,1920.0,3840.0,0.0,0.03125,0.03125,0.0032117954310118464,0.0
196440.0,54.56666666666667,0.1532023430350022,0.0,0.1532023430350022,0.05292838030110419,0.12664299853879835,2.423357001458784,-2.417621658423741e-12,0.12664299853879835,1.4060233713472052e-05,1920.0,3840.0,0.0,0.03125,0.03125,0.0032065476382925947,0.0
196500.0,54.583333333333336,0.1531830392588541,0.0,0.1531830392588541,0.05292671063800308,0.12662894632326352,2.423371053674318,-2.418509836843441e-12,0.12662894632326352,1.4052215533953282e-05,1920.0,3840.0,0.0,0.03125,0.03125,0.0032013135583204254,0.0
196560.0,54.6,0.15316374687736128,0.0,0.15316374687736128,0.052925042555929044,0.12661490211831436,2.423385097879266,-2.419398015263141e-12,0.12661490211831436,1.4044204948338251e-05,1920.0,3840.0,0.0,0.03125,0.03125,0.0031960736995233995,0.0
196620.0,54.61666666666667,0.1531444658794619,0.0,0.1531444658794619,0.05292337605281134,0.12660086591636707,2.4233991340812127,-2.4202861936828413e-12,0.12660086591636707,1.4036201946679417e-05,1920.0,3840.0,0.0,0.03125,0.03125,0.0031908503030441794,0.0
196680.0,54.63333333333333,0.15312519625411133,0.0,0.15312519625411133,0.05292171112658309,0.1265868377098472,2.4234131622877317,-2.4207302828926913e-12,0.1265868377098472,1.4028206519046154e-05,1920.0,3840.0,0.0,0.03125,0.03125,0.0031856391779212334,0.0
196740.0,54.65,0.15310593799026626,0.0,0.15310593799026626,0.05292004777518044,0.12657281749119076,2.423427182506387,-2.4220625505222415e-12,0.12657281749119076,1.4020218655525599e-05,1920.0,3840.0,0.0,0.03125,0.03125,0.0031804224012067584,0.0
196800.0,54.666666666666664,0.15308669107691691,0.0,0.15308669107691691,0.05291838599654305,0.1265588052528439,2.423441194744733,-2.4229507289419416e-12,0.1265588052528439,1.4012238346218607e-05,1920.0,3840.0,0.0,0.03125,0.03125,0.003175213125356258,0.0
196860.0,54.68333333333333,0.15306745550306328,0.0,0.15306745550306328,0.05291672578861383,0.12654480098726179,2.4234551990103146,-2.4233948181517917e-12,0.12654480098726179,1.4004265581244859e-05,1920.0,3840.0,0.0,0.03125,0.03125,0.003170044114870694,0.0
196920.0,54.7,0.15304823125771513,0.0,0.15304823125771513,0.05291506714933943,0.12653080468691036,2.4234691953106653,-2.424282996571492e-12,0.12653080468691036,1.3996300350736953e-05,1920.0,3840.0,0.0,0.03125,0.03125,0.003164873355473379,0.0
196980.0,54.71666666666667,0.1530290183299005,0.0,0.1530290183299005,0.052913410076670296,0.1265168163442647,2.42348318365331,-2.425171174991192e-12,0.1265168163442647,1.398834264485028e-05,1920.0,3840.0,0.0,0.03125,0.03125,0.0031596911666630194,0.0
197040.0,54.733333333333334,0.15300981670865532,0.0,0.15300981670865532,0.05291175456855947,0.12650283595181033,2.423497164045764,-2.425615264201042e-12,0.12650283595181033,1.3980392453752152e-05,1920.0,3840.0,0.0,0.03125,0.03125,0.0031545199486989134,0.0
197100.0,54.75,0.15299062638304062,0.0,0.15299062638304062,0.052910100622963835,0.12648886350204186,2.4235111364955313,-2.426503442620742e-12,0.12648886350204186,1.3972449767626267e-05,1920.0,3840.0,0.0,0.03125,0.03125,0.0031493795918128044,0.0
197160.0,54.766666666666666,0.15297144734212553,0.0,0.15297144734212553,0.05290844823784332,0.12647489898746428,2.423525101010108,-2.4273916210404423e-12,0.12647489898746428,1.3964514576673305e-05,1920.0,3840.0,0.0,0.03125,0.03125,0.003144234998047569,0.0
197220.0,54.78333333333333,0.15295227957499596,0.0,0.15295227957499596,0.052906797411161575,0.12646094240059252,2.423539057596979,-2.4282797994601424e-12,0.12646094240059252,1.3956586871109974e-05,1920.0,3840.0,0.0,0.03125,0.03125,0.0031391177703719245,0.0
197280.0,54.8,0.1529331230707482,0.0,0.1529331230707482,0.05290514814088559,0.12644699373395066,2.4235530062636204,-2.4287238886699924e-12,0.12644699373395066,1.3948666641169397e-05,1920.0,3840.0,0.0,0.03125,0.03125,0.0031340097724598375,0.0
197340.0,54.81666666666667,0.15291397781848995,0.0,0.15291397781848995,0.052903500424985664,0.12643305298007257,2.4235669470174974,-2.4300561562995426e-12,0.12643305298007257,1.394075387710144e-05,1920.0,3840.0,0.0,0.03125,0.03125,0.003128888635685459,0.0
197400.0,54.833333333333336,0.15289484380736185,0.0,0.15289484380736185,0.05290185426143513,0.12641912013150275,2.4235808798660665,-2.4305002455093927e-12,0.12641912013150275,1.3932848569170898e-05,1920.0,3840.0,0.0,0.03125,0.03125,0.0031237861297681827,0.0
197460.0,54.85,0.1528757210265029,0.0,0.1528757210265029,0.05290020964821112,0.1264051951807942,2.423594804816774,-2.431388423929093e-12,0.1264051951807942,1.3924950707657975e-05,1920.0,3840.0,0.0,0.03125,0.03125,0.0031186903529215053,0.0
197520.0,54.86666666666667,0.15285660946506993,0.0,0.15285660946506993,0.0528985665832945,0.12639127812051065,2.423608721877057,-2.432276602348793e-12,0.12639127812051065,1.391706028286298e-05,1920.0,3840.0,0.0,0.03125,0.03125,0.0031136263755455204,0.0
197580.0,54.88333333333333,0.15283750911223393,0.0,0.15283750911223393,0.05289692506466881,0.12637736894322488,2.423622631054342,-2.432720691558643e-12,0.12637736894322488,1.3909177285100288e-05,1920.0,3840.0,0.0,0.03125,0.03125,0.003108548001223684,0.0
197640.0,54.9,0.1528184199571822,0.0,0.1528184199571822,0.05289528509032075,0.12636346764151948,2.423636532356047,-2.433608869978343e-12,0.12636346764151948,1.3901301704698156e-05,1920.0,3840.0,0.0,0.03125,0.03125,0.0031034699036062777,0.0
197700.0,54.916666666666664,0.15279934198911396,0.0,0.15279934198911396,0.05289364665824094,0.12634957420798656,2.423650425789579,-2.434052959188193e-12,0.12634957420798656,1.389343353200233e-05,1920.0,3840.0,0.0,0.03125,0.03125,0.0030984000757373663,0.0
197760.0,54.93333333333333,0.15278027519724618,0.0,0.15278027519724618,0.052892009766423,0.12633568863522848,2.4236643113623364,-2.4349411376078933e-12,0.12633568863522848,1.3885572757374997e-05,1920.0,3840.0,0.0,0.03125,0.03125,0.0030933604757409083,0.0
197820.0,54.95,0.15276121957081082,0.0,0.15276121957081082,0.05289037441286405,0.1263218109158564,2.4236781890817074,-2.4358293160275934e-12,0.1263218109158564,1.3877719371193681e-05,1920.0,3840.0,0.0,0.03125,0.03125,0.0030883550421168774,0.0
197880.0,54.96666666666667,0.1527421750990329,0.0,0.1527421750990329,0.05288874059556428,0.12630794104249182,2.4236920589550714,-2.4367174944472936e-12,0.12630794104249182,1.3869873363852347e-05,1920.0,3840.0,0.0,0.03125,0.03125,0.0030833178789273896,0.0
197940.0,54.983333333333334,0.15272314177118834,0.0,0.15272314177118834,0.0528871083125272,0.12629407900776543,2.4237059209897973,-2.4371615836571436e-12,0.12629407900776543,1.3862034725759734e-05,1920.0,3840.0,0.0,0.03125,0.03125,0.0030783184102405217,0.0
198000.0,55.0,0.15270411957654606,0.0,0.15270411957654606,0.05288547756176003,0.1262802248043172,2.4237197751932444,-2.4380497620768438e-12,0.1262802248043172,1.385420344734123e-05,1920.0,3840.0,0.0,0.03125,0.03125,0.003073291256576062,0.0
198060.0,55.016666666666666,0.1526851085043911,0.0,0.1526851085043911,0.052883848341273076,0.1262663784247974,2.4237336215727634,-2.438937940496544e-12,0.1262663784247974,1.384637951903944e-05,1920.0,3840.0,0.0,0.03125,0.03125,0.0030682947163650966,0.0
198120.0,55.03333333333333,0.15266610854402501,0.0,0.15266610854402501,0.052882220649079534,0.12625253986186533,2.4237474601356945,-2.439826118916244e-12,0.12625253986186533,1.383856293131053e-05,1920.0,3840.0,0.0,0.03125,0.03125,0.003063307263355643,0.0
198180.0,55.05,0.1526471196847571,0.0,0.1526471196847571,0.052880594483196416,0.12623870910819002,2.4237612908893693,-2.440714297335944e-12,0.12623870910819002,1.3830753674627178e-05,1920.0,3840.0,0.0,0.03125,0.03125,0.0030583310354196174,0.0
198240.0,55.06666666666667,0.1526281419159215,0.0,0.1526281419159215,0.05287896984164382,0.12622488615644983,2.423775113841109,-2.441158386545794e-12,0.12622488615644983,1.3822951739478127e-05,1920.0,3840.0,0.0,0.03125,0.03125,0.0030533588892866443,0.0
198300.0,55.083333333333336,0.1526091752268593,0.0,0.1526091752268593,0.05287734672244478,0.1262110709993328,2.4237889289982255,-2.4416024757556443e-12,0.1262110709993328,1.3815157116367379e-05,1920.0,3840.0,0.0,0.03125,0.03125,0.003048391501256862,0.0
198360.0,55.1,0.15259021960692876,0.0,0.15259021960692876,0.05287572512362603,0.12619726362953604,2.4238027363680215,-2.4424906541753444e-12,0.12619726362953604,1.3807369795813642e-05,1920.0,3840.0,0.0,0.03125,0.03125,0.003043438136356574,0.0
198420.0,55.11666666666667,0.1525712750454986,0.0,0.1525712750454986,0.05287410504321758,0.12618346403976705,2.4238165359577897,-2.4429347433851945e-12,0.12618346403976705,1.3799589768353879e-05,1920.0,3840.0,0.0,0.03125,0.03125,0.003038501838864293,0.0
198480.0,55.13333333333333,0.15255234153194408,0.0,0.15255234153194408,0.05287248647925222,0.12616967222274172,2.423830327774814,-2.4438229218048946e-12,0.12616967222274172,1.379181702453846e-05,1920.0,3840.0,0.0,0.03125,0.03125,0.003033557706860001,0.0
198540.0,55.15,0.1525334190556793,0.0,0.1525334190556793,0.0528708694297662,0.12615588817118617,2.423844111826369,-2.4447111002245947e-12,0.12615588817118617,1.3784051554932861e-05,1920.0,3840.0,0.0,0.03125,0.03125,0.0030286532999129175,0.0
198600.0,55.166666666666664,0.15251450760611326,0.0,0.15251450760611326,0.05286925389279951,0.1261421118778353,2.423857888119719,-2.445599278644295e-12,0.1261421118778353,1.377629335012071e-05,1920.0,3840.0,0.0,0.03125,0.03125,0.0030237583359531313,0.0
198660.0,55.18333333333333,0.1524956071726712,0.0,0.1524956071726712,0.05286763986639471,0.12612834333543352,2.42387165666212,-2.446487457063995e-12,0.12612834333543352,1.3768542400699512e-05,1920.0,3840.0,0.0,0.03125,0.03125,0.003018819651007148,0.0
198720.0,55.2,0.15247671774479474,0.0,0.15247671774479474,0.05286602734859778,0.12611458253673583,2.4238854174608173,-2.446487457063995e-12,0.12611458253673583,1.3760798697282225e-05,1920.0,3840.0,0.0,0.03125,0.03125,0.003013937866163104,0.0
198780.0,55.21666666666667,0.15245783931193835,0.0,0.15245783931193835,0.052864416337457955,0.12610082947450457,2.4238991705230477,-2.447375635483695e-12,0.12610082947450457,1.3753062230496852e-05,1920.0,3840.0,0.0,0.03125,0.03125,0.0030090452410491074,0.0
198840.0,55.233333333333334,0.15243897186357114,0.0,0.15243897186357114,0.05286280683102753,0.12608708414151287,2.4239129158560386,-2.4482638139033952e-12,0.12608708414151287,1.3745332990987617e-05,1920.0,3840.0,0.0,0.03125,0.03125,0.0030041737528283315,0.0
198900.0,55.25,0.15242011538917588,0.0,0.15242011538917588,0.052861198827362184,0.1260733465305426,2.423926653467008,-2.4491519923230953e-12,0.1260733465305426,1.3737610969413204e-05,1920.0,3840.0,0.0,0.03125,0.03125,0.0029992730538099845,0.0
198960.0,55.266666666666666,0.15240126987825162,0.0,0.15240126987825162,0.0528595923245208,0.12605961663438528,2.4239403833631643,-2.4500401707427955e-12,0.12605961663438528,1.372989615644912e-05,1920.0,3840.0,0.0,0.03125,0.03125,0.0029944525320041663,0.0
199020.0,55.28333333333333,0.15238243532029921,0.0,0.15238243532029921,0.052857987320565174,0.12604589444584183,2.423954105551707,-2.4509283491624956e-12,0.12604589444584183,1.3722188542784367e-05,1920.0,3840.0,0.0,0.03125,0.03125,0.002989590048672065,0.0
199080.0,55.3,0.15236361170484694,0.0,0.15236361170484694,0.052856383813560684,0.12603217995772203,2.423967820039826,-2.4518165275821957e-12,0.12603217995772203,1.3714488119124563e-05,1920.0,3840.0,0.0,0.03125,0.03125,0.0029847593562488187,0.0
199140.0,55.31666666666667,0.15234479902143813,0.0,0.15234479902143813,0.052854781801575546,0.1260184731628451,2.423981526834702,-2.452704706001896e-12,0.1260184731628451,1.3706794876190184e-05,1920.0,3840.0,0.0,0.03125,0.03125,0.0029799113763945115,0.0
199200.0,55.333333333333336,0.15232599725962176,0.0,0.15232599725962176,0.05285318128268149,0.12600477405403962,2.4239952259435067,-2.453592884421596e-12,0.12600477405403962,1.3699108804717388e-05,1920.0,3840.0,0.0,0.03125,0.03125,0.002975094632461951,0.0
199260.0,55.35,0.15230720640896356,0.0,0.15230720640896356,0.05285158225495302,0.12599108262414363,2.4240089173734023,-2.454036973631446e-12,0.12599108262414363,1.3691429895456637e-05,1920.0,3840.0,0.0,0.03125,0.03125,0.0029702820098762737,0.0
199320.0,55.36666666666667,0.15228842645904087,0.0,0.15228842645904087,0.05284998471646814,0.12597739886600362,2.4240226011315413,-2.454925152051146e-12,0.12597739886600362,1.368375813917444e-05,1920.0,3840.0,0.0,0.03125,0.03125,0.002965480300228351,0.0
199380.0,55.38333333333333,0.15226965739944903,0.0,0.15226965739944903,0.052848388665307736,0.12596372277247614,2.424036277225068,-2.4558133304708463e-12,0.12596372277247614,1.3676093526651932e-05,1920.0,3840.0,0.0,0.03125,0.03125,0.0029606870260855045,0.0
199440.0,55.4,0.15225089921979235,0.0,0.15225089921979235,0.05284679409955582,0.12595005433642684,2.4240499456611166,-2.4562574196806963e-12,0.12595005433642684,1.3668436048684845e-05,1920.0,3840.0,0.0,0.03125,0.03125,0.0029558865278234247,0.0
199500.0,55.416666666666664,0.1522321519096934,0.0,0.1522321519096934,0.05284520101729984,0.12593639355073,2.4240636064468126,-2.4571455981003965e-12,0.12593639355073,1.3660785696084727e-05,1920.0,3840.0,0.0,0.03125,0.03125,0.002951117965207656,0.0
199560.0,55.43333333333333,0.1522134154587883,0.0,0.1522134154587883,0.05284360941663012,0.12592274040826953,2.4240772595892723,-2.4580337765200966e-12,0.12592274040826953,1.3653142459678094e-05,1920.0,3840.0,0.0,0.03125,0.03125,0.002946336596072549,0.0
199620.0,55.45,0.15219468985671006,0.0,0.15219468985671006,0.052842019295640204,0.12590909490193855,2.4240909050956025,-2.4589219549397967e-12,0.12590909490193855,1.3645506330306694e-05,1920.0,3840.0,0.0,0.03125,0.03125,0.002941570631006802,0.0
199680.0,55.46666666666667,0.15217597509313235,0.0,0.15217597509313235,0.052840430652426544,0.12589545702463895,2.4241045429729016,-2.4593660441496468e-12,0.12589545702463895,1.3637877298825908e-05,1920.0,3840.0,0.0,0.03125,0.03125,0.0029368338682536233,0.0
199740.0,55.483333333333334,0.15215727115772948,0.0,0.15215727115772948,0.052838843485089146,0.12588182676928214,2.4241181732282575,-2.460254222569347e-12,0.12588182676928214,1.3630255356107761e-05,1920.0,3840.0,0.0,0.03125,0.03125,0.0029320698041270694,0.0
199800.0,55.5,0.15213857804018865,0.0,0.15213857804018865,0.05283725779173095,0.12586820412878838,2.4241317958687505,-2.461142400989047e-12,0.12586820412878838,1.3622640493039107e-05,1920.0,3840.0,0.0,0.03125,0.03125,0.002927341179717431,0.0
199860.0,55.516666666666666,0.15211989573021167,0.0,0.15211989573021167,0.05283567357045777,0.12585458909608724,2.424145410901451,-2.461586490198897e-12,0.12585458909608724,1.3615032700521008e-05,1920.0,3840.0,0.0,0.03125,0.03125,0.0029226169442245365,0.0
199920.0,55.53333333333333,0.15210122421751102,0.0,0.15210122421751102,0.052834090819378676,0.12584098166411675,2.4241590183334205,-2.4624746686185972e-12,0.12584098166411675,1.360743196946892e-05,1920.0,3840.0,0.0,0.03125,0.03125,0.0029178850615215165,0.0
199980.0,55.55,0.1520825634918184,0.0,0.1520825634918184,0.05283250953660575,0.1258273818258254,2.424172618171711,-2.4633628470382973e-12,0.1258273818258254,1.3599838290814082e-05,1920.0,3840.0,0.0,0.03125,0.03125,0.0029131756036884907,0.0
200040.0,55.56666666666667,0.15206391354287435,0.0,0.15206391354287435,0.052830929720254334,0.12581378957416905,2.4241862104233665,-2.4642510254579975e-12,0.12581378957416905,1.3592251655501816e-05,1920.0,3840.0,0.0,0.03125,0.03125,0.0029084988471382205,0.0
200100.0,55.583333333333336,0.15204527436043588,0.0,0.15204527436043588,0.052829351368442724,0.12580020490211394,2.424199795095421,-2.4651392038776976e-12,0.12580020490211394,1.3584672054493532e-05,1920.0,3840.0,0.0,0.03125,0.03125,0.0029037860169314174,0.0
200160.0,55.6,0.15202664593427445,0.0,0.15202664593427445,0.05282777447929211,0.12578662780263436,2.4242133721948997,-2.4655832930875476e-12,0.12578662780263436,1.357709947876306e-05,1920.0,3840.0,0.0,0.03125,0.03125,0.0028990964440868705,0.0
200220.0,55.61666666666667,0.15200802825415688,0.0,0.15200802825415688,0.05282619905092704,0.12577305826871446,2.424226941728819,-2.4664714715072478e-12,0.12577305826871446,1.3569533919301266e-05,1920.0,3840.0,0.0,0.03125,0.03125,0.002894433776902389,0.0
200280.0,55.63333333333333,0.15198942130989296,0.0,0.15198942130989296,0.0528246250814751,0.12575949629334662,2.424240503704186,-2.466915560717098e-12,0.12575949629334662,1.3561975367112228e-05,1920.0,3840.0,0.0,0.03125,0.03125,0.0028897776399799536,0.0
200340.0,55.65,0.15197082509129142,0.0,0.15197082509129142,0.052823052569066865,0.12574594186953275,2.424254058127999,-2.467803739136798e-12,0.12574594186953275,1.3554423813216605e-05,1920.0,3840.0,0.0,0.03125,0.03125,0.002885109793096739,0.0
200400.0,55.666666666666664,0.1519522395881729,0.0,0.1519522395881729,0.05282148151183576,0.12573239499028335,2.424267605007248,-2.468691917556498e-12,0.12573239499028335,1.354687924864683e-05,1920.0,3840.0,0.0,0.03125,0.03125,0.002880469191037278,0.0
200460.0,55.68333333333333,0.15193366479037346,0.0,0.15193366479037346,0.052819911907918564,0.12571885564861823,2.424281144348912,-2.4695800959761982e-12,0.12571885564861823,1.3539341664452254e-05,1920.0,3840.0,0.0,0.03125,0.03125,0.0028758165750280723,0.0
200520.0,55.7,0.15191510068773945,0.0,0.15191510068773945,0.052818343755454925,0.1257053238375658,2.4242946761599637,-2.4704682743958983e-12,0.1257053238375658,1.3531811051696176e-05,1920.0,3840.0,0.0,0.03125,0.03125,0.0028711865055587016,0.0
200580.0,55.71666666666667,0.15189654727013568,0.0,0.15189654727013568,0.052816777052587305,0.12569179955016355,2.4243082004473653,-2.4709123636057484e-12,0.12569179955016355,1.3524287401455661e-05,1920.0,3840.0,0.0,0.03125,0.03125,0.002866574580128606,0.0
200640.0,55.733333333333334,0.15187800452743616,0.0,0.15187800452743616,0.05281521179746159,0.125678282779458,2.42432171721807,-2.4718005420254485e-12,0.125678282779458,1.3516770704822231e-05,1920.0,3840.0,0.0,0.03125,0.03125,0.0028619459496363026,0.0
200700.0,55.75,0.1518594724495309,0.0,0.1518594724495309,0.05281364798822661,0.12566477351850464,2.424335226479023,-2.4718005420254485e-12,0.12566477351850464,1.3509260952903887e-05,1920.0,3840.0,0.0,0.03125,0.03125,0.0028573480180789424,0.0
200760.0,55.766666666666666,0.1518409510263246,0.0,0.1518409510263246,0.05281208562303398,0.12565127176036703,2.42434872823716,-2.4726887204451486e-12,0.12565127176036703,1.3501758136821281e-05,1920.0,3840.0,0.0,0.03125,0.03125,0.002852736921524529,0.0
200820.0,55.78333333333333,0.15182244024771763,0.0,0.15182244024771763,0.05281052470003843,0.12563777749811844,2.4243622224994077,-2.4735768988648488e-12,0.12563777749811844,1.3494262247710093e-05,1920.0,3840.0,0.0,0.03125,0.03125,0.0028481774044794386,0.0
200880.0,55.8,0.1518039401036498,0.0,0.1518039401036498,0.05280896521739765,0.12562429072484113,2.4243757092726845,-2.474020988074699e-12,0.12562429072484113,1.3486773276719525e-05,1920.0,3840.0,0.0,0.03125,0.03125,0.0028435886117899717,0.0
200940.0,55.81666666666667,0.15178545058406334,0.0,0.15178545058406334,0.052807407173272584,0.1256108114336253,2.4243891885638997,-2.474909166494399e-12,0.1256108114336253,1.3479291215014731e-05,1920.0,3840.0,0.0,0.03125,0.03125,0.0028390161653236773,0.0
201000.0,55.833333333333336,0.1517669716789108,0.0,0.1517669716789108,0.05280585056582692,0.12559733961757083,2.4244026603799536,-2.475353255704249e-12,0.12559733961757083,1.3471816053774682e-05,1920.0,3840.0,0.0,0.03125,0.03125,0.0028344464917515653,0.0
201060.0,55.85,0.15174850337815993,0.0,0.15174850337815993,0.05280429539322719,0.12558387526978615,2.424416124727738,-2.475797344914099e-12,0.12558387526978615,1.3464347784192214e-05,1920.0,3840.0,0.0,0.03125,0.03125,0.0028298827451780253,0.0
201120.0,55.86666666666667,0.1517300456717893,0.0,0.1517300456717893,0.05280274165364313,0.1255704183833879,2.4244295816141355,-2.476241434123949e-12,0.1255704183833879,1.3456886397473873e-05,1920.0,3840.0,0.0,0.03125,0.03125,0.0028253477385900435,0.0
201180.0,55.88333333333333,0.1517115985497941,0.0,0.1517115985497941,0.05280118934524736,0.12555696895150217,2.42444303104602,-2.4775737017534993e-12,0.12555696895150217,1.3449431884841657e-05,1920.0,3840.0,0.0,0.03125,0.03125,0.0028207966306547463,0.0
201240.0,55.9,0.15169316200218028,0.0,0.15169316200218028,0.05279963846621571,0.12554352696726404,2.424456473030258,-2.4780177909633494e-12,0.12554352696726404,1.3441984237531536e-05,1920.0,3840.0,0.0,0.03125,0.03125,0.002816259534211755,0.0
201300.0,55.916666666666664,0.1516747360189677,0.0,0.1516747360189677,0.052798089014726414,0.12553009242381646,2.4244699075737044,-2.4789059693830495e-12,0.12553009242381646,1.3434543446793836e-05,1920.0,3840.0,0.0,0.03125,0.03125,0.002811750626446759,0.0
201360.0,55.93333333333333,0.15165632059019146,0.0,0.15165632059019146,0.05279654098896105,0.12551666531431205,2.424483334683208,-2.4797941478027496e-12,0.12551666531431205,1.3427109503891716e-05,1920.0,3840.0,0.0,0.03125,0.03125,0.002807224576017228,0.0
201420.0,55.95,0.15163791570588905,0.0,0.15163791570588905,0.052794994387104104,0.12550324563191123,2.424496754365608,-2.4802382370125997e-12,0.12550324563191123,1.3419682400103355e-05,1920.0,3840.0,0.0,0.03125,0.03125,0.0028027297792934188,0.0
201480.0,55.96666666666667,0.15161952135611836,0.0,0.15161952135611836,0.05279344920734324,0.12548983336978392,2.424510166627735,-2.4811264154323e-12,0.12548983336978392,1.341226212672275e-05,1920.0,3840.0,0.0,0.03125,0.03125,0.002798229688132877,0.0
201540.0,55.983333333333334,0.1516011375309595,0.0,0.1516011375309595,0.05279190544786845,0.12547642852110796,2.42452357147641,-2.482014593852e-12,0.12547642852110796,1.3404848675055949e-05,1920.0,3840.0,0.0,0.03125,0.03125,0.0027937253329879353,0.0
201600.0,56.0,0.15158276422049421,0.0,0.15158276422049421,0.052790363106873045,0.12546303107907109,2.424536968918446,-2.48245868306185e-12,0.12546303107907109,1.3397442036422794e-05,1920.0,3840.0,0.0,0.03125,0.03125,0.002789269258775877,0.0
201660.0,56.016666666666666,0.15156440141481764,0.0,0.15156440141481764,0.05278882218255346,0.1254496410368683,2.4245503589606483,-2.48334686148155e-12,0.1254496410368683,1.339004220215839e-05,1920.0,3840.0,0.0,0.03125,0.03125,0.002784772943263038,0.0
201720.0,56.03333333333333,0.1515460491040412,0.0,0.1515460491040412,0.05278728267310868,0.12543625838770384,2.424563741609812,-2.4842350399012503e-12,0.12543625838770384,1.3382649163612275e-05,1920.0,3840.0,0.0,0.03125,0.03125,0.002780325392133396,0.0
201780.0,56.05,0.15152770727828513,0.0,0.15152770727828513,0.05278574457674046,0.12542288312479097,2.424577116872724,-2.4846791291111003e-12,0.12542288312479097,1.3375262912146106e-05,1920.0,3840.0,0.0,0.03125,0.03125,0.0027758537257951145,0.0
201840.0,56.06666666666667,0.15150937592768735,0.0,0.15150937592768735,0.052784207891653716,0.12540951524135122,2.4245904847561635,-2.4851232183209504e-12,0.12540951524135122,1.3367883439135734e-05,1920.0,3840.0,0.0,0.03125,0.03125,0.0027714274005518095,0.0
201900.0,56.083333333333336,0.15149105504239557,0.0,0.15149105504239557,0.05278267261605674,0.12539615473061455,2.4246038452668994,-2.4860113967406505e-12,0.12539615473061455,1.336051073597296e-05,1920.0,3840.0,0.0,0.03125,0.03125,0.002766979813272229,0.0
201960.0,56.1,0.15147274461257187,0.0,0.15147274461257187,0.0527811387481601,0.1253828015858199,2.4246171984116933,-2.4864554859505006e-12,0.1253828015858199,1.3353144794063145e-05,1920.0,3840.0,0.0,0.03125,0.03125,0.0027625510348894535,0.0
202020.0,56.11666666666667,0.15145444462839217,0.0,0.15145444462839217,0.052779606286176804,0.1253694558002145,2.424630544197298,-2.4873436643702007e-12,0.1253694558002145,1.3345785604822827e-05,1920.0,3840.0,0.0,0.03125,0.03125,0.0027581304189243715,0.0
202080.0,56.13333333333333,0.1514361550800229,0.0,0.1514361550800229,0.05277807522832378,0.12535611736705402,2.4246438826304577,-2.488231842789901e-12,0.12535611736705402,1.3338433159683403e-05,1920.0,3840.0,0.0,0.03125,0.03125,0.0027537068326473797,0.0
202140.0,56.15,0.15141787595768672,0.0,0.15141787595768672,0.05277654557282067,0.12534278627960305,2.4246572137179077,-2.489120021209601e-12,0.12534278627960305,1.3331087450093297e-05,1920.0,3840.0,0.0,0.03125,0.03125,0.0027493106253830813,0.0
202200.0,56.166666666666664,0.15139960725158924,0.0,0.15139960725158924,0.05277501731788956,0.12532946253113508,2.4246705374663753,-2.489564110419451e-12,0.12532946253113508,1.3323748467512412e-05,1920.0,3840.0,0.0,0.03125,0.03125,0.0027448933225857185,0.0
202260.0,56.18333333333333,0.15138134895195454,0.0,0.15138134895195454,0.05277349046175498,0.1253161461149307,2.424683853882579,-2.490452288839151e-12,0.1253161461149307,1.3316416203412691e-05,1920.0,3840.0,0.0,0.03125,0.03125,0.0027404908954659552,0.0
202320.0,56.2,0.1513631010490204,0.0,0.1513631010490204,0.0527719650026453,0.1253028370242808,2.424697162973228,-2.4913404672588513e-12,0.1253028370242808,1.3309090649281044e-05,1920.0,3840.0,0.0,0.03125,0.03125,0.0027361157141214594,0.0
202380.0,56.21666666666667,0.15134486353303245,0.0,0.15134486353303245,0.05277044093879144,0.12528953525248374,2.4247104647450244,-2.4917845564687013e-12,0.12528953525248374,1.3301771796619607e-05,1920.0,3840.0,0.0,0.03125,0.03125,0.0027317604287349037,0.0
202440.0,56.233333333333334,0.15132663639425792,0.0,0.15132663639425792,0.052768918268427056,0.1252762407928456,2.4247237592046615,-2.4926727348884015e-12,0.1252762407928456,1.3294459636943878e-05,1920.0,3840.0,0.0,0.03125,0.03125,0.0027273786881670203,0.0
202500.0,56.25,0.1513084196229688,0.0,0.1513084196229688,0.052767396989788204,0.12526295363868345,2.4247370463588234,-2.4931168240982515e-12,0.12526295363868345,1.3287154161780238e-05,1920.0,3840.0,0.0,0.03125,0.03125,0.0027230335694204246,0.0
202560.0,56.266666666666666,0.15129021320945474,0.0,0.15129021320945474,0.05276587710111461,0.12524967378332,2.424750326214186,-2.4940050025179517e-12,0.12524967378332,1.3279855362671652e-05,1920.0,3840.0,0.0,0.03125,0.03125,0.002718674767438976,0.0
202620.0,56.28333333333333,0.15127201714401745,0.0,0.15127201714401745,0.05276435860064864,0.1252364012200884,2.424763598777417,-2.4944490917278017e-12,0.1252364012200884,1.3272563231174588e-05,1920.0,3840.0,0.0,0.03125,0.03125,0.002714339464483,0.0
202680.0,56.3,0.15125383141695825,0.0,0.15125383141695825,0.05276284148663492,0.12522313594232873,2.424776864055176,-2.495337270147502e-12,0.12522313594232873,1.3265277758857954e-05,1920.0,3840.0,0.0,0.03125,0.03125,0.002709997240851344,0.0
202740.0,56.31666666666667,0.15123565601860905,0.0,0.15123565601860905,0.05276132575732112,0.12520987794339067,2.4247901220541133,-2.495781359357352e-12,0.12520987794339067,1.3257998937302875e-05,1920.0,3840.0,0.0,0.03125,0.03125,0.0027056791626172754,0.0
202800.0,56.333333333333336,0.15121749093931103,0.0,0.15121749093931103,0.05275981141095821,0.12519662721663197,2.4248033727808713,-2.496669537777052e-12,0.12519662721663197,1.325072675810677e-05,1920.0,3840.0,0.0,0.03125,0.03125,0.0027013357041458757,0.0
202860.0,56.35,0.15119933616941245,0.0,0.15119933616941245,0.05275829844579985,0.12518338375541851,2.4248166162420843,-2.497113626986902e-12,0.12518338375541851,1.3243461212880289e-05,1920.0,3840.0,0.0,0.03125,0.03125,0.0026970494858268666,0.0
202920.0,56.36666666666667,0.15118119169927402,0.0,0.15118119169927402,0.05275678686010184,0.12517014755312456,2.4248298524443777,-2.497557716196752e-12,0.12517014755312456,1.323620229324642e-05,1920.0,3840.0,0.0,0.03125,0.03125,0.0026927408725212062,0.0
202980.0,56.38333333333333,0.15116305751927211,0.0,0.15116305751927211,0.05275527665212323,0.12515691860313302,2.4248430813943687,-2.4980018054066022e-12,0.12515691860313302,1.3228949990840346e-05,1920.0,3840.0,0.0,0.03125,0.03125,0.0026884468784405054,0.0
203040.0,56.4,0.15114493361979137,0.0,0.15114493361979137,0.05275376782012599,0.1251436968988353,2.424856303098666,-2.4984458946164523e-12,0.1251436968988353,1.322170429731297e-05,1920.0,3840.0,0.0,0.03125,0.03125,0.002684160300880168,0.0
203100.0,56.416666666666664,0.15112681999123373,0.0,0.15112681999123373,0.052752260362375014,0.1251304824336302,2.42486951756387,-2.4993340730361524e-12,0.1251304824336302,1.32144652043286e-05,1920.0,3840.0,0.0,0.03125,0.03125,0.002679874047353366,0.0
203160.0,56.43333333333333,0.1511087166240108,0.0,0.1511087166240108,0.052750754277137296,0.12511727520092597,2.4248827247965736,-2.5002222514558525e-12,0.12511727520092597,1.3207232703564062e-05,1920.0,3840.0,0.0,0.03125,0.03125,0.002675600530595697,0.0
203220.0,56.45,0.15109062350854693,0.0,0.15109062350854693,0.05274924956268322,0.12510407519413846,2.4248959248033604,-2.5011104298755527e-12,0.12510407519413846,1.320000678670843e-05,1920.0,3840.0,0.0,0.03125,0.03125,0.0026713465543738426,0.0
203280.0,56.46666666666667,0.15107254063528242,0.0,0.15107254063528242,0.052747746217285736,0.1250908824066924,2.424909117590806,-2.5015545190854027e-12,0.1250908824066924,1.3192787445466388e-05,1920.0,3840.0,0.0,0.03125,0.03125,0.0026670917506155262,0.0
203340.0,56.483333333333334,0.15105446799464617,0.0,0.15105446799464617,0.05274624423922053,0.1250776968320201,2.4249223031654776,-2.5019986082952528e-12,0.1250776968320201,1.3185574671554045e-05,1920.0,3840.0,0.0,0.03125,0.03125,0.002662803434697026,0.0
203400.0,56.5,0.15103640557711961,0.0,0.15103640557711961,0.05274474362676624,0.12506451846356284,2.424935481533934,-2.502886786714953e-12,0.12506451846356284,1.3178368456702465e-05,1920.0,3840.0,0.0,0.03125,0.03125,0.0026586115848636657,0.0
203460.0,56.516666666666666,0.1510183533731722,0.0,0.1510183533731722,0.05274324437820395,0.12505134729476938,2.4249486527027266,-2.503774965134653e-12,0.12505134729476938,1.3171168792654488e-05,1920.0,3840.0,0.0,0.03125,0.03125,0.0026543398047505066,0.0
203520.0,56.53333333333333,0.1510003113732886,0.0,0.1510003113732886,0.052741746491817766,0.1250381833190976,2.424961816678398,-2.504219054344503e-12,0.1250381833190976,1.3163975671166784e-05,1920.0,3840.0,0.0,0.03125,0.03125,0.00265012287439721,0.0
203580.0,56.55,0.15098227956796653,0.0,0.15098227956796653,0.052740249965894395,0.1250250265300131,2.424974973467482,-2.504663143554353e-12,0.1250250265300131,1.3156789084009072e-05,1920.0,3840.0,0.0,0.03125,0.03125,0.002645915713227219,0.0
203640.0,56.56666666666667,0.1509642579477143,0.0,0.1509642579477143,0.05273875479872328,0.12501187692098947,2.424988123076505,-2.5055513219740533e-12,0.12501187692098947,1.3149609022964466e-05,1920.0,3840.0,0.0,0.03125,0.03125,0.002641693484572894,0.0
203700.0,56.583333333333336,0.1509462465030555,0.0,0.1509462465030555,0.052737260988596595,0.12499873448550898,2.425001265511985,-2.5059954111839033e-12,0.12499873448550898,1.3142435479828461e-05,1920.0,3840.0,0.0,0.03125,0.03125,0.0026375042958673703,0.0
203760.0,56.6,0.1509282452245241,0.0,0.1509282452245241,0.05273576853380946,0.12498559921706187,2.425014400780431,-2.5068835896036035e-12,0.12498559921706187,1.3135268446411058e-05,1920.0,3840.0,0.0,0.03125,0.03125,0.0026332969730515393,0.0
203820.0,56.61666666666667,0.15091025410266667,0.0,0.15091025410266667,0.05273427743265949,0.12497247110914671,2.4250275288883456,-2.5073276788134535e-12,0.12497247110914671,1.3128107914534346e-05,1920.0,3840.0,0.0,0.03125,0.03125,0.0026291164248635414,0.0
203880.0,56.63333333333333,0.15089227312804301,0.0,0.15089227312804301,0.05273278768344704,0.12495935015527007,2.4250406498422215,-2.5082158572331537e-12,0.12495935015527007,1.3120953876033819e-05,1920.0,3840.0,0.0,0.03125,0.03125,0.002624919694465154,0.0
203940.0,56.65,0.15087430229122317,0.0,0.15087430229122317,0.05273129928447525,0.12494623634894657,2.425053763648544,-2.5091040356528538e-12,0.12494623634894657,1.3113806322757703e-05,1920.0,3840.0,0.0,0.03125,0.03125,0.0026207665456142787,0.0
204000.0,56.666666666666664,0.1508563415827764,0.0,0.1508563415827764,0.05272981223404974,0.1249331296836994,2.4250668703137905,-2.509992214072554e-12,0.1249331296836994,1.3106665246567092e-05,1920.0,3840.0,0.0,0.03125,0.03125,0.002616604582607111,0.0
204060.0,56.68333333333333,0.1508383909933148,0.0,0.1508383909933148,0.0527283265304793,0.1249200301530596,2.42507996984443,-2.510436303282404e-12,0.1249200301530596,1.3099530639336236e-05,1920.0,3840.0,0.0,0.03125,0.03125,0.002612415699557441,0.0
204120.0,56.7,0.150820450513441,0.0,0.150820450513441,0.05272684217207514,0.12490693775056576,2.4250930622469227,-2.511324481702104e-12,0.12490693775056576,1.3092402492953647e-05,1920.0,3840.0,0.0,0.03125,0.03125,0.002608308845629649,0.0
204180.0,56.71666666666667,0.15080252013377268,0.0,0.15080252013377268,0.05272535915715109,0.12489385246976599,2.425106147527722,-2.511768570911954e-12,0.12489385246976599,1.308528079931924e-05,1920.0,3840.0,0.0,0.03125,0.03125,0.0026041586982352245,0.0
204240.0,56.733333333333334,0.1507845998449412,0.0,0.1507845998449412,0.052723877484023664,0.12488077430421492,2.4251192256932725,-2.5122126601218042e-12,0.12488077430421492,1.3078165550345802e-05,1920.0,3840.0,0.0,0.03125,0.03125,0.0026000178072932306,0.0
204300.0,56.75,0.15076668963758671,0.0,0.15076668963758671,0.052722397151012124,0.12486770324747619,2.4251322967500104,-2.5131008385415043e-12,0.12486770324747619,1.3071056737959302e-05,1920.0,3840.0,0.0,0.03125,0.03125,0.002595889859185359,0.0
204360.0,56.766666666666666,0.15074878950236653,0.0,0.15074878950236653,0.05272091815643858,0.12485463929312142,2.4251453607043647,-2.5135449277513544e-12,0.12485463929312142,1.3063954354098701e-05,1920.0,3840.0,0.0,0.03125,0.03125,0.002591781389026609,0.0
204420.0,56.78333333333333,0.15073089942994605,0.0,0.15073089942994605,0.05271944049862771,0.12484158243473022,2.4251584175627556,-2.5139890169612045e-12,0.12484158243473022,1.3056858390716587e-05,1920.0,3840.0,0.0,0.03125,0.03125,0.00258765134467027,0.0
204480.0,56.8,0.15071301941100457,0.0,0.15071301941100457,0.052717964175906684,0.12482853266588981,2.4251714673315954,-2.5144331061710545e-12,0.12482853266588981,1.304976883977752e-05,1920.0,3840.0,0.0,0.03125,0.03125,0.002583573531140446,0.0
204540.0,56.81666666666667,0.15069514943623372,0.0,0.15069514943623372,0.0527164891866055,0.12481548998019586,2.4251845100172886,-2.5153212845907547e-12,0.12481548998019586,1.3042685693258507e-05,1920.0,3840.0,0.0,0.03125,0.03125,0.0025794677642741407,0.0
204600.0,56.833333333333336,0.1506772894963351,0.0,0.1506772894963351,0.052715015529056795,0.12480245437125198,2.4251975456262316,-2.5162094630104548e-12,0.12480245437125198,1.3035608943149824e-05,1920.0,3840.0,0.0,0.03125,0.03125,0.0025753900435696604,0.0
204660.0,56.85,0.15065943958200861,0.0,0.15065943958200861,0.05271354320159572,0.12478942583267005,2.425210574164813,-2.517097641430155e-12,0.12478942583267005,1.3028538581454484e-05,1920.0,3840.0,0.0,0.03125,0.03125,0.002571304925528064,0.0
204720.0,56.86666666666667,0.15064159968399926,0.0,0.15064159968399926,0.05271207220256012,0.12477640435806901,2.4252235956394133,-2.517541730640005e-12,0.12477640435806901,1.302147460018704e-05,1920.0,3840.0,0.0,0.03125,0.03125,0.0025672118314468465,0.0
204780.0,56.88333333333333,0.1506237697930396,0.0,0.1506237697930396,0.05271060253029087,0.1247633899410772,2.4252366100564045,-2.517985819849855e-12,0.1247633899410772,1.3014416991377296e-05,1920.0,3840.0,0.0,0.03125,0.03125,0.0025631575093823617,0.0
204840.0,56.9,0.15060594989987855,0.0,0.15060594989987855,0.05270913418313103,0.12475038257532944,2.4252496174221516,-2.518873998269555e-12,0.12475038257532944,1.300736574706583e-05,1920.0,3840.0,0.0,0.03125,0.03125,0.0025590894301280157,0.0
204900.0,56.916666666666664,0.150588139995278,0.0,0.150588139995278,0.052707667159426444,0.12473738225446948,2.425262617743011,-2.5193180874794052e-12,0.12473738225446948,1.3000320859306966e-05,1920.0,3840.0,0.0,0.03125,0.03125,0.002555057188194569,0.0
204960.0,56.93333333333333,0.1505703400700088,0.0,0.1505703400700088,0.0527062014575255,0.1247243889721486,2.4252756110253313,-2.5197621766892553e-12,0.1247243889721486,1.2993282320165876e-05,1920.0,3840.0,0.0,0.03125,0.03125,0.0025510151778765336,0.0
205020.0,56.95,0.15055255011485805,0.0,0.15055255011485805,0.052704737075779134,0.12471140272202644,2.425288597275453,-2.5202062658991053e-12,0.12471140272202644,1.2986250121721978e-05,1920.0,3840.0,0.0,0.03125,0.03125,0.0025469636910836727,0.0
205080.0,56.96666666666667,0.15053477012062152,0.0,0.15053477012062152,0.0527032740125411,0.12469842349776973,2.4253015764997095,-2.5206503551089554e-12,0.12469842349776973,1.2979224256065028e-05,1920.0,3840.0,0.0,0.03125,0.03125,0.0025429306846729135,0.0
205140.0,56.983333333333334,0.15051700007810806,0.0,0.15051700007810806,0.052701812266167956,0.12468545129305368,2.4253145487044248,-2.5215385335286555e-12,0.12468545129305368,1.2972204715301536e-05,1920.0,3840.0,0.0,0.03125,0.03125,0.0025389200738159313,0.0
205200.0,57.0,0.15049923997813877,0.0,0.15049923997813877,0.0527003518350185,0.12467248610156169,2.4253275138959163,-2.5219826227385056e-12,0.12467248610156169,1.296519149154714e-05,1920.0,3840.0,0.0,0.03125,0.03125,0.0025348512855932013,0.0
205260.0,57.016666666666666,0.15048148981154616,0.0,0.15048148981154616,0.05269889271745408,0.12465952791698409,2.425340472080493,-2.5224267119483557e-12,0.12465952791698409,1.2958184576930607e-05,1920.0,3840.0,0.0,0.03125,0.03125,0.0025308848992393503,0.0
205320.0,57.03333333333333,0.15046374956915648,0.0,0.15046374956915648,0.05269743491183893,0.12464657673301975,2.4253534232644567,-2.5233148903680558e-12,0.12464657673301975,1.2951183963593508e-05,1920.0,3840.0,0.0,0.03125,0.03125,0.002526878937976743,0.0
205380.0,57.05,0.1504460192418453,0.0,0.1504460192418453,0.05269597841653961,0.12463363254337526,2.4253663674541004,-2.524203068787756e-12,0.12463363254337526,1.2944189643689556e-05,1920.0,3840.0,0.0,0.03125,0.03125,0.002522896940547264,0.0
205440.0,57.06666666666667,0.15042829882047398,0.0,0.15042829882047398,0.052694523229925426,0.12462069534176543,2.42537930465571,-2.524647157997606e-12,0.12462069534176543,1.2937201609384594e-05,1920.0,3840.0,0.0,0.03125,0.03125,0.002518910933903383,0.0
205500.0,57.083333333333336,0.15041058829591977,0.0,0.15041058829591977,0.05269306935036832,0.12460776512191207,2.425392234875563,-2.524647157997606e-12,0.12460776512191207,1.2930219852858173e-05,1920.0,3840.0,0.0,0.03125,0.03125,0.002514934834742283,0.0
205560.0,57.1,0.15039288765907263,0.0,0.15039288765907263,0.052691616776242726,0.12459484187754508,2.425405158119929,-2.525535336417306e-12,0.12459484187754508,1.2923244366301223e-05,1920.0,3840.0,0.0,0.03125,0.03125,0.002510950218398927,0.0
205620.0,57.11666666666667,0.15037519690083295,0.0,0.15037519690083295,0.0526901655059257,0.12458192560240242,2.425418074395071,-2.5264235148370062e-12,0.12458192560240242,1.2916275141917331e-05,1920.0,3840.0,0.0,0.03125,0.03125,0.002506999093811059,0.0
205680.0,57.13333333333333,0.15035751601211347,0.0,0.15035751601211347,0.052688715537796804,0.12456901629023003,2.425430983707243,-2.5264235148370062e-12,0.12456901629023003,1.2909312171922512e-05,1920.0,3840.0,0.0,0.03125,0.03125,0.002503038754232139,0.0
205740.0,57.15,0.1503398449838392,0.0,0.1503398449838392,0.05268726687023811,0.12455611393478072,2.4254438860626917,-2.5273116932567063e-12,0.12455611393478072,1.2902355448544548e-05,1920.0,3840.0,0.0,0.03125,0.03125,0.0024990493682599075,0.0
205800.0,57.166666666666664,0.15032218380694606,0.0,0.15032218380694606,0.052685819501634125,0.12454321852981623,2.4254567814676555,-2.5281998716764065e-12,0.12454321852981623,1.2895404964023552e-05,1920.0,3840.0,0.0,0.03125,0.03125,0.002495126790888655,0.0
205860.0,57.18333333333333,0.15030453247238174,0.0,0.15030453247238174,0.05268437343037234,0.12453033006910494,2.425469669928366,-2.5286439608862565e-12,0.12453033006910494,1.2888460710611714e-05,1920.0,3840.0,0.0,0.03125,0.03125,0.0024912023851868317,0.0
205920.0,57.2,0.15028689097110862,0.0,0.15028689097110862,0.052682928654842594,0.12451744854642381,2.4254825514510467,-2.5290880500961066e-12,0.12451744854642381,1.2881522680575527e-05,1920.0,3840.0,0.0,0.03125,0.03125,0.0024872593974974307,0.0
205980.0,57.21666666666667,0.15026925929407842,0.0,0.15026925929407842,0.05268148517343714,0.12450457395555692,2.425495426041913,-2.5299762285158067e-12,0.12450457395555692,1.2874590866191238e-05,1920.0,3840.0,0.0,0.03125,0.03125,0.0024833397875712354,0.0
206040.0,57.233333333333334,0.15025163743229014,0.0,0.15025163743229014,0.052680042984550854,0.12449170629029666,2.4255082937071726,-2.5304203177256568e-12,0.12449170629029666,1.2867665259748293e-05,1920.0,3840.0,0.0,0.03125,0.03125,0.002479427894518933,0.0
206100.0,57.25,0.1502340253767353,0.0,0.1502340253767353,0.05267860208658096,0.12447884554444238,2.425521154453026,-2.531308496145357e-12,0.12447884554444238,1.2860745853547684e-05,1920.0,3840.0,0.0,0.03125,0.03125,0.002475537645354186,0.0
206160.0,57.266666666666666,0.1502164231184168,0.0,0.1502164231184168,0.05267716247792757,0.12446599171180175,2.4255340082856662,-2.531752585355207e-12,0.12446599171180175,1.2853832639903008e-05,1920.0,3840.0,0.0,0.03125,0.03125,0.0024716427033878597,0.0
206220.0,57.28333333333333,0.1501988306483494,0.0,0.1501988306483494,0.052675724156993106,0.12445314478619002,2.4255468552112776,-2.532196674565057e-12,0.12445314478619002,1.2846925611140173e-05,1920.0,3840.0,0.0,0.03125,0.03125,0.0024677245044368245,0.0
206280.0,57.3,0.15018124795756238,0.0,0.15018124795756238,0.052674287122182736,0.12444030476142984,2.425559695236037,-2.533084852984757e-12,0.12444030476142984,1.2840024759597749e-05,1920.0,3840.0,0.0,0.03125,0.03125,0.0024638449537407133,0.0
206340.0,57.31666666666667,0.15016367503708972,0.0,0.15016367503708972,0.05267285137190371,0.1244274716313517,2.4255725283661147,-2.5335289421946072e-12,0.1244274716313517,1.2833130077625407e-05,1920.0,3840.0,0.0,0.03125,0.03125,0.0024599541443042928,0.0
206400.0,57.333333333333336,0.15014611187798538,0.0,0.15014611187798538,0.052671416904565914,0.12441464538979348,2.4255853546076724,-2.5339730314044573e-12,0.12441464538979348,1.2826241557584101e-05,1920.0,3840.0,0.0,0.03125,0.03125,0.0024560892050840104,0.0
206460.0,57.35,0.1501285584713091,0.0,0.1501285584713091,0.05266998371858217,0.12440182603060101,2.4255981739668644,-2.5344171206143074e-12,0.12440182603060101,1.2819359191848643e-05,1920.0,3840.0,0.0,0.03125,0.03125,0.002452211908123679,0.0
206520.0,57.36666666666667,0.15011101480813405,0.0,0.15011101480813405,0.052668551812367376,0.12438901354762746,2.425610986449837,-2.5353052990340075e-12,0.12438901354762746,1.2812482972805521e-05,1920.0,3840.0,0.0,0.03125,0.03125,0.002448384481857144,0.0
206580.0,57.38333333333333,0.15009348087954583,0.0,0.15009348087954583,0.05266712118433862,0.12437620793473421,2.42562379206273,-2.5357493882438575e-12,0.12437620793473421,1.2805612892851066e-05,1920.0,3840.0,0.0,0.03125,0.03125,0.002444524902638086,0.0
206640.0,57.4,0.15007595667663112,0.0,0.15007595667663112,0.05266569183291629,0.12436340918578893,2.425636590811674,-2.5366375666635577e-12,0.12436340918578893,1.279874894439574e-05,1920.0,3840.0,0.0,0.03125,0.03125,0.0024406718574529335,0.0
206700.0,57.416666666666664,0.15005844219049516,0.0,0.15005844219049516,0.05266426375652282,0.12435061729466872,2.425649382702794,-2.5370816558734077e-12,0.12435061729466872,1.2791891119862083e-05,1920.0,3840.0,0.0,0.03125,0.03125,0.0024368304293107706,0.0
206760.0,57.43333333333333,0.15004093741226548,0.0,0.15004093741226548,0.052662836953583085,0.12433783225525621,2.4256621677422054,-2.537969834293108e-12,0.12433783225525621,1.2785039411683888e-05,1920.0,3840.0,0.0,0.03125,0.03125,0.002433007391074703,0.0
206820.0,57.45,0.15002344233306705,0.0,0.15002344233306705,0.05266141142252456,0.12432505406144337,2.425674945936018,-2.538413923502958e-12,0.12432505406144337,1.2778193812306345e-05,1920.0,3840.0,0.0,0.03125,0.03125,0.0024291696329353457,0.0
206880.0,57.46666666666667,0.1500059569440393,0.0,0.1500059569440393,0.05265998716177703,0.12431228270712867,2.425687717290332,-2.539302101922658e-12,0.12431228270712867,1.2771354314187241e-05,1920.0,3840.0,0.0,0.03125,0.03125,0.002425350761271147,0.0
206900.44921875,57.472347005208334,0.14999999978080958,0.0,0.14999999978080958,0.05265950203460112,0.12430793153182598,2.4256920684656342,-2.539746191132508e-12,0.12430793153182598,4.351175302448523e-06,655.0,1310.0,0.0,0.01171875,0.03125,0.0024215686082201707,0.0
